timestamp	phase	repo	system	query_id	control_json	metric	value
2026-03-29T19:57:12+00:00	routing	turborepo	srt-warm	q01	{"beam_policy": "uniform", "beam_width": 2, "max_depth": 3}	ndcg@10	0.0
2026-03-29T19:57:12+00:00	routing	turborepo	srt-warm	q01	{"beam_policy": "uniform", "beam_width": 2, "max_depth": 3}	latency_s	0.009583249999999932
2026-03-29T19:57:12+00:00	routing	turborepo	srt-warm	q01	{"beam_policy": "waterfill", "beam_width": 2, "max_depth": 3}	ndcg@10	0.0
2026-03-29T19:57:12+00:00	routing	turborepo	srt-warm	q01	{"beam_policy": "waterfill", "beam_width": 2, "max_depth": 3}	latency_s	0.006277250000000123
2026-03-29T19:57:12+00:00	routing	turborepo	srt-warm	q01	{"beam_policy": "uniform", "beam_width": 2, "max_depth": 5}	ndcg@10	0.6467429303328278
2026-03-29T19:57:12+00:00	routing	turborepo	srt-warm	q01	{"beam_policy": "uniform", "beam_width": 2, "max_depth": 5}	latency_s	0.007319832999999942
2026-03-29T19:57:12+00:00	routing	turborepo	srt-warm	q01	{"beam_policy": "waterfill", "beam_width": 2, "max_depth": 5}	ndcg@10	0.7341820784026079
2026-03-29T19:57:12+00:00	routing	turborepo	srt-warm	q01	{"beam_policy": "waterfill", "beam_width": 2, "max_depth": 5}	latency_s	0.00650270800000019
2026-03-29T19:57:12+00:00	routing	turborepo	srt-warm	q01	{"beam_policy": "uniform", "beam_width": 2, "max_depth": 7}	ndcg@10	0.6467429303328278
2026-03-29T19:57:12+00:00	routing	turborepo	srt-warm	q01	{"beam_policy": "uniform", "beam_width": 2, "max_depth": 7}	latency_s	0.007228084000000301
2026-03-29T19:57:12+00:00	routing	turborepo	srt-warm	q01	{"beam_policy": "waterfill", "beam_width": 2, "max_depth": 7}	ndcg@10	0.7341820784026079
2026-03-29T19:57:12+00:00	routing	turborepo	srt-warm	q01	{"beam_policy": "waterfill", "beam_width": 2, "max_depth": 7}	latency_s	0.00637945800000006
2026-03-29T19:57:12+00:00	routing	turborepo	srt-warm	q01	{"beam_policy": "uniform", "beam_width": 2, "max_depth": 10}	ndcg@10	0.6467429303328278
2026-03-29T19:57:12+00:00	routing	turborepo	srt-warm	q01	{"beam_policy": "uniform", "beam_width": 2, "max_depth": 10}	latency_s	0.007526208999999895
2026-03-29T19:57:12+00:00	routing	turborepo	srt-warm	q01	{"beam_policy": "waterfill", "beam_width": 2, "max_depth": 10}	ndcg@10	0.7341820784026079
2026-03-29T19:57:12+00:00	routing	turborepo	srt-warm	q01	{"beam_policy": "waterfill", "beam_width": 2, "max_depth": 10}	latency_s	0.00623804200000011
2026-03-29T19:57:12+00:00	routing	turborepo	srt-warm	q01	{"beam_policy": "uniform", "beam_width": 3, "max_depth": 3}	ndcg@10	0.0
2026-03-29T19:57:12+00:00	routing	turborepo	srt-warm	q01	{"beam_policy": "uniform", "beam_width": 3, "max_depth": 3}	latency_s	0.006875583999999879
2026-03-29T19:57:12+00:00	routing	turborepo	srt-warm	q01	{"beam_policy": "waterfill", "beam_width": 3, "max_depth": 3}	ndcg@10	0.0
2026-03-29T19:57:12+00:00	routing	turborepo	srt-warm	q01	{"beam_policy": "waterfill", "beam_width": 3, "max_depth": 3}	latency_s	0.006091207999999959
2026-03-29T19:57:12+00:00	routing	turborepo	srt-warm	q01	{"beam_policy": "uniform", "beam_width": 3, "max_depth": 5}	ndcg@10	0.6467429303328278
2026-03-29T19:57:12+00:00	routing	turborepo	srt-warm	q01	{"beam_policy": "uniform", "beam_width": 3, "max_depth": 5}	latency_s	0.009884707999999964
2026-03-29T19:57:12+00:00	routing	turborepo	srt-warm	q01	{"beam_policy": "waterfill", "beam_width": 3, "max_depth": 5}	ndcg@10	0.6467429303328278
2026-03-29T19:57:12+00:00	routing	turborepo	srt-warm	q01	{"beam_policy": "waterfill", "beam_width": 3, "max_depth": 5}	latency_s	0.006860833000000177
2026-03-29T19:57:12+00:00	routing	turborepo	srt-warm	q01	{"beam_policy": "uniform", "beam_width": 3, "max_depth": 7}	ndcg@10	0.6467429303328278
2026-03-29T19:57:12+00:00	routing	turborepo	srt-warm	q01	{"beam_policy": "uniform", "beam_width": 3, "max_depth": 7}	latency_s	0.007437665999999954
2026-03-29T19:57:12+00:00	routing	turborepo	srt-warm	q01	{"beam_policy": "waterfill", "beam_width": 3, "max_depth": 7}	ndcg@10	0.6467429303328278
2026-03-29T19:57:12+00:00	routing	turborepo	srt-warm	q01	{"beam_policy": "waterfill", "beam_width": 3, "max_depth": 7}	latency_s	0.0069830829999997235
2026-03-29T19:57:12+00:00	routing	turborepo	srt-warm	q01	{"beam_policy": "uniform", "beam_width": 3, "max_depth": 10}	ndcg@10	0.6467429303328278
2026-03-29T19:57:12+00:00	routing	turborepo	srt-warm	q01	{"beam_policy": "uniform", "beam_width": 3, "max_depth": 10}	latency_s	0.007966291999999875
2026-03-29T19:57:12+00:00	routing	turborepo	srt-warm	q01	{"beam_policy": "waterfill", "beam_width": 3, "max_depth": 10}	ndcg@10	0.6467429303328278
2026-03-29T19:57:12+00:00	routing	turborepo	srt-warm	q01	{"beam_policy": "waterfill", "beam_width": 3, "max_depth": 10}	latency_s	0.007315457999999886
2026-03-29T19:57:12+00:00	routing	turborepo	srt-warm	q01	{"beam_policy": "uniform", "beam_width": 5, "max_depth": 3}	ndcg@10	0.0
2026-03-29T19:57:12+00:00	routing	turborepo	srt-warm	q01	{"beam_policy": "uniform", "beam_width": 5, "max_depth": 3}	latency_s	0.007410500000000209
2026-03-29T19:57:12+00:00	routing	turborepo	srt-warm	q01	{"beam_policy": "waterfill", "beam_width": 5, "max_depth": 3}	ndcg@10	0.0
2026-03-29T19:57:12+00:00	routing	turborepo	srt-warm	q01	{"beam_policy": "waterfill", "beam_width": 5, "max_depth": 3}	latency_s	0.010261124999999982
2026-03-29T19:57:12+00:00	routing	turborepo	srt-warm	q01	{"beam_policy": "uniform", "beam_width": 5, "max_depth": 5}	ndcg@10	0.6824849757840203
2026-03-29T19:57:12+00:00	routing	turborepo	srt-warm	q01	{"beam_policy": "uniform", "beam_width": 5, "max_depth": 5}	latency_s	0.011112709000000276
2026-03-29T19:57:12+00:00	routing	turborepo	srt-warm	q01	{"beam_policy": "waterfill", "beam_width": 5, "max_depth": 5}	ndcg@10	0.6824849757840203
2026-03-29T19:57:12+00:00	routing	turborepo	srt-warm	q01	{"beam_policy": "waterfill", "beam_width": 5, "max_depth": 5}	latency_s	0.0077202920000001285
2026-03-29T19:57:12+00:00	routing	turborepo	srt-warm	q01	{"beam_policy": "uniform", "beam_width": 5, "max_depth": 7}	ndcg@10	0.6824849757840203
2026-03-29T19:57:12+00:00	routing	turborepo	srt-warm	q01	{"beam_policy": "uniform", "beam_width": 5, "max_depth": 7}	latency_s	0.010954749999999791
2026-03-29T19:57:12+00:00	routing	turborepo	srt-warm	q01	{"beam_policy": "waterfill", "beam_width": 5, "max_depth": 7}	ndcg@10	0.6824849757840203
2026-03-29T19:57:12+00:00	routing	turborepo	srt-warm	q01	{"beam_policy": "waterfill", "beam_width": 5, "max_depth": 7}	latency_s	0.00797749999999997
2026-03-29T19:57:12+00:00	routing	turborepo	srt-warm	q01	{"beam_policy": "uniform", "beam_width": 5, "max_depth": 10}	ndcg@10	0.6824849757840203
2026-03-29T19:57:12+00:00	routing	turborepo	srt-warm	q01	{"beam_policy": "uniform", "beam_width": 5, "max_depth": 10}	latency_s	0.01039974999999993
2026-03-29T19:57:12+00:00	routing	turborepo	srt-warm	q01	{"beam_policy": "waterfill", "beam_width": 5, "max_depth": 10}	ndcg@10	0.6824849757840203
2026-03-29T19:57:12+00:00	routing	turborepo	srt-warm	q01	{"beam_policy": "waterfill", "beam_width": 5, "max_depth": 10}	latency_s	0.010720041999999985
2026-03-29T19:57:12+00:00	routing	turborepo	srt-warm	q01	{"beam_policy": "uniform", "beam_width": 7, "max_depth": 3}	ndcg@10	0.0
2026-03-29T19:57:12+00:00	routing	turborepo	srt-warm	q01	{"beam_policy": "uniform", "beam_width": 7, "max_depth": 3}	latency_s	0.009452999999999712
2026-03-29T19:57:12+00:00	routing	turborepo	srt-warm	q01	{"beam_policy": "waterfill", "beam_width": 7, "max_depth": 3}	ndcg@10	0.0
2026-03-29T19:57:12+00:00	routing	turborepo	srt-warm	q01	{"beam_policy": "waterfill", "beam_width": 7, "max_depth": 3}	latency_s	0.007649749999999678
2026-03-29T19:57:12+00:00	routing	turborepo	srt-warm	q01	{"beam_policy": "uniform", "beam_width": 7, "max_depth": 5}	ndcg@10	0.6796535703322358
2026-03-29T19:57:12+00:00	routing	turborepo	srt-warm	q01	{"beam_policy": "uniform", "beam_width": 7, "max_depth": 5}	latency_s	0.033126250000000024
2026-03-29T19:57:12+00:00	routing	turborepo	srt-warm	q01	{"beam_policy": "waterfill", "beam_width": 7, "max_depth": 5}	ndcg@10	0.6824849757840203
2026-03-29T19:57:12+00:00	routing	turborepo	srt-warm	q01	{"beam_policy": "waterfill", "beam_width": 7, "max_depth": 5}	latency_s	0.011180291000000064
2026-03-29T19:57:12+00:00	routing	turborepo	srt-warm	q01	{"beam_policy": "uniform", "beam_width": 7, "max_depth": 7}	ndcg@10	0.6796535703322358
2026-03-29T19:57:12+00:00	routing	turborepo	srt-warm	q01	{"beam_policy": "uniform", "beam_width": 7, "max_depth": 7}	latency_s	0.045846708000000014
2026-03-29T19:57:12+00:00	routing	turborepo	srt-warm	q01	{"beam_policy": "waterfill", "beam_width": 7, "max_depth": 7}	ndcg@10	0.6824849757840203
2026-03-29T19:57:12+00:00	routing	turborepo	srt-warm	q01	{"beam_policy": "waterfill", "beam_width": 7, "max_depth": 7}	latency_s	0.010173666000000026
2026-03-29T19:57:12+00:00	routing	turborepo	srt-warm	q01	{"beam_policy": "uniform", "beam_width": 7, "max_depth": 10}	ndcg@10	0.6796535703322358
2026-03-29T19:57:12+00:00	routing	turborepo	srt-warm	q01	{"beam_policy": "uniform", "beam_width": 7, "max_depth": 10}	latency_s	0.039278499999999994
2026-03-29T19:57:12+00:00	routing	turborepo	srt-warm	q01	{"beam_policy": "waterfill", "beam_width": 7, "max_depth": 10}	ndcg@10	0.6824849757840203
2026-03-29T19:57:12+00:00	routing	turborepo	srt-warm	q01	{"beam_policy": "waterfill", "beam_width": 7, "max_depth": 10}	latency_s	0.010545291999999762
2026-03-29T19:57:12+00:00	routing	turborepo	srt-warm	q01	{"beam_policy": "uniform", "beam_width": 10, "max_depth": 3}	ndcg@10	0.0
2026-03-29T19:57:12+00:00	routing	turborepo	srt-warm	q01	{"beam_policy": "uniform", "beam_width": 10, "max_depth": 3}	latency_s	0.015153332999999769
2026-03-29T19:57:12+00:00	routing	turborepo	srt-warm	q01	{"beam_policy": "waterfill", "beam_width": 10, "max_depth": 3}	ndcg@10	0.0
2026-03-29T19:57:12+00:00	routing	turborepo	srt-warm	q01	{"beam_policy": "waterfill", "beam_width": 10, "max_depth": 3}	latency_s	0.008860625000000066
2026-03-29T19:57:12+00:00	routing	turborepo	srt-warm	q01	{"beam_policy": "uniform", "beam_width": 10, "max_depth": 5}	ndcg@10	0.6796535703322358
2026-03-29T19:57:12+00:00	routing	turborepo	srt-warm	q01	{"beam_policy": "uniform", "beam_width": 10, "max_depth": 5}	latency_s	0.034423916999999804
2026-03-29T19:57:12+00:00	routing	turborepo	srt-warm	q01	{"beam_policy": "waterfill", "beam_width": 10, "max_depth": 5}	ndcg@10	0.6796535703322358
2026-03-29T19:57:12+00:00	routing	turborepo	srt-warm	q01	{"beam_policy": "waterfill", "beam_width": 10, "max_depth": 5}	latency_s	0.02803862499999976
2026-03-29T19:57:12+00:00	routing	turborepo	srt-warm	q01	{"beam_policy": "uniform", "beam_width": 10, "max_depth": 7}	ndcg@10	0.6796535703322358
2026-03-29T19:57:12+00:00	routing	turborepo	srt-warm	q01	{"beam_policy": "uniform", "beam_width": 10, "max_depth": 7}	latency_s	0.04651462499999992
2026-03-29T19:57:12+00:00	routing	turborepo	srt-warm	q01	{"beam_policy": "waterfill", "beam_width": 10, "max_depth": 7}	ndcg@10	0.6796535703322358
2026-03-29T19:57:12+00:00	routing	turborepo	srt-warm	q01	{"beam_policy": "waterfill", "beam_width": 10, "max_depth": 7}	latency_s	0.03869675000000017
2026-03-29T19:57:12+00:00	routing	turborepo	srt-warm	q01	{"beam_policy": "uniform", "beam_width": 10, "max_depth": 10}	ndcg@10	0.6796535703322358
2026-03-29T19:57:12+00:00	routing	turborepo	srt-warm	q01	{"beam_policy": "uniform", "beam_width": 10, "max_depth": 10}	latency_s	0.046291082999999844
2026-03-29T19:57:12+00:00	routing	turborepo	srt-warm	q01	{"beam_policy": "waterfill", "beam_width": 10, "max_depth": 10}	ndcg@10	0.6796535703322358
2026-03-29T19:57:12+00:00	routing	turborepo	srt-warm	q01	{"beam_policy": "waterfill", "beam_width": 10, "max_depth": 10}	latency_s	0.04193595799999983
2026-03-29T19:57:12+00:00	routing	turborepo	srt-warm	q02	{"beam_policy": "uniform", "beam_width": 2, "max_depth": 3}	ndcg@10	0.0
2026-03-29T19:57:12+00:00	routing	turborepo	srt-warm	q02	{"beam_policy": "uniform", "beam_width": 2, "max_depth": 3}	latency_s	0.0076906670000003174
2026-03-29T19:57:12+00:00	routing	turborepo	srt-warm	q02	{"beam_policy": "waterfill", "beam_width": 2, "max_depth": 3}	ndcg@10	0.0
2026-03-29T19:57:12+00:00	routing	turborepo	srt-warm	q02	{"beam_policy": "waterfill", "beam_width": 2, "max_depth": 3}	latency_s	0.006966375000000191
2026-03-29T19:57:12+00:00	routing	turborepo	srt-warm	q02	{"beam_policy": "uniform", "beam_width": 2, "max_depth": 5}	ndcg@10	0.8678171500675899
2026-03-29T19:57:12+00:00	routing	turborepo	srt-warm	q02	{"beam_policy": "uniform", "beam_width": 2, "max_depth": 5}	latency_s	0.00743654100000013
2026-03-29T19:57:12+00:00	routing	turborepo	srt-warm	q02	{"beam_policy": "waterfill", "beam_width": 2, "max_depth": 5}	ndcg@10	0.8678171500675899
2026-03-29T19:57:12+00:00	routing	turborepo	srt-warm	q02	{"beam_policy": "waterfill", "beam_width": 2, "max_depth": 5}	latency_s	0.00978320900000007
2026-03-29T19:57:12+00:00	routing	turborepo	srt-warm	q02	{"beam_policy": "uniform", "beam_width": 2, "max_depth": 7}	ndcg@10	0.8678171500675899
2026-03-29T19:57:12+00:00	routing	turborepo	srt-warm	q02	{"beam_policy": "uniform", "beam_width": 2, "max_depth": 7}	latency_s	0.007623582999999989
2026-03-29T19:57:12+00:00	routing	turborepo	srt-warm	q02	{"beam_policy": "waterfill", "beam_width": 2, "max_depth": 7}	ndcg@10	0.8678171500675899
2026-03-29T19:57:12+00:00	routing	turborepo	srt-warm	q02	{"beam_policy": "waterfill", "beam_width": 2, "max_depth": 7}	latency_s	0.008956458000000111
2026-03-29T19:57:12+00:00	routing	turborepo	srt-warm	q02	{"beam_policy": "uniform", "beam_width": 2, "max_depth": 10}	ndcg@10	0.8678171500675899
2026-03-29T19:57:12+00:00	routing	turborepo	srt-warm	q02	{"beam_policy": "uniform", "beam_width": 2, "max_depth": 10}	latency_s	0.007852999999999888
2026-03-29T19:57:13+00:00	routing	turborepo	srt-warm	q02	{"beam_policy": "waterfill", "beam_width": 2, "max_depth": 10}	ndcg@10	0.8678171500675899
2026-03-29T19:57:13+00:00	routing	turborepo	srt-warm	q02	{"beam_policy": "waterfill", "beam_width": 2, "max_depth": 10}	latency_s	0.00915716600000005
2026-03-29T19:57:13+00:00	routing	turborepo	srt-warm	q02	{"beam_policy": "uniform", "beam_width": 3, "max_depth": 3}	ndcg@10	0.0
2026-03-29T19:57:13+00:00	routing	turborepo	srt-warm	q02	{"beam_policy": "uniform", "beam_width": 3, "max_depth": 3}	latency_s	0.007845875000000113
2026-03-29T19:57:13+00:00	routing	turborepo	srt-warm	q02	{"beam_policy": "waterfill", "beam_width": 3, "max_depth": 3}	ndcg@10	0.0
2026-03-29T19:57:13+00:00	routing	turborepo	srt-warm	q02	{"beam_policy": "waterfill", "beam_width": 3, "max_depth": 3}	latency_s	0.007391040999999987
2026-03-29T19:57:13+00:00	routing	turborepo	srt-warm	q02	{"beam_policy": "uniform", "beam_width": 3, "max_depth": 5}	ndcg@10	0.9512553021449335
2026-03-29T19:57:13+00:00	routing	turborepo	srt-warm	q02	{"beam_policy": "uniform", "beam_width": 3, "max_depth": 5}	latency_s	0.011856417000000175
2026-03-29T19:57:13+00:00	routing	turborepo	srt-warm	q02	{"beam_policy": "waterfill", "beam_width": 3, "max_depth": 5}	ndcg@10	0.8678171500675899
2026-03-29T19:57:13+00:00	routing	turborepo	srt-warm	q02	{"beam_policy": "waterfill", "beam_width": 3, "max_depth": 5}	latency_s	0.008354916000000046
2026-03-29T19:57:13+00:00	routing	turborepo	srt-warm	q02	{"beam_policy": "uniform", "beam_width": 3, "max_depth": 7}	ndcg@10	0.9512553021449335
2026-03-29T19:57:13+00:00	routing	turborepo	srt-warm	q02	{"beam_policy": "uniform", "beam_width": 3, "max_depth": 7}	latency_s	0.012179666999999839
2026-03-29T19:57:13+00:00	routing	turborepo	srt-warm	q02	{"beam_policy": "waterfill", "beam_width": 3, "max_depth": 7}	ndcg@10	0.8678171500675899
2026-03-29T19:57:13+00:00	routing	turborepo	srt-warm	q02	{"beam_policy": "waterfill", "beam_width": 3, "max_depth": 7}	latency_s	0.008265292000000368
2026-03-29T19:57:13+00:00	routing	turborepo	srt-warm	q02	{"beam_policy": "uniform", "beam_width": 3, "max_depth": 10}	ndcg@10	0.9512553021449335
2026-03-29T19:57:13+00:00	routing	turborepo	srt-warm	q02	{"beam_policy": "uniform", "beam_width": 3, "max_depth": 10}	latency_s	0.01478208400000014
2026-03-29T19:57:13+00:00	routing	turborepo	srt-warm	q02	{"beam_policy": "waterfill", "beam_width": 3, "max_depth": 10}	ndcg@10	0.8678171500675899
2026-03-29T19:57:13+00:00	routing	turborepo	srt-warm	q02	{"beam_policy": "waterfill", "beam_width": 3, "max_depth": 10}	latency_s	0.009512458000000112
2026-03-29T19:57:13+00:00	routing	turborepo	srt-warm	q02	{"beam_policy": "uniform", "beam_width": 5, "max_depth": 3}	ndcg@10	0.0
2026-03-29T19:57:13+00:00	routing	turborepo	srt-warm	q02	{"beam_policy": "uniform", "beam_width": 5, "max_depth": 3}	latency_s	0.008906125000000209
2026-03-29T19:57:13+00:00	routing	turborepo	srt-warm	q02	{"beam_policy": "waterfill", "beam_width": 5, "max_depth": 3}	ndcg@10	0.0
2026-03-29T19:57:13+00:00	routing	turborepo	srt-warm	q02	{"beam_policy": "waterfill", "beam_width": 5, "max_depth": 3}	latency_s	0.008232041999999495
2026-03-29T19:57:13+00:00	routing	turborepo	srt-warm	q02	{"beam_policy": "uniform", "beam_width": 5, "max_depth": 5}	ndcg@10	0.8678171500675899
2026-03-29T19:57:13+00:00	routing	turborepo	srt-warm	q02	{"beam_policy": "uniform", "beam_width": 5, "max_depth": 5}	latency_s	0.017985999999999613
2026-03-29T19:57:13+00:00	routing	turborepo	srt-warm	q02	{"beam_policy": "waterfill", "beam_width": 5, "max_depth": 5}	ndcg@10	0.9479388498514388
2026-03-29T19:57:13+00:00	routing	turborepo	srt-warm	q02	{"beam_policy": "waterfill", "beam_width": 5, "max_depth": 5}	latency_s	0.016435416999999397
2026-03-29T19:57:13+00:00	routing	turborepo	srt-warm	q02	{"beam_policy": "uniform", "beam_width": 5, "max_depth": 7}	ndcg@10	0.8678171500675899
2026-03-29T19:57:13+00:00	routing	turborepo	srt-warm	q02	{"beam_policy": "uniform", "beam_width": 5, "max_depth": 7}	latency_s	0.019361791999999767
2026-03-29T19:57:13+00:00	routing	turborepo	srt-warm	q02	{"beam_policy": "waterfill", "beam_width": 5, "max_depth": 7}	ndcg@10	0.9479388498514388
2026-03-29T19:57:13+00:00	routing	turborepo	srt-warm	q02	{"beam_policy": "waterfill", "beam_width": 5, "max_depth": 7}	latency_s	0.012582375000000035
2026-03-29T19:57:13+00:00	routing	turborepo	srt-warm	q02	{"beam_policy": "uniform", "beam_width": 5, "max_depth": 10}	ndcg@10	0.8678171500675899
2026-03-29T19:57:13+00:00	routing	turborepo	srt-warm	q02	{"beam_policy": "uniform", "beam_width": 5, "max_depth": 10}	latency_s	0.02120500000000014
2026-03-29T19:57:13+00:00	routing	turborepo	srt-warm	q02	{"beam_policy": "waterfill", "beam_width": 5, "max_depth": 10}	ndcg@10	0.9479388498514388
2026-03-29T19:57:13+00:00	routing	turborepo	srt-warm	q02	{"beam_policy": "waterfill", "beam_width": 5, "max_depth": 10}	latency_s	0.012633832999999761
2026-03-29T19:57:13+00:00	routing	turborepo	srt-warm	q02	{"beam_policy": "uniform", "beam_width": 7, "max_depth": 3}	ndcg@10	0.0
2026-03-29T19:57:13+00:00	routing	turborepo	srt-warm	q02	{"beam_policy": "uniform", "beam_width": 7, "max_depth": 3}	latency_s	0.009487791999999828
2026-03-29T19:57:13+00:00	routing	turborepo	srt-warm	q02	{"beam_policy": "waterfill", "beam_width": 7, "max_depth": 3}	ndcg@10	0.0
2026-03-29T19:57:13+00:00	routing	turborepo	srt-warm	q02	{"beam_policy": "waterfill", "beam_width": 7, "max_depth": 3}	latency_s	0.008569790999999327
2026-03-29T19:57:13+00:00	routing	turborepo	srt-warm	q02	{"beam_policy": "uniform", "beam_width": 7, "max_depth": 5}	ndcg@10	0.8678171500675899
2026-03-29T19:57:13+00:00	routing	turborepo	srt-warm	q02	{"beam_policy": "uniform", "beam_width": 7, "max_depth": 5}	latency_s	0.019945250000000136
2026-03-29T19:57:13+00:00	routing	turborepo	srt-warm	q02	{"beam_policy": "waterfill", "beam_width": 7, "max_depth": 5}	ndcg@10	0.8678171500675899
2026-03-29T19:57:13+00:00	routing	turborepo	srt-warm	q02	{"beam_policy": "waterfill", "beam_width": 7, "max_depth": 5}	latency_s	0.017739541999999275
2026-03-29T19:57:13+00:00	routing	turborepo	srt-warm	q02	{"beam_policy": "uniform", "beam_width": 7, "max_depth": 7}	ndcg@10	0.8678171500675899
2026-03-29T19:57:13+00:00	routing	turborepo	srt-warm	q02	{"beam_policy": "uniform", "beam_width": 7, "max_depth": 7}	latency_s	0.019695624999999772
2026-03-29T19:57:13+00:00	routing	turborepo	srt-warm	q02	{"beam_policy": "waterfill", "beam_width": 7, "max_depth": 7}	ndcg@10	0.8678171500675899
2026-03-29T19:57:13+00:00	routing	turborepo	srt-warm	q02	{"beam_policy": "waterfill", "beam_width": 7, "max_depth": 7}	latency_s	0.017641750000000123
2026-03-29T19:57:13+00:00	routing	turborepo	srt-warm	q02	{"beam_policy": "uniform", "beam_width": 7, "max_depth": 10}	ndcg@10	0.8678171500675899
2026-03-29T19:57:13+00:00	routing	turborepo	srt-warm	q02	{"beam_policy": "uniform", "beam_width": 7, "max_depth": 10}	latency_s	0.01970729099999957
2026-03-29T19:57:13+00:00	routing	turborepo	srt-warm	q02	{"beam_policy": "waterfill", "beam_width": 7, "max_depth": 10}	ndcg@10	0.8678171500675899
2026-03-29T19:57:13+00:00	routing	turborepo	srt-warm	q02	{"beam_policy": "waterfill", "beam_width": 7, "max_depth": 10}	latency_s	0.017744583000000702
2026-03-29T19:57:13+00:00	routing	turborepo	srt-warm	q02	{"beam_policy": "uniform", "beam_width": 10, "max_depth": 3}	ndcg@10	0.0
2026-03-29T19:57:13+00:00	routing	turborepo	srt-warm	q02	{"beam_policy": "uniform", "beam_width": 10, "max_depth": 3}	latency_s	0.015162250000000377
2026-03-29T19:57:13+00:00	routing	turborepo	srt-warm	q02	{"beam_policy": "waterfill", "beam_width": 10, "max_depth": 3}	ndcg@10	0.0
2026-03-29T19:57:13+00:00	routing	turborepo	srt-warm	q02	{"beam_policy": "waterfill", "beam_width": 10, "max_depth": 3}	latency_s	0.009020249999999841
2026-03-29T19:57:13+00:00	routing	turborepo	srt-warm	q02	{"beam_policy": "uniform", "beam_width": 10, "max_depth": 5}	ndcg@10	0.8678171500675899
2026-03-29T19:57:13+00:00	routing	turborepo	srt-warm	q02	{"beam_policy": "uniform", "beam_width": 10, "max_depth": 5}	latency_s	0.03779149999999998
2026-03-29T19:57:13+00:00	routing	turborepo	srt-warm	q02	{"beam_policy": "waterfill", "beam_width": 10, "max_depth": 5}	ndcg@10	0.8678171500675899
2026-03-29T19:57:13+00:00	routing	turborepo	srt-warm	q02	{"beam_policy": "waterfill", "beam_width": 10, "max_depth": 5}	latency_s	0.02019879199999952
2026-03-29T19:57:13+00:00	routing	turborepo	srt-warm	q02	{"beam_policy": "uniform", "beam_width": 10, "max_depth": 7}	ndcg@10	0.8678171500675899
2026-03-29T19:57:13+00:00	routing	turborepo	srt-warm	q02	{"beam_policy": "uniform", "beam_width": 10, "max_depth": 7}	latency_s	0.04716333400000039
2026-03-29T19:57:13+00:00	routing	turborepo	srt-warm	q02	{"beam_policy": "waterfill", "beam_width": 10, "max_depth": 7}	ndcg@10	0.8678171500675899
2026-03-29T19:57:13+00:00	routing	turborepo	srt-warm	q02	{"beam_policy": "waterfill", "beam_width": 10, "max_depth": 7}	latency_s	0.020531791999999882
2026-03-29T19:57:13+00:00	routing	turborepo	srt-warm	q02	{"beam_policy": "uniform", "beam_width": 10, "max_depth": 10}	ndcg@10	0.8678171500675899
2026-03-29T19:57:13+00:00	routing	turborepo	srt-warm	q02	{"beam_policy": "uniform", "beam_width": 10, "max_depth": 10}	latency_s	0.04845166700000014
2026-03-29T19:57:13+00:00	routing	turborepo	srt-warm	q02	{"beam_policy": "waterfill", "beam_width": 10, "max_depth": 10}	ndcg@10	0.8678171500675899
2026-03-29T19:57:13+00:00	routing	turborepo	srt-warm	q02	{"beam_policy": "waterfill", "beam_width": 10, "max_depth": 10}	latency_s	0.02004079199999964
2026-03-29T19:57:13+00:00	routing	turborepo	srt-warm	q03	{"beam_policy": "uniform", "beam_width": 2, "max_depth": 3}	ndcg@10	0.0
2026-03-29T19:57:13+00:00	routing	turborepo	srt-warm	q03	{"beam_policy": "uniform", "beam_width": 2, "max_depth": 3}	latency_s	0.00466362500000006
2026-03-29T19:57:13+00:00	routing	turborepo	srt-warm	q03	{"beam_policy": "waterfill", "beam_width": 2, "max_depth": 3}	ndcg@10	0.0
2026-03-29T19:57:13+00:00	routing	turborepo	srt-warm	q03	{"beam_policy": "waterfill", "beam_width": 2, "max_depth": 3}	latency_s	0.00871916699999975
2026-03-29T19:57:13+00:00	routing	turborepo	srt-warm	q03	{"beam_policy": "uniform", "beam_width": 2, "max_depth": 5}	ndcg@10	0.0
2026-03-29T19:57:13+00:00	routing	turborepo	srt-warm	q03	{"beam_policy": "uniform", "beam_width": 2, "max_depth": 5}	latency_s	0.004533332999999473
2026-03-29T19:57:13+00:00	routing	turborepo	srt-warm	q03	{"beam_policy": "waterfill", "beam_width": 2, "max_depth": 5}	ndcg@10	0.0
2026-03-29T19:57:13+00:00	routing	turborepo	srt-warm	q03	{"beam_policy": "waterfill", "beam_width": 2, "max_depth": 5}	latency_s	0.004575333000000015
2026-03-29T19:57:13+00:00	routing	turborepo	srt-warm	q03	{"beam_policy": "uniform", "beam_width": 2, "max_depth": 7}	ndcg@10	0.0
2026-03-29T19:57:13+00:00	routing	turborepo	srt-warm	q03	{"beam_policy": "uniform", "beam_width": 2, "max_depth": 7}	latency_s	0.007148041999999855
2026-03-29T19:57:13+00:00	routing	turborepo	srt-warm	q03	{"beam_policy": "waterfill", "beam_width": 2, "max_depth": 7}	ndcg@10	0.0
2026-03-29T19:57:13+00:00	routing	turborepo	srt-warm	q03	{"beam_policy": "waterfill", "beam_width": 2, "max_depth": 7}	latency_s	0.0073988329999998825
2026-03-29T19:57:13+00:00	routing	turborepo	srt-warm	q03	{"beam_policy": "uniform", "beam_width": 2, "max_depth": 10}	ndcg@10	0.0
2026-03-29T19:57:13+00:00	routing	turborepo	srt-warm	q03	{"beam_policy": "uniform", "beam_width": 2, "max_depth": 10}	latency_s	0.005071333000000067
2026-03-29T19:57:13+00:00	routing	turborepo	srt-warm	q03	{"beam_policy": "waterfill", "beam_width": 2, "max_depth": 10}	ndcg@10	0.0
2026-03-29T19:57:13+00:00	routing	turborepo	srt-warm	q03	{"beam_policy": "waterfill", "beam_width": 2, "max_depth": 10}	latency_s	0.006558375000000005
2026-03-29T19:57:13+00:00	routing	turborepo	srt-warm	q03	{"beam_policy": "uniform", "beam_width": 3, "max_depth": 3}	ndcg@10	0.0
2026-03-29T19:57:13+00:00	routing	turborepo	srt-warm	q03	{"beam_policy": "uniform", "beam_width": 3, "max_depth": 3}	latency_s	0.007197958999999976
2026-03-29T19:57:13+00:00	routing	turborepo	srt-warm	q03	{"beam_policy": "waterfill", "beam_width": 3, "max_depth": 3}	ndcg@10	0.0
2026-03-29T19:57:13+00:00	routing	turborepo	srt-warm	q03	{"beam_policy": "waterfill", "beam_width": 3, "max_depth": 3}	latency_s	0.004509750000000423
2026-03-29T19:57:13+00:00	routing	turborepo	srt-warm	q03	{"beam_policy": "uniform", "beam_width": 3, "max_depth": 5}	ndcg@10	0.0
2026-03-29T19:57:13+00:00	routing	turborepo	srt-warm	q03	{"beam_policy": "uniform", "beam_width": 3, "max_depth": 5}	latency_s	0.009231791999999572
2026-03-29T19:57:13+00:00	routing	turborepo	srt-warm	q03	{"beam_policy": "waterfill", "beam_width": 3, "max_depth": 5}	ndcg@10	0.0
2026-03-29T19:57:13+00:00	routing	turborepo	srt-warm	q03	{"beam_policy": "waterfill", "beam_width": 3, "max_depth": 5}	latency_s	0.005526000000000586
2026-03-29T19:57:13+00:00	routing	turborepo	srt-warm	q03	{"beam_policy": "uniform", "beam_width": 3, "max_depth": 7}	ndcg@10	0.0
2026-03-29T19:57:13+00:00	routing	turborepo	srt-warm	q03	{"beam_policy": "uniform", "beam_width": 3, "max_depth": 7}	latency_s	0.008807291000000106
2026-03-29T19:57:13+00:00	routing	turborepo	srt-warm	q03	{"beam_policy": "waterfill", "beam_width": 3, "max_depth": 7}	ndcg@10	0.0
2026-03-29T19:57:13+00:00	routing	turborepo	srt-warm	q03	{"beam_policy": "waterfill", "beam_width": 3, "max_depth": 7}	latency_s	0.0106105000000003
2026-03-29T19:57:13+00:00	routing	turborepo	srt-warm	q03	{"beam_policy": "uniform", "beam_width": 3, "max_depth": 10}	ndcg@10	0.0
2026-03-29T19:57:13+00:00	routing	turborepo	srt-warm	q03	{"beam_policy": "uniform", "beam_width": 3, "max_depth": 10}	latency_s	0.00651704100000039
2026-03-29T19:57:13+00:00	routing	turborepo	srt-warm	q03	{"beam_policy": "waterfill", "beam_width": 3, "max_depth": 10}	ndcg@10	0.0
2026-03-29T19:57:13+00:00	routing	turborepo	srt-warm	q03	{"beam_policy": "waterfill", "beam_width": 3, "max_depth": 10}	latency_s	0.004639333000000079
2026-03-29T19:57:13+00:00	routing	turborepo	srt-warm	q03	{"beam_policy": "uniform", "beam_width": 5, "max_depth": 3}	ndcg@10	0.0
2026-03-29T19:57:13+00:00	routing	turborepo	srt-warm	q03	{"beam_policy": "uniform", "beam_width": 5, "max_depth": 3}	latency_s	0.014653958000000245
2026-03-29T19:57:13+00:00	routing	turborepo	srt-warm	q03	{"beam_policy": "waterfill", "beam_width": 5, "max_depth": 3}	ndcg@10	0.0
2026-03-29T19:57:13+00:00	routing	turborepo	srt-warm	q03	{"beam_policy": "waterfill", "beam_width": 5, "max_depth": 3}	latency_s	0.006706249999999692
2026-03-29T19:57:13+00:00	routing	turborepo	srt-warm	q03	{"beam_policy": "uniform", "beam_width": 5, "max_depth": 5}	ndcg@10	0.8517171819727973
2026-03-29T19:57:13+00:00	routing	turborepo	srt-warm	q03	{"beam_policy": "uniform", "beam_width": 5, "max_depth": 5}	latency_s	0.02774225000000019
2026-03-29T19:57:13+00:00	routing	turborepo	srt-warm	q03	{"beam_policy": "waterfill", "beam_width": 5, "max_depth": 5}	ndcg@10	0.0
2026-03-29T19:57:13+00:00	routing	turborepo	srt-warm	q03	{"beam_policy": "waterfill", "beam_width": 5, "max_depth": 5}	latency_s	0.012087499999999807
2026-03-29T19:57:13+00:00	routing	turborepo	srt-warm	q03	{"beam_policy": "uniform", "beam_width": 5, "max_depth": 7}	ndcg@10	0.8517171819727973
2026-03-29T19:57:13+00:00	routing	turborepo	srt-warm	q03	{"beam_policy": "uniform", "beam_width": 5, "max_depth": 7}	latency_s	0.034189459000000255
2026-03-29T19:57:13+00:00	routing	turborepo	srt-warm	q03	{"beam_policy": "waterfill", "beam_width": 5, "max_depth": 7}	ndcg@10	0.0
2026-03-29T19:57:13+00:00	routing	turborepo	srt-warm	q03	{"beam_policy": "waterfill", "beam_width": 5, "max_depth": 7}	latency_s	0.008937500000000043
2026-03-29T19:57:13+00:00	routing	turborepo	srt-warm	q03	{"beam_policy": "uniform", "beam_width": 5, "max_depth": 10}	ndcg@10	0.8517171819727973
2026-03-29T19:57:13+00:00	routing	turborepo	srt-warm	q03	{"beam_policy": "uniform", "beam_width": 5, "max_depth": 10}	latency_s	0.03420108300000013
2026-03-29T19:57:13+00:00	routing	turborepo	srt-warm	q03	{"beam_policy": "waterfill", "beam_width": 5, "max_depth": 10}	ndcg@10	0.0
2026-03-29T19:57:13+00:00	routing	turborepo	srt-warm	q03	{"beam_policy": "waterfill", "beam_width": 5, "max_depth": 10}	latency_s	0.006772457999999482
2026-03-29T19:57:13+00:00	routing	turborepo	srt-warm	q03	{"beam_policy": "uniform", "beam_width": 7, "max_depth": 3}	ndcg@10	0.0
2026-03-29T19:57:13+00:00	routing	turborepo	srt-warm	q03	{"beam_policy": "uniform", "beam_width": 7, "max_depth": 3}	latency_s	0.012204291999999839
2026-03-29T19:57:13+00:00	routing	turborepo	srt-warm	q03	{"beam_policy": "waterfill", "beam_width": 7, "max_depth": 3}	ndcg@10	0.0
2026-03-29T19:57:13+00:00	routing	turborepo	srt-warm	q03	{"beam_policy": "waterfill", "beam_width": 7, "max_depth": 3}	latency_s	0.010518750000000132
2026-03-29T19:57:13+00:00	routing	turborepo	srt-warm	q03	{"beam_policy": "uniform", "beam_width": 7, "max_depth": 5}	ndcg@10	0.8517171819727973
2026-03-29T19:57:13+00:00	routing	turborepo	srt-warm	q03	{"beam_policy": "uniform", "beam_width": 7, "max_depth": 5}	latency_s	0.02958704100000009
2026-03-29T19:57:13+00:00	routing	turborepo	srt-warm	q03	{"beam_policy": "waterfill", "beam_width": 7, "max_depth": 5}	ndcg@10	0.8517171819727973
2026-03-29T19:57:13+00:00	routing	turborepo	srt-warm	q03	{"beam_policy": "waterfill", "beam_width": 7, "max_depth": 5}	latency_s	0.027567291999999632
2026-03-29T19:57:13+00:00	routing	turborepo	srt-warm	q03	{"beam_policy": "uniform", "beam_width": 7, "max_depth": 7}	ndcg@10	0.8517171819727973
2026-03-29T19:57:13+00:00	routing	turborepo	srt-warm	q03	{"beam_policy": "uniform", "beam_width": 7, "max_depth": 7}	latency_s	0.042808915999999364
2026-03-29T19:57:14+00:00	routing	turborepo	srt-warm	q03	{"beam_policy": "waterfill", "beam_width": 7, "max_depth": 7}	ndcg@10	0.8517171819727973
2026-03-29T19:57:14+00:00	routing	turborepo	srt-warm	q03	{"beam_policy": "waterfill", "beam_width": 7, "max_depth": 7}	latency_s	0.03407912499999988
2026-03-29T19:57:14+00:00	routing	turborepo	srt-warm	q03	{"beam_policy": "uniform", "beam_width": 7, "max_depth": 10}	ndcg@10	0.8517171819727973
2026-03-29T19:57:14+00:00	routing	turborepo	srt-warm	q03	{"beam_policy": "uniform", "beam_width": 7, "max_depth": 10}	latency_s	0.04625366600000014
2026-03-29T19:57:14+00:00	routing	turborepo	srt-warm	q03	{"beam_policy": "waterfill", "beam_width": 7, "max_depth": 10}	ndcg@10	0.8517171819727973
2026-03-29T19:57:14+00:00	routing	turborepo	srt-warm	q03	{"beam_policy": "waterfill", "beam_width": 7, "max_depth": 10}	latency_s	0.035310958999999364
2026-03-29T19:57:14+00:00	routing	turborepo	srt-warm	q03	{"beam_policy": "uniform", "beam_width": 10, "max_depth": 3}	ndcg@10	0.0
2026-03-29T19:57:14+00:00	routing	turborepo	srt-warm	q03	{"beam_policy": "uniform", "beam_width": 10, "max_depth": 3}	latency_s	0.019954374999999303
2026-03-29T19:57:14+00:00	routing	turborepo	srt-warm	q03	{"beam_policy": "waterfill", "beam_width": 10, "max_depth": 3}	ndcg@10	0.0
2026-03-29T19:57:14+00:00	routing	turborepo	srt-warm	q03	{"beam_policy": "waterfill", "beam_width": 10, "max_depth": 3}	latency_s	0.012776917000000054
2026-03-29T19:57:14+00:00	routing	turborepo	srt-warm	q03	{"beam_policy": "uniform", "beam_width": 10, "max_depth": 5}	ndcg@10	0.8517171819727973
2026-03-29T19:57:14+00:00	routing	turborepo	srt-warm	q03	{"beam_policy": "uniform", "beam_width": 10, "max_depth": 5}	latency_s	0.050363665999999974
2026-03-29T19:57:14+00:00	routing	turborepo	srt-warm	q03	{"beam_policy": "waterfill", "beam_width": 10, "max_depth": 5}	ndcg@10	0.8517171819727973
2026-03-29T19:57:14+00:00	routing	turborepo	srt-warm	q03	{"beam_policy": "waterfill", "beam_width": 10, "max_depth": 5}	latency_s	0.030422042000000538
2026-03-29T19:57:14+00:00	routing	turborepo	srt-warm	q03	{"beam_policy": "uniform", "beam_width": 10, "max_depth": 7}	ndcg@10	0.8517171819727973
2026-03-29T19:57:14+00:00	routing	turborepo	srt-warm	q03	{"beam_policy": "uniform", "beam_width": 10, "max_depth": 7}	latency_s	0.08461000000000052
2026-03-29T19:57:14+00:00	routing	turborepo	srt-warm	q03	{"beam_policy": "waterfill", "beam_width": 10, "max_depth": 7}	ndcg@10	0.8517171819727973
2026-03-29T19:57:14+00:00	routing	turborepo	srt-warm	q03	{"beam_policy": "waterfill", "beam_width": 10, "max_depth": 7}	latency_s	0.04509275000000024
2026-03-29T19:57:14+00:00	routing	turborepo	srt-warm	q03	{"beam_policy": "uniform", "beam_width": 10, "max_depth": 10}	ndcg@10	0.8517171819727973
2026-03-29T19:57:14+00:00	routing	turborepo	srt-warm	q03	{"beam_policy": "uniform", "beam_width": 10, "max_depth": 10}	latency_s	0.07794258300000045
2026-03-29T19:57:14+00:00	routing	turborepo	srt-warm	q03	{"beam_policy": "waterfill", "beam_width": 10, "max_depth": 10}	ndcg@10	0.8517171819727973
2026-03-29T19:57:14+00:00	routing	turborepo	srt-warm	q03	{"beam_policy": "waterfill", "beam_width": 10, "max_depth": 10}	latency_s	0.044245208000000424
2026-03-29T19:57:14+00:00	routing	turborepo	srt-warm	q04	{"beam_policy": "uniform", "beam_width": 2, "max_depth": 3}	ndcg@10	0.0
2026-03-29T19:57:14+00:00	routing	turborepo	srt-warm	q04	{"beam_policy": "uniform", "beam_width": 2, "max_depth": 3}	latency_s	0.005116624999999431
2026-03-29T19:57:14+00:00	routing	turborepo	srt-warm	q04	{"beam_policy": "waterfill", "beam_width": 2, "max_depth": 3}	ndcg@10	0.0
2026-03-29T19:57:14+00:00	routing	turborepo	srt-warm	q04	{"beam_policy": "waterfill", "beam_width": 2, "max_depth": 3}	latency_s	0.007591167000000176
2026-03-29T19:57:14+00:00	routing	turborepo	srt-warm	q04	{"beam_policy": "uniform", "beam_width": 2, "max_depth": 5}	ndcg@10	0.0
2026-03-29T19:57:14+00:00	routing	turborepo	srt-warm	q04	{"beam_policy": "uniform", "beam_width": 2, "max_depth": 5}	latency_s	0.005569250000000636
2026-03-29T19:57:14+00:00	routing	turborepo	srt-warm	q04	{"beam_policy": "waterfill", "beam_width": 2, "max_depth": 5}	ndcg@10	0.0
2026-03-29T19:57:14+00:00	routing	turborepo	srt-warm	q04	{"beam_policy": "waterfill", "beam_width": 2, "max_depth": 5}	latency_s	0.007442625000000369
2026-03-29T19:57:14+00:00	routing	turborepo	srt-warm	q04	{"beam_policy": "uniform", "beam_width": 2, "max_depth": 7}	ndcg@10	0.0
2026-03-29T19:57:14+00:00	routing	turborepo	srt-warm	q04	{"beam_policy": "uniform", "beam_width": 2, "max_depth": 7}	latency_s	0.004605665999999786
2026-03-29T19:57:14+00:00	routing	turborepo	srt-warm	q04	{"beam_policy": "waterfill", "beam_width": 2, "max_depth": 7}	ndcg@10	0.0
2026-03-29T19:57:14+00:00	routing	turborepo	srt-warm	q04	{"beam_policy": "waterfill", "beam_width": 2, "max_depth": 7}	latency_s	0.0064844590000001645
2026-03-29T19:57:14+00:00	routing	turborepo	srt-warm	q04	{"beam_policy": "uniform", "beam_width": 2, "max_depth": 10}	ndcg@10	0.0
2026-03-29T19:57:14+00:00	routing	turborepo	srt-warm	q04	{"beam_policy": "uniform", "beam_width": 2, "max_depth": 10}	latency_s	0.0066414579999998224
2026-03-29T19:57:14+00:00	routing	turborepo	srt-warm	q04	{"beam_policy": "waterfill", "beam_width": 2, "max_depth": 10}	ndcg@10	0.0
2026-03-29T19:57:14+00:00	routing	turborepo	srt-warm	q04	{"beam_policy": "waterfill", "beam_width": 2, "max_depth": 10}	latency_s	0.0046596670000003115
2026-03-29T19:57:14+00:00	routing	turborepo	srt-warm	q04	{"beam_policy": "uniform", "beam_width": 3, "max_depth": 3}	ndcg@10	0.0
2026-03-29T19:57:14+00:00	routing	turborepo	srt-warm	q04	{"beam_policy": "uniform", "beam_width": 3, "max_depth": 3}	latency_s	0.006423041000000573
2026-03-29T19:57:14+00:00	routing	turborepo	srt-warm	q04	{"beam_policy": "waterfill", "beam_width": 3, "max_depth": 3}	ndcg@10	0.0
2026-03-29T19:57:14+00:00	routing	turborepo	srt-warm	q04	{"beam_policy": "waterfill", "beam_width": 3, "max_depth": 3}	latency_s	0.006782792000000093
2026-03-29T19:57:14+00:00	routing	turborepo	srt-warm	q04	{"beam_policy": "uniform", "beam_width": 3, "max_depth": 5}	ndcg@10	0.0
2026-03-29T19:57:14+00:00	routing	turborepo	srt-warm	q04	{"beam_policy": "uniform", "beam_width": 3, "max_depth": 5}	latency_s	0.005980250000000353
2026-03-29T19:57:14+00:00	routing	turborepo	srt-warm	q04	{"beam_policy": "waterfill", "beam_width": 3, "max_depth": 5}	ndcg@10	0.0
2026-03-29T19:57:14+00:00	routing	turborepo	srt-warm	q04	{"beam_policy": "waterfill", "beam_width": 3, "max_depth": 5}	latency_s	0.005370917000000475
2026-03-29T19:57:14+00:00	routing	turborepo	srt-warm	q04	{"beam_policy": "uniform", "beam_width": 3, "max_depth": 7}	ndcg@10	0.0
2026-03-29T19:57:14+00:00	routing	turborepo	srt-warm	q04	{"beam_policy": "uniform", "beam_width": 3, "max_depth": 7}	latency_s	0.006747499999999462
2026-03-29T19:57:14+00:00	routing	turborepo	srt-warm	q04	{"beam_policy": "waterfill", "beam_width": 3, "max_depth": 7}	ndcg@10	0.0
2026-03-29T19:57:14+00:00	routing	turborepo	srt-warm	q04	{"beam_policy": "waterfill", "beam_width": 3, "max_depth": 7}	latency_s	0.004346209000000378
2026-03-29T19:57:14+00:00	routing	turborepo	srt-warm	q04	{"beam_policy": "uniform", "beam_width": 3, "max_depth": 10}	ndcg@10	0.0
2026-03-29T19:57:14+00:00	routing	turborepo	srt-warm	q04	{"beam_policy": "uniform", "beam_width": 3, "max_depth": 10}	latency_s	0.004997249999999731
2026-03-29T19:57:14+00:00	routing	turborepo	srt-warm	q04	{"beam_policy": "waterfill", "beam_width": 3, "max_depth": 10}	ndcg@10	0.0
2026-03-29T19:57:14+00:00	routing	turborepo	srt-warm	q04	{"beam_policy": "waterfill", "beam_width": 3, "max_depth": 10}	latency_s	0.006981542000000118
2026-03-29T19:57:14+00:00	routing	turborepo	srt-warm	q04	{"beam_policy": "uniform", "beam_width": 5, "max_depth": 3}	ndcg@10	0.0
2026-03-29T19:57:14+00:00	routing	turborepo	srt-warm	q04	{"beam_policy": "uniform", "beam_width": 5, "max_depth": 3}	latency_s	0.007608874999999848
2026-03-29T19:57:14+00:00	routing	turborepo	srt-warm	q04	{"beam_policy": "waterfill", "beam_width": 5, "max_depth": 3}	ndcg@10	0.0
2026-03-29T19:57:14+00:00	routing	turborepo	srt-warm	q04	{"beam_policy": "waterfill", "beam_width": 5, "max_depth": 3}	latency_s	0.00451700000000077
2026-03-29T19:57:14+00:00	routing	turborepo	srt-warm	q04	{"beam_policy": "uniform", "beam_width": 5, "max_depth": 5}	ndcg@10	0.0
2026-03-29T19:57:14+00:00	routing	turborepo	srt-warm	q04	{"beam_policy": "uniform", "beam_width": 5, "max_depth": 5}	latency_s	0.013799458999999459
2026-03-29T19:57:14+00:00	routing	turborepo	srt-warm	q04	{"beam_policy": "waterfill", "beam_width": 5, "max_depth": 5}	ndcg@10	0.0
2026-03-29T19:57:14+00:00	routing	turborepo	srt-warm	q04	{"beam_policy": "waterfill", "beam_width": 5, "max_depth": 5}	latency_s	0.0047256249999998445
2026-03-29T19:57:14+00:00	routing	turborepo	srt-warm	q04	{"beam_policy": "uniform", "beam_width": 5, "max_depth": 7}	ndcg@10	0.0
2026-03-29T19:57:14+00:00	routing	turborepo	srt-warm	q04	{"beam_policy": "uniform", "beam_width": 5, "max_depth": 7}	latency_s	0.012488042000000199
2026-03-29T19:57:14+00:00	routing	turborepo	srt-warm	q04	{"beam_policy": "waterfill", "beam_width": 5, "max_depth": 7}	ndcg@10	0.0
2026-03-29T19:57:14+00:00	routing	turborepo	srt-warm	q04	{"beam_policy": "waterfill", "beam_width": 5, "max_depth": 7}	latency_s	0.008174541999999896
2026-03-29T19:57:14+00:00	routing	turborepo	srt-warm	q04	{"beam_policy": "uniform", "beam_width": 5, "max_depth": 10}	ndcg@10	0.0
2026-03-29T19:57:14+00:00	routing	turborepo	srt-warm	q04	{"beam_policy": "uniform", "beam_width": 5, "max_depth": 10}	latency_s	0.01385820800000026
2026-03-29T19:57:14+00:00	routing	turborepo	srt-warm	q04	{"beam_policy": "waterfill", "beam_width": 5, "max_depth": 10}	ndcg@10	0.0
2026-03-29T19:57:14+00:00	routing	turborepo	srt-warm	q04	{"beam_policy": "waterfill", "beam_width": 5, "max_depth": 10}	latency_s	0.004604167000000103
2026-03-29T19:57:14+00:00	routing	turborepo	srt-warm	q04	{"beam_policy": "uniform", "beam_width": 7, "max_depth": 3}	ndcg@10	0.0
2026-03-29T19:57:14+00:00	routing	turborepo	srt-warm	q04	{"beam_policy": "uniform", "beam_width": 7, "max_depth": 3}	latency_s	0.01595470800000065
2026-03-29T19:57:14+00:00	routing	turborepo	srt-warm	q04	{"beam_policy": "waterfill", "beam_width": 7, "max_depth": 3}	ndcg@10	0.0
2026-03-29T19:57:14+00:00	routing	turborepo	srt-warm	q04	{"beam_policy": "waterfill", "beam_width": 7, "max_depth": 3}	latency_s	0.007474541999999751
2026-03-29T19:57:14+00:00	routing	turborepo	srt-warm	q04	{"beam_policy": "uniform", "beam_width": 7, "max_depth": 5}	ndcg@10	0.9580414003446834
2026-03-29T19:57:14+00:00	routing	turborepo	srt-warm	q04	{"beam_policy": "uniform", "beam_width": 7, "max_depth": 5}	latency_s	0.026671083000000095
2026-03-29T19:57:14+00:00	routing	turborepo	srt-warm	q04	{"beam_policy": "waterfill", "beam_width": 7, "max_depth": 5}	ndcg@10	0.0
2026-03-29T19:57:14+00:00	routing	turborepo	srt-warm	q04	{"beam_policy": "waterfill", "beam_width": 7, "max_depth": 5}	latency_s	0.012361874999999856
2026-03-29T19:57:14+00:00	routing	turborepo	srt-warm	q04	{"beam_policy": "uniform", "beam_width": 7, "max_depth": 7}	ndcg@10	0.9580414003446834
2026-03-29T19:57:14+00:00	routing	turborepo	srt-warm	q04	{"beam_policy": "uniform", "beam_width": 7, "max_depth": 7}	latency_s	0.025882292000000362
2026-03-29T19:57:14+00:00	routing	turborepo	srt-warm	q04	{"beam_policy": "waterfill", "beam_width": 7, "max_depth": 7}	ndcg@10	0.0
2026-03-29T19:57:14+00:00	routing	turborepo	srt-warm	q04	{"beam_policy": "waterfill", "beam_width": 7, "max_depth": 7}	latency_s	0.012462290999999404
2026-03-29T19:57:14+00:00	routing	turborepo	srt-warm	q04	{"beam_policy": "uniform", "beam_width": 7, "max_depth": 10}	ndcg@10	0.9580414003446834
2026-03-29T19:57:14+00:00	routing	turborepo	srt-warm	q04	{"beam_policy": "uniform", "beam_width": 7, "max_depth": 10}	latency_s	0.029854541999999817
2026-03-29T19:57:14+00:00	routing	turborepo	srt-warm	q04	{"beam_policy": "waterfill", "beam_width": 7, "max_depth": 10}	ndcg@10	0.0
2026-03-29T19:57:14+00:00	routing	turborepo	srt-warm	q04	{"beam_policy": "waterfill", "beam_width": 7, "max_depth": 10}	latency_s	0.011459915999999737
2026-03-29T19:57:14+00:00	routing	turborepo	srt-warm	q04	{"beam_policy": "uniform", "beam_width": 10, "max_depth": 3}	ndcg@10	0.0
2026-03-29T19:57:14+00:00	routing	turborepo	srt-warm	q04	{"beam_policy": "uniform", "beam_width": 10, "max_depth": 3}	latency_s	0.01825258399999985
2026-03-29T19:57:14+00:00	routing	turborepo	srt-warm	q04	{"beam_policy": "waterfill", "beam_width": 10, "max_depth": 3}	ndcg@10	0.0
2026-03-29T19:57:14+00:00	routing	turborepo	srt-warm	q04	{"beam_policy": "waterfill", "beam_width": 10, "max_depth": 3}	latency_s	0.01252629199999955
2026-03-29T19:57:14+00:00	routing	turborepo	srt-warm	q04	{"beam_policy": "uniform", "beam_width": 10, "max_depth": 5}	ndcg@10	0.9580414003446834
2026-03-29T19:57:14+00:00	routing	turborepo	srt-warm	q04	{"beam_policy": "uniform", "beam_width": 10, "max_depth": 5}	latency_s	0.03261799999999937
2026-03-29T19:57:15+00:00	routing	turborepo	srt-warm	q04	{"beam_policy": "waterfill", "beam_width": 10, "max_depth": 5}	ndcg@10	0.9580414003446834
2026-03-29T19:57:15+00:00	routing	turborepo	srt-warm	q04	{"beam_policy": "waterfill", "beam_width": 10, "max_depth": 5}	latency_s	0.025819208000000593
2026-03-29T19:57:15+00:00	routing	turborepo	srt-warm	q04	{"beam_policy": "uniform", "beam_width": 10, "max_depth": 7}	ndcg@10	0.9580414003446834
2026-03-29T19:57:15+00:00	routing	turborepo	srt-warm	q04	{"beam_policy": "uniform", "beam_width": 10, "max_depth": 7}	latency_s	0.03311295900000033
2026-03-29T19:57:15+00:00	routing	turborepo	srt-warm	q04	{"beam_policy": "waterfill", "beam_width": 10, "max_depth": 7}	ndcg@10	0.9580414003446834
2026-03-29T19:57:15+00:00	routing	turborepo	srt-warm	q04	{"beam_policy": "waterfill", "beam_width": 10, "max_depth": 7}	latency_s	0.027551583000000157
2026-03-29T19:57:15+00:00	routing	turborepo	srt-warm	q04	{"beam_policy": "uniform", "beam_width": 10, "max_depth": 10}	ndcg@10	0.9580414003446834
2026-03-29T19:57:15+00:00	routing	turborepo	srt-warm	q04	{"beam_policy": "uniform", "beam_width": 10, "max_depth": 10}	latency_s	0.03422895799999992
2026-03-29T19:57:15+00:00	routing	turborepo	srt-warm	q04	{"beam_policy": "waterfill", "beam_width": 10, "max_depth": 10}	ndcg@10	0.9580414003446834
2026-03-29T19:57:15+00:00	routing	turborepo	srt-warm	q04	{"beam_policy": "waterfill", "beam_width": 10, "max_depth": 10}	latency_s	0.030907208000000352
2026-03-29T19:57:15+00:00	routing	turborepo	srt-warm	q05	{"beam_policy": "uniform", "beam_width": 2, "max_depth": 3}	ndcg@10	0.0
2026-03-29T19:57:15+00:00	routing	turborepo	srt-warm	q05	{"beam_policy": "uniform", "beam_width": 2, "max_depth": 3}	latency_s	0.004994332999999962
2026-03-29T19:57:15+00:00	routing	turborepo	srt-warm	q05	{"beam_policy": "waterfill", "beam_width": 2, "max_depth": 3}	ndcg@10	0.0
2026-03-29T19:57:15+00:00	routing	turborepo	srt-warm	q05	{"beam_policy": "waterfill", "beam_width": 2, "max_depth": 3}	latency_s	0.004922624999999847
2026-03-29T19:57:15+00:00	routing	turborepo	srt-warm	q05	{"beam_policy": "uniform", "beam_width": 2, "max_depth": 5}	ndcg@10	0.0
2026-03-29T19:57:15+00:00	routing	turborepo	srt-warm	q05	{"beam_policy": "uniform", "beam_width": 2, "max_depth": 5}	latency_s	0.007392792000000092
2026-03-29T19:57:15+00:00	routing	turborepo	srt-warm	q05	{"beam_policy": "waterfill", "beam_width": 2, "max_depth": 5}	ndcg@10	0.0
2026-03-29T19:57:15+00:00	routing	turborepo	srt-warm	q05	{"beam_policy": "waterfill", "beam_width": 2, "max_depth": 5}	latency_s	0.00456979199999985
2026-03-29T19:57:15+00:00	routing	turborepo	srt-warm	q05	{"beam_policy": "uniform", "beam_width": 2, "max_depth": 7}	ndcg@10	0.0
2026-03-29T19:57:15+00:00	routing	turborepo	srt-warm	q05	{"beam_policy": "uniform", "beam_width": 2, "max_depth": 7}	latency_s	0.006633208000000224
2026-03-29T19:57:15+00:00	routing	turborepo	srt-warm	q05	{"beam_policy": "waterfill", "beam_width": 2, "max_depth": 7}	ndcg@10	0.0
2026-03-29T19:57:15+00:00	routing	turborepo	srt-warm	q05	{"beam_policy": "waterfill", "beam_width": 2, "max_depth": 7}	latency_s	0.00437466600000036
2026-03-29T19:57:15+00:00	routing	turborepo	srt-warm	q05	{"beam_policy": "uniform", "beam_width": 2, "max_depth": 10}	ndcg@10	0.0
2026-03-29T19:57:15+00:00	routing	turborepo	srt-warm	q05	{"beam_policy": "uniform", "beam_width": 2, "max_depth": 10}	latency_s	0.006455542000000314
2026-03-29T19:57:15+00:00	routing	turborepo	srt-warm	q05	{"beam_policy": "waterfill", "beam_width": 2, "max_depth": 10}	ndcg@10	0.0
2026-03-29T19:57:15+00:00	routing	turborepo	srt-warm	q05	{"beam_policy": "waterfill", "beam_width": 2, "max_depth": 10}	latency_s	0.007198665999999854
2026-03-29T19:57:15+00:00	routing	turborepo	srt-warm	q05	{"beam_policy": "uniform", "beam_width": 3, "max_depth": 3}	ndcg@10	0.0
2026-03-29T19:57:15+00:00	routing	turborepo	srt-warm	q05	{"beam_policy": "uniform", "beam_width": 3, "max_depth": 3}	latency_s	0.0065088749999997475
2026-03-29T19:57:15+00:00	routing	turborepo	srt-warm	q05	{"beam_policy": "waterfill", "beam_width": 3, "max_depth": 3}	ndcg@10	0.0
2026-03-29T19:57:15+00:00	routing	turborepo	srt-warm	q05	{"beam_policy": "waterfill", "beam_width": 3, "max_depth": 3}	latency_s	0.004664292000000181
2026-03-29T19:57:15+00:00	routing	turborepo	srt-warm	q05	{"beam_policy": "uniform", "beam_width": 3, "max_depth": 5}	ndcg@10	0.0
2026-03-29T19:57:15+00:00	routing	turborepo	srt-warm	q05	{"beam_policy": "uniform", "beam_width": 3, "max_depth": 5}	latency_s	0.006609916999999577
2026-03-29T19:57:15+00:00	routing	turborepo	srt-warm	q05	{"beam_policy": "waterfill", "beam_width": 3, "max_depth": 5}	ndcg@10	0.0
2026-03-29T19:57:15+00:00	routing	turborepo	srt-warm	q05	{"beam_policy": "waterfill", "beam_width": 3, "max_depth": 5}	latency_s	0.004714917000000263
2026-03-29T19:57:15+00:00	routing	turborepo	srt-warm	q05	{"beam_policy": "uniform", "beam_width": 3, "max_depth": 7}	ndcg@10	0.0
2026-03-29T19:57:15+00:00	routing	turborepo	srt-warm	q05	{"beam_policy": "uniform", "beam_width": 3, "max_depth": 7}	latency_s	0.006805250000000207
2026-03-29T19:57:15+00:00	routing	turborepo	srt-warm	q05	{"beam_policy": "waterfill", "beam_width": 3, "max_depth": 7}	ndcg@10	0.0
2026-03-29T19:57:15+00:00	routing	turborepo	srt-warm	q05	{"beam_policy": "waterfill", "beam_width": 3, "max_depth": 7}	latency_s	0.004524542000000409
2026-03-29T19:57:15+00:00	routing	turborepo	srt-warm	q05	{"beam_policy": "uniform", "beam_width": 3, "max_depth": 10}	ndcg@10	0.0
2026-03-29T19:57:15+00:00	routing	turborepo	srt-warm	q05	{"beam_policy": "uniform", "beam_width": 3, "max_depth": 10}	latency_s	0.006594875000000222
2026-03-29T19:57:15+00:00	routing	turborepo	srt-warm	q05	{"beam_policy": "waterfill", "beam_width": 3, "max_depth": 10}	ndcg@10	0.0
2026-03-29T19:57:15+00:00	routing	turborepo	srt-warm	q05	{"beam_policy": "waterfill", "beam_width": 3, "max_depth": 10}	latency_s	0.004687166000000076
2026-03-29T19:57:15+00:00	routing	turborepo	srt-warm	q05	{"beam_policy": "uniform", "beam_width": 5, "max_depth": 3}	ndcg@10	0.0
2026-03-29T19:57:15+00:00	routing	turborepo	srt-warm	q05	{"beam_policy": "uniform", "beam_width": 5, "max_depth": 3}	latency_s	0.011704041000000664
2026-03-29T19:57:15+00:00	routing	turborepo	srt-warm	q05	{"beam_policy": "waterfill", "beam_width": 5, "max_depth": 3}	ndcg@10	0.0
2026-03-29T19:57:15+00:00	routing	turborepo	srt-warm	q05	{"beam_policy": "waterfill", "beam_width": 5, "max_depth": 3}	latency_s	0.00986333399999939
2026-03-29T19:57:15+00:00	routing	turborepo	srt-warm	q05	{"beam_policy": "uniform", "beam_width": 5, "max_depth": 5}	ndcg@10	0.0
2026-03-29T19:57:15+00:00	routing	turborepo	srt-warm	q05	{"beam_policy": "uniform", "beam_width": 5, "max_depth": 5}	latency_s	0.015147708000000648
2026-03-29T19:57:15+00:00	routing	turborepo	srt-warm	q05	{"beam_policy": "waterfill", "beam_width": 5, "max_depth": 5}	ndcg@10	0.0
2026-03-29T19:57:15+00:00	routing	turborepo	srt-warm	q05	{"beam_policy": "waterfill", "beam_width": 5, "max_depth": 5}	latency_s	0.010913624999999705
2026-03-29T19:57:15+00:00	routing	turborepo	srt-warm	q05	{"beam_policy": "uniform", "beam_width": 5, "max_depth": 7}	ndcg@10	0.0
2026-03-29T19:57:15+00:00	routing	turborepo	srt-warm	q05	{"beam_policy": "uniform", "beam_width": 5, "max_depth": 7}	latency_s	0.015242541999999304
2026-03-29T19:57:15+00:00	routing	turborepo	srt-warm	q05	{"beam_policy": "waterfill", "beam_width": 5, "max_depth": 7}	ndcg@10	0.0
2026-03-29T19:57:15+00:00	routing	turborepo	srt-warm	q05	{"beam_policy": "waterfill", "beam_width": 5, "max_depth": 7}	latency_s	0.011298915999999437
2026-03-29T19:57:15+00:00	routing	turborepo	srt-warm	q05	{"beam_policy": "uniform", "beam_width": 5, "max_depth": 10}	ndcg@10	0.0
2026-03-29T19:57:15+00:00	routing	turborepo	srt-warm	q05	{"beam_policy": "uniform", "beam_width": 5, "max_depth": 10}	latency_s	0.015672291999999644
2026-03-29T19:57:15+00:00	routing	turborepo	srt-warm	q05	{"beam_policy": "waterfill", "beam_width": 5, "max_depth": 10}	ndcg@10	0.0
2026-03-29T19:57:15+00:00	routing	turborepo	srt-warm	q05	{"beam_policy": "waterfill", "beam_width": 5, "max_depth": 10}	latency_s	0.011983458000000446
2026-03-29T19:57:15+00:00	routing	turborepo	srt-warm	q05	{"beam_policy": "uniform", "beam_width": 7, "max_depth": 3}	ndcg@10	0.0
2026-03-29T19:57:15+00:00	routing	turborepo	srt-warm	q05	{"beam_policy": "uniform", "beam_width": 7, "max_depth": 3}	latency_s	0.0149174590000003
2026-03-29T19:57:15+00:00	routing	turborepo	srt-warm	q05	{"beam_policy": "waterfill", "beam_width": 7, "max_depth": 3}	ndcg@10	0.0
2026-03-29T19:57:15+00:00	routing	turborepo	srt-warm	q05	{"beam_policy": "waterfill", "beam_width": 7, "max_depth": 3}	latency_s	0.009439834000000147
2026-03-29T19:57:15+00:00	routing	turborepo	srt-warm	q05	{"beam_policy": "uniform", "beam_width": 7, "max_depth": 5}	ndcg@10	0.47020199776783905
2026-03-29T19:57:15+00:00	routing	turborepo	srt-warm	q05	{"beam_policy": "uniform", "beam_width": 7, "max_depth": 5}	latency_s	0.027917125000000098
2026-03-29T19:57:15+00:00	routing	turborepo	srt-warm	q05	{"beam_policy": "waterfill", "beam_width": 7, "max_depth": 5}	ndcg@10	0.0
2026-03-29T19:57:15+00:00	routing	turborepo	srt-warm	q05	{"beam_policy": "waterfill", "beam_width": 7, "max_depth": 5}	latency_s	0.015506416000000023
2026-03-29T19:57:15+00:00	routing	turborepo	srt-warm	q05	{"beam_policy": "uniform", "beam_width": 7, "max_depth": 7}	ndcg@10	0.47020199776783905
2026-03-29T19:57:15+00:00	routing	turborepo	srt-warm	q05	{"beam_policy": "uniform", "beam_width": 7, "max_depth": 7}	latency_s	0.030903250000000604
2026-03-29T19:57:15+00:00	routing	turborepo	srt-warm	q05	{"beam_policy": "waterfill", "beam_width": 7, "max_depth": 7}	ndcg@10	0.0
2026-03-29T19:57:15+00:00	routing	turborepo	srt-warm	q05	{"beam_policy": "waterfill", "beam_width": 7, "max_depth": 7}	latency_s	0.016128208000000477
2026-03-29T19:57:15+00:00	routing	turborepo	srt-warm	q05	{"beam_policy": "uniform", "beam_width": 7, "max_depth": 10}	ndcg@10	0.47020199776783905
2026-03-29T19:57:15+00:00	routing	turborepo	srt-warm	q05	{"beam_policy": "uniform", "beam_width": 7, "max_depth": 10}	latency_s	0.029011166000000088
2026-03-29T19:57:15+00:00	routing	turborepo	srt-warm	q05	{"beam_policy": "waterfill", "beam_width": 7, "max_depth": 10}	ndcg@10	0.0
2026-03-29T19:57:15+00:00	routing	turborepo	srt-warm	q05	{"beam_policy": "waterfill", "beam_width": 7, "max_depth": 10}	latency_s	0.015764917000000267
2026-03-29T19:57:15+00:00	routing	turborepo	srt-warm	q05	{"beam_policy": "uniform", "beam_width": 10, "max_depth": 3}	ndcg@10	0.0
2026-03-29T19:57:15+00:00	routing	turborepo	srt-warm	q05	{"beam_policy": "uniform", "beam_width": 10, "max_depth": 3}	latency_s	0.020176333000000213
2026-03-29T19:57:15+00:00	routing	turborepo	srt-warm	q05	{"beam_policy": "waterfill", "beam_width": 10, "max_depth": 3}	ndcg@10	0.0
2026-03-29T19:57:15+00:00	routing	turborepo	srt-warm	q05	{"beam_policy": "waterfill", "beam_width": 10, "max_depth": 3}	latency_s	0.014394417000000104
2026-03-29T19:57:15+00:00	routing	turborepo	srt-warm	q05	{"beam_policy": "uniform", "beam_width": 10, "max_depth": 5}	ndcg@10	0.47020199776783905
2026-03-29T19:57:15+00:00	routing	turborepo	srt-warm	q05	{"beam_policy": "uniform", "beam_width": 10, "max_depth": 5}	latency_s	0.04318808300000043
2026-03-29T19:57:15+00:00	routing	turborepo	srt-warm	q05	{"beam_policy": "waterfill", "beam_width": 10, "max_depth": 5}	ndcg@10	0.47020199776783905
2026-03-29T19:57:15+00:00	routing	turborepo	srt-warm	q05	{"beam_policy": "waterfill", "beam_width": 10, "max_depth": 5}	latency_s	0.03194583299999998
2026-03-29T19:57:15+00:00	routing	turborepo	srt-warm	q05	{"beam_policy": "uniform", "beam_width": 10, "max_depth": 7}	ndcg@10	0.47020199776783905
2026-03-29T19:57:15+00:00	routing	turborepo	srt-warm	q05	{"beam_policy": "uniform", "beam_width": 10, "max_depth": 7}	latency_s	0.055269082999999775
2026-03-29T19:57:15+00:00	routing	turborepo	srt-warm	q05	{"beam_policy": "waterfill", "beam_width": 10, "max_depth": 7}	ndcg@10	0.47020199776783905
2026-03-29T19:57:15+00:00	routing	turborepo	srt-warm	q05	{"beam_policy": "waterfill", "beam_width": 10, "max_depth": 7}	latency_s	0.031196582999999833
2026-03-29T19:57:15+00:00	routing	turborepo	srt-warm	q05	{"beam_policy": "uniform", "beam_width": 10, "max_depth": 10}	ndcg@10	0.47020199776783905
2026-03-29T19:57:15+00:00	routing	turborepo	srt-warm	q05	{"beam_policy": "uniform", "beam_width": 10, "max_depth": 10}	latency_s	0.056931124999999305
2026-03-29T19:57:15+00:00	routing	turborepo	srt-warm	q05	{"beam_policy": "waterfill", "beam_width": 10, "max_depth": 10}	ndcg@10	0.47020199776783905
2026-03-29T19:57:15+00:00	routing	turborepo	srt-warm	q05	{"beam_policy": "waterfill", "beam_width": 10, "max_depth": 10}	latency_s	0.02977945900000023
2026-03-29T19:57:15+00:00	routing	turborepo	srt-warm	q06	{"beam_policy": "uniform", "beam_width": 2, "max_depth": 3}	ndcg@10	0.0
2026-03-29T19:57:15+00:00	routing	turborepo	srt-warm	q06	{"beam_policy": "uniform", "beam_width": 2, "max_depth": 3}	latency_s	0.0073040419999994555
2026-03-29T19:57:15+00:00	routing	turborepo	srt-warm	q06	{"beam_policy": "waterfill", "beam_width": 2, "max_depth": 3}	ndcg@10	0.0
2026-03-29T19:57:15+00:00	routing	turborepo	srt-warm	q06	{"beam_policy": "waterfill", "beam_width": 2, "max_depth": 3}	latency_s	0.007569000000000159
2026-03-29T19:57:15+00:00	routing	turborepo	srt-warm	q06	{"beam_policy": "uniform", "beam_width": 2, "max_depth": 5}	ndcg@10	0.0
2026-03-29T19:57:15+00:00	routing	turborepo	srt-warm	q06	{"beam_policy": "uniform", "beam_width": 2, "max_depth": 5}	latency_s	0.007396250000000215
2026-03-29T19:57:15+00:00	routing	turborepo	srt-warm	q06	{"beam_policy": "waterfill", "beam_width": 2, "max_depth": 5}	ndcg@10	0.7864386820782063
2026-03-29T19:57:15+00:00	routing	turborepo	srt-warm	q06	{"beam_policy": "waterfill", "beam_width": 2, "max_depth": 5}	latency_s	0.007117917000000418
2026-03-29T19:57:15+00:00	routing	turborepo	srt-warm	q06	{"beam_policy": "uniform", "beam_width": 2, "max_depth": 7}	ndcg@10	0.0
2026-03-29T19:57:15+00:00	routing	turborepo	srt-warm	q06	{"beam_policy": "uniform", "beam_width": 2, "max_depth": 7}	latency_s	0.008241916999999432
2026-03-29T19:57:15+00:00	routing	turborepo	srt-warm	q06	{"beam_policy": "waterfill", "beam_width": 2, "max_depth": 7}	ndcg@10	0.7864386820782063
2026-03-29T19:57:15+00:00	routing	turborepo	srt-warm	q06	{"beam_policy": "waterfill", "beam_width": 2, "max_depth": 7}	latency_s	0.008740958999999826
2026-03-29T19:57:15+00:00	routing	turborepo	srt-warm	q06	{"beam_policy": "uniform", "beam_width": 2, "max_depth": 10}	ndcg@10	0.0
2026-03-29T19:57:15+00:00	routing	turborepo	srt-warm	q06	{"beam_policy": "uniform", "beam_width": 2, "max_depth": 10}	latency_s	0.00834199999999985
2026-03-29T19:57:15+00:00	routing	turborepo	srt-warm	q06	{"beam_policy": "waterfill", "beam_width": 2, "max_depth": 10}	ndcg@10	0.7864386820782063
2026-03-29T19:57:15+00:00	routing	turborepo	srt-warm	q06	{"beam_policy": "waterfill", "beam_width": 2, "max_depth": 10}	latency_s	0.007918332999999222
2026-03-29T19:57:15+00:00	routing	turborepo	srt-warm	q06	{"beam_policy": "uniform", "beam_width": 3, "max_depth": 3}	ndcg@10	0.0
2026-03-29T19:57:15+00:00	routing	turborepo	srt-warm	q06	{"beam_policy": "uniform", "beam_width": 3, "max_depth": 3}	latency_s	0.00922012499999969
2026-03-29T19:57:16+00:00	routing	turborepo	srt-warm	q06	{"beam_policy": "waterfill", "beam_width": 3, "max_depth": 3}	ndcg@10	0.0
2026-03-29T19:57:16+00:00	routing	turborepo	srt-warm	q06	{"beam_policy": "waterfill", "beam_width": 3, "max_depth": 3}	latency_s	0.006953124999999893
2026-03-29T19:57:16+00:00	routing	turborepo	srt-warm	q06	{"beam_policy": "uniform", "beam_width": 3, "max_depth": 5}	ndcg@10	0.8825858394267849
2026-03-29T19:57:16+00:00	routing	turborepo	srt-warm	q06	{"beam_policy": "uniform", "beam_width": 3, "max_depth": 5}	latency_s	0.009660832999999869
2026-03-29T19:57:16+00:00	routing	turborepo	srt-warm	q06	{"beam_policy": "waterfill", "beam_width": 3, "max_depth": 5}	ndcg@10	0.7864386820782063
2026-03-29T19:57:16+00:00	routing	turborepo	srt-warm	q06	{"beam_policy": "waterfill", "beam_width": 3, "max_depth": 5}	latency_s	0.007891125000000443
2026-03-29T19:57:16+00:00	routing	turborepo	srt-warm	q06	{"beam_policy": "uniform", "beam_width": 3, "max_depth": 7}	ndcg@10	0.8825858394267849
2026-03-29T19:57:16+00:00	routing	turborepo	srt-warm	q06	{"beam_policy": "uniform", "beam_width": 3, "max_depth": 7}	latency_s	0.00801504200000025
2026-03-29T19:57:16+00:00	routing	turborepo	srt-warm	q06	{"beam_policy": "waterfill", "beam_width": 3, "max_depth": 7}	ndcg@10	0.7864386820782063
2026-03-29T19:57:16+00:00	routing	turborepo	srt-warm	q06	{"beam_policy": "waterfill", "beam_width": 3, "max_depth": 7}	latency_s	0.00764187500000002
2026-03-29T19:57:16+00:00	routing	turborepo	srt-warm	q06	{"beam_policy": "uniform", "beam_width": 3, "max_depth": 10}	ndcg@10	0.8825858394267849
2026-03-29T19:57:16+00:00	routing	turborepo	srt-warm	q06	{"beam_policy": "uniform", "beam_width": 3, "max_depth": 10}	latency_s	0.008957875000000115
2026-03-29T19:57:16+00:00	routing	turborepo	srt-warm	q06	{"beam_policy": "waterfill", "beam_width": 3, "max_depth": 10}	ndcg@10	0.7864386820782063
2026-03-29T19:57:16+00:00	routing	turborepo	srt-warm	q06	{"beam_policy": "waterfill", "beam_width": 3, "max_depth": 10}	latency_s	0.0076902499999995655
2026-03-29T19:57:16+00:00	routing	turborepo	srt-warm	q06	{"beam_policy": "uniform", "beam_width": 5, "max_depth": 3}	ndcg@10	0.0
2026-03-29T19:57:16+00:00	routing	turborepo	srt-warm	q06	{"beam_policy": "uniform", "beam_width": 5, "max_depth": 3}	latency_s	0.00976333300000043
2026-03-29T19:57:16+00:00	routing	turborepo	srt-warm	q06	{"beam_policy": "waterfill", "beam_width": 5, "max_depth": 3}	ndcg@10	0.0
2026-03-29T19:57:16+00:00	routing	turborepo	srt-warm	q06	{"beam_policy": "waterfill", "beam_width": 5, "max_depth": 3}	latency_s	0.00719216700000036
2026-03-29T19:57:16+00:00	routing	turborepo	srt-warm	q06	{"beam_policy": "uniform", "beam_width": 5, "max_depth": 5}	ndcg@10	0.8787642368078041
2026-03-29T19:57:16+00:00	routing	turborepo	srt-warm	q06	{"beam_policy": "uniform", "beam_width": 5, "max_depth": 5}	latency_s	0.013015124999999905
2026-03-29T19:57:16+00:00	routing	turborepo	srt-warm	q06	{"beam_policy": "waterfill", "beam_width": 5, "max_depth": 5}	ndcg@10	0.8787642368078041
2026-03-29T19:57:16+00:00	routing	turborepo	srt-warm	q06	{"beam_policy": "waterfill", "beam_width": 5, "max_depth": 5}	latency_s	0.010310209000000015
2026-03-29T19:57:16+00:00	routing	turborepo	srt-warm	q06	{"beam_policy": "uniform", "beam_width": 5, "max_depth": 7}	ndcg@10	0.8787642368078041
2026-03-29T19:57:16+00:00	routing	turborepo	srt-warm	q06	{"beam_policy": "uniform", "beam_width": 5, "max_depth": 7}	latency_s	0.011252625000000016
2026-03-29T19:57:16+00:00	routing	turborepo	srt-warm	q06	{"beam_policy": "waterfill", "beam_width": 5, "max_depth": 7}	ndcg@10	0.8787642368078041
2026-03-29T19:57:16+00:00	routing	turborepo	srt-warm	q06	{"beam_policy": "waterfill", "beam_width": 5, "max_depth": 7}	latency_s	0.011555792000000231
2026-03-29T19:57:16+00:00	routing	turborepo	srt-warm	q06	{"beam_policy": "uniform", "beam_width": 5, "max_depth": 10}	ndcg@10	0.8787642368078041
2026-03-29T19:57:16+00:00	routing	turborepo	srt-warm	q06	{"beam_policy": "uniform", "beam_width": 5, "max_depth": 10}	latency_s	0.01048104199999944
2026-03-29T19:57:16+00:00	routing	turborepo	srt-warm	q06	{"beam_policy": "waterfill", "beam_width": 5, "max_depth": 10}	ndcg@10	0.8787642368078041
2026-03-29T19:57:16+00:00	routing	turborepo	srt-warm	q06	{"beam_policy": "waterfill", "beam_width": 5, "max_depth": 10}	latency_s	0.009367291000000222
2026-03-29T19:57:16+00:00	routing	turborepo	srt-warm	q06	{"beam_policy": "uniform", "beam_width": 7, "max_depth": 3}	ndcg@10	0.0
2026-03-29T19:57:16+00:00	routing	turborepo	srt-warm	q06	{"beam_policy": "uniform", "beam_width": 7, "max_depth": 3}	latency_s	0.008774166999999444
2026-03-29T19:57:16+00:00	routing	turborepo	srt-warm	q06	{"beam_policy": "waterfill", "beam_width": 7, "max_depth": 3}	ndcg@10	0.0
2026-03-29T19:57:16+00:00	routing	turborepo	srt-warm	q06	{"beam_policy": "waterfill", "beam_width": 7, "max_depth": 3}	latency_s	0.010538958999999792
2026-03-29T19:57:16+00:00	routing	turborepo	srt-warm	q06	{"beam_policy": "uniform", "beam_width": 7, "max_depth": 5}	ndcg@10	0.7864386820782063
2026-03-29T19:57:16+00:00	routing	turborepo	srt-warm	q06	{"beam_policy": "uniform", "beam_width": 7, "max_depth": 5}	latency_s	0.013375790999999637
2026-03-29T19:57:16+00:00	routing	turborepo	srt-warm	q06	{"beam_policy": "waterfill", "beam_width": 7, "max_depth": 5}	ndcg@10	0.8787642368078041
2026-03-29T19:57:16+00:00	routing	turborepo	srt-warm	q06	{"beam_policy": "waterfill", "beam_width": 7, "max_depth": 5}	latency_s	0.00996449999999971
2026-03-29T19:57:16+00:00	routing	turborepo	srt-warm	q06	{"beam_policy": "uniform", "beam_width": 7, "max_depth": 7}	ndcg@10	0.7864386820782063
2026-03-29T19:57:16+00:00	routing	turborepo	srt-warm	q06	{"beam_policy": "uniform", "beam_width": 7, "max_depth": 7}	latency_s	0.012223167000000146
2026-03-29T19:57:16+00:00	routing	turborepo	srt-warm	q06	{"beam_policy": "waterfill", "beam_width": 7, "max_depth": 7}	ndcg@10	0.8787642368078041
2026-03-29T19:57:16+00:00	routing	turborepo	srt-warm	q06	{"beam_policy": "waterfill", "beam_width": 7, "max_depth": 7}	latency_s	0.010335291999999718
2026-03-29T19:57:16+00:00	routing	turborepo	srt-warm	q06	{"beam_policy": "uniform", "beam_width": 7, "max_depth": 10}	ndcg@10	0.7864386820782063
2026-03-29T19:57:16+00:00	routing	turborepo	srt-warm	q06	{"beam_policy": "uniform", "beam_width": 7, "max_depth": 10}	latency_s	0.01466804200000027
2026-03-29T19:57:16+00:00	routing	turborepo	srt-warm	q06	{"beam_policy": "waterfill", "beam_width": 7, "max_depth": 10}	ndcg@10	0.8787642368078041
2026-03-29T19:57:16+00:00	routing	turborepo	srt-warm	q06	{"beam_policy": "waterfill", "beam_width": 7, "max_depth": 10}	latency_s	0.010241875000000178
2026-03-29T19:57:16+00:00	routing	turborepo	srt-warm	q06	{"beam_policy": "uniform", "beam_width": 10, "max_depth": 3}	ndcg@10	0.0
2026-03-29T19:57:16+00:00	routing	turborepo	srt-warm	q06	{"beam_policy": "uniform", "beam_width": 10, "max_depth": 3}	latency_s	0.01299399999999995
2026-03-29T19:57:16+00:00	routing	turborepo	srt-warm	q06	{"beam_policy": "waterfill", "beam_width": 10, "max_depth": 3}	ndcg@10	0.0
2026-03-29T19:57:16+00:00	routing	turborepo	srt-warm	q06	{"beam_policy": "waterfill", "beam_width": 10, "max_depth": 3}	latency_s	0.008931875000000034
2026-03-29T19:57:16+00:00	routing	turborepo	srt-warm	q06	{"beam_policy": "uniform", "beam_width": 10, "max_depth": 5}	ndcg@10	0.7864386820782063
2026-03-29T19:57:16+00:00	routing	turborepo	srt-warm	q06	{"beam_policy": "uniform", "beam_width": 10, "max_depth": 5}	latency_s	0.02754929199999978
2026-03-29T19:57:16+00:00	routing	turborepo	srt-warm	q06	{"beam_policy": "waterfill", "beam_width": 10, "max_depth": 5}	ndcg@10	0.7864386820782063
2026-03-29T19:57:16+00:00	routing	turborepo	srt-warm	q06	{"beam_policy": "waterfill", "beam_width": 10, "max_depth": 5}	latency_s	0.01229749999999985
2026-03-29T19:57:16+00:00	routing	turborepo	srt-warm	q06	{"beam_policy": "uniform", "beam_width": 10, "max_depth": 7}	ndcg@10	0.7864386820782063
2026-03-29T19:57:16+00:00	routing	turborepo	srt-warm	q06	{"beam_policy": "uniform", "beam_width": 10, "max_depth": 7}	latency_s	0.0249454999999994
2026-03-29T19:57:16+00:00	routing	turborepo	srt-warm	q06	{"beam_policy": "waterfill", "beam_width": 10, "max_depth": 7}	ndcg@10	0.7864386820782063
2026-03-29T19:57:16+00:00	routing	turborepo	srt-warm	q06	{"beam_policy": "waterfill", "beam_width": 10, "max_depth": 7}	latency_s	0.01468299999999978
2026-03-29T19:57:16+00:00	routing	turborepo	srt-warm	q06	{"beam_policy": "uniform", "beam_width": 10, "max_depth": 10}	ndcg@10	0.7864386820782063
2026-03-29T19:57:16+00:00	routing	turborepo	srt-warm	q06	{"beam_policy": "uniform", "beam_width": 10, "max_depth": 10}	latency_s	0.02534875000000003
2026-03-29T19:57:16+00:00	routing	turborepo	srt-warm	q06	{"beam_policy": "waterfill", "beam_width": 10, "max_depth": 10}	ndcg@10	0.7864386820782063
2026-03-29T19:57:16+00:00	routing	turborepo	srt-warm	q06	{"beam_policy": "waterfill", "beam_width": 10, "max_depth": 10}	latency_s	0.012591249999999832
2026-03-29T19:57:16+00:00	routing	turborepo	srt-warm	q07	{"beam_policy": "uniform", "beam_width": 2, "max_depth": 3}	ndcg@10	0.045851828048001766
2026-03-29T19:57:16+00:00	routing	turborepo	srt-warm	q07	{"beam_policy": "uniform", "beam_width": 2, "max_depth": 3}	latency_s	0.006940291000000265
2026-03-29T19:57:16+00:00	routing	turborepo	srt-warm	q07	{"beam_policy": "waterfill", "beam_width": 2, "max_depth": 3}	ndcg@10	0.0
2026-03-29T19:57:16+00:00	routing	turborepo	srt-warm	q07	{"beam_policy": "waterfill", "beam_width": 2, "max_depth": 3}	latency_s	0.0062265840000002015
2026-03-29T19:57:16+00:00	routing	turborepo	srt-warm	q07	{"beam_policy": "uniform", "beam_width": 2, "max_depth": 5}	ndcg@10	0.9182962342857363
2026-03-29T19:57:16+00:00	routing	turborepo	srt-warm	q07	{"beam_policy": "uniform", "beam_width": 2, "max_depth": 5}	latency_s	0.0071852909999998715
2026-03-29T19:57:16+00:00	routing	turborepo	srt-warm	q07	{"beam_policy": "waterfill", "beam_width": 2, "max_depth": 5}	ndcg@10	0.9049495058460971
2026-03-29T19:57:16+00:00	routing	turborepo	srt-warm	q07	{"beam_policy": "waterfill", "beam_width": 2, "max_depth": 5}	latency_s	0.006445083000000018
2026-03-29T19:57:16+00:00	routing	turborepo	srt-warm	q07	{"beam_policy": "uniform", "beam_width": 2, "max_depth": 7}	ndcg@10	0.9182962342857363
2026-03-29T19:57:16+00:00	routing	turborepo	srt-warm	q07	{"beam_policy": "uniform", "beam_width": 2, "max_depth": 7}	latency_s	0.007036583999999735
2026-03-29T19:57:16+00:00	routing	turborepo	srt-warm	q07	{"beam_policy": "waterfill", "beam_width": 2, "max_depth": 7}	ndcg@10	0.9049495058460971
2026-03-29T19:57:16+00:00	routing	turborepo	srt-warm	q07	{"beam_policy": "waterfill", "beam_width": 2, "max_depth": 7}	latency_s	0.006583457999999709
2026-03-29T19:57:16+00:00	routing	turborepo	srt-warm	q07	{"beam_policy": "uniform", "beam_width": 2, "max_depth": 10}	ndcg@10	0.9182962342857363
2026-03-29T19:57:16+00:00	routing	turborepo	srt-warm	q07	{"beam_policy": "uniform", "beam_width": 2, "max_depth": 10}	latency_s	0.008151415999999578
2026-03-29T19:57:16+00:00	routing	turborepo	srt-warm	q07	{"beam_policy": "waterfill", "beam_width": 2, "max_depth": 10}	ndcg@10	0.9049495058460971
2026-03-29T19:57:16+00:00	routing	turborepo	srt-warm	q07	{"beam_policy": "waterfill", "beam_width": 2, "max_depth": 10}	latency_s	0.00733320799999948
2026-03-29T19:57:16+00:00	routing	turborepo	srt-warm	q07	{"beam_policy": "uniform", "beam_width": 3, "max_depth": 3}	ndcg@10	0.045851828048001766
2026-03-29T19:57:16+00:00	routing	turborepo	srt-warm	q07	{"beam_policy": "uniform", "beam_width": 3, "max_depth": 3}	latency_s	0.006640999999999231
2026-03-29T19:57:16+00:00	routing	turborepo	srt-warm	q07	{"beam_policy": "waterfill", "beam_width": 3, "max_depth": 3}	ndcg@10	0.045851828048001766
2026-03-29T19:57:16+00:00	routing	turborepo	srt-warm	q07	{"beam_policy": "waterfill", "beam_width": 3, "max_depth": 3}	latency_s	0.006570249999999334
2026-03-29T19:57:16+00:00	routing	turborepo	srt-warm	q07	{"beam_policy": "uniform", "beam_width": 3, "max_depth": 5}	ndcg@10	0.9148570708197291
2026-03-29T19:57:16+00:00	routing	turborepo	srt-warm	q07	{"beam_policy": "uniform", "beam_width": 3, "max_depth": 5}	latency_s	0.008636208000000423
2026-03-29T19:57:16+00:00	routing	turborepo	srt-warm	q07	{"beam_policy": "waterfill", "beam_width": 3, "max_depth": 5}	ndcg@10	0.9182962342857363
2026-03-29T19:57:16+00:00	routing	turborepo	srt-warm	q07	{"beam_policy": "waterfill", "beam_width": 3, "max_depth": 5}	latency_s	0.007340000000000124
2026-03-29T19:57:16+00:00	routing	turborepo	srt-warm	q07	{"beam_policy": "uniform", "beam_width": 3, "max_depth": 7}	ndcg@10	0.9148570708197291
2026-03-29T19:57:16+00:00	routing	turborepo	srt-warm	q07	{"beam_policy": "uniform", "beam_width": 3, "max_depth": 7}	latency_s	0.008366999999999791
2026-03-29T19:57:16+00:00	routing	turborepo	srt-warm	q07	{"beam_policy": "waterfill", "beam_width": 3, "max_depth": 7}	ndcg@10	0.9182962342857363
2026-03-29T19:57:16+00:00	routing	turborepo	srt-warm	q07	{"beam_policy": "waterfill", "beam_width": 3, "max_depth": 7}	latency_s	0.007386541999999885
2026-03-29T19:57:16+00:00	routing	turborepo	srt-warm	q07	{"beam_policy": "uniform", "beam_width": 3, "max_depth": 10}	ndcg@10	0.9148570708197291
2026-03-29T19:57:16+00:00	routing	turborepo	srt-warm	q07	{"beam_policy": "uniform", "beam_width": 3, "max_depth": 10}	latency_s	0.008622457999999611
2026-03-29T19:57:16+00:00	routing	turborepo	srt-warm	q07	{"beam_policy": "waterfill", "beam_width": 3, "max_depth": 10}	ndcg@10	0.9182962342857363
2026-03-29T19:57:16+00:00	routing	turborepo	srt-warm	q07	{"beam_policy": "waterfill", "beam_width": 3, "max_depth": 10}	latency_s	0.011752417000000293
2026-03-29T19:57:16+00:00	routing	turborepo	srt-warm	q07	{"beam_policy": "uniform", "beam_width": 5, "max_depth": 3}	ndcg@10	0.045851828048001766
2026-03-29T19:57:16+00:00	routing	turborepo	srt-warm	q07	{"beam_policy": "uniform", "beam_width": 5, "max_depth": 3}	latency_s	0.007317708999999617
2026-03-29T19:57:16+00:00	routing	turborepo	srt-warm	q07	{"beam_policy": "waterfill", "beam_width": 5, "max_depth": 3}	ndcg@10	0.045851828048001766
2026-03-29T19:57:16+00:00	routing	turborepo	srt-warm	q07	{"beam_policy": "waterfill", "beam_width": 5, "max_depth": 3}	latency_s	0.007159875000000149
2026-03-29T19:57:16+00:00	routing	turborepo	srt-warm	q07	{"beam_policy": "uniform", "beam_width": 5, "max_depth": 5}	ndcg@10	0.913583203280069
2026-03-29T19:57:16+00:00	routing	turborepo	srt-warm	q07	{"beam_policy": "uniform", "beam_width": 5, "max_depth": 5}	latency_s	0.010667833000000293
2026-03-29T19:57:16+00:00	routing	turborepo	srt-warm	q07	{"beam_policy": "waterfill", "beam_width": 5, "max_depth": 5}	ndcg@10	0.913583203280069
2026-03-29T19:57:16+00:00	routing	turborepo	srt-warm	q07	{"beam_policy": "waterfill", "beam_width": 5, "max_depth": 5}	latency_s	0.009361582999999563
2026-03-29T19:57:16+00:00	routing	turborepo	srt-warm	q07	{"beam_policy": "uniform", "beam_width": 5, "max_depth": 7}	ndcg@10	0.913583203280069
2026-03-29T19:57:16+00:00	routing	turborepo	srt-warm	q07	{"beam_policy": "uniform", "beam_width": 5, "max_depth": 7}	latency_s	0.010435541999999742
2026-03-29T19:57:16+00:00	routing	turborepo	srt-warm	q07	{"beam_policy": "waterfill", "beam_width": 5, "max_depth": 7}	ndcg@10	0.913583203280069
2026-03-29T19:57:16+00:00	routing	turborepo	srt-warm	q07	{"beam_policy": "waterfill", "beam_width": 5, "max_depth": 7}	latency_s	0.010192959000000279
2026-03-29T19:57:16+00:00	routing	turborepo	srt-warm	q07	{"beam_policy": "uniform", "beam_width": 5, "max_depth": 10}	ndcg@10	0.913583203280069
2026-03-29T19:57:16+00:00	routing	turborepo	srt-warm	q07	{"beam_policy": "uniform", "beam_width": 5, "max_depth": 10}	latency_s	0.01094745800000041
2026-03-29T19:57:16+00:00	routing	turborepo	srt-warm	q07	{"beam_policy": "waterfill", "beam_width": 5, "max_depth": 10}	ndcg@10	0.913583203280069
2026-03-29T19:57:16+00:00	routing	turborepo	srt-warm	q07	{"beam_policy": "waterfill", "beam_width": 5, "max_depth": 10}	latency_s	0.012540458000000143
2026-03-29T19:57:16+00:00	routing	turborepo	srt-warm	q07	{"beam_policy": "uniform", "beam_width": 7, "max_depth": 3}	ndcg@10	0.045851828048001766
2026-03-29T19:57:16+00:00	routing	turborepo	srt-warm	q07	{"beam_policy": "uniform", "beam_width": 7, "max_depth": 3}	latency_s	0.012132249999999623
2026-03-29T19:57:16+00:00	routing	turborepo	srt-warm	q07	{"beam_policy": "waterfill", "beam_width": 7, "max_depth": 3}	ndcg@10	0.045851828048001766
2026-03-29T19:57:16+00:00	routing	turborepo	srt-warm	q07	{"beam_policy": "waterfill", "beam_width": 7, "max_depth": 3}	latency_s	0.0076752089999994055
2026-03-29T19:57:16+00:00	routing	turborepo	srt-warm	q07	{"beam_policy": "uniform", "beam_width": 7, "max_depth": 5}	ndcg@10	0.882808018370203
2026-03-29T19:57:16+00:00	routing	turborepo	srt-warm	q07	{"beam_policy": "uniform", "beam_width": 7, "max_depth": 5}	latency_s	0.022088832999999752
2026-03-29T19:57:16+00:00	routing	turborepo	srt-warm	q07	{"beam_policy": "waterfill", "beam_width": 7, "max_depth": 5}	ndcg@10	0.913583203280069
2026-03-29T19:57:16+00:00	routing	turborepo	srt-warm	q07	{"beam_policy": "waterfill", "beam_width": 7, "max_depth": 5}	latency_s	0.013706292000000175
2026-03-29T19:57:16+00:00	routing	turborepo	srt-warm	q07	{"beam_policy": "uniform", "beam_width": 7, "max_depth": 7}	ndcg@10	0.882808018370203
2026-03-29T19:57:16+00:00	routing	turborepo	srt-warm	q07	{"beam_policy": "uniform", "beam_width": 7, "max_depth": 7}	latency_s	0.032354208000000106
2026-03-29T19:57:16+00:00	routing	turborepo	srt-warm	q07	{"beam_policy": "waterfill", "beam_width": 7, "max_depth": 7}	ndcg@10	0.913583203280069
2026-03-29T19:57:16+00:00	routing	turborepo	srt-warm	q07	{"beam_policy": "waterfill", "beam_width": 7, "max_depth": 7}	latency_s	0.011228499999999642
2026-03-29T19:57:16+00:00	routing	turborepo	srt-warm	q07	{"beam_policy": "uniform", "beam_width": 7, "max_depth": 10}	ndcg@10	0.882808018370203
2026-03-29T19:57:16+00:00	routing	turborepo	srt-warm	q07	{"beam_policy": "uniform", "beam_width": 7, "max_depth": 10}	latency_s	0.030604250000000555
2026-03-29T19:57:16+00:00	routing	turborepo	srt-warm	q07	{"beam_policy": "waterfill", "beam_width": 7, "max_depth": 10}	ndcg@10	0.913583203280069
2026-03-29T19:57:16+00:00	routing	turborepo	srt-warm	q07	{"beam_policy": "waterfill", "beam_width": 7, "max_depth": 10}	latency_s	0.011018459000000647
2026-03-29T19:57:16+00:00	routing	turborepo	srt-warm	q07	{"beam_policy": "uniform", "beam_width": 10, "max_depth": 3}	ndcg@10	0.045851828048001766
2026-03-29T19:57:16+00:00	routing	turborepo	srt-warm	q07	{"beam_policy": "uniform", "beam_width": 10, "max_depth": 3}	latency_s	0.01404945800000057
2026-03-29T19:57:16+00:00	routing	turborepo	srt-warm	q07	{"beam_policy": "waterfill", "beam_width": 10, "max_depth": 3}	ndcg@10	0.045851828048001766
2026-03-29T19:57:16+00:00	routing	turborepo	srt-warm	q07	{"beam_policy": "waterfill", "beam_width": 10, "max_depth": 3}	latency_s	0.008958958999999211
2026-03-29T19:57:16+00:00	routing	turborepo	srt-warm	q07	{"beam_policy": "uniform", "beam_width": 10, "max_depth": 5}	ndcg@10	0.882808018370203
2026-03-29T19:57:16+00:00	routing	turborepo	srt-warm	q07	{"beam_policy": "uniform", "beam_width": 10, "max_depth": 5}	latency_s	0.038519124999999654
2026-03-29T19:57:16+00:00	routing	turborepo	srt-warm	q07	{"beam_policy": "waterfill", "beam_width": 10, "max_depth": 5}	ndcg@10	0.882808018370203
2026-03-29T19:57:16+00:00	routing	turborepo	srt-warm	q07	{"beam_policy": "waterfill", "beam_width": 10, "max_depth": 5}	latency_s	0.028754041000000008
2026-03-29T19:57:16+00:00	routing	turborepo	srt-warm	q07	{"beam_policy": "uniform", "beam_width": 10, "max_depth": 7}	ndcg@10	0.882808018370203
2026-03-29T19:57:16+00:00	routing	turborepo	srt-warm	q07	{"beam_policy": "uniform", "beam_width": 10, "max_depth": 7}	latency_s	0.053520875000000245
2026-03-29T19:57:16+00:00	routing	turborepo	srt-warm	q07	{"beam_policy": "waterfill", "beam_width": 10, "max_depth": 7}	ndcg@10	0.882808018370203
2026-03-29T19:57:16+00:00	routing	turborepo	srt-warm	q07	{"beam_policy": "waterfill", "beam_width": 10, "max_depth": 7}	latency_s	0.034395790999999676
2026-03-29T19:57:17+00:00	routing	turborepo	srt-warm	q07	{"beam_policy": "uniform", "beam_width": 10, "max_depth": 10}	ndcg@10	0.882808018370203
2026-03-29T19:57:17+00:00	routing	turborepo	srt-warm	q07	{"beam_policy": "uniform", "beam_width": 10, "max_depth": 10}	latency_s	0.05128350000000026
2026-03-29T19:57:17+00:00	routing	turborepo	srt-warm	q07	{"beam_policy": "waterfill", "beam_width": 10, "max_depth": 10}	ndcg@10	0.882808018370203
2026-03-29T19:57:17+00:00	routing	turborepo	srt-warm	q07	{"beam_policy": "waterfill", "beam_width": 10, "max_depth": 10}	latency_s	0.03794120799999945
2026-03-29T19:57:17+00:00	routing	turborepo	srt-warm	q08	{"beam_policy": "uniform", "beam_width": 2, "max_depth": 3}	ndcg@10	0.0
2026-03-29T19:57:17+00:00	routing	turborepo	srt-warm	q08	{"beam_policy": "uniform", "beam_width": 2, "max_depth": 3}	latency_s	0.0069880419999996946
2026-03-29T19:57:17+00:00	routing	turborepo	srt-warm	q08	{"beam_policy": "waterfill", "beam_width": 2, "max_depth": 3}	ndcg@10	0.0
2026-03-29T19:57:17+00:00	routing	turborepo	srt-warm	q08	{"beam_policy": "waterfill", "beam_width": 2, "max_depth": 3}	latency_s	0.006120082999999887
2026-03-29T19:57:17+00:00	routing	turborepo	srt-warm	q08	{"beam_policy": "uniform", "beam_width": 2, "max_depth": 5}	ndcg@10	0.7035351153112575
2026-03-29T19:57:17+00:00	routing	turborepo	srt-warm	q08	{"beam_policy": "uniform", "beam_width": 2, "max_depth": 5}	latency_s	0.008030542000000196
2026-03-29T19:57:17+00:00	routing	turborepo	srt-warm	q08	{"beam_policy": "waterfill", "beam_width": 2, "max_depth": 5}	ndcg@10	0.7035351153112575
2026-03-29T19:57:17+00:00	routing	turborepo	srt-warm	q08	{"beam_policy": "waterfill", "beam_width": 2, "max_depth": 5}	latency_s	0.007835875000000492
2026-03-29T19:57:17+00:00	routing	turborepo	srt-warm	q08	{"beam_policy": "uniform", "beam_width": 2, "max_depth": 7}	ndcg@10	0.7035351153112575
2026-03-29T19:57:17+00:00	routing	turborepo	srt-warm	q08	{"beam_policy": "uniform", "beam_width": 2, "max_depth": 7}	latency_s	0.008254041999999018
2026-03-29T19:57:17+00:00	routing	turborepo	srt-warm	q08	{"beam_policy": "waterfill", "beam_width": 2, "max_depth": 7}	ndcg@10	0.7035351153112575
2026-03-29T19:57:17+00:00	routing	turborepo	srt-warm	q08	{"beam_policy": "waterfill", "beam_width": 2, "max_depth": 7}	latency_s	0.00726133400000073
2026-03-29T19:57:17+00:00	routing	turborepo	srt-warm	q08	{"beam_policy": "uniform", "beam_width": 2, "max_depth": 10}	ndcg@10	0.7035351153112575
2026-03-29T19:57:17+00:00	routing	turborepo	srt-warm	q08	{"beam_policy": "uniform", "beam_width": 2, "max_depth": 10}	latency_s	0.007996083000000098
2026-03-29T19:57:17+00:00	routing	turborepo	srt-warm	q08	{"beam_policy": "waterfill", "beam_width": 2, "max_depth": 10}	ndcg@10	0.7035351153112575
2026-03-29T19:57:17+00:00	routing	turborepo	srt-warm	q08	{"beam_policy": "waterfill", "beam_width": 2, "max_depth": 10}	latency_s	0.00694208300000021
2026-03-29T19:57:17+00:00	routing	turborepo	srt-warm	q08	{"beam_policy": "uniform", "beam_width": 3, "max_depth": 3}	ndcg@10	0.0
2026-03-29T19:57:17+00:00	routing	turborepo	srt-warm	q08	{"beam_policy": "uniform", "beam_width": 3, "max_depth": 3}	latency_s	0.007581959000001248
2026-03-29T19:57:17+00:00	routing	turborepo	srt-warm	q08	{"beam_policy": "waterfill", "beam_width": 3, "max_depth": 3}	ndcg@10	0.0
2026-03-29T19:57:17+00:00	routing	turborepo	srt-warm	q08	{"beam_policy": "waterfill", "beam_width": 3, "max_depth": 3}	latency_s	0.006273958999999607
2026-03-29T19:57:17+00:00	routing	turborepo	srt-warm	q08	{"beam_policy": "uniform", "beam_width": 3, "max_depth": 5}	ndcg@10	0.7035351153112575
2026-03-29T19:57:17+00:00	routing	turborepo	srt-warm	q08	{"beam_policy": "uniform", "beam_width": 3, "max_depth": 5}	latency_s	0.00895079100000018
2026-03-29T19:57:17+00:00	routing	turborepo	srt-warm	q08	{"beam_policy": "waterfill", "beam_width": 3, "max_depth": 5}	ndcg@10	0.7035351153112575
2026-03-29T19:57:17+00:00	routing	turborepo	srt-warm	q08	{"beam_policy": "waterfill", "beam_width": 3, "max_depth": 5}	latency_s	0.010530666999999383
2026-03-29T19:57:17+00:00	routing	turborepo	srt-warm	q08	{"beam_policy": "uniform", "beam_width": 3, "max_depth": 7}	ndcg@10	0.7035351153112575
2026-03-29T19:57:17+00:00	routing	turborepo	srt-warm	q08	{"beam_policy": "uniform", "beam_width": 3, "max_depth": 7}	latency_s	0.008437750000000577
2026-03-29T19:57:17+00:00	routing	turborepo	srt-warm	q08	{"beam_policy": "waterfill", "beam_width": 3, "max_depth": 7}	ndcg@10	0.7035351153112575
2026-03-29T19:57:17+00:00	routing	turborepo	srt-warm	q08	{"beam_policy": "waterfill", "beam_width": 3, "max_depth": 7}	latency_s	0.00795583400000055
2026-03-29T19:57:17+00:00	routing	turborepo	srt-warm	q08	{"beam_policy": "uniform", "beam_width": 3, "max_depth": 10}	ndcg@10	0.7035351153112575
2026-03-29T19:57:17+00:00	routing	turborepo	srt-warm	q08	{"beam_policy": "uniform", "beam_width": 3, "max_depth": 10}	latency_s	0.008782833000001489
2026-03-29T19:57:17+00:00	routing	turborepo	srt-warm	q08	{"beam_policy": "waterfill", "beam_width": 3, "max_depth": 10}	ndcg@10	0.7035351153112575
2026-03-29T19:57:17+00:00	routing	turborepo	srt-warm	q08	{"beam_policy": "waterfill", "beam_width": 3, "max_depth": 10}	latency_s	0.011077333999999439
2026-03-29T19:57:17+00:00	routing	turborepo	srt-warm	q08	{"beam_policy": "uniform", "beam_width": 5, "max_depth": 3}	ndcg@10	0.0
2026-03-29T19:57:17+00:00	routing	turborepo	srt-warm	q08	{"beam_policy": "uniform", "beam_width": 5, "max_depth": 3}	latency_s	0.00880399999999959
2026-03-29T19:57:17+00:00	routing	turborepo	srt-warm	q08	{"beam_policy": "waterfill", "beam_width": 5, "max_depth": 3}	ndcg@10	0.0
2026-03-29T19:57:17+00:00	routing	turborepo	srt-warm	q08	{"beam_policy": "waterfill", "beam_width": 5, "max_depth": 3}	latency_s	0.009001291000000577
2026-03-29T19:57:17+00:00	routing	turborepo	srt-warm	q08	{"beam_policy": "uniform", "beam_width": 5, "max_depth": 5}	ndcg@10	0.6870739308105855
2026-03-29T19:57:17+00:00	routing	turborepo	srt-warm	q08	{"beam_policy": "uniform", "beam_width": 5, "max_depth": 5}	latency_s	0.015623541000000074
2026-03-29T19:57:17+00:00	routing	turborepo	srt-warm	q08	{"beam_policy": "waterfill", "beam_width": 5, "max_depth": 5}	ndcg@10	0.7008014178001641
2026-03-29T19:57:17+00:00	routing	turborepo	srt-warm	q08	{"beam_policy": "waterfill", "beam_width": 5, "max_depth": 5}	latency_s	0.011479041999999495
2026-03-29T19:57:17+00:00	routing	turborepo	srt-warm	q08	{"beam_policy": "uniform", "beam_width": 5, "max_depth": 7}	ndcg@10	0.6512776522440882
2026-03-29T19:57:17+00:00	routing	turborepo	srt-warm	q08	{"beam_policy": "uniform", "beam_width": 5, "max_depth": 7}	latency_s	0.01983300000000021
2026-03-29T19:57:17+00:00	routing	turborepo	srt-warm	q08	{"beam_policy": "waterfill", "beam_width": 5, "max_depth": 7}	ndcg@10	0.7008014178001641
2026-03-29T19:57:17+00:00	routing	turborepo	srt-warm	q08	{"beam_policy": "waterfill", "beam_width": 5, "max_depth": 7}	latency_s	0.012586541999999312
2026-03-29T19:57:17+00:00	routing	turborepo	srt-warm	q08	{"beam_policy": "uniform", "beam_width": 5, "max_depth": 10}	ndcg@10	0.6512776522440882
2026-03-29T19:57:17+00:00	routing	turborepo	srt-warm	q08	{"beam_policy": "uniform", "beam_width": 5, "max_depth": 10}	latency_s	0.024173708999999377
2026-03-29T19:57:17+00:00	routing	turborepo	srt-warm	q08	{"beam_policy": "waterfill", "beam_width": 5, "max_depth": 10}	ndcg@10	0.7008014178001641
2026-03-29T19:57:17+00:00	routing	turborepo	srt-warm	q08	{"beam_policy": "waterfill", "beam_width": 5, "max_depth": 10}	latency_s	0.0123008329999994
2026-03-29T19:57:17+00:00	routing	turborepo	srt-warm	q08	{"beam_policy": "uniform", "beam_width": 7, "max_depth": 3}	ndcg@10	0.0
2026-03-29T19:57:17+00:00	routing	turborepo	srt-warm	q08	{"beam_policy": "uniform", "beam_width": 7, "max_depth": 3}	latency_s	0.009006665999999441
2026-03-29T19:57:17+00:00	routing	turborepo	srt-warm	q08	{"beam_policy": "waterfill", "beam_width": 7, "max_depth": 3}	ndcg@10	0.0
2026-03-29T19:57:17+00:00	routing	turborepo	srt-warm	q08	{"beam_policy": "waterfill", "beam_width": 7, "max_depth": 3}	latency_s	0.01078483300000066
2026-03-29T19:57:17+00:00	routing	turborepo	srt-warm	q08	{"beam_policy": "uniform", "beam_width": 7, "max_depth": 5}	ndcg@10	0.6870739308105855
2026-03-29T19:57:17+00:00	routing	turborepo	srt-warm	q08	{"beam_policy": "uniform", "beam_width": 7, "max_depth": 5}	latency_s	0.023184957999999867
2026-03-29T19:57:17+00:00	routing	turborepo	srt-warm	q08	{"beam_policy": "waterfill", "beam_width": 7, "max_depth": 5}	ndcg@10	0.6870739308105855
2026-03-29T19:57:17+00:00	routing	turborepo	srt-warm	q08	{"beam_policy": "waterfill", "beam_width": 7, "max_depth": 5}	latency_s	0.016351499999998964
2026-03-29T19:57:17+00:00	routing	turborepo	srt-warm	q08	{"beam_policy": "uniform", "beam_width": 7, "max_depth": 7}	ndcg@10	0.6512776522440882
2026-03-29T19:57:17+00:00	routing	turborepo	srt-warm	q08	{"beam_policy": "uniform", "beam_width": 7, "max_depth": 7}	latency_s	0.02924133299999987
2026-03-29T19:57:17+00:00	routing	turborepo	srt-warm	q08	{"beam_policy": "waterfill", "beam_width": 7, "max_depth": 7}	ndcg@10	0.6512776522440882
2026-03-29T19:57:17+00:00	routing	turborepo	srt-warm	q08	{"beam_policy": "waterfill", "beam_width": 7, "max_depth": 7}	latency_s	0.019390083000001113
2026-03-29T19:57:17+00:00	routing	turborepo	srt-warm	q08	{"beam_policy": "uniform", "beam_width": 7, "max_depth": 10}	ndcg@10	0.6512776522440882
2026-03-29T19:57:17+00:00	routing	turborepo	srt-warm	q08	{"beam_policy": "uniform", "beam_width": 7, "max_depth": 10}	latency_s	0.03104108399999994
2026-03-29T19:57:17+00:00	routing	turborepo	srt-warm	q08	{"beam_policy": "waterfill", "beam_width": 7, "max_depth": 10}	ndcg@10	0.6512776522440882
2026-03-29T19:57:17+00:00	routing	turborepo	srt-warm	q08	{"beam_policy": "waterfill", "beam_width": 7, "max_depth": 10}	latency_s	0.01990745800000049
2026-03-29T19:57:17+00:00	routing	turborepo	srt-warm	q08	{"beam_policy": "uniform", "beam_width": 10, "max_depth": 3}	ndcg@10	0.0
2026-03-29T19:57:17+00:00	routing	turborepo	srt-warm	q08	{"beam_policy": "uniform", "beam_width": 10, "max_depth": 3}	latency_s	0.01379062500000039
2026-03-29T19:57:17+00:00	routing	turborepo	srt-warm	q08	{"beam_policy": "waterfill", "beam_width": 10, "max_depth": 3}	ndcg@10	0.0
2026-03-29T19:57:17+00:00	routing	turborepo	srt-warm	q08	{"beam_policy": "waterfill", "beam_width": 10, "max_depth": 3}	latency_s	0.008989124999999376
2026-03-29T19:57:17+00:00	routing	turborepo	srt-warm	q08	{"beam_policy": "uniform", "beam_width": 10, "max_depth": 5}	ndcg@10	0.6870739308105855
2026-03-29T19:57:17+00:00	routing	turborepo	srt-warm	q08	{"beam_policy": "uniform", "beam_width": 10, "max_depth": 5}	latency_s	0.03474429100000087
2026-03-29T19:57:17+00:00	routing	turborepo	srt-warm	q08	{"beam_policy": "waterfill", "beam_width": 10, "max_depth": 5}	ndcg@10	0.6870739308105855
2026-03-29T19:57:17+00:00	routing	turborepo	srt-warm	q08	{"beam_policy": "waterfill", "beam_width": 10, "max_depth": 5}	latency_s	0.019524666999998885
2026-03-29T19:57:17+00:00	routing	turborepo	srt-warm	q08	{"beam_policy": "uniform", "beam_width": 10, "max_depth": 7}	ndcg@10	0.6512776522440882
2026-03-29T19:57:17+00:00	routing	turborepo	srt-warm	q08	{"beam_policy": "uniform", "beam_width": 10, "max_depth": 7}	latency_s	0.046591583000001435
2026-03-29T19:57:17+00:00	routing	turborepo	srt-warm	q08	{"beam_policy": "waterfill", "beam_width": 10, "max_depth": 7}	ndcg@10	0.6512776522440882
2026-03-29T19:57:17+00:00	routing	turborepo	srt-warm	q08	{"beam_policy": "waterfill", "beam_width": 10, "max_depth": 7}	latency_s	0.030577166999998795
2026-03-29T19:57:17+00:00	routing	turborepo	srt-warm	q08	{"beam_policy": "uniform", "beam_width": 10, "max_depth": 10}	ndcg@10	0.6512776522440882
2026-03-29T19:57:17+00:00	routing	turborepo	srt-warm	q08	{"beam_policy": "uniform", "beam_width": 10, "max_depth": 10}	latency_s	0.047903625000000005
2026-03-29T19:57:17+00:00	routing	turborepo	srt-warm	q08	{"beam_policy": "waterfill", "beam_width": 10, "max_depth": 10}	ndcg@10	0.6512776522440882
2026-03-29T19:57:17+00:00	routing	turborepo	srt-warm	q08	{"beam_policy": "waterfill", "beam_width": 10, "max_depth": 10}	latency_s	0.032135292000001314
2026-03-29T19:57:17+00:00	routing	turborepo	srt-warm	q09	{"beam_policy": "uniform", "beam_width": 2, "max_depth": 3}	ndcg@10	0.0
2026-03-29T19:57:17+00:00	routing	turborepo	srt-warm	q09	{"beam_policy": "uniform", "beam_width": 2, "max_depth": 3}	latency_s	0.0058968749999994685
2026-03-29T19:57:17+00:00	routing	turborepo	srt-warm	q09	{"beam_policy": "waterfill", "beam_width": 2, "max_depth": 3}	ndcg@10	0.0
2026-03-29T19:57:17+00:00	routing	turborepo	srt-warm	q09	{"beam_policy": "waterfill", "beam_width": 2, "max_depth": 3}	latency_s	0.0056100839999988494
2026-03-29T19:57:17+00:00	routing	turborepo	srt-warm	q09	{"beam_policy": "uniform", "beam_width": 2, "max_depth": 5}	ndcg@10	0.6038384577491301
2026-03-29T19:57:17+00:00	routing	turborepo	srt-warm	q09	{"beam_policy": "uniform", "beam_width": 2, "max_depth": 5}	latency_s	0.00828266600000127
2026-03-29T19:57:17+00:00	routing	turborepo	srt-warm	q09	{"beam_policy": "waterfill", "beam_width": 2, "max_depth": 5}	ndcg@10	0.604546555421962
2026-03-29T19:57:17+00:00	routing	turborepo	srt-warm	q09	{"beam_policy": "waterfill", "beam_width": 2, "max_depth": 5}	latency_s	0.007316666999999555
2026-03-29T19:57:17+00:00	routing	turborepo	srt-warm	q09	{"beam_policy": "uniform", "beam_width": 2, "max_depth": 7}	ndcg@10	0.5666497561034882
2026-03-29T19:57:17+00:00	routing	turborepo	srt-warm	q09	{"beam_policy": "uniform", "beam_width": 2, "max_depth": 7}	latency_s	0.009147167000000067
2026-03-29T19:57:17+00:00	routing	turborepo	srt-warm	q09	{"beam_policy": "waterfill", "beam_width": 2, "max_depth": 7}	ndcg@10	0.604546555421962
2026-03-29T19:57:17+00:00	routing	turborepo	srt-warm	q09	{"beam_policy": "waterfill", "beam_width": 2, "max_depth": 7}	latency_s	0.007445249999999959
2026-03-29T19:57:17+00:00	routing	turborepo	srt-warm	q09	{"beam_policy": "uniform", "beam_width": 2, "max_depth": 10}	ndcg@10	0.5666497561034882
2026-03-29T19:57:17+00:00	routing	turborepo	srt-warm	q09	{"beam_policy": "uniform", "beam_width": 2, "max_depth": 10}	latency_s	0.008040250000000526
2026-03-29T19:57:17+00:00	routing	turborepo	srt-warm	q09	{"beam_policy": "waterfill", "beam_width": 2, "max_depth": 10}	ndcg@10	0.604546555421962
2026-03-29T19:57:17+00:00	routing	turborepo	srt-warm	q09	{"beam_policy": "waterfill", "beam_width": 2, "max_depth": 10}	latency_s	0.007823708000000096
2026-03-29T19:57:17+00:00	routing	turborepo	srt-warm	q09	{"beam_policy": "uniform", "beam_width": 3, "max_depth": 3}	ndcg@10	0.0
2026-03-29T19:57:17+00:00	routing	turborepo	srt-warm	q09	{"beam_policy": "uniform", "beam_width": 3, "max_depth": 3}	latency_s	0.006945791999999784
2026-03-29T19:57:17+00:00	routing	turborepo	srt-warm	q09	{"beam_policy": "waterfill", "beam_width": 3, "max_depth": 3}	ndcg@10	0.0
2026-03-29T19:57:17+00:00	routing	turborepo	srt-warm	q09	{"beam_policy": "waterfill", "beam_width": 3, "max_depth": 3}	latency_s	0.005948500000000578
2026-03-29T19:57:17+00:00	routing	turborepo	srt-warm	q09	{"beam_policy": "uniform", "beam_width": 3, "max_depth": 5}	ndcg@10	0.6038384577491301
2026-03-29T19:57:17+00:00	routing	turborepo	srt-warm	q09	{"beam_policy": "uniform", "beam_width": 3, "max_depth": 5}	latency_s	0.009710416999999083
2026-03-29T19:57:17+00:00	routing	turborepo	srt-warm	q09	{"beam_policy": "waterfill", "beam_width": 3, "max_depth": 5}	ndcg@10	0.6038384577491301
2026-03-29T19:57:17+00:00	routing	turborepo	srt-warm	q09	{"beam_policy": "waterfill", "beam_width": 3, "max_depth": 5}	latency_s	0.01211916699999982
2026-03-29T19:57:17+00:00	routing	turborepo	srt-warm	q09	{"beam_policy": "uniform", "beam_width": 3, "max_depth": 7}	ndcg@10	0.5666497561034882
2026-03-29T19:57:17+00:00	routing	turborepo	srt-warm	q09	{"beam_policy": "uniform", "beam_width": 3, "max_depth": 7}	latency_s	0.010821165999999494
2026-03-29T19:57:17+00:00	routing	turborepo	srt-warm	q09	{"beam_policy": "waterfill", "beam_width": 3, "max_depth": 7}	ndcg@10	0.5666497561034882
2026-03-29T19:57:17+00:00	routing	turborepo	srt-warm	q09	{"beam_policy": "waterfill", "beam_width": 3, "max_depth": 7}	latency_s	0.008451584000001233
2026-03-29T19:57:17+00:00	routing	turborepo	srt-warm	q09	{"beam_policy": "uniform", "beam_width": 3, "max_depth": 10}	ndcg@10	0.5666497561034882
2026-03-29T19:57:17+00:00	routing	turborepo	srt-warm	q09	{"beam_policy": "uniform", "beam_width": 3, "max_depth": 10}	latency_s	0.01022849999999842
2026-03-29T19:57:17+00:00	routing	turborepo	srt-warm	q09	{"beam_policy": "waterfill", "beam_width": 3, "max_depth": 10}	ndcg@10	0.5666497561034882
2026-03-29T19:57:17+00:00	routing	turborepo	srt-warm	q09	{"beam_policy": "waterfill", "beam_width": 3, "max_depth": 10}	latency_s	0.008500292000000798
2026-03-29T19:57:17+00:00	routing	turborepo	srt-warm	q09	{"beam_policy": "uniform", "beam_width": 5, "max_depth": 3}	ndcg@10	0.0
2026-03-29T19:57:17+00:00	routing	turborepo	srt-warm	q09	{"beam_policy": "uniform", "beam_width": 5, "max_depth": 3}	latency_s	0.012929999999998998
2026-03-29T19:57:17+00:00	routing	turborepo	srt-warm	q09	{"beam_policy": "waterfill", "beam_width": 5, "max_depth": 3}	ndcg@10	0.0
2026-03-29T19:57:17+00:00	routing	turborepo	srt-warm	q09	{"beam_policy": "waterfill", "beam_width": 5, "max_depth": 3}	latency_s	0.008722708000000523
2026-03-29T19:57:17+00:00	routing	turborepo	srt-warm	q09	{"beam_policy": "uniform", "beam_width": 5, "max_depth": 5}	ndcg@10	0.6038384577491301
2026-03-29T19:57:17+00:00	routing	turborepo	srt-warm	q09	{"beam_policy": "uniform", "beam_width": 5, "max_depth": 5}	latency_s	0.031759792000000786
2026-03-29T19:57:17+00:00	routing	turborepo	srt-warm	q09	{"beam_policy": "waterfill", "beam_width": 5, "max_depth": 5}	ndcg@10	0.6038384577491301
2026-03-29T19:57:17+00:00	routing	turborepo	srt-warm	q09	{"beam_policy": "waterfill", "beam_width": 5, "max_depth": 5}	latency_s	0.022944792000000547
2026-03-29T19:57:18+00:00	routing	turborepo	srt-warm	q09	{"beam_policy": "uniform", "beam_width": 5, "max_depth": 7}	ndcg@10	0.5666497561034882
2026-03-29T19:57:18+00:00	routing	turborepo	srt-warm	q09	{"beam_policy": "uniform", "beam_width": 5, "max_depth": 7}	latency_s	0.04245954199999957
2026-03-29T19:57:18+00:00	routing	turborepo	srt-warm	q09	{"beam_policy": "waterfill", "beam_width": 5, "max_depth": 7}	ndcg@10	0.5666497561034882
2026-03-29T19:57:18+00:00	routing	turborepo	srt-warm	q09	{"beam_policy": "waterfill", "beam_width": 5, "max_depth": 7}	latency_s	0.021402375000000973
2026-03-29T19:57:18+00:00	routing	turborepo	srt-warm	q09	{"beam_policy": "uniform", "beam_width": 5, "max_depth": 10}	ndcg@10	0.5666497561034882
2026-03-29T19:57:18+00:00	routing	turborepo	srt-warm	q09	{"beam_policy": "uniform", "beam_width": 5, "max_depth": 10}	latency_s	0.0432309170000007
2026-03-29T19:57:18+00:00	routing	turborepo	srt-warm	q09	{"beam_policy": "waterfill", "beam_width": 5, "max_depth": 10}	ndcg@10	0.5666497561034882
2026-03-29T19:57:18+00:00	routing	turborepo	srt-warm	q09	{"beam_policy": "waterfill", "beam_width": 5, "max_depth": 10}	latency_s	0.01973412499999938
2026-03-29T19:57:18+00:00	routing	turborepo	srt-warm	q09	{"beam_policy": "uniform", "beam_width": 7, "max_depth": 3}	ndcg@10	0.0
2026-03-29T19:57:18+00:00	routing	turborepo	srt-warm	q09	{"beam_policy": "uniform", "beam_width": 7, "max_depth": 3}	latency_s	0.018890249999998332
2026-03-29T19:57:18+00:00	routing	turborepo	srt-warm	q09	{"beam_policy": "waterfill", "beam_width": 7, "max_depth": 3}	ndcg@10	0.0
2026-03-29T19:57:18+00:00	routing	turborepo	srt-warm	q09	{"beam_policy": "waterfill", "beam_width": 7, "max_depth": 3}	latency_s	0.012703250000001276
2026-03-29T19:57:18+00:00	routing	turborepo	srt-warm	q09	{"beam_policy": "uniform", "beam_width": 7, "max_depth": 5}	ndcg@10	0.6038384577491301
2026-03-29T19:57:18+00:00	routing	turborepo	srt-warm	q09	{"beam_policy": "uniform", "beam_width": 7, "max_depth": 5}	latency_s	0.0458159579999986
2026-03-29T19:57:18+00:00	routing	turborepo	srt-warm	q09	{"beam_policy": "waterfill", "beam_width": 7, "max_depth": 5}	ndcg@10	0.6038384577491301
2026-03-29T19:57:18+00:00	routing	turborepo	srt-warm	q09	{"beam_policy": "waterfill", "beam_width": 7, "max_depth": 5}	latency_s	0.0316337089999994
2026-03-29T19:57:18+00:00	routing	turborepo	srt-warm	q09	{"beam_policy": "uniform", "beam_width": 7, "max_depth": 7}	ndcg@10	0.4014158874623092
2026-03-29T19:57:18+00:00	routing	turborepo	srt-warm	q09	{"beam_policy": "uniform", "beam_width": 7, "max_depth": 7}	latency_s	0.059181916
2026-03-29T19:57:18+00:00	routing	turborepo	srt-warm	q09	{"beam_policy": "waterfill", "beam_width": 7, "max_depth": 7}	ndcg@10	0.5666497561034882
2026-03-29T19:57:18+00:00	routing	turborepo	srt-warm	q09	{"beam_policy": "waterfill", "beam_width": 7, "max_depth": 7}	latency_s	0.0432447499999995
2026-03-29T19:57:18+00:00	routing	turborepo	srt-warm	q09	{"beam_policy": "uniform", "beam_width": 7, "max_depth": 10}	ndcg@10	0.4014158874623092
2026-03-29T19:57:18+00:00	routing	turborepo	srt-warm	q09	{"beam_policy": "uniform", "beam_width": 7, "max_depth": 10}	latency_s	0.054904290999999716
2026-03-29T19:57:18+00:00	routing	turborepo	srt-warm	q09	{"beam_policy": "waterfill", "beam_width": 7, "max_depth": 10}	ndcg@10	0.5666497561034882
2026-03-29T19:57:18+00:00	routing	turborepo	srt-warm	q09	{"beam_policy": "waterfill", "beam_width": 7, "max_depth": 10}	latency_s	0.058190165999999266
2026-03-29T19:57:18+00:00	routing	turborepo	srt-warm	q09	{"beam_policy": "uniform", "beam_width": 10, "max_depth": 3}	ndcg@10	0.0
2026-03-29T19:57:18+00:00	routing	turborepo	srt-warm	q09	{"beam_policy": "uniform", "beam_width": 10, "max_depth": 3}	latency_s	0.02165108300000007
2026-03-29T19:57:18+00:00	routing	turborepo	srt-warm	q09	{"beam_policy": "waterfill", "beam_width": 10, "max_depth": 3}	ndcg@10	0.0
2026-03-29T19:57:18+00:00	routing	turborepo	srt-warm	q09	{"beam_policy": "waterfill", "beam_width": 10, "max_depth": 3}	latency_s	0.015366249999999582
2026-03-29T19:57:18+00:00	routing	turborepo	srt-warm	q09	{"beam_policy": "uniform", "beam_width": 10, "max_depth": 5}	ndcg@10	0.6038384577491301
2026-03-29T19:57:18+00:00	routing	turborepo	srt-warm	q09	{"beam_policy": "uniform", "beam_width": 10, "max_depth": 5}	latency_s	0.052206916999999464
2026-03-29T19:57:18+00:00	routing	turborepo	srt-warm	q09	{"beam_policy": "waterfill", "beam_width": 10, "max_depth": 5}	ndcg@10	0.6038384577491301
2026-03-29T19:57:18+00:00	routing	turborepo	srt-warm	q09	{"beam_policy": "waterfill", "beam_width": 10, "max_depth": 5}	latency_s	0.04032999999999909
2026-03-29T19:57:18+00:00	routing	turborepo	srt-warm	q09	{"beam_policy": "uniform", "beam_width": 10, "max_depth": 7}	ndcg@10	0.4014158874623092
2026-03-29T19:57:18+00:00	routing	turborepo	srt-warm	q09	{"beam_policy": "uniform", "beam_width": 10, "max_depth": 7}	latency_s	0.07899120899999978
2026-03-29T19:57:18+00:00	routing	turborepo	srt-warm	q09	{"beam_policy": "waterfill", "beam_width": 10, "max_depth": 7}	ndcg@10	0.4014158874623092
2026-03-29T19:57:18+00:00	routing	turborepo	srt-warm	q09	{"beam_policy": "waterfill", "beam_width": 10, "max_depth": 7}	latency_s	0.05774208300000083
2026-03-29T19:57:18+00:00	routing	turborepo	srt-warm	q09	{"beam_policy": "uniform", "beam_width": 10, "max_depth": 10}	ndcg@10	0.4014158874623092
2026-03-29T19:57:18+00:00	routing	turborepo	srt-warm	q09	{"beam_policy": "uniform", "beam_width": 10, "max_depth": 10}	latency_s	0.0828971249999988
2026-03-29T19:57:19+00:00	routing	turborepo	srt-warm	q09	{"beam_policy": "waterfill", "beam_width": 10, "max_depth": 10}	ndcg@10	0.4014158874623092
2026-03-29T19:57:19+00:00	routing	turborepo	srt-warm	q09	{"beam_policy": "waterfill", "beam_width": 10, "max_depth": 10}	latency_s	0.05766208300000031
2026-03-29T19:57:19+00:00	routing	turborepo	srt-warm	q10	{"beam_policy": "uniform", "beam_width": 2, "max_depth": 3}	ndcg@10	0.0
2026-03-29T19:57:19+00:00	routing	turborepo	srt-warm	q10	{"beam_policy": "uniform", "beam_width": 2, "max_depth": 3}	latency_s	0.007702333000001005
2026-03-29T19:57:19+00:00	routing	turborepo	srt-warm	q10	{"beam_policy": "waterfill", "beam_width": 2, "max_depth": 3}	ndcg@10	0.0
2026-03-29T19:57:19+00:00	routing	turborepo	srt-warm	q10	{"beam_policy": "waterfill", "beam_width": 2, "max_depth": 3}	latency_s	0.0064432500000002335
2026-03-29T19:57:19+00:00	routing	turborepo	srt-warm	q10	{"beam_policy": "uniform", "beam_width": 2, "max_depth": 5}	ndcg@10	0.0
2026-03-29T19:57:19+00:00	routing	turborepo	srt-warm	q10	{"beam_policy": "uniform", "beam_width": 2, "max_depth": 5}	latency_s	0.008142125000000888
2026-03-29T19:57:19+00:00	routing	turborepo	srt-warm	q10	{"beam_policy": "waterfill", "beam_width": 2, "max_depth": 5}	ndcg@10	0.0
2026-03-29T19:57:19+00:00	routing	turborepo	srt-warm	q10	{"beam_policy": "waterfill", "beam_width": 2, "max_depth": 5}	latency_s	0.0071269589999989336
2026-03-29T19:57:19+00:00	routing	turborepo	srt-warm	q10	{"beam_policy": "uniform", "beam_width": 2, "max_depth": 7}	ndcg@10	0.0
2026-03-29T19:57:19+00:00	routing	turborepo	srt-warm	q10	{"beam_policy": "uniform", "beam_width": 2, "max_depth": 7}	latency_s	0.008779083000000298
2026-03-29T19:57:19+00:00	routing	turborepo	srt-warm	q10	{"beam_policy": "waterfill", "beam_width": 2, "max_depth": 7}	ndcg@10	0.0
2026-03-29T19:57:19+00:00	routing	turborepo	srt-warm	q10	{"beam_policy": "waterfill", "beam_width": 2, "max_depth": 7}	latency_s	0.009298208999998891
2026-03-29T19:57:19+00:00	routing	turborepo	srt-warm	q10	{"beam_policy": "uniform", "beam_width": 2, "max_depth": 10}	ndcg@10	0.0
2026-03-29T19:57:19+00:00	routing	turborepo	srt-warm	q10	{"beam_policy": "uniform", "beam_width": 2, "max_depth": 10}	latency_s	0.008213417000000334
2026-03-29T19:57:19+00:00	routing	turborepo	srt-warm	q10	{"beam_policy": "waterfill", "beam_width": 2, "max_depth": 10}	ndcg@10	0.0
2026-03-29T19:57:19+00:00	routing	turborepo	srt-warm	q10	{"beam_policy": "waterfill", "beam_width": 2, "max_depth": 10}	latency_s	0.007008624999999213
2026-03-29T19:57:19+00:00	routing	turborepo	srt-warm	q10	{"beam_policy": "uniform", "beam_width": 3, "max_depth": 3}	ndcg@10	0.0
2026-03-29T19:57:19+00:00	routing	turborepo	srt-warm	q10	{"beam_policy": "uniform", "beam_width": 3, "max_depth": 3}	latency_s	0.01261916700000043
2026-03-29T19:57:19+00:00	routing	turborepo	srt-warm	q10	{"beam_policy": "waterfill", "beam_width": 3, "max_depth": 3}	ndcg@10	0.0
2026-03-29T19:57:19+00:00	routing	turborepo	srt-warm	q10	{"beam_policy": "waterfill", "beam_width": 3, "max_depth": 3}	latency_s	0.007564874999999915
2026-03-29T19:57:19+00:00	routing	turborepo	srt-warm	q10	{"beam_policy": "uniform", "beam_width": 3, "max_depth": 5}	ndcg@10	0.0
2026-03-29T19:57:19+00:00	routing	turborepo	srt-warm	q10	{"beam_policy": "uniform", "beam_width": 3, "max_depth": 5}	latency_s	0.009442499999998688
2026-03-29T19:57:19+00:00	routing	turborepo	srt-warm	q10	{"beam_policy": "waterfill", "beam_width": 3, "max_depth": 5}	ndcg@10	0.0
2026-03-29T19:57:19+00:00	routing	turborepo	srt-warm	q10	{"beam_policy": "waterfill", "beam_width": 3, "max_depth": 5}	latency_s	0.011642459000000827
2026-03-29T19:57:19+00:00	routing	turborepo	srt-warm	q10	{"beam_policy": "uniform", "beam_width": 3, "max_depth": 7}	ndcg@10	0.0
2026-03-29T19:57:19+00:00	routing	turborepo	srt-warm	q10	{"beam_policy": "uniform", "beam_width": 3, "max_depth": 7}	latency_s	0.008577791999998752
2026-03-29T19:57:19+00:00	routing	turborepo	srt-warm	q10	{"beam_policy": "waterfill", "beam_width": 3, "max_depth": 7}	ndcg@10	0.0
2026-03-29T19:57:19+00:00	routing	turborepo	srt-warm	q10	{"beam_policy": "waterfill", "beam_width": 3, "max_depth": 7}	latency_s	0.00937045799999936
2026-03-29T19:57:19+00:00	routing	turborepo	srt-warm	q10	{"beam_policy": "uniform", "beam_width": 3, "max_depth": 10}	ndcg@10	0.0
2026-03-29T19:57:19+00:00	routing	turborepo	srt-warm	q10	{"beam_policy": "uniform", "beam_width": 3, "max_depth": 10}	latency_s	0.008583333000000692
2026-03-29T19:57:19+00:00	routing	turborepo	srt-warm	q10	{"beam_policy": "waterfill", "beam_width": 3, "max_depth": 10}	ndcg@10	0.0
2026-03-29T19:57:19+00:00	routing	turborepo	srt-warm	q10	{"beam_policy": "waterfill", "beam_width": 3, "max_depth": 10}	latency_s	0.007379499999998984
2026-03-29T19:57:19+00:00	routing	turborepo	srt-warm	q10	{"beam_policy": "uniform", "beam_width": 5, "max_depth": 3}	ndcg@10	0.0
2026-03-29T19:57:19+00:00	routing	turborepo	srt-warm	q10	{"beam_policy": "uniform", "beam_width": 5, "max_depth": 3}	latency_s	0.007557750000000141
2026-03-29T19:57:19+00:00	routing	turborepo	srt-warm	q10	{"beam_policy": "waterfill", "beam_width": 5, "max_depth": 3}	ndcg@10	0.0
2026-03-29T19:57:19+00:00	routing	turborepo	srt-warm	q10	{"beam_policy": "waterfill", "beam_width": 5, "max_depth": 3}	latency_s	0.0069447920000005325
2026-03-29T19:57:19+00:00	routing	turborepo	srt-warm	q10	{"beam_policy": "uniform", "beam_width": 5, "max_depth": 5}	ndcg@10	0.0
2026-03-29T19:57:19+00:00	routing	turborepo	srt-warm	q10	{"beam_policy": "uniform", "beam_width": 5, "max_depth": 5}	latency_s	0.013546957999999165
2026-03-29T19:57:19+00:00	routing	turborepo	srt-warm	q10	{"beam_policy": "waterfill", "beam_width": 5, "max_depth": 5}	ndcg@10	0.0
2026-03-29T19:57:19+00:00	routing	turborepo	srt-warm	q10	{"beam_policy": "waterfill", "beam_width": 5, "max_depth": 5}	latency_s	0.009007333999999645
2026-03-29T19:57:19+00:00	routing	turborepo	srt-warm	q10	{"beam_policy": "uniform", "beam_width": 5, "max_depth": 7}	ndcg@10	0.0
2026-03-29T19:57:19+00:00	routing	turborepo	srt-warm	q10	{"beam_policy": "uniform", "beam_width": 5, "max_depth": 7}	latency_s	0.015224541999998564
2026-03-29T19:57:19+00:00	routing	turborepo	srt-warm	q10	{"beam_policy": "waterfill", "beam_width": 5, "max_depth": 7}	ndcg@10	0.0
2026-03-29T19:57:19+00:00	routing	turborepo	srt-warm	q10	{"beam_policy": "waterfill", "beam_width": 5, "max_depth": 7}	latency_s	0.008627624999999028
2026-03-29T19:57:19+00:00	routing	turborepo	srt-warm	q10	{"beam_policy": "uniform", "beam_width": 5, "max_depth": 10}	ndcg@10	0.0
2026-03-29T19:57:19+00:00	routing	turborepo	srt-warm	q10	{"beam_policy": "uniform", "beam_width": 5, "max_depth": 10}	latency_s	0.012760500000000619
2026-03-29T19:57:19+00:00	routing	turborepo	srt-warm	q10	{"beam_policy": "waterfill", "beam_width": 5, "max_depth": 10}	ndcg@10	0.0
2026-03-29T19:57:19+00:00	routing	turborepo	srt-warm	q10	{"beam_policy": "waterfill", "beam_width": 5, "max_depth": 10}	latency_s	0.009000042000000263
2026-03-29T19:57:19+00:00	routing	turborepo	srt-warm	q10	{"beam_policy": "uniform", "beam_width": 7, "max_depth": 3}	ndcg@10	0.0
2026-03-29T19:57:19+00:00	routing	turborepo	srt-warm	q10	{"beam_policy": "uniform", "beam_width": 7, "max_depth": 3}	latency_s	0.010821500000000484
2026-03-29T19:57:19+00:00	routing	turborepo	srt-warm	q10	{"beam_policy": "waterfill", "beam_width": 7, "max_depth": 3}	ndcg@10	0.0
2026-03-29T19:57:19+00:00	routing	turborepo	srt-warm	q10	{"beam_policy": "waterfill", "beam_width": 7, "max_depth": 3}	latency_s	0.007724582999999896
2026-03-29T19:57:19+00:00	routing	turborepo	srt-warm	q10	{"beam_policy": "uniform", "beam_width": 7, "max_depth": 5}	ndcg@10	0.5591188723806216
2026-03-29T19:57:19+00:00	routing	turborepo	srt-warm	q10	{"beam_policy": "uniform", "beam_width": 7, "max_depth": 5}	latency_s	0.025841333999998994
2026-03-29T19:57:19+00:00	routing	turborepo	srt-warm	q10	{"beam_policy": "waterfill", "beam_width": 7, "max_depth": 5}	ndcg@10	0.0
2026-03-29T19:57:19+00:00	routing	turborepo	srt-warm	q10	{"beam_policy": "waterfill", "beam_width": 7, "max_depth": 5}	latency_s	0.013561499999999782
2026-03-29T19:57:19+00:00	routing	turborepo	srt-warm	q10	{"beam_policy": "uniform", "beam_width": 7, "max_depth": 7}	ndcg@10	0.5481182472940602
2026-03-29T19:57:19+00:00	routing	turborepo	srt-warm	q10	{"beam_policy": "uniform", "beam_width": 7, "max_depth": 7}	latency_s	0.03437091700000039
2026-03-29T19:57:19+00:00	routing	turborepo	srt-warm	q10	{"beam_policy": "waterfill", "beam_width": 7, "max_depth": 7}	ndcg@10	0.0
2026-03-29T19:57:19+00:00	routing	turborepo	srt-warm	q10	{"beam_policy": "waterfill", "beam_width": 7, "max_depth": 7}	latency_s	0.014224416000001128
2026-03-29T19:57:19+00:00	routing	turborepo	srt-warm	q10	{"beam_policy": "uniform", "beam_width": 7, "max_depth": 10}	ndcg@10	0.5481182472940602
2026-03-29T19:57:19+00:00	routing	turborepo	srt-warm	q10	{"beam_policy": "uniform", "beam_width": 7, "max_depth": 10}	latency_s	0.03478570899999944
2026-03-29T19:57:19+00:00	routing	turborepo	srt-warm	q10	{"beam_policy": "waterfill", "beam_width": 7, "max_depth": 10}	ndcg@10	0.0
2026-03-29T19:57:19+00:00	routing	turborepo	srt-warm	q10	{"beam_policy": "waterfill", "beam_width": 7, "max_depth": 10}	latency_s	0.01394600000000068
2026-03-29T19:57:19+00:00	routing	turborepo	srt-warm	q10	{"beam_policy": "uniform", "beam_width": 10, "max_depth": 3}	ndcg@10	0.0
2026-03-29T19:57:19+00:00	routing	turborepo	srt-warm	q10	{"beam_policy": "uniform", "beam_width": 10, "max_depth": 3}	latency_s	0.014912415999999595
2026-03-29T19:57:19+00:00	routing	turborepo	srt-warm	q10	{"beam_policy": "waterfill", "beam_width": 10, "max_depth": 3}	ndcg@10	0.0
2026-03-29T19:57:19+00:00	routing	turborepo	srt-warm	q10	{"beam_policy": "waterfill", "beam_width": 10, "max_depth": 3}	latency_s	0.008964125000000323
2026-03-29T19:57:19+00:00	routing	turborepo	srt-warm	q10	{"beam_policy": "uniform", "beam_width": 10, "max_depth": 5}	ndcg@10	0.5591188723806216
2026-03-29T19:57:19+00:00	routing	turborepo	srt-warm	q10	{"beam_policy": "uniform", "beam_width": 10, "max_depth": 5}	latency_s	0.04030329200000082
2026-03-29T19:57:19+00:00	routing	turborepo	srt-warm	q10	{"beam_policy": "waterfill", "beam_width": 10, "max_depth": 5}	ndcg@10	0.5591188723806216
2026-03-29T19:57:19+00:00	routing	turborepo	srt-warm	q10	{"beam_policy": "waterfill", "beam_width": 10, "max_depth": 5}	latency_s	0.028577834000000024
2026-03-29T19:57:19+00:00	routing	turborepo	srt-warm	q10	{"beam_policy": "uniform", "beam_width": 10, "max_depth": 7}	ndcg@10	0.5481182472940602
2026-03-29T19:57:19+00:00	routing	turborepo	srt-warm	q10	{"beam_policy": "uniform", "beam_width": 10, "max_depth": 7}	latency_s	0.0648901249999998
2026-03-29T19:57:19+00:00	routing	turborepo	srt-warm	q10	{"beam_policy": "waterfill", "beam_width": 10, "max_depth": 7}	ndcg@10	0.5481182472940602
2026-03-29T19:57:19+00:00	routing	turborepo	srt-warm	q10	{"beam_policy": "waterfill", "beam_width": 10, "max_depth": 7}	latency_s	0.035315709000000695
2026-03-29T19:57:19+00:00	routing	turborepo	srt-warm	q10	{"beam_policy": "uniform", "beam_width": 10, "max_depth": 10}	ndcg@10	0.5481182472940602
2026-03-29T19:57:19+00:00	routing	turborepo	srt-warm	q10	{"beam_policy": "uniform", "beam_width": 10, "max_depth": 10}	latency_s	0.06285420900000105
2026-03-29T19:57:19+00:00	routing	turborepo	srt-warm	q10	{"beam_policy": "waterfill", "beam_width": 10, "max_depth": 10}	ndcg@10	0.5481182472940602
2026-03-29T19:57:19+00:00	routing	turborepo	srt-warm	q10	{"beam_policy": "waterfill", "beam_width": 10, "max_depth": 10}	latency_s	0.03565166599999969
2026-03-29T19:57:19+00:00	routing	turborepo	srt-warm	q11	{"beam_policy": "uniform", "beam_width": 2, "max_depth": 3}	ndcg@10	0.0
2026-03-29T19:57:19+00:00	routing	turborepo	srt-warm	q11	{"beam_policy": "uniform", "beam_width": 2, "max_depth": 3}	latency_s	0.0077926250000004416
2026-03-29T19:57:19+00:00	routing	turborepo	srt-warm	q11	{"beam_policy": "waterfill", "beam_width": 2, "max_depth": 3}	ndcg@10	0.0
2026-03-29T19:57:19+00:00	routing	turborepo	srt-warm	q11	{"beam_policy": "waterfill", "beam_width": 2, "max_depth": 3}	latency_s	0.006218583000000777
2026-03-29T19:57:19+00:00	routing	turborepo	srt-warm	q11	{"beam_policy": "uniform", "beam_width": 2, "max_depth": 5}	ndcg@10	0.09093333028617998
2026-03-29T19:57:19+00:00	routing	turborepo	srt-warm	q11	{"beam_policy": "uniform", "beam_width": 2, "max_depth": 5}	latency_s	0.007925709000000225
2026-03-29T19:57:19+00:00	routing	turborepo	srt-warm	q11	{"beam_policy": "waterfill", "beam_width": 2, "max_depth": 5}	ndcg@10	0.729759289538489
2026-03-29T19:57:19+00:00	routing	turborepo	srt-warm	q11	{"beam_policy": "waterfill", "beam_width": 2, "max_depth": 5}	latency_s	0.007249874999999406
2026-03-29T19:57:19+00:00	routing	turborepo	srt-warm	q11	{"beam_policy": "uniform", "beam_width": 2, "max_depth": 7}	ndcg@10	0.09093333028617998
2026-03-29T19:57:19+00:00	routing	turborepo	srt-warm	q11	{"beam_policy": "uniform", "beam_width": 2, "max_depth": 7}	latency_s	0.007555166999999585
2026-03-29T19:57:19+00:00	routing	turborepo	srt-warm	q11	{"beam_policy": "waterfill", "beam_width": 2, "max_depth": 7}	ndcg@10	0.729759289538489
2026-03-29T19:57:19+00:00	routing	turborepo	srt-warm	q11	{"beam_policy": "waterfill", "beam_width": 2, "max_depth": 7}	latency_s	0.007458083000001281
2026-03-29T19:57:19+00:00	routing	turborepo	srt-warm	q11	{"beam_policy": "uniform", "beam_width": 2, "max_depth": 10}	ndcg@10	0.09093333028617998
2026-03-29T19:57:19+00:00	routing	turborepo	srt-warm	q11	{"beam_policy": "uniform", "beam_width": 2, "max_depth": 10}	latency_s	0.007436874999999787
2026-03-29T19:57:19+00:00	routing	turborepo	srt-warm	q11	{"beam_policy": "waterfill", "beam_width": 2, "max_depth": 10}	ndcg@10	0.729759289538489
2026-03-29T19:57:19+00:00	routing	turborepo	srt-warm	q11	{"beam_policy": "waterfill", "beam_width": 2, "max_depth": 10}	latency_s	0.009610333999999554
2026-03-29T19:57:19+00:00	routing	turborepo	srt-warm	q11	{"beam_policy": "uniform", "beam_width": 3, "max_depth": 3}	ndcg@10	0.0
2026-03-29T19:57:19+00:00	routing	turborepo	srt-warm	q11	{"beam_policy": "uniform", "beam_width": 3, "max_depth": 3}	latency_s	0.006805749999999833
2026-03-29T19:57:19+00:00	routing	turborepo	srt-warm	q11	{"beam_policy": "waterfill", "beam_width": 3, "max_depth": 3}	ndcg@10	0.0
2026-03-29T19:57:19+00:00	routing	turborepo	srt-warm	q11	{"beam_policy": "waterfill", "beam_width": 3, "max_depth": 3}	latency_s	0.00631537499999979
2026-03-29T19:57:19+00:00	routing	turborepo	srt-warm	q11	{"beam_policy": "uniform", "beam_width": 3, "max_depth": 5}	ndcg@10	0.7226477789655257
2026-03-29T19:57:19+00:00	routing	turborepo	srt-warm	q11	{"beam_policy": "uniform", "beam_width": 3, "max_depth": 5}	latency_s	0.00965883299999959
2026-03-29T19:57:19+00:00	routing	turborepo	srt-warm	q11	{"beam_policy": "waterfill", "beam_width": 3, "max_depth": 5}	ndcg@10	0.729759289538489
2026-03-29T19:57:19+00:00	routing	turborepo	srt-warm	q11	{"beam_policy": "waterfill", "beam_width": 3, "max_depth": 5}	latency_s	0.008635333000000855
2026-03-29T19:57:19+00:00	routing	turborepo	srt-warm	q11	{"beam_policy": "uniform", "beam_width": 3, "max_depth": 7}	ndcg@10	0.7226477789655257
2026-03-29T19:57:19+00:00	routing	turborepo	srt-warm	q11	{"beam_policy": "uniform", "beam_width": 3, "max_depth": 7}	latency_s	0.010266249999999033
2026-03-29T19:57:19+00:00	routing	turborepo	srt-warm	q11	{"beam_policy": "waterfill", "beam_width": 3, "max_depth": 7}	ndcg@10	0.729759289538489
2026-03-29T19:57:19+00:00	routing	turborepo	srt-warm	q11	{"beam_policy": "waterfill", "beam_width": 3, "max_depth": 7}	latency_s	0.008575458999999341
2026-03-29T19:57:19+00:00	routing	turborepo	srt-warm	q11	{"beam_policy": "uniform", "beam_width": 3, "max_depth": 10}	ndcg@10	0.7226477789655257
2026-03-29T19:57:19+00:00	routing	turborepo	srt-warm	q11	{"beam_policy": "uniform", "beam_width": 3, "max_depth": 10}	latency_s	0.010121749999999707
2026-03-29T19:57:19+00:00	routing	turborepo	srt-warm	q11	{"beam_policy": "waterfill", "beam_width": 3, "max_depth": 10}	ndcg@10	0.729759289538489
2026-03-29T19:57:19+00:00	routing	turborepo	srt-warm	q11	{"beam_policy": "waterfill", "beam_width": 3, "max_depth": 10}	latency_s	0.007918791999999897
2026-03-29T19:57:19+00:00	routing	turborepo	srt-warm	q11	{"beam_policy": "uniform", "beam_width": 5, "max_depth": 3}	ndcg@10	0.0
2026-03-29T19:57:19+00:00	routing	turborepo	srt-warm	q11	{"beam_policy": "uniform", "beam_width": 5, "max_depth": 3}	latency_s	0.008311667000000966
2026-03-29T19:57:19+00:00	routing	turborepo	srt-warm	q11	{"beam_policy": "waterfill", "beam_width": 5, "max_depth": 3}	ndcg@10	0.0
2026-03-29T19:57:19+00:00	routing	turborepo	srt-warm	q11	{"beam_policy": "waterfill", "beam_width": 5, "max_depth": 3}	latency_s	0.007061082999999968
2026-03-29T19:57:19+00:00	routing	turborepo	srt-warm	q11	{"beam_policy": "uniform", "beam_width": 5, "max_depth": 5}	ndcg@10	0.7226477789655257
2026-03-29T19:57:19+00:00	routing	turborepo	srt-warm	q11	{"beam_policy": "uniform", "beam_width": 5, "max_depth": 5}	latency_s	0.015130041999999122
2026-03-29T19:57:19+00:00	routing	turborepo	srt-warm	q11	{"beam_policy": "waterfill", "beam_width": 5, "max_depth": 5}	ndcg@10	0.7226477789655257
2026-03-29T19:57:19+00:00	routing	turborepo	srt-warm	q11	{"beam_policy": "waterfill", "beam_width": 5, "max_depth": 5}	latency_s	0.010152417000000469
2026-03-29T19:57:19+00:00	routing	turborepo	srt-warm	q11	{"beam_policy": "uniform", "beam_width": 5, "max_depth": 7}	ndcg@10	0.7167530003667713
2026-03-29T19:57:19+00:00	routing	turborepo	srt-warm	q11	{"beam_policy": "uniform", "beam_width": 5, "max_depth": 7}	latency_s	0.018994958000000395
2026-03-29T19:57:20+00:00	routing	turborepo	srt-warm	q11	{"beam_policy": "waterfill", "beam_width": 5, "max_depth": 7}	ndcg@10	0.7226477789655257
2026-03-29T19:57:20+00:00	routing	turborepo	srt-warm	q11	{"beam_policy": "waterfill", "beam_width": 5, "max_depth": 7}	latency_s	0.011549665999998737
2026-03-29T19:57:20+00:00	routing	turborepo	srt-warm	q11	{"beam_policy": "uniform", "beam_width": 5, "max_depth": 10}	ndcg@10	0.7167530003667713
2026-03-29T19:57:20+00:00	routing	turborepo	srt-warm	q11	{"beam_policy": "uniform", "beam_width": 5, "max_depth": 10}	latency_s	0.019213875000000158
2026-03-29T19:57:20+00:00	routing	turborepo	srt-warm	q11	{"beam_policy": "waterfill", "beam_width": 5, "max_depth": 10}	ndcg@10	0.7226477789655257
2026-03-29T19:57:20+00:00	routing	turborepo	srt-warm	q11	{"beam_policy": "waterfill", "beam_width": 5, "max_depth": 10}	latency_s	0.01017104199999963
2026-03-29T19:57:20+00:00	routing	turborepo	srt-warm	q11	{"beam_policy": "uniform", "beam_width": 7, "max_depth": 3}	ndcg@10	0.0
2026-03-29T19:57:20+00:00	routing	turborepo	srt-warm	q11	{"beam_policy": "uniform", "beam_width": 7, "max_depth": 3}	latency_s	0.010868582999998821
2026-03-29T19:57:20+00:00	routing	turborepo	srt-warm	q11	{"beam_policy": "waterfill", "beam_width": 7, "max_depth": 3}	ndcg@10	0.0
2026-03-29T19:57:20+00:00	routing	turborepo	srt-warm	q11	{"beam_policy": "waterfill", "beam_width": 7, "max_depth": 3}	latency_s	0.008707333000000261
2026-03-29T19:57:20+00:00	routing	turborepo	srt-warm	q11	{"beam_policy": "uniform", "beam_width": 7, "max_depth": 5}	ndcg@10	0.7226477789655257
2026-03-29T19:57:20+00:00	routing	turborepo	srt-warm	q11	{"beam_policy": "uniform", "beam_width": 7, "max_depth": 5}	latency_s	0.017355457999999047
2026-03-29T19:57:20+00:00	routing	turborepo	srt-warm	q11	{"beam_policy": "waterfill", "beam_width": 7, "max_depth": 5}	ndcg@10	0.7226477789655257
2026-03-29T19:57:20+00:00	routing	turborepo	srt-warm	q11	{"beam_policy": "waterfill", "beam_width": 7, "max_depth": 5}	latency_s	0.01625737500000035
2026-03-29T19:57:20+00:00	routing	turborepo	srt-warm	q11	{"beam_policy": "uniform", "beam_width": 7, "max_depth": 7}	ndcg@10	0.7167530003667713
2026-03-29T19:57:20+00:00	routing	turborepo	srt-warm	q11	{"beam_policy": "uniform", "beam_width": 7, "max_depth": 7}	latency_s	0.027333708000000456
2026-03-29T19:57:20+00:00	routing	turborepo	srt-warm	q11	{"beam_policy": "waterfill", "beam_width": 7, "max_depth": 7}	ndcg@10	0.7167530003667713
2026-03-29T19:57:20+00:00	routing	turborepo	srt-warm	q11	{"beam_policy": "waterfill", "beam_width": 7, "max_depth": 7}	latency_s	0.02060262500000043
2026-03-29T19:57:20+00:00	routing	turborepo	srt-warm	q11	{"beam_policy": "uniform", "beam_width": 7, "max_depth": 10}	ndcg@10	0.7167530003667713
2026-03-29T19:57:20+00:00	routing	turborepo	srt-warm	q11	{"beam_policy": "uniform", "beam_width": 7, "max_depth": 10}	latency_s	0.027125249999999212
2026-03-29T19:57:20+00:00	routing	turborepo	srt-warm	q11	{"beam_policy": "waterfill", "beam_width": 7, "max_depth": 10}	ndcg@10	0.7167530003667713
2026-03-29T19:57:20+00:00	routing	turborepo	srt-warm	q11	{"beam_policy": "waterfill", "beam_width": 7, "max_depth": 10}	latency_s	0.019441249999999854
2026-03-29T19:57:20+00:00	routing	turborepo	srt-warm	q11	{"beam_policy": "uniform", "beam_width": 10, "max_depth": 3}	ndcg@10	0.0
2026-03-29T19:57:20+00:00	routing	turborepo	srt-warm	q11	{"beam_policy": "uniform", "beam_width": 10, "max_depth": 3}	latency_s	0.016624625000000393
2026-03-29T19:57:20+00:00	routing	turborepo	srt-warm	q11	{"beam_policy": "waterfill", "beam_width": 10, "max_depth": 3}	ndcg@10	0.0
2026-03-29T19:57:20+00:00	routing	turborepo	srt-warm	q11	{"beam_policy": "waterfill", "beam_width": 10, "max_depth": 3}	latency_s	0.010918082999999967
2026-03-29T19:57:20+00:00	routing	turborepo	srt-warm	q11	{"beam_policy": "uniform", "beam_width": 10, "max_depth": 5}	ndcg@10	0.7167530003667713
2026-03-29T19:57:20+00:00	routing	turborepo	srt-warm	q11	{"beam_policy": "uniform", "beam_width": 10, "max_depth": 5}	latency_s	0.03641416700000022
2026-03-29T19:57:20+00:00	routing	turborepo	srt-warm	q11	{"beam_policy": "waterfill", "beam_width": 10, "max_depth": 5}	ndcg@10	0.7226477789655257
2026-03-29T19:57:20+00:00	routing	turborepo	srt-warm	q11	{"beam_policy": "waterfill", "beam_width": 10, "max_depth": 5}	latency_s	0.018074708000000328
2026-03-29T19:57:20+00:00	routing	turborepo	srt-warm	q11	{"beam_policy": "uniform", "beam_width": 10, "max_depth": 7}	ndcg@10	0.5743418816818793
2026-03-29T19:57:20+00:00	routing	turborepo	srt-warm	q11	{"beam_policy": "uniform", "beam_width": 10, "max_depth": 7}	latency_s	0.05377816600000074
2026-03-29T19:57:20+00:00	routing	turborepo	srt-warm	q11	{"beam_policy": "waterfill", "beam_width": 10, "max_depth": 7}	ndcg@10	0.7167530003667713
2026-03-29T19:57:20+00:00	routing	turborepo	srt-warm	q11	{"beam_policy": "waterfill", "beam_width": 10, "max_depth": 7}	latency_s	0.026389207999999442
2026-03-29T19:57:20+00:00	routing	turborepo	srt-warm	q11	{"beam_policy": "uniform", "beam_width": 10, "max_depth": 10}	ndcg@10	0.5743418816818793
2026-03-29T19:57:20+00:00	routing	turborepo	srt-warm	q11	{"beam_policy": "uniform", "beam_width": 10, "max_depth": 10}	latency_s	0.05451354200000047
2026-03-29T19:57:20+00:00	routing	turborepo	srt-warm	q11	{"beam_policy": "waterfill", "beam_width": 10, "max_depth": 10}	ndcg@10	0.7167530003667713
2026-03-29T19:57:20+00:00	routing	turborepo	srt-warm	q11	{"beam_policy": "waterfill", "beam_width": 10, "max_depth": 10}	latency_s	0.027498500000000092
2026-03-29T19:57:20+00:00	routing	turborepo	srt-warm	q12	{"beam_policy": "uniform", "beam_width": 2, "max_depth": 3}	ndcg@10	0.0
2026-03-29T19:57:20+00:00	routing	turborepo	srt-warm	q12	{"beam_policy": "uniform", "beam_width": 2, "max_depth": 3}	latency_s	0.008470708000000826
2026-03-29T19:57:20+00:00	routing	turborepo	srt-warm	q12	{"beam_policy": "waterfill", "beam_width": 2, "max_depth": 3}	ndcg@10	0.0
2026-03-29T19:57:20+00:00	routing	turborepo	srt-warm	q12	{"beam_policy": "waterfill", "beam_width": 2, "max_depth": 3}	latency_s	0.00800970799999945
2026-03-29T19:57:20+00:00	routing	turborepo	srt-warm	q12	{"beam_policy": "uniform", "beam_width": 2, "max_depth": 5}	ndcg@10	0.4800094558075716
2026-03-29T19:57:20+00:00	routing	turborepo	srt-warm	q12	{"beam_policy": "uniform", "beam_width": 2, "max_depth": 5}	latency_s	0.011137666000001545
2026-03-29T19:57:20+00:00	routing	turborepo	srt-warm	q12	{"beam_policy": "waterfill", "beam_width": 2, "max_depth": 5}	ndcg@10	0.4824447125923011
2026-03-29T19:57:20+00:00	routing	turborepo	srt-warm	q12	{"beam_policy": "waterfill", "beam_width": 2, "max_depth": 5}	latency_s	0.008857084000000626
2026-03-29T19:57:20+00:00	routing	turborepo	srt-warm	q12	{"beam_policy": "uniform", "beam_width": 2, "max_depth": 7}	ndcg@10	0.4800094558075716
2026-03-29T19:57:20+00:00	routing	turborepo	srt-warm	q12	{"beam_policy": "uniform", "beam_width": 2, "max_depth": 7}	latency_s	0.011971457999999657
2026-03-29T19:57:20+00:00	routing	turborepo	srt-warm	q12	{"beam_policy": "waterfill", "beam_width": 2, "max_depth": 7}	ndcg@10	0.4824447125923011
2026-03-29T19:57:20+00:00	routing	turborepo	srt-warm	q12	{"beam_policy": "waterfill", "beam_width": 2, "max_depth": 7}	latency_s	0.00975608300000097
2026-03-29T19:57:20+00:00	routing	turborepo	srt-warm	q12	{"beam_policy": "uniform", "beam_width": 2, "max_depth": 10}	ndcg@10	0.4800094558075716
2026-03-29T19:57:20+00:00	routing	turborepo	srt-warm	q12	{"beam_policy": "uniform", "beam_width": 2, "max_depth": 10}	latency_s	0.013097040999999976
2026-03-29T19:57:20+00:00	routing	turborepo	srt-warm	q12	{"beam_policy": "waterfill", "beam_width": 2, "max_depth": 10}	ndcg@10	0.4824447125923011
2026-03-29T19:57:20+00:00	routing	turborepo	srt-warm	q12	{"beam_policy": "waterfill", "beam_width": 2, "max_depth": 10}	latency_s	0.009971625000000373
2026-03-29T19:57:20+00:00	routing	turborepo	srt-warm	q12	{"beam_policy": "uniform", "beam_width": 3, "max_depth": 3}	ndcg@10	0.0
2026-03-29T19:57:20+00:00	routing	turborepo	srt-warm	q12	{"beam_policy": "uniform", "beam_width": 3, "max_depth": 3}	latency_s	0.007498375000000834
2026-03-29T19:57:20+00:00	routing	turborepo	srt-warm	q12	{"beam_policy": "waterfill", "beam_width": 3, "max_depth": 3}	ndcg@10	0.0
2026-03-29T19:57:20+00:00	routing	turborepo	srt-warm	q12	{"beam_policy": "waterfill", "beam_width": 3, "max_depth": 3}	latency_s	0.0071427499999998645
2026-03-29T19:57:20+00:00	routing	turborepo	srt-warm	q12	{"beam_policy": "uniform", "beam_width": 3, "max_depth": 5}	ndcg@10	0.4800094558075716
2026-03-29T19:57:20+00:00	routing	turborepo	srt-warm	q12	{"beam_policy": "uniform", "beam_width": 3, "max_depth": 5}	latency_s	0.012318916999999985
2026-03-29T19:57:20+00:00	routing	turborepo	srt-warm	q12	{"beam_policy": "waterfill", "beam_width": 3, "max_depth": 5}	ndcg@10	0.4800094558075716
2026-03-29T19:57:20+00:00	routing	turborepo	srt-warm	q12	{"beam_policy": "waterfill", "beam_width": 3, "max_depth": 5}	latency_s	0.010306291999999218
2026-03-29T19:57:20+00:00	routing	turborepo	srt-warm	q12	{"beam_policy": "uniform", "beam_width": 3, "max_depth": 7}	ndcg@10	0.4800094558075716
2026-03-29T19:57:20+00:00	routing	turborepo	srt-warm	q12	{"beam_policy": "uniform", "beam_width": 3, "max_depth": 7}	latency_s	0.02056933299999919
2026-03-29T19:57:20+00:00	routing	turborepo	srt-warm	q12	{"beam_policy": "waterfill", "beam_width": 3, "max_depth": 7}	ndcg@10	0.4800094558075716
2026-03-29T19:57:20+00:00	routing	turborepo	srt-warm	q12	{"beam_policy": "waterfill", "beam_width": 3, "max_depth": 7}	latency_s	0.012961250000000035
2026-03-29T19:57:20+00:00	routing	turborepo	srt-warm	q12	{"beam_policy": "uniform", "beam_width": 3, "max_depth": 10}	ndcg@10	0.4800094558075716
2026-03-29T19:57:20+00:00	routing	turborepo	srt-warm	q12	{"beam_policy": "uniform", "beam_width": 3, "max_depth": 10}	latency_s	0.02044500000000049
2026-03-29T19:57:20+00:00	routing	turborepo	srt-warm	q12	{"beam_policy": "waterfill", "beam_width": 3, "max_depth": 10}	ndcg@10	0.4800094558075716
2026-03-29T19:57:20+00:00	routing	turborepo	srt-warm	q12	{"beam_policy": "waterfill", "beam_width": 3, "max_depth": 10}	latency_s	0.012713207999999199
2026-03-29T19:57:20+00:00	routing	turborepo	srt-warm	q12	{"beam_policy": "uniform", "beam_width": 5, "max_depth": 3}	ndcg@10	0.0
2026-03-29T19:57:20+00:00	routing	turborepo	srt-warm	q12	{"beam_policy": "uniform", "beam_width": 5, "max_depth": 3}	latency_s	0.010989083000000122
2026-03-29T19:57:20+00:00	routing	turborepo	srt-warm	q12	{"beam_policy": "waterfill", "beam_width": 5, "max_depth": 3}	ndcg@10	0.0
2026-03-29T19:57:20+00:00	routing	turborepo	srt-warm	q12	{"beam_policy": "waterfill", "beam_width": 5, "max_depth": 3}	latency_s	0.007779624999999513
2026-03-29T19:57:20+00:00	routing	turborepo	srt-warm	q12	{"beam_policy": "uniform", "beam_width": 5, "max_depth": 5}	ndcg@10	0.39476768271066054
2026-03-29T19:57:20+00:00	routing	turborepo	srt-warm	q12	{"beam_policy": "uniform", "beam_width": 5, "max_depth": 5}	latency_s	0.02341358299999996
2026-03-29T19:57:20+00:00	routing	turborepo	srt-warm	q12	{"beam_policy": "waterfill", "beam_width": 5, "max_depth": 5}	ndcg@10	0.4800094558075716
2026-03-29T19:57:20+00:00	routing	turborepo	srt-warm	q12	{"beam_policy": "waterfill", "beam_width": 5, "max_depth": 5}	latency_s	0.015650624999999252
2026-03-29T19:57:20+00:00	routing	turborepo	srt-warm	q12	{"beam_policy": "uniform", "beam_width": 5, "max_depth": 7}	ndcg@10	0.39476768271066054
2026-03-29T19:57:20+00:00	routing	turborepo	srt-warm	q12	{"beam_policy": "uniform", "beam_width": 5, "max_depth": 7}	latency_s	0.03447008300000043
2026-03-29T19:57:20+00:00	routing	turborepo	srt-warm	q12	{"beam_policy": "waterfill", "beam_width": 5, "max_depth": 7}	ndcg@10	0.4800094558075716
2026-03-29T19:57:20+00:00	routing	turborepo	srt-warm	q12	{"beam_policy": "waterfill", "beam_width": 5, "max_depth": 7}	latency_s	0.02404779199999929
2026-03-29T19:57:20+00:00	routing	turborepo	srt-warm	q12	{"beam_policy": "uniform", "beam_width": 5, "max_depth": 10}	ndcg@10	0.39476768271066054
2026-03-29T19:57:20+00:00	routing	turborepo	srt-warm	q12	{"beam_policy": "uniform", "beam_width": 5, "max_depth": 10}	latency_s	0.03623716699999946
2026-03-29T19:57:20+00:00	routing	turborepo	srt-warm	q12	{"beam_policy": "waterfill", "beam_width": 5, "max_depth": 10}	ndcg@10	0.4800094558075716
2026-03-29T19:57:20+00:00	routing	turborepo	srt-warm	q12	{"beam_policy": "waterfill", "beam_width": 5, "max_depth": 10}	latency_s	0.024320416000000122
2026-03-29T19:57:20+00:00	routing	turborepo	srt-warm	q12	{"beam_policy": "uniform", "beam_width": 7, "max_depth": 3}	ndcg@10	0.0
2026-03-29T19:57:20+00:00	routing	turborepo	srt-warm	q12	{"beam_policy": "uniform", "beam_width": 7, "max_depth": 3}	latency_s	0.012977165999998874
2026-03-29T19:57:20+00:00	routing	turborepo	srt-warm	q12	{"beam_policy": "waterfill", "beam_width": 7, "max_depth": 3}	ndcg@10	0.0
2026-03-29T19:57:20+00:00	routing	turborepo	srt-warm	q12	{"beam_policy": "waterfill", "beam_width": 7, "max_depth": 3}	latency_s	0.008270666999999676
2026-03-29T19:57:20+00:00	routing	turborepo	srt-warm	q12	{"beam_policy": "uniform", "beam_width": 7, "max_depth": 5}	ndcg@10	0.39476768271066054
2026-03-29T19:57:20+00:00	routing	turborepo	srt-warm	q12	{"beam_policy": "uniform", "beam_width": 7, "max_depth": 5}	latency_s	0.0332019170000013
2026-03-29T19:57:20+00:00	routing	turborepo	srt-warm	q12	{"beam_policy": "waterfill", "beam_width": 7, "max_depth": 5}	ndcg@10	0.39476768271066054
2026-03-29T19:57:20+00:00	routing	turborepo	srt-warm	q12	{"beam_policy": "waterfill", "beam_width": 7, "max_depth": 5}	latency_s	0.024418332999999848
2026-03-29T19:57:21+00:00	routing	turborepo	srt-warm	q12	{"beam_policy": "uniform", "beam_width": 7, "max_depth": 7}	ndcg@10	0.39476768271066054
2026-03-29T19:57:21+00:00	routing	turborepo	srt-warm	q12	{"beam_policy": "uniform", "beam_width": 7, "max_depth": 7}	latency_s	0.046754167000001345
2026-03-29T19:57:21+00:00	routing	turborepo	srt-warm	q12	{"beam_policy": "waterfill", "beam_width": 7, "max_depth": 7}	ndcg@10	0.39476768271066054
2026-03-29T19:57:21+00:00	routing	turborepo	srt-warm	q12	{"beam_policy": "waterfill", "beam_width": 7, "max_depth": 7}	latency_s	0.03764308300000074
2026-03-29T19:57:21+00:00	routing	turborepo	srt-warm	q12	{"beam_policy": "uniform", "beam_width": 7, "max_depth": 10}	ndcg@10	0.39476768271066054
2026-03-29T19:57:21+00:00	routing	turborepo	srt-warm	q12	{"beam_policy": "uniform", "beam_width": 7, "max_depth": 10}	latency_s	0.04348966599999926
2026-03-29T19:57:21+00:00	routing	turborepo	srt-warm	q12	{"beam_policy": "waterfill", "beam_width": 7, "max_depth": 10}	ndcg@10	0.39476768271066054
2026-03-29T19:57:21+00:00	routing	turborepo	srt-warm	q12	{"beam_policy": "waterfill", "beam_width": 7, "max_depth": 10}	latency_s	0.039233249999998776
2026-03-29T19:57:21+00:00	routing	turborepo	srt-warm	q12	{"beam_policy": "uniform", "beam_width": 10, "max_depth": 3}	ndcg@10	0.0
2026-03-29T19:57:21+00:00	routing	turborepo	srt-warm	q12	{"beam_policy": "uniform", "beam_width": 10, "max_depth": 3}	latency_s	0.01866854100000026
2026-03-29T19:57:21+00:00	routing	turborepo	srt-warm	q12	{"beam_policy": "waterfill", "beam_width": 10, "max_depth": 3}	ndcg@10	0.0
2026-03-29T19:57:21+00:00	routing	turborepo	srt-warm	q12	{"beam_policy": "waterfill", "beam_width": 10, "max_depth": 3}	latency_s	0.012486624999999307
2026-03-29T19:57:21+00:00	routing	turborepo	srt-warm	q12	{"beam_policy": "uniform", "beam_width": 10, "max_depth": 5}	ndcg@10	0.39476768271066054
2026-03-29T19:57:21+00:00	routing	turborepo	srt-warm	q12	{"beam_policy": "uniform", "beam_width": 10, "max_depth": 5}	latency_s	0.04780229200000008
2026-03-29T19:57:21+00:00	routing	turborepo	srt-warm	q12	{"beam_policy": "waterfill", "beam_width": 10, "max_depth": 5}	ndcg@10	0.39476768271066054
2026-03-29T19:57:21+00:00	routing	turborepo	srt-warm	q12	{"beam_policy": "waterfill", "beam_width": 10, "max_depth": 5}	latency_s	0.03351933299999921
2026-03-29T19:57:21+00:00	routing	turborepo	srt-warm	q12	{"beam_policy": "uniform", "beam_width": 10, "max_depth": 7}	ndcg@10	0.39476768271066054
2026-03-29T19:57:21+00:00	routing	turborepo	srt-warm	q12	{"beam_policy": "uniform", "beam_width": 10, "max_depth": 7}	latency_s	0.060535458000000375
2026-03-29T19:57:21+00:00	routing	turborepo	srt-warm	q12	{"beam_policy": "waterfill", "beam_width": 10, "max_depth": 7}	ndcg@10	0.39476768271066054
2026-03-29T19:57:21+00:00	routing	turborepo	srt-warm	q12	{"beam_policy": "waterfill", "beam_width": 10, "max_depth": 7}	latency_s	0.04279670899999921
2026-03-29T19:57:21+00:00	routing	turborepo	srt-warm	q12	{"beam_policy": "uniform", "beam_width": 10, "max_depth": 10}	ndcg@10	0.39476768271066054
2026-03-29T19:57:21+00:00	routing	turborepo	srt-warm	q12	{"beam_policy": "uniform", "beam_width": 10, "max_depth": 10}	latency_s	0.061878124999999784
2026-03-29T19:57:21+00:00	routing	turborepo	srt-warm	q12	{"beam_policy": "waterfill", "beam_width": 10, "max_depth": 10}	ndcg@10	0.39476768271066054
2026-03-29T19:57:21+00:00	routing	turborepo	srt-warm	q12	{"beam_policy": "waterfill", "beam_width": 10, "max_depth": 10}	latency_s	0.04448325000000075
2026-03-29T19:57:21+00:00	routing	turborepo	srt-warm	q13	{"beam_policy": "uniform", "beam_width": 2, "max_depth": 3}	ndcg@10	0.0
2026-03-29T19:57:21+00:00	routing	turborepo	srt-warm	q13	{"beam_policy": "uniform", "beam_width": 2, "max_depth": 3}	latency_s	0.005759333000000311
2026-03-29T19:57:21+00:00	routing	turborepo	srt-warm	q13	{"beam_policy": "waterfill", "beam_width": 2, "max_depth": 3}	ndcg@10	0.0
2026-03-29T19:57:21+00:00	routing	turborepo	srt-warm	q13	{"beam_policy": "waterfill", "beam_width": 2, "max_depth": 3}	latency_s	0.005708874999999836
2026-03-29T19:57:21+00:00	routing	turborepo	srt-warm	q13	{"beam_policy": "uniform", "beam_width": 2, "max_depth": 5}	ndcg@10	0.0
2026-03-29T19:57:21+00:00	routing	turborepo	srt-warm	q13	{"beam_policy": "uniform", "beam_width": 2, "max_depth": 5}	latency_s	0.008261415999999855
2026-03-29T19:57:21+00:00	routing	turborepo	srt-warm	q13	{"beam_policy": "waterfill", "beam_width": 2, "max_depth": 5}	ndcg@10	0.0
2026-03-29T19:57:21+00:00	routing	turborepo	srt-warm	q13	{"beam_policy": "waterfill", "beam_width": 2, "max_depth": 5}	latency_s	0.006203707999999253
2026-03-29T19:57:21+00:00	routing	turborepo	srt-warm	q13	{"beam_policy": "uniform", "beam_width": 2, "max_depth": 7}	ndcg@10	0.0
2026-03-29T19:57:21+00:00	routing	turborepo	srt-warm	q13	{"beam_policy": "uniform", "beam_width": 2, "max_depth": 7}	latency_s	0.00741837500000031
2026-03-29T19:57:21+00:00	routing	turborepo	srt-warm	q13	{"beam_policy": "waterfill", "beam_width": 2, "max_depth": 7}	ndcg@10	0.0
2026-03-29T19:57:21+00:00	routing	turborepo	srt-warm	q13	{"beam_policy": "waterfill", "beam_width": 2, "max_depth": 7}	latency_s	0.00650424999999899
2026-03-29T19:57:21+00:00	routing	turborepo	srt-warm	q13	{"beam_policy": "uniform", "beam_width": 2, "max_depth": 10}	ndcg@10	0.0
2026-03-29T19:57:21+00:00	routing	turborepo	srt-warm	q13	{"beam_policy": "uniform", "beam_width": 2, "max_depth": 10}	latency_s	0.007304750000001192
2026-03-29T19:57:21+00:00	routing	turborepo	srt-warm	q13	{"beam_policy": "waterfill", "beam_width": 2, "max_depth": 10}	ndcg@10	0.0
2026-03-29T19:57:21+00:00	routing	turborepo	srt-warm	q13	{"beam_policy": "waterfill", "beam_width": 2, "max_depth": 10}	latency_s	0.005582625000000618
2026-03-29T19:57:21+00:00	routing	turborepo	srt-warm	q13	{"beam_policy": "uniform", "beam_width": 3, "max_depth": 3}	ndcg@10	0.0
2026-03-29T19:57:21+00:00	routing	turborepo	srt-warm	q13	{"beam_policy": "uniform", "beam_width": 3, "max_depth": 3}	latency_s	0.007936582999999331
2026-03-29T19:57:21+00:00	routing	turborepo	srt-warm	q13	{"beam_policy": "waterfill", "beam_width": 3, "max_depth": 3}	ndcg@10	0.0
2026-03-29T19:57:21+00:00	routing	turborepo	srt-warm	q13	{"beam_policy": "waterfill", "beam_width": 3, "max_depth": 3}	latency_s	0.005307457999998988
2026-03-29T19:57:21+00:00	routing	turborepo	srt-warm	q13	{"beam_policy": "uniform", "beam_width": 3, "max_depth": 5}	ndcg@10	0.0
2026-03-29T19:57:21+00:00	routing	turborepo	srt-warm	q13	{"beam_policy": "uniform", "beam_width": 3, "max_depth": 5}	latency_s	0.012393666000001247
2026-03-29T19:57:21+00:00	routing	turborepo	srt-warm	q13	{"beam_policy": "waterfill", "beam_width": 3, "max_depth": 5}	ndcg@10	0.0
2026-03-29T19:57:21+00:00	routing	turborepo	srt-warm	q13	{"beam_policy": "waterfill", "beam_width": 3, "max_depth": 5}	latency_s	0.006127333000000235
2026-03-29T19:57:21+00:00	routing	turborepo	srt-warm	q13	{"beam_policy": "uniform", "beam_width": 3, "max_depth": 7}	ndcg@10	0.0
2026-03-29T19:57:21+00:00	routing	turborepo	srt-warm	q13	{"beam_policy": "uniform", "beam_width": 3, "max_depth": 7}	latency_s	0.009751708999999664
2026-03-29T19:57:21+00:00	routing	turborepo	srt-warm	q13	{"beam_policy": "waterfill", "beam_width": 3, "max_depth": 7}	ndcg@10	0.0
2026-03-29T19:57:21+00:00	routing	turborepo	srt-warm	q13	{"beam_policy": "waterfill", "beam_width": 3, "max_depth": 7}	latency_s	0.005561999999999401
2026-03-29T19:57:21+00:00	routing	turborepo	srt-warm	q13	{"beam_policy": "uniform", "beam_width": 3, "max_depth": 10}	ndcg@10	0.0
2026-03-29T19:57:21+00:00	routing	turborepo	srt-warm	q13	{"beam_policy": "uniform", "beam_width": 3, "max_depth": 10}	latency_s	0.012762708000000345
2026-03-29T19:57:21+00:00	routing	turborepo	srt-warm	q13	{"beam_policy": "waterfill", "beam_width": 3, "max_depth": 10}	ndcg@10	0.0
2026-03-29T19:57:21+00:00	routing	turborepo	srt-warm	q13	{"beam_policy": "waterfill", "beam_width": 3, "max_depth": 10}	latency_s	0.006470374999999251
2026-03-29T19:57:21+00:00	routing	turborepo	srt-warm	q13	{"beam_policy": "uniform", "beam_width": 5, "max_depth": 3}	ndcg@10	0.0
2026-03-29T19:57:21+00:00	routing	turborepo	srt-warm	q13	{"beam_policy": "uniform", "beam_width": 5, "max_depth": 3}	latency_s	0.014699499999998977
2026-03-29T19:57:21+00:00	routing	turborepo	srt-warm	q13	{"beam_policy": "waterfill", "beam_width": 5, "max_depth": 3}	ndcg@10	0.0
2026-03-29T19:57:21+00:00	routing	turborepo	srt-warm	q13	{"beam_policy": "waterfill", "beam_width": 5, "max_depth": 3}	latency_s	0.009791208999999412
2026-03-29T19:57:21+00:00	routing	turborepo	srt-warm	q13	{"beam_policy": "uniform", "beam_width": 5, "max_depth": 5}	ndcg@10	0.4865033125582941
2026-03-29T19:57:21+00:00	routing	turborepo	srt-warm	q13	{"beam_policy": "uniform", "beam_width": 5, "max_depth": 5}	latency_s	0.02375208399999984
2026-03-29T19:57:21+00:00	routing	turborepo	srt-warm	q13	{"beam_policy": "waterfill", "beam_width": 5, "max_depth": 5}	ndcg@10	0.4865033125582941
2026-03-29T19:57:21+00:00	routing	turborepo	srt-warm	q13	{"beam_policy": "waterfill", "beam_width": 5, "max_depth": 5}	latency_s	0.017935583000001643
2026-03-29T19:57:21+00:00	routing	turborepo	srt-warm	q13	{"beam_policy": "uniform", "beam_width": 5, "max_depth": 7}	ndcg@10	0.4865033125582941
2026-03-29T19:57:21+00:00	routing	turborepo	srt-warm	q13	{"beam_policy": "uniform", "beam_width": 5, "max_depth": 7}	latency_s	0.024027916999999732
2026-03-29T19:57:21+00:00	routing	turborepo	srt-warm	q13	{"beam_policy": "waterfill", "beam_width": 5, "max_depth": 7}	ndcg@10	0.4865033125582941
2026-03-29T19:57:21+00:00	routing	turborepo	srt-warm	q13	{"beam_policy": "waterfill", "beam_width": 5, "max_depth": 7}	latency_s	0.02042104200000061
2026-03-29T19:57:21+00:00	routing	turborepo	srt-warm	q13	{"beam_policy": "uniform", "beam_width": 5, "max_depth": 10}	ndcg@10	0.4865033125582941
2026-03-29T19:57:21+00:00	routing	turborepo	srt-warm	q13	{"beam_policy": "uniform", "beam_width": 5, "max_depth": 10}	latency_s	0.023773665999998528
2026-03-29T19:57:21+00:00	routing	turborepo	srt-warm	q13	{"beam_policy": "waterfill", "beam_width": 5, "max_depth": 10}	ndcg@10	0.4865033125582941
2026-03-29T19:57:21+00:00	routing	turborepo	srt-warm	q13	{"beam_policy": "waterfill", "beam_width": 5, "max_depth": 10}	latency_s	0.02005974999999971
2026-03-29T19:57:21+00:00	routing	turborepo	srt-warm	q13	{"beam_policy": "uniform", "beam_width": 7, "max_depth": 3}	ndcg@10	0.0
2026-03-29T19:57:21+00:00	routing	turborepo	srt-warm	q13	{"beam_policy": "uniform", "beam_width": 7, "max_depth": 3}	latency_s	0.015713332999998997
2026-03-29T19:57:21+00:00	routing	turborepo	srt-warm	q13	{"beam_policy": "waterfill", "beam_width": 7, "max_depth": 3}	ndcg@10	0.0
2026-03-29T19:57:21+00:00	routing	turborepo	srt-warm	q13	{"beam_policy": "waterfill", "beam_width": 7, "max_depth": 3}	latency_s	0.011056458000000546
2026-03-29T19:57:21+00:00	routing	turborepo	srt-warm	q13	{"beam_policy": "uniform", "beam_width": 7, "max_depth": 5}	ndcg@10	0.4865033125582941
2026-03-29T19:57:21+00:00	routing	turborepo	srt-warm	q13	{"beam_policy": "uniform", "beam_width": 7, "max_depth": 5}	latency_s	0.032688750000000155
2026-03-29T19:57:21+00:00	routing	turborepo	srt-warm	q13	{"beam_policy": "waterfill", "beam_width": 7, "max_depth": 5}	ndcg@10	0.4865033125582941
2026-03-29T19:57:21+00:00	routing	turborepo	srt-warm	q13	{"beam_policy": "waterfill", "beam_width": 7, "max_depth": 5}	latency_s	0.022335249999999363
2026-03-29T19:57:21+00:00	routing	turborepo	srt-warm	q13	{"beam_policy": "uniform", "beam_width": 7, "max_depth": 7}	ndcg@10	0.4865033125582941
2026-03-29T19:57:21+00:00	routing	turborepo	srt-warm	q13	{"beam_policy": "uniform", "beam_width": 7, "max_depth": 7}	latency_s	0.03447245799999976
2026-03-29T19:57:22+00:00	routing	turborepo	srt-warm	q13	{"beam_policy": "waterfill", "beam_width": 7, "max_depth": 7}	ndcg@10	0.4865033125582941
2026-03-29T19:57:22+00:00	routing	turborepo	srt-warm	q13	{"beam_policy": "waterfill", "beam_width": 7, "max_depth": 7}	latency_s	0.024421500000000762
2026-03-29T19:57:22+00:00	routing	turborepo	srt-warm	q13	{"beam_policy": "uniform", "beam_width": 7, "max_depth": 10}	ndcg@10	0.4865033125582941
2026-03-29T19:57:22+00:00	routing	turborepo	srt-warm	q13	{"beam_policy": "uniform", "beam_width": 7, "max_depth": 10}	latency_s	0.034658792000000105
2026-03-29T19:57:22+00:00	routing	turborepo	srt-warm	q13	{"beam_policy": "waterfill", "beam_width": 7, "max_depth": 10}	ndcg@10	0.4865033125582941
2026-03-29T19:57:22+00:00	routing	turborepo	srt-warm	q13	{"beam_policy": "waterfill", "beam_width": 7, "max_depth": 10}	latency_s	0.024310165999999356
2026-03-29T19:57:22+00:00	routing	turborepo	srt-warm	q13	{"beam_policy": "uniform", "beam_width": 10, "max_depth": 3}	ndcg@10	0.0
2026-03-29T19:57:22+00:00	routing	turborepo	srt-warm	q13	{"beam_policy": "uniform", "beam_width": 10, "max_depth": 3}	latency_s	0.019030124999998677
2026-03-29T19:57:22+00:00	routing	turborepo	srt-warm	q13	{"beam_policy": "waterfill", "beam_width": 10, "max_depth": 3}	ndcg@10	0.0
2026-03-29T19:57:22+00:00	routing	turborepo	srt-warm	q13	{"beam_policy": "waterfill", "beam_width": 10, "max_depth": 3}	latency_s	0.016017458000000317
2026-03-29T19:57:22+00:00	routing	turborepo	srt-warm	q13	{"beam_policy": "uniform", "beam_width": 10, "max_depth": 5}	ndcg@10	0.4865033125582941
2026-03-29T19:57:22+00:00	routing	turborepo	srt-warm	q13	{"beam_policy": "uniform", "beam_width": 10, "max_depth": 5}	latency_s	0.036867333
2026-03-29T19:57:22+00:00	routing	turborepo	srt-warm	q13	{"beam_policy": "waterfill", "beam_width": 10, "max_depth": 5}	ndcg@10	0.4865033125582941
2026-03-29T19:57:22+00:00	routing	turborepo	srt-warm	q13	{"beam_policy": "waterfill", "beam_width": 10, "max_depth": 5}	latency_s	0.03293783300000008
2026-03-29T19:57:22+00:00	routing	turborepo	srt-warm	q13	{"beam_policy": "uniform", "beam_width": 10, "max_depth": 7}	ndcg@10	0.4865033125582941
2026-03-29T19:57:22+00:00	routing	turborepo	srt-warm	q13	{"beam_policy": "uniform", "beam_width": 10, "max_depth": 7}	latency_s	0.039066916999999535
2026-03-29T19:57:22+00:00	routing	turborepo	srt-warm	q13	{"beam_policy": "waterfill", "beam_width": 10, "max_depth": 7}	ndcg@10	0.4865033125582941
2026-03-29T19:57:22+00:00	routing	turborepo	srt-warm	q13	{"beam_policy": "waterfill", "beam_width": 10, "max_depth": 7}	latency_s	0.033999250000000814
2026-03-29T19:57:22+00:00	routing	turborepo	srt-warm	q13	{"beam_policy": "uniform", "beam_width": 10, "max_depth": 10}	ndcg@10	0.4865033125582941
2026-03-29T19:57:22+00:00	routing	turborepo	srt-warm	q13	{"beam_policy": "uniform", "beam_width": 10, "max_depth": 10}	latency_s	0.04080308300000013
2026-03-29T19:57:22+00:00	routing	turborepo	srt-warm	q13	{"beam_policy": "waterfill", "beam_width": 10, "max_depth": 10}	ndcg@10	0.4865033125582941
2026-03-29T19:57:22+00:00	routing	turborepo	srt-warm	q13	{"beam_policy": "waterfill", "beam_width": 10, "max_depth": 10}	latency_s	0.03526600000000002
2026-03-29T19:57:22+00:00	routing	turborepo	srt-warm	q14	{"beam_policy": "uniform", "beam_width": 2, "max_depth": 3}	ndcg@10	0.0
2026-03-29T19:57:22+00:00	routing	turborepo	srt-warm	q14	{"beam_policy": "uniform", "beam_width": 2, "max_depth": 3}	latency_s	0.006858333000000272
2026-03-29T19:57:22+00:00	routing	turborepo	srt-warm	q14	{"beam_policy": "waterfill", "beam_width": 2, "max_depth": 3}	ndcg@10	0.0
2026-03-29T19:57:22+00:00	routing	turborepo	srt-warm	q14	{"beam_policy": "waterfill", "beam_width": 2, "max_depth": 3}	latency_s	0.006148124999999283
2026-03-29T19:57:22+00:00	routing	turborepo	srt-warm	q14	{"beam_policy": "uniform", "beam_width": 2, "max_depth": 5}	ndcg@10	0.0
2026-03-29T19:57:22+00:00	routing	turborepo	srt-warm	q14	{"beam_policy": "uniform", "beam_width": 2, "max_depth": 5}	latency_s	0.007054417000000868
2026-03-29T19:57:22+00:00	routing	turborepo	srt-warm	q14	{"beam_policy": "waterfill", "beam_width": 2, "max_depth": 5}	ndcg@10	0.0
2026-03-29T19:57:22+00:00	routing	turborepo	srt-warm	q14	{"beam_policy": "waterfill", "beam_width": 2, "max_depth": 5}	latency_s	0.006172749999999283
2026-03-29T19:57:22+00:00	routing	turborepo	srt-warm	q14	{"beam_policy": "uniform", "beam_width": 2, "max_depth": 7}	ndcg@10	0.0
2026-03-29T19:57:22+00:00	routing	turborepo	srt-warm	q14	{"beam_policy": "uniform", "beam_width": 2, "max_depth": 7}	latency_s	0.007391375000000977
2026-03-29T19:57:22+00:00	routing	turborepo	srt-warm	q14	{"beam_policy": "waterfill", "beam_width": 2, "max_depth": 7}	ndcg@10	0.0
2026-03-29T19:57:22+00:00	routing	turborepo	srt-warm	q14	{"beam_policy": "waterfill", "beam_width": 2, "max_depth": 7}	latency_s	0.006089249999998714
2026-03-29T19:57:22+00:00	routing	turborepo	srt-warm	q14	{"beam_policy": "uniform", "beam_width": 2, "max_depth": 10}	ndcg@10	0.0
2026-03-29T19:57:22+00:00	routing	turborepo	srt-warm	q14	{"beam_policy": "uniform", "beam_width": 2, "max_depth": 10}	latency_s	0.008017249999999976
2026-03-29T19:57:22+00:00	routing	turborepo	srt-warm	q14	{"beam_policy": "waterfill", "beam_width": 2, "max_depth": 10}	ndcg@10	0.0
2026-03-29T19:57:22+00:00	routing	turborepo	srt-warm	q14	{"beam_policy": "waterfill", "beam_width": 2, "max_depth": 10}	latency_s	0.006746207999999143
2026-03-29T19:57:22+00:00	routing	turborepo	srt-warm	q14	{"beam_policy": "uniform", "beam_width": 3, "max_depth": 3}	ndcg@10	0.0
2026-03-29T19:57:22+00:00	routing	turborepo	srt-warm	q14	{"beam_policy": "uniform", "beam_width": 3, "max_depth": 3}	latency_s	0.007651999999998438
2026-03-29T19:57:22+00:00	routing	turborepo	srt-warm	q14	{"beam_policy": "waterfill", "beam_width": 3, "max_depth": 3}	ndcg@10	0.0
2026-03-29T19:57:22+00:00	routing	turborepo	srt-warm	q14	{"beam_policy": "waterfill", "beam_width": 3, "max_depth": 3}	latency_s	0.006167583999999948
2026-03-29T19:57:22+00:00	routing	turborepo	srt-warm	q14	{"beam_policy": "uniform", "beam_width": 3, "max_depth": 5}	ndcg@10	0.0
2026-03-29T19:57:22+00:00	routing	turborepo	srt-warm	q14	{"beam_policy": "uniform", "beam_width": 3, "max_depth": 5}	latency_s	0.018860249999999468
2026-03-29T19:57:22+00:00	routing	turborepo	srt-warm	q14	{"beam_policy": "waterfill", "beam_width": 3, "max_depth": 5}	ndcg@10	0.0
2026-03-29T19:57:22+00:00	routing	turborepo	srt-warm	q14	{"beam_policy": "waterfill", "beam_width": 3, "max_depth": 5}	latency_s	0.007252832999999015
2026-03-29T19:57:22+00:00	routing	turborepo	srt-warm	q14	{"beam_policy": "uniform", "beam_width": 3, "max_depth": 7}	ndcg@10	0.0
2026-03-29T19:57:22+00:00	routing	turborepo	srt-warm	q14	{"beam_policy": "uniform", "beam_width": 3, "max_depth": 7}	latency_s	0.019742959000000226
2026-03-29T19:57:22+00:00	routing	turborepo	srt-warm	q14	{"beam_policy": "waterfill", "beam_width": 3, "max_depth": 7}	ndcg@10	0.0
2026-03-29T19:57:22+00:00	routing	turborepo	srt-warm	q14	{"beam_policy": "waterfill", "beam_width": 3, "max_depth": 7}	latency_s	0.007725250000000017
2026-03-29T19:57:22+00:00	routing	turborepo	srt-warm	q14	{"beam_policy": "uniform", "beam_width": 3, "max_depth": 10}	ndcg@10	0.0
2026-03-29T19:57:22+00:00	routing	turborepo	srt-warm	q14	{"beam_policy": "uniform", "beam_width": 3, "max_depth": 10}	latency_s	0.019780041999998943
2026-03-29T19:57:22+00:00	routing	turborepo	srt-warm	q14	{"beam_policy": "waterfill", "beam_width": 3, "max_depth": 10}	ndcg@10	0.0
2026-03-29T19:57:22+00:00	routing	turborepo	srt-warm	q14	{"beam_policy": "waterfill", "beam_width": 3, "max_depth": 10}	latency_s	0.007206291999999337
2026-03-29T19:57:22+00:00	routing	turborepo	srt-warm	q14	{"beam_policy": "uniform", "beam_width": 5, "max_depth": 3}	ndcg@10	0.0
2026-03-29T19:57:22+00:00	routing	turborepo	srt-warm	q14	{"beam_policy": "uniform", "beam_width": 5, "max_depth": 3}	latency_s	0.007841417000001627
2026-03-29T19:57:22+00:00	routing	turborepo	srt-warm	q14	{"beam_policy": "waterfill", "beam_width": 5, "max_depth": 3}	ndcg@10	0.0
2026-03-29T19:57:22+00:00	routing	turborepo	srt-warm	q14	{"beam_policy": "waterfill", "beam_width": 5, "max_depth": 3}	latency_s	0.007565417000000352
2026-03-29T19:57:22+00:00	routing	turborepo	srt-warm	q14	{"beam_policy": "uniform", "beam_width": 5, "max_depth": 5}	ndcg@10	0.0
2026-03-29T19:57:22+00:00	routing	turborepo	srt-warm	q14	{"beam_policy": "uniform", "beam_width": 5, "max_depth": 5}	latency_s	0.024946707999999873
2026-03-29T19:57:22+00:00	routing	turborepo	srt-warm	q14	{"beam_policy": "waterfill", "beam_width": 5, "max_depth": 5}	ndcg@10	0.0
2026-03-29T19:57:22+00:00	routing	turborepo	srt-warm	q14	{"beam_policy": "waterfill", "beam_width": 5, "max_depth": 5}	latency_s	0.019679041999999924
2026-03-29T19:57:22+00:00	routing	turborepo	srt-warm	q14	{"beam_policy": "uniform", "beam_width": 5, "max_depth": 7}	ndcg@10	0.0
2026-03-29T19:57:22+00:00	routing	turborepo	srt-warm	q14	{"beam_policy": "uniform", "beam_width": 5, "max_depth": 7}	latency_s	0.033372542000000394
2026-03-29T19:57:22+00:00	routing	turborepo	srt-warm	q14	{"beam_policy": "waterfill", "beam_width": 5, "max_depth": 7}	ndcg@10	0.0
2026-03-29T19:57:22+00:00	routing	turborepo	srt-warm	q14	{"beam_policy": "waterfill", "beam_width": 5, "max_depth": 7}	latency_s	0.020267625000000677
2026-03-29T19:57:22+00:00	routing	turborepo	srt-warm	q14	{"beam_policy": "uniform", "beam_width": 5, "max_depth": 10}	ndcg@10	0.0
2026-03-29T19:57:22+00:00	routing	turborepo	srt-warm	q14	{"beam_policy": "uniform", "beam_width": 5, "max_depth": 10}	latency_s	0.0324660829999992
2026-03-29T19:57:22+00:00	routing	turborepo	srt-warm	q14	{"beam_policy": "waterfill", "beam_width": 5, "max_depth": 10}	ndcg@10	0.0
2026-03-29T19:57:22+00:00	routing	turborepo	srt-warm	q14	{"beam_policy": "waterfill", "beam_width": 5, "max_depth": 10}	latency_s	0.02160999999999902
2026-03-29T19:57:22+00:00	routing	turborepo	srt-warm	q14	{"beam_policy": "uniform", "beam_width": 7, "max_depth": 3}	ndcg@10	0.0
2026-03-29T19:57:22+00:00	routing	turborepo	srt-warm	q14	{"beam_policy": "uniform", "beam_width": 7, "max_depth": 3}	latency_s	0.011572916999998739
2026-03-29T19:57:22+00:00	routing	turborepo	srt-warm	q14	{"beam_policy": "waterfill", "beam_width": 7, "max_depth": 3}	ndcg@10	0.0
2026-03-29T19:57:22+00:00	routing	turborepo	srt-warm	q14	{"beam_policy": "waterfill", "beam_width": 7, "max_depth": 3}	latency_s	0.007901792000000185
2026-03-29T19:57:22+00:00	routing	turborepo	srt-warm	q14	{"beam_policy": "uniform", "beam_width": 7, "max_depth": 5}	ndcg@10	0.0
2026-03-29T19:57:22+00:00	routing	turborepo	srt-warm	q14	{"beam_policy": "uniform", "beam_width": 7, "max_depth": 5}	latency_s	0.03089941700000054
2026-03-29T19:57:22+00:00	routing	turborepo	srt-warm	q14	{"beam_policy": "waterfill", "beam_width": 7, "max_depth": 5}	ndcg@10	0.0
2026-03-29T19:57:22+00:00	routing	turborepo	srt-warm	q14	{"beam_policy": "waterfill", "beam_width": 7, "max_depth": 5}	latency_s	0.023429750000000027
2026-03-29T19:57:22+00:00	routing	turborepo	srt-warm	q14	{"beam_policy": "uniform", "beam_width": 7, "max_depth": 7}	ndcg@10	0.0
2026-03-29T19:57:22+00:00	routing	turborepo	srt-warm	q14	{"beam_policy": "uniform", "beam_width": 7, "max_depth": 7}	latency_s	0.04086125000000074
2026-03-29T19:57:22+00:00	routing	turborepo	srt-warm	q14	{"beam_policy": "waterfill", "beam_width": 7, "max_depth": 7}	ndcg@10	0.0
2026-03-29T19:57:22+00:00	routing	turborepo	srt-warm	q14	{"beam_policy": "waterfill", "beam_width": 7, "max_depth": 7}	latency_s	0.03219999999999956
2026-03-29T19:57:22+00:00	routing	turborepo	srt-warm	q14	{"beam_policy": "uniform", "beam_width": 7, "max_depth": 10}	ndcg@10	0.0
2026-03-29T19:57:22+00:00	routing	turborepo	srt-warm	q14	{"beam_policy": "uniform", "beam_width": 7, "max_depth": 10}	latency_s	0.044248167000001004
2026-03-29T19:57:22+00:00	routing	turborepo	srt-warm	q14	{"beam_policy": "waterfill", "beam_width": 7, "max_depth": 10}	ndcg@10	0.0
2026-03-29T19:57:22+00:00	routing	turborepo	srt-warm	q14	{"beam_policy": "waterfill", "beam_width": 7, "max_depth": 10}	latency_s	0.032296917000000036
2026-03-29T19:57:22+00:00	routing	turborepo	srt-warm	q14	{"beam_policy": "uniform", "beam_width": 10, "max_depth": 3}	ndcg@10	0.0
2026-03-29T19:57:22+00:00	routing	turborepo	srt-warm	q14	{"beam_policy": "uniform", "beam_width": 10, "max_depth": 3}	latency_s	0.015772124999999804
2026-03-29T19:57:23+00:00	routing	turborepo	srt-warm	q14	{"beam_policy": "waterfill", "beam_width": 10, "max_depth": 3}	ndcg@10	0.0
2026-03-29T19:57:23+00:00	routing	turborepo	srt-warm	q14	{"beam_policy": "waterfill", "beam_width": 10, "max_depth": 3}	latency_s	0.012135958000000002
2026-03-29T19:57:23+00:00	routing	turborepo	srt-warm	q14	{"beam_policy": "uniform", "beam_width": 10, "max_depth": 5}	ndcg@10	0.0
2026-03-29T19:57:23+00:00	routing	turborepo	srt-warm	q14	{"beam_policy": "uniform", "beam_width": 10, "max_depth": 5}	latency_s	0.03604208299999989
2026-03-29T19:57:23+00:00	routing	turborepo	srt-warm	q14	{"beam_policy": "waterfill", "beam_width": 10, "max_depth": 5}	ndcg@10	0.0
2026-03-29T19:57:23+00:00	routing	turborepo	srt-warm	q14	{"beam_policy": "waterfill", "beam_width": 10, "max_depth": 5}	latency_s	0.03124504200000011
2026-03-29T19:57:23+00:00	routing	turborepo	srt-warm	q14	{"beam_policy": "uniform", "beam_width": 10, "max_depth": 7}	ndcg@10	0.0
2026-03-29T19:57:23+00:00	routing	turborepo	srt-warm	q14	{"beam_policy": "uniform", "beam_width": 10, "max_depth": 7}	latency_s	0.058371707999999245
2026-03-29T19:57:23+00:00	routing	turborepo	srt-warm	q14	{"beam_policy": "waterfill", "beam_width": 10, "max_depth": 7}	ndcg@10	0.0
2026-03-29T19:57:23+00:00	routing	turborepo	srt-warm	q14	{"beam_policy": "waterfill", "beam_width": 10, "max_depth": 7}	latency_s	0.04424104200000123
2026-03-29T19:57:23+00:00	routing	turborepo	srt-warm	q14	{"beam_policy": "uniform", "beam_width": 10, "max_depth": 10}	ndcg@10	0.0
2026-03-29T19:57:23+00:00	routing	turborepo	srt-warm	q14	{"beam_policy": "uniform", "beam_width": 10, "max_depth": 10}	latency_s	0.05978008300000148
2026-03-29T19:57:23+00:00	routing	turborepo	srt-warm	q14	{"beam_policy": "waterfill", "beam_width": 10, "max_depth": 10}	ndcg@10	0.0
2026-03-29T19:57:23+00:00	routing	turborepo	srt-warm	q14	{"beam_policy": "waterfill", "beam_width": 10, "max_depth": 10}	latency_s	0.04541174999999953
2026-03-29T19:57:23+00:00	routing	turborepo	srt-warm	q15	{"beam_policy": "uniform", "beam_width": 2, "max_depth": 3}	ndcg@10	0.0
2026-03-29T19:57:23+00:00	routing	turborepo	srt-warm	q15	{"beam_policy": "uniform", "beam_width": 2, "max_depth": 3}	latency_s	0.010543000000000191
2026-03-29T19:57:23+00:00	routing	turborepo	srt-warm	q15	{"beam_policy": "waterfill", "beam_width": 2, "max_depth": 3}	ndcg@10	0.0
2026-03-29T19:57:23+00:00	routing	turborepo	srt-warm	q15	{"beam_policy": "waterfill", "beam_width": 2, "max_depth": 3}	latency_s	0.0068075000000007435
2026-03-29T19:57:23+00:00	routing	turborepo	srt-warm	q15	{"beam_policy": "uniform", "beam_width": 2, "max_depth": 5}	ndcg@10	0.4094543838032698
2026-03-29T19:57:23+00:00	routing	turborepo	srt-warm	q15	{"beam_policy": "uniform", "beam_width": 2, "max_depth": 5}	latency_s	0.008726541999999782
2026-03-29T19:57:23+00:00	routing	turborepo	srt-warm	q15	{"beam_policy": "waterfill", "beam_width": 2, "max_depth": 5}	ndcg@10	0.0
2026-03-29T19:57:23+00:00	routing	turborepo	srt-warm	q15	{"beam_policy": "waterfill", "beam_width": 2, "max_depth": 5}	latency_s	0.005407124999999624
2026-03-29T19:57:23+00:00	routing	turborepo	srt-warm	q15	{"beam_policy": "uniform", "beam_width": 2, "max_depth": 7}	ndcg@10	0.4094543838032698
2026-03-29T19:57:23+00:00	routing	turborepo	srt-warm	q15	{"beam_policy": "uniform", "beam_width": 2, "max_depth": 7}	latency_s	0.010839333999999923
2026-03-29T19:57:23+00:00	routing	turborepo	srt-warm	q15	{"beam_policy": "waterfill", "beam_width": 2, "max_depth": 7}	ndcg@10	0.0
2026-03-29T19:57:23+00:00	routing	turborepo	srt-warm	q15	{"beam_policy": "waterfill", "beam_width": 2, "max_depth": 7}	latency_s	0.005173749999999089
2026-03-29T19:57:23+00:00	routing	turborepo	srt-warm	q15	{"beam_policy": "uniform", "beam_width": 2, "max_depth": 10}	ndcg@10	0.4094543838032698
2026-03-29T19:57:23+00:00	routing	turborepo	srt-warm	q15	{"beam_policy": "uniform", "beam_width": 2, "max_depth": 10}	latency_s	0.0109790830000005
2026-03-29T19:57:23+00:00	routing	turborepo	srt-warm	q15	{"beam_policy": "waterfill", "beam_width": 2, "max_depth": 10}	ndcg@10	0.0
2026-03-29T19:57:23+00:00	routing	turborepo	srt-warm	q15	{"beam_policy": "waterfill", "beam_width": 2, "max_depth": 10}	latency_s	0.005207541000000759
2026-03-29T19:57:23+00:00	routing	turborepo	srt-warm	q15	{"beam_policy": "uniform", "beam_width": 3, "max_depth": 3}	ndcg@10	0.0
2026-03-29T19:57:23+00:00	routing	turborepo	srt-warm	q15	{"beam_policy": "uniform", "beam_width": 3, "max_depth": 3}	latency_s	0.009766750000000712
2026-03-29T19:57:23+00:00	routing	turborepo	srt-warm	q15	{"beam_policy": "waterfill", "beam_width": 3, "max_depth": 3}	ndcg@10	0.0
2026-03-29T19:57:23+00:00	routing	turborepo	srt-warm	q15	{"beam_policy": "waterfill", "beam_width": 3, "max_depth": 3}	latency_s	0.007432500000000175
2026-03-29T19:57:23+00:00	routing	turborepo	srt-warm	q15	{"beam_policy": "uniform", "beam_width": 3, "max_depth": 5}	ndcg@10	0.4094543838032698
2026-03-29T19:57:23+00:00	routing	turborepo	srt-warm	q15	{"beam_policy": "uniform", "beam_width": 3, "max_depth": 5}	latency_s	0.010254833000001184
2026-03-29T19:57:23+00:00	routing	turborepo	srt-warm	q15	{"beam_policy": "waterfill", "beam_width": 3, "max_depth": 5}	ndcg@10	0.4094543838032698
2026-03-29T19:57:23+00:00	routing	turborepo	srt-warm	q15	{"beam_policy": "waterfill", "beam_width": 3, "max_depth": 5}	latency_s	0.008602957999999106
2026-03-29T19:57:23+00:00	routing	turborepo	srt-warm	q15	{"beam_policy": "uniform", "beam_width": 3, "max_depth": 7}	ndcg@10	0.4094543838032698
2026-03-29T19:57:23+00:00	routing	turborepo	srt-warm	q15	{"beam_policy": "uniform", "beam_width": 3, "max_depth": 7}	latency_s	0.01015720800000075
2026-03-29T19:57:23+00:00	routing	turborepo	srt-warm	q15	{"beam_policy": "waterfill", "beam_width": 3, "max_depth": 7}	ndcg@10	0.4094543838032698
2026-03-29T19:57:23+00:00	routing	turborepo	srt-warm	q15	{"beam_policy": "waterfill", "beam_width": 3, "max_depth": 7}	latency_s	0.008661083999999875
2026-03-29T19:57:23+00:00	routing	turborepo	srt-warm	q15	{"beam_policy": "uniform", "beam_width": 3, "max_depth": 10}	ndcg@10	0.4094543838032698
2026-03-29T19:57:23+00:00	routing	turborepo	srt-warm	q15	{"beam_policy": "uniform", "beam_width": 3, "max_depth": 10}	latency_s	0.008910917000001461
2026-03-29T19:57:23+00:00	routing	turborepo	srt-warm	q15	{"beam_policy": "waterfill", "beam_width": 3, "max_depth": 10}	ndcg@10	0.4094543838032698
2026-03-29T19:57:23+00:00	routing	turborepo	srt-warm	q15	{"beam_policy": "waterfill", "beam_width": 3, "max_depth": 10}	latency_s	0.01070083399999966
2026-03-29T19:57:23+00:00	routing	turborepo	srt-warm	q15	{"beam_policy": "uniform", "beam_width": 5, "max_depth": 3}	ndcg@10	0.0
2026-03-29T19:57:23+00:00	routing	turborepo	srt-warm	q15	{"beam_policy": "uniform", "beam_width": 5, "max_depth": 3}	latency_s	0.01091074999999897
2026-03-29T19:57:23+00:00	routing	turborepo	srt-warm	q15	{"beam_policy": "waterfill", "beam_width": 5, "max_depth": 3}	ndcg@10	0.0
2026-03-29T19:57:23+00:00	routing	turborepo	srt-warm	q15	{"beam_policy": "waterfill", "beam_width": 5, "max_depth": 3}	latency_s	0.007670707999999138
2026-03-29T19:57:23+00:00	routing	turborepo	srt-warm	q15	{"beam_policy": "uniform", "beam_width": 5, "max_depth": 5}	ndcg@10	0.3477237584304432
2026-03-29T19:57:23+00:00	routing	turborepo	srt-warm	q15	{"beam_policy": "uniform", "beam_width": 5, "max_depth": 5}	latency_s	0.016839292000000228
2026-03-29T19:57:23+00:00	routing	turborepo	srt-warm	q15	{"beam_policy": "waterfill", "beam_width": 5, "max_depth": 5}	ndcg@10	0.4094543838032698
2026-03-29T19:57:23+00:00	routing	turborepo	srt-warm	q15	{"beam_policy": "waterfill", "beam_width": 5, "max_depth": 5}	latency_s	0.009170624999999433
2026-03-29T19:57:23+00:00	routing	turborepo	srt-warm	q15	{"beam_policy": "uniform", "beam_width": 5, "max_depth": 7}	ndcg@10	0.2883081186970472
2026-03-29T19:57:23+00:00	routing	turborepo	srt-warm	q15	{"beam_policy": "uniform", "beam_width": 5, "max_depth": 7}	latency_s	0.017544416999999868
2026-03-29T19:57:23+00:00	routing	turborepo	srt-warm	q15	{"beam_policy": "waterfill", "beam_width": 5, "max_depth": 7}	ndcg@10	0.4094543838032698
2026-03-29T19:57:23+00:00	routing	turborepo	srt-warm	q15	{"beam_policy": "waterfill", "beam_width": 5, "max_depth": 7}	latency_s	0.009424582999999487
2026-03-29T19:57:23+00:00	routing	turborepo	srt-warm	q15	{"beam_policy": "uniform", "beam_width": 5, "max_depth": 10}	ndcg@10	0.2883081186970472
2026-03-29T19:57:23+00:00	routing	turborepo	srt-warm	q15	{"beam_policy": "uniform", "beam_width": 5, "max_depth": 10}	latency_s	0.017516624999998953
2026-03-29T19:57:23+00:00	routing	turborepo	srt-warm	q15	{"beam_policy": "waterfill", "beam_width": 5, "max_depth": 10}	ndcg@10	0.4094543838032698
2026-03-29T19:57:23+00:00	routing	turborepo	srt-warm	q15	{"beam_policy": "waterfill", "beam_width": 5, "max_depth": 10}	latency_s	0.009285207999999656
2026-03-29T19:57:23+00:00	routing	turborepo	srt-warm	q15	{"beam_policy": "uniform", "beam_width": 7, "max_depth": 3}	ndcg@10	0.0
2026-03-29T19:57:23+00:00	routing	turborepo	srt-warm	q15	{"beam_policy": "uniform", "beam_width": 7, "max_depth": 3}	latency_s	0.01649766699999944
2026-03-29T19:57:23+00:00	routing	turborepo	srt-warm	q15	{"beam_policy": "waterfill", "beam_width": 7, "max_depth": 3}	ndcg@10	0.0
2026-03-29T19:57:23+00:00	routing	turborepo	srt-warm	q15	{"beam_policy": "waterfill", "beam_width": 7, "max_depth": 3}	latency_s	0.011141625000000488
2026-03-29T19:57:23+00:00	routing	turborepo	srt-warm	q15	{"beam_policy": "uniform", "beam_width": 7, "max_depth": 5}	ndcg@10	0.2393832281257532
2026-03-29T19:57:23+00:00	routing	turborepo	srt-warm	q15	{"beam_policy": "uniform", "beam_width": 7, "max_depth": 5}	latency_s	0.03196379099999902
2026-03-29T19:57:23+00:00	routing	turborepo	srt-warm	q15	{"beam_policy": "waterfill", "beam_width": 7, "max_depth": 5}	ndcg@10	0.3477237584304432
2026-03-29T19:57:23+00:00	routing	turborepo	srt-warm	q15	{"beam_policy": "waterfill", "beam_width": 7, "max_depth": 5}	latency_s	0.01710008299999899
2026-03-29T19:57:23+00:00	routing	turborepo	srt-warm	q15	{"beam_policy": "uniform", "beam_width": 7, "max_depth": 7}	ndcg@10	0.2393832281257532
2026-03-29T19:57:23+00:00	routing	turborepo	srt-warm	q15	{"beam_policy": "uniform", "beam_width": 7, "max_depth": 7}	latency_s	0.03385341699999955
2026-03-29T19:57:23+00:00	routing	turborepo	srt-warm	q15	{"beam_policy": "waterfill", "beam_width": 7, "max_depth": 7}	ndcg@10	0.2883081186970472
2026-03-29T19:57:23+00:00	routing	turborepo	srt-warm	q15	{"beam_policy": "waterfill", "beam_width": 7, "max_depth": 7}	latency_s	0.017791083999998847
2026-03-29T19:57:23+00:00	routing	turborepo	srt-warm	q15	{"beam_policy": "uniform", "beam_width": 7, "max_depth": 10}	ndcg@10	0.2393832281257532
2026-03-29T19:57:23+00:00	routing	turborepo	srt-warm	q15	{"beam_policy": "uniform", "beam_width": 7, "max_depth": 10}	latency_s	0.0333521250000004
2026-03-29T19:57:23+00:00	routing	turborepo	srt-warm	q15	{"beam_policy": "waterfill", "beam_width": 7, "max_depth": 10}	ndcg@10	0.2883081186970472
2026-03-29T19:57:23+00:00	routing	turborepo	srt-warm	q15	{"beam_policy": "waterfill", "beam_width": 7, "max_depth": 10}	latency_s	0.018159750000000585
2026-03-29T19:57:23+00:00	routing	turborepo	srt-warm	q15	{"beam_policy": "uniform", "beam_width": 10, "max_depth": 3}	ndcg@10	0.0
2026-03-29T19:57:23+00:00	routing	turborepo	srt-warm	q15	{"beam_policy": "uniform", "beam_width": 10, "max_depth": 3}	latency_s	0.019192374999999373
2026-03-29T19:57:23+00:00	routing	turborepo	srt-warm	q15	{"beam_policy": "waterfill", "beam_width": 10, "max_depth": 3}	ndcg@10	0.0
2026-03-29T19:57:23+00:00	routing	turborepo	srt-warm	q15	{"beam_policy": "waterfill", "beam_width": 10, "max_depth": 3}	latency_s	0.015226959000001372
2026-03-29T19:57:23+00:00	routing	turborepo	srt-warm	q15	{"beam_policy": "uniform", "beam_width": 10, "max_depth": 5}	ndcg@10	0.2393832281257532
2026-03-29T19:57:23+00:00	routing	turborepo	srt-warm	q15	{"beam_policy": "uniform", "beam_width": 10, "max_depth": 5}	latency_s	0.03606791599999859
2026-03-29T19:57:23+00:00	routing	turborepo	srt-warm	q15	{"beam_policy": "waterfill", "beam_width": 10, "max_depth": 5}	ndcg@10	0.2393832281257532
2026-03-29T19:57:23+00:00	routing	turborepo	srt-warm	q15	{"beam_policy": "waterfill", "beam_width": 10, "max_depth": 5}	latency_s	0.03179366600000044
2026-03-29T19:57:23+00:00	routing	turborepo	srt-warm	q15	{"beam_policy": "uniform", "beam_width": 10, "max_depth": 7}	ndcg@10	0.2393832281257532
2026-03-29T19:57:23+00:00	routing	turborepo	srt-warm	q15	{"beam_policy": "uniform", "beam_width": 10, "max_depth": 7}	latency_s	0.03902545899999943
2026-03-29T19:57:23+00:00	routing	turborepo	srt-warm	q15	{"beam_policy": "waterfill", "beam_width": 10, "max_depth": 7}	ndcg@10	0.2393832281257532
2026-03-29T19:57:23+00:00	routing	turborepo	srt-warm	q15	{"beam_policy": "waterfill", "beam_width": 10, "max_depth": 7}	latency_s	0.03540100000000024
2026-03-29T19:57:24+00:00	routing	turborepo	srt-warm	q15	{"beam_policy": "uniform", "beam_width": 10, "max_depth": 10}	ndcg@10	0.2393832281257532
2026-03-29T19:57:24+00:00	routing	turborepo	srt-warm	q15	{"beam_policy": "uniform", "beam_width": 10, "max_depth": 10}	latency_s	0.03873958299999991
2026-03-29T19:57:24+00:00	routing	turborepo	srt-warm	q15	{"beam_policy": "waterfill", "beam_width": 10, "max_depth": 10}	ndcg@10	0.2393832281257532
2026-03-29T19:57:24+00:00	routing	turborepo	srt-warm	q15	{"beam_policy": "waterfill", "beam_width": 10, "max_depth": 10}	latency_s	0.03404033300000009
2026-03-29T19:57:24+00:00	routing	turborepo	srt-warm	q16	{"beam_policy": "uniform", "beam_width": 2, "max_depth": 3}	ndcg@10	0.0
2026-03-29T19:57:24+00:00	routing	turborepo	srt-warm	q16	{"beam_policy": "uniform", "beam_width": 2, "max_depth": 3}	latency_s	0.007763167000000237
2026-03-29T19:57:24+00:00	routing	turborepo	srt-warm	q16	{"beam_policy": "waterfill", "beam_width": 2, "max_depth": 3}	ndcg@10	0.0
2026-03-29T19:57:24+00:00	routing	turborepo	srt-warm	q16	{"beam_policy": "waterfill", "beam_width": 2, "max_depth": 3}	latency_s	0.007401291000000754
2026-03-29T19:57:24+00:00	routing	turborepo	srt-warm	q16	{"beam_policy": "uniform", "beam_width": 2, "max_depth": 5}	ndcg@10	0.0
2026-03-29T19:57:24+00:00	routing	turborepo	srt-warm	q16	{"beam_policy": "uniform", "beam_width": 2, "max_depth": 5}	latency_s	0.008001666000000185
2026-03-29T19:57:24+00:00	routing	turborepo	srt-warm	q16	{"beam_policy": "waterfill", "beam_width": 2, "max_depth": 5}	ndcg@10	0.0
2026-03-29T19:57:24+00:00	routing	turborepo	srt-warm	q16	{"beam_policy": "waterfill", "beam_width": 2, "max_depth": 5}	latency_s	0.007602291999999622
2026-03-29T19:57:24+00:00	routing	turborepo	srt-warm	q16	{"beam_policy": "uniform", "beam_width": 2, "max_depth": 7}	ndcg@10	0.0
2026-03-29T19:57:24+00:00	routing	turborepo	srt-warm	q16	{"beam_policy": "uniform", "beam_width": 2, "max_depth": 7}	latency_s	0.007641916999999054
2026-03-29T19:57:24+00:00	routing	turborepo	srt-warm	q16	{"beam_policy": "waterfill", "beam_width": 2, "max_depth": 7}	ndcg@10	0.0
2026-03-29T19:57:24+00:00	routing	turborepo	srt-warm	q16	{"beam_policy": "waterfill", "beam_width": 2, "max_depth": 7}	latency_s	0.007069750000001207
2026-03-29T19:57:24+00:00	routing	turborepo	srt-warm	q16	{"beam_policy": "uniform", "beam_width": 2, "max_depth": 10}	ndcg@10	0.0
2026-03-29T19:57:24+00:00	routing	turborepo	srt-warm	q16	{"beam_policy": "uniform", "beam_width": 2, "max_depth": 10}	latency_s	0.007758291000000028
2026-03-29T19:57:24+00:00	routing	turborepo	srt-warm	q16	{"beam_policy": "waterfill", "beam_width": 2, "max_depth": 10}	ndcg@10	0.0
2026-03-29T19:57:24+00:00	routing	turborepo	srt-warm	q16	{"beam_policy": "waterfill", "beam_width": 2, "max_depth": 10}	latency_s	0.007383042000000728
2026-03-29T19:57:24+00:00	routing	turborepo	srt-warm	q16	{"beam_policy": "uniform", "beam_width": 3, "max_depth": 3}	ndcg@10	0.0
2026-03-29T19:57:24+00:00	routing	turborepo	srt-warm	q16	{"beam_policy": "uniform", "beam_width": 3, "max_depth": 3}	latency_s	0.00720216700000087
2026-03-29T19:57:24+00:00	routing	turborepo	srt-warm	q16	{"beam_policy": "waterfill", "beam_width": 3, "max_depth": 3}	ndcg@10	0.0
2026-03-29T19:57:24+00:00	routing	turborepo	srt-warm	q16	{"beam_policy": "waterfill", "beam_width": 3, "max_depth": 3}	latency_s	0.006494666000000038
2026-03-29T19:57:24+00:00	routing	turborepo	srt-warm	q16	{"beam_policy": "uniform", "beam_width": 3, "max_depth": 5}	ndcg@10	0.0
2026-03-29T19:57:24+00:00	routing	turborepo	srt-warm	q16	{"beam_policy": "uniform", "beam_width": 3, "max_depth": 5}	latency_s	0.00822241600000062
2026-03-29T19:57:24+00:00	routing	turborepo	srt-warm	q16	{"beam_policy": "waterfill", "beam_width": 3, "max_depth": 5}	ndcg@10	0.0
2026-03-29T19:57:24+00:00	routing	turborepo	srt-warm	q16	{"beam_policy": "waterfill", "beam_width": 3, "max_depth": 5}	latency_s	0.008630124999999822
2026-03-29T19:57:24+00:00	routing	turborepo	srt-warm	q16	{"beam_policy": "uniform", "beam_width": 3, "max_depth": 7}	ndcg@10	0.0
2026-03-29T19:57:24+00:00	routing	turborepo	srt-warm	q16	{"beam_policy": "uniform", "beam_width": 3, "max_depth": 7}	latency_s	0.00787708300000034
2026-03-29T19:57:24+00:00	routing	turborepo	srt-warm	q16	{"beam_policy": "waterfill", "beam_width": 3, "max_depth": 7}	ndcg@10	0.0
2026-03-29T19:57:24+00:00	routing	turborepo	srt-warm	q16	{"beam_policy": "waterfill", "beam_width": 3, "max_depth": 7}	latency_s	0.007758625000001018
2026-03-29T19:57:24+00:00	routing	turborepo	srt-warm	q16	{"beam_policy": "uniform", "beam_width": 3, "max_depth": 10}	ndcg@10	0.0
2026-03-29T19:57:24+00:00	routing	turborepo	srt-warm	q16	{"beam_policy": "uniform", "beam_width": 3, "max_depth": 10}	latency_s	0.007812917000000752
2026-03-29T19:57:24+00:00	routing	turborepo	srt-warm	q16	{"beam_policy": "waterfill", "beam_width": 3, "max_depth": 10}	ndcg@10	0.0
2026-03-29T19:57:24+00:00	routing	turborepo	srt-warm	q16	{"beam_policy": "waterfill", "beam_width": 3, "max_depth": 10}	latency_s	0.007581165999999584
2026-03-29T19:57:24+00:00	routing	turborepo	srt-warm	q16	{"beam_policy": "uniform", "beam_width": 5, "max_depth": 3}	ndcg@10	0.0
2026-03-29T19:57:24+00:00	routing	turborepo	srt-warm	q16	{"beam_policy": "uniform", "beam_width": 5, "max_depth": 3}	latency_s	0.007907459000000117
2026-03-29T19:57:24+00:00	routing	turborepo	srt-warm	q16	{"beam_policy": "waterfill", "beam_width": 5, "max_depth": 3}	ndcg@10	0.0
2026-03-29T19:57:24+00:00	routing	turborepo	srt-warm	q16	{"beam_policy": "waterfill", "beam_width": 5, "max_depth": 3}	latency_s	0.007187041999999977
2026-03-29T19:57:24+00:00	routing	turborepo	srt-warm	q16	{"beam_policy": "uniform", "beam_width": 5, "max_depth": 5}	ndcg@10	0.0
2026-03-29T19:57:24+00:00	routing	turborepo	srt-warm	q16	{"beam_policy": "uniform", "beam_width": 5, "max_depth": 5}	latency_s	0.012672166999999845
2026-03-29T19:57:24+00:00	routing	turborepo	srt-warm	q16	{"beam_policy": "waterfill", "beam_width": 5, "max_depth": 5}	ndcg@10	0.0
2026-03-29T19:57:24+00:00	routing	turborepo	srt-warm	q16	{"beam_policy": "waterfill", "beam_width": 5, "max_depth": 5}	latency_s	0.010599374999999966
2026-03-29T19:57:24+00:00	routing	turborepo	srt-warm	q16	{"beam_policy": "uniform", "beam_width": 5, "max_depth": 7}	ndcg@10	0.0
2026-03-29T19:57:24+00:00	routing	turborepo	srt-warm	q16	{"beam_policy": "uniform", "beam_width": 5, "max_depth": 7}	latency_s	0.012551292000001268
2026-03-29T19:57:24+00:00	routing	turborepo	srt-warm	q16	{"beam_policy": "waterfill", "beam_width": 5, "max_depth": 7}	ndcg@10	0.0
2026-03-29T19:57:24+00:00	routing	turborepo	srt-warm	q16	{"beam_policy": "waterfill", "beam_width": 5, "max_depth": 7}	latency_s	0.010273374999998808
2026-03-29T19:57:24+00:00	routing	turborepo	srt-warm	q16	{"beam_policy": "uniform", "beam_width": 5, "max_depth": 10}	ndcg@10	0.0
2026-03-29T19:57:24+00:00	routing	turborepo	srt-warm	q16	{"beam_policy": "uniform", "beam_width": 5, "max_depth": 10}	latency_s	0.012156875000000511
2026-03-29T19:57:24+00:00	routing	turborepo	srt-warm	q16	{"beam_policy": "waterfill", "beam_width": 5, "max_depth": 10}	ndcg@10	0.0
2026-03-29T19:57:24+00:00	routing	turborepo	srt-warm	q16	{"beam_policy": "waterfill", "beam_width": 5, "max_depth": 10}	latency_s	0.010797791999999973
2026-03-29T19:57:24+00:00	routing	turborepo	srt-warm	q16	{"beam_policy": "uniform", "beam_width": 7, "max_depth": 3}	ndcg@10	0.0
2026-03-29T19:57:24+00:00	routing	turborepo	srt-warm	q16	{"beam_policy": "uniform", "beam_width": 7, "max_depth": 3}	latency_s	0.010897667000000055
2026-03-29T19:57:24+00:00	routing	turborepo	srt-warm	q16	{"beam_policy": "waterfill", "beam_width": 7, "max_depth": 3}	ndcg@10	0.0
2026-03-29T19:57:24+00:00	routing	turborepo	srt-warm	q16	{"beam_policy": "waterfill", "beam_width": 7, "max_depth": 3}	latency_s	0.0077886249999998824
2026-03-29T19:57:24+00:00	routing	turborepo	srt-warm	q16	{"beam_policy": "uniform", "beam_width": 7, "max_depth": 5}	ndcg@10	0.0
2026-03-29T19:57:24+00:00	routing	turborepo	srt-warm	q16	{"beam_policy": "uniform", "beam_width": 7, "max_depth": 5}	latency_s	0.017475208000000464
2026-03-29T19:57:24+00:00	routing	turborepo	srt-warm	q16	{"beam_policy": "waterfill", "beam_width": 7, "max_depth": 5}	ndcg@10	0.0
2026-03-29T19:57:24+00:00	routing	turborepo	srt-warm	q16	{"beam_policy": "waterfill", "beam_width": 7, "max_depth": 5}	latency_s	0.01269600000000004
2026-03-29T19:57:24+00:00	routing	turborepo	srt-warm	q16	{"beam_policy": "uniform", "beam_width": 7, "max_depth": 7}	ndcg@10	0.0
2026-03-29T19:57:24+00:00	routing	turborepo	srt-warm	q16	{"beam_policy": "uniform", "beam_width": 7, "max_depth": 7}	latency_s	0.017344540999999936
2026-03-29T19:57:24+00:00	routing	turborepo	srt-warm	q16	{"beam_policy": "waterfill", "beam_width": 7, "max_depth": 7}	ndcg@10	0.0
2026-03-29T19:57:24+00:00	routing	turborepo	srt-warm	q16	{"beam_policy": "waterfill", "beam_width": 7, "max_depth": 7}	latency_s	0.012302584000000394
2026-03-29T19:57:24+00:00	routing	turborepo	srt-warm	q16	{"beam_policy": "uniform", "beam_width": 7, "max_depth": 10}	ndcg@10	0.0
2026-03-29T19:57:24+00:00	routing	turborepo	srt-warm	q16	{"beam_policy": "uniform", "beam_width": 7, "max_depth": 10}	latency_s	0.017070583999998945
2026-03-29T19:57:24+00:00	routing	turborepo	srt-warm	q16	{"beam_policy": "waterfill", "beam_width": 7, "max_depth": 10}	ndcg@10	0.0
2026-03-29T19:57:24+00:00	routing	turborepo	srt-warm	q16	{"beam_policy": "waterfill", "beam_width": 7, "max_depth": 10}	latency_s	0.012250291999999163
2026-03-29T19:57:24+00:00	routing	turborepo	srt-warm	q16	{"beam_policy": "uniform", "beam_width": 10, "max_depth": 3}	ndcg@10	0.0
2026-03-29T19:57:24+00:00	routing	turborepo	srt-warm	q16	{"beam_policy": "uniform", "beam_width": 10, "max_depth": 3}	latency_s	0.018026709000000807
2026-03-29T19:57:24+00:00	routing	turborepo	srt-warm	q16	{"beam_policy": "waterfill", "beam_width": 10, "max_depth": 3}	ndcg@10	0.0
2026-03-29T19:57:24+00:00	routing	turborepo	srt-warm	q16	{"beam_policy": "waterfill", "beam_width": 10, "max_depth": 3}	latency_s	0.0113627919999999
2026-03-29T19:57:24+00:00	routing	turborepo	srt-warm	q16	{"beam_policy": "uniform", "beam_width": 10, "max_depth": 5}	ndcg@10	0.0
2026-03-29T19:57:24+00:00	routing	turborepo	srt-warm	q16	{"beam_policy": "uniform", "beam_width": 10, "max_depth": 5}	latency_s	0.04406220800000149
2026-03-29T19:57:24+00:00	routing	turborepo	srt-warm	q16	{"beam_policy": "waterfill", "beam_width": 10, "max_depth": 5}	ndcg@10	0.0
2026-03-29T19:57:24+00:00	routing	turborepo	srt-warm	q16	{"beam_policy": "waterfill", "beam_width": 10, "max_depth": 5}	latency_s	0.017557000000000045
2026-03-29T19:57:24+00:00	routing	turborepo	srt-warm	q16	{"beam_policy": "uniform", "beam_width": 10, "max_depth": 7}	ndcg@10	0.0
2026-03-29T19:57:24+00:00	routing	turborepo	srt-warm	q16	{"beam_policy": "uniform", "beam_width": 10, "max_depth": 7}	latency_s	0.0561735419999998
2026-03-29T19:57:24+00:00	routing	turborepo	srt-warm	q16	{"beam_policy": "waterfill", "beam_width": 10, "max_depth": 7}	ndcg@10	0.0
2026-03-29T19:57:24+00:00	routing	turborepo	srt-warm	q16	{"beam_policy": "waterfill", "beam_width": 10, "max_depth": 7}	latency_s	0.018036499999999123
2026-03-29T19:57:24+00:00	routing	turborepo	srt-warm	q16	{"beam_policy": "uniform", "beam_width": 10, "max_depth": 10}	ndcg@10	0.0
2026-03-29T19:57:24+00:00	routing	turborepo	srt-warm	q16	{"beam_policy": "uniform", "beam_width": 10, "max_depth": 10}	latency_s	0.056659792000001374
2026-03-29T19:57:24+00:00	routing	turborepo	srt-warm	q16	{"beam_policy": "waterfill", "beam_width": 10, "max_depth": 10}	ndcg@10	0.0
2026-03-29T19:57:24+00:00	routing	turborepo	srt-warm	q16	{"beam_policy": "waterfill", "beam_width": 10, "max_depth": 10}	latency_s	0.017837250000001248
2026-03-29T19:57:24+00:00	routing	turborepo	srt-warm	q17	{"beam_policy": "uniform", "beam_width": 2, "max_depth": 3}	ndcg@10	0.0
2026-03-29T19:57:24+00:00	routing	turborepo	srt-warm	q17	{"beam_policy": "uniform", "beam_width": 2, "max_depth": 3}	latency_s	0.007852500000000262
2026-03-29T19:57:24+00:00	routing	turborepo	srt-warm	q17	{"beam_policy": "waterfill", "beam_width": 2, "max_depth": 3}	ndcg@10	0.0
2026-03-29T19:57:24+00:00	routing	turborepo	srt-warm	q17	{"beam_policy": "waterfill", "beam_width": 2, "max_depth": 3}	latency_s	0.006935459000001032
2026-03-29T19:57:24+00:00	routing	turborepo	srt-warm	q17	{"beam_policy": "uniform", "beam_width": 2, "max_depth": 5}	ndcg@10	0.6309015148106042
2026-03-29T19:57:24+00:00	routing	turborepo	srt-warm	q17	{"beam_policy": "uniform", "beam_width": 2, "max_depth": 5}	latency_s	0.012030540999999673
2026-03-29T19:57:24+00:00	routing	turborepo	srt-warm	q17	{"beam_policy": "waterfill", "beam_width": 2, "max_depth": 5}	ndcg@10	0.6394712885097369
2026-03-29T19:57:24+00:00	routing	turborepo	srt-warm	q17	{"beam_policy": "waterfill", "beam_width": 2, "max_depth": 5}	latency_s	0.010501708999999693
2026-03-29T19:57:24+00:00	routing	turborepo	srt-warm	q17	{"beam_policy": "uniform", "beam_width": 2, "max_depth": 7}	ndcg@10	0.6239784957877976
2026-03-29T19:57:24+00:00	routing	turborepo	srt-warm	q17	{"beam_policy": "uniform", "beam_width": 2, "max_depth": 7}	latency_s	0.015069417000001195
2026-03-29T19:57:24+00:00	routing	turborepo	srt-warm	q17	{"beam_policy": "waterfill", "beam_width": 2, "max_depth": 7}	ndcg@10	0.6309015148106042
2026-03-29T19:57:24+00:00	routing	turborepo	srt-warm	q17	{"beam_policy": "waterfill", "beam_width": 2, "max_depth": 7}	latency_s	0.01281058399999857
2026-03-29T19:57:24+00:00	routing	turborepo	srt-warm	q17	{"beam_policy": "uniform", "beam_width": 2, "max_depth": 10}	ndcg@10	0.6239784957877976
2026-03-29T19:57:24+00:00	routing	turborepo	srt-warm	q17	{"beam_policy": "uniform", "beam_width": 2, "max_depth": 10}	latency_s	0.015726124999998703
2026-03-29T19:57:24+00:00	routing	turborepo	srt-warm	q17	{"beam_policy": "waterfill", "beam_width": 2, "max_depth": 10}	ndcg@10	0.6309015148106042
2026-03-29T19:57:24+00:00	routing	turborepo	srt-warm	q17	{"beam_policy": "waterfill", "beam_width": 2, "max_depth": 10}	latency_s	0.011843666999999058
2026-03-29T19:57:24+00:00	routing	turborepo	srt-warm	q17	{"beam_policy": "uniform", "beam_width": 3, "max_depth": 3}	ndcg@10	0.0
2026-03-29T19:57:24+00:00	routing	turborepo	srt-warm	q17	{"beam_policy": "uniform", "beam_width": 3, "max_depth": 3}	latency_s	0.008420125000000667
2026-03-29T19:57:24+00:00	routing	turborepo	srt-warm	q17	{"beam_policy": "waterfill", "beam_width": 3, "max_depth": 3}	ndcg@10	0.0
2026-03-29T19:57:24+00:00	routing	turborepo	srt-warm	q17	{"beam_policy": "waterfill", "beam_width": 3, "max_depth": 3}	latency_s	0.008512540999999985
2026-03-29T19:57:24+00:00	routing	turborepo	srt-warm	q17	{"beam_policy": "uniform", "beam_width": 3, "max_depth": 5}	ndcg@10	0.6239784957877976
2026-03-29T19:57:24+00:00	routing	turborepo	srt-warm	q17	{"beam_policy": "uniform", "beam_width": 3, "max_depth": 5}	latency_s	0.013168167000001674
2026-03-29T19:57:24+00:00	routing	turborepo	srt-warm	q17	{"beam_policy": "waterfill", "beam_width": 3, "max_depth": 5}	ndcg@10	0.6309015148106042
2026-03-29T19:57:24+00:00	routing	turborepo	srt-warm	q17	{"beam_policy": "waterfill", "beam_width": 3, "max_depth": 5}	latency_s	0.01220941700000111
2026-03-29T19:57:24+00:00	routing	turborepo	srt-warm	q17	{"beam_policy": "uniform", "beam_width": 3, "max_depth": 7}	ndcg@10	0.6182399590935599
2026-03-29T19:57:24+00:00	routing	turborepo	srt-warm	q17	{"beam_policy": "uniform", "beam_width": 3, "max_depth": 7}	latency_s	0.017991208000001535
2026-03-29T19:57:24+00:00	routing	turborepo	srt-warm	q17	{"beam_policy": "waterfill", "beam_width": 3, "max_depth": 7}	ndcg@10	0.6239784957877976
2026-03-29T19:57:24+00:00	routing	turborepo	srt-warm	q17	{"beam_policy": "waterfill", "beam_width": 3, "max_depth": 7}	latency_s	0.014879374999999584
2026-03-29T19:57:24+00:00	routing	turborepo	srt-warm	q17	{"beam_policy": "uniform", "beam_width": 3, "max_depth": 10}	ndcg@10	0.6182399590935599
2026-03-29T19:57:24+00:00	routing	turborepo	srt-warm	q17	{"beam_policy": "uniform", "beam_width": 3, "max_depth": 10}	latency_s	0.018368624999999028
2026-03-29T19:57:24+00:00	routing	turborepo	srt-warm	q17	{"beam_policy": "waterfill", "beam_width": 3, "max_depth": 10}	ndcg@10	0.6239784957877976
2026-03-29T19:57:24+00:00	routing	turborepo	srt-warm	q17	{"beam_policy": "waterfill", "beam_width": 3, "max_depth": 10}	latency_s	0.01489862500000072
2026-03-29T19:57:24+00:00	routing	turborepo	srt-warm	q17	{"beam_policy": "uniform", "beam_width": 5, "max_depth": 3}	ndcg@10	0.0
2026-03-29T19:57:24+00:00	routing	turborepo	srt-warm	q17	{"beam_policy": "uniform", "beam_width": 5, "max_depth": 3}	latency_s	0.010284417000001156
2026-03-29T19:57:24+00:00	routing	turborepo	srt-warm	q17	{"beam_policy": "waterfill", "beam_width": 5, "max_depth": 3}	ndcg@10	0.0
2026-03-29T19:57:24+00:00	routing	turborepo	srt-warm	q17	{"beam_policy": "waterfill", "beam_width": 5, "max_depth": 3}	latency_s	0.00789329200000033
2026-03-29T19:57:24+00:00	routing	turborepo	srt-warm	q17	{"beam_policy": "uniform", "beam_width": 5, "max_depth": 5}	ndcg@10	0.302596096856603
2026-03-29T19:57:24+00:00	routing	turborepo	srt-warm	q17	{"beam_policy": "uniform", "beam_width": 5, "max_depth": 5}	latency_s	0.0263120420000007
2026-03-29T19:57:24+00:00	routing	turborepo	srt-warm	q17	{"beam_policy": "waterfill", "beam_width": 5, "max_depth": 5}	ndcg@10	0.302596096856603
2026-03-29T19:57:24+00:00	routing	turborepo	srt-warm	q17	{"beam_policy": "waterfill", "beam_width": 5, "max_depth": 5}	latency_s	0.020028749999999818
2026-03-29T19:57:25+00:00	routing	turborepo	srt-warm	q17	{"beam_policy": "uniform", "beam_width": 5, "max_depth": 7}	ndcg@10	0.302596096856603
2026-03-29T19:57:25+00:00	routing	turborepo	srt-warm	q17	{"beam_policy": "uniform", "beam_width": 5, "max_depth": 7}	latency_s	0.03239437499999909
2026-03-29T19:57:25+00:00	routing	turborepo	srt-warm	q17	{"beam_policy": "waterfill", "beam_width": 5, "max_depth": 7}	ndcg@10	0.302596096856603
2026-03-29T19:57:25+00:00	routing	turborepo	srt-warm	q17	{"beam_policy": "waterfill", "beam_width": 5, "max_depth": 7}	latency_s	0.02576670899999911
2026-03-29T19:57:25+00:00	routing	turborepo	srt-warm	q17	{"beam_policy": "uniform", "beam_width": 5, "max_depth": 10}	ndcg@10	0.302596096856603
2026-03-29T19:57:25+00:00	routing	turborepo	srt-warm	q17	{"beam_policy": "uniform", "beam_width": 5, "max_depth": 10}	latency_s	0.03298591699999953
2026-03-29T19:57:25+00:00	routing	turborepo	srt-warm	q17	{"beam_policy": "waterfill", "beam_width": 5, "max_depth": 10}	ndcg@10	0.302596096856603
2026-03-29T19:57:25+00:00	routing	turborepo	srt-warm	q17	{"beam_policy": "waterfill", "beam_width": 5, "max_depth": 10}	latency_s	0.025453584000000973
2026-03-29T19:57:25+00:00	routing	turborepo	srt-warm	q17	{"beam_policy": "uniform", "beam_width": 7, "max_depth": 3}	ndcg@10	0.0
2026-03-29T19:57:25+00:00	routing	turborepo	srt-warm	q17	{"beam_policy": "uniform", "beam_width": 7, "max_depth": 3}	latency_s	0.01534904100000034
2026-03-29T19:57:25+00:00	routing	turborepo	srt-warm	q17	{"beam_policy": "waterfill", "beam_width": 7, "max_depth": 3}	ndcg@10	0.0
2026-03-29T19:57:25+00:00	routing	turborepo	srt-warm	q17	{"beam_policy": "waterfill", "beam_width": 7, "max_depth": 3}	latency_s	0.010885292000001101
2026-03-29T19:57:25+00:00	routing	turborepo	srt-warm	q17	{"beam_policy": "uniform", "beam_width": 7, "max_depth": 5}	ndcg@10	0.302596096856603
2026-03-29T19:57:25+00:00	routing	turborepo	srt-warm	q17	{"beam_policy": "uniform", "beam_width": 7, "max_depth": 5}	latency_s	0.042137291999999604
2026-03-29T19:57:25+00:00	routing	turborepo	srt-warm	q17	{"beam_policy": "waterfill", "beam_width": 7, "max_depth": 5}	ndcg@10	0.302596096856603
2026-03-29T19:57:25+00:00	routing	turborepo	srt-warm	q17	{"beam_policy": "waterfill", "beam_width": 7, "max_depth": 5}	latency_s	0.027131457999999498
2026-03-29T19:57:25+00:00	routing	turborepo	srt-warm	q17	{"beam_policy": "uniform", "beam_width": 7, "max_depth": 7}	ndcg@10	0.302596096856603
2026-03-29T19:57:25+00:00	routing	turborepo	srt-warm	q17	{"beam_policy": "uniform", "beam_width": 7, "max_depth": 7}	latency_s	0.05332258299999992
2026-03-29T19:57:25+00:00	routing	turborepo	srt-warm	q17	{"beam_policy": "waterfill", "beam_width": 7, "max_depth": 7}	ndcg@10	0.302596096856603
2026-03-29T19:57:25+00:00	routing	turborepo	srt-warm	q17	{"beam_policy": "waterfill", "beam_width": 7, "max_depth": 7}	latency_s	0.03366850000000099
2026-03-29T19:57:25+00:00	routing	turborepo	srt-warm	q17	{"beam_policy": "uniform", "beam_width": 7, "max_depth": 10}	ndcg@10	0.302596096856603
2026-03-29T19:57:25+00:00	routing	turborepo	srt-warm	q17	{"beam_policy": "uniform", "beam_width": 7, "max_depth": 10}	latency_s	0.05495133300000177
2026-03-29T19:57:25+00:00	routing	turborepo	srt-warm	q17	{"beam_policy": "waterfill", "beam_width": 7, "max_depth": 10}	ndcg@10	0.302596096856603
2026-03-29T19:57:25+00:00	routing	turborepo	srt-warm	q17	{"beam_policy": "waterfill", "beam_width": 7, "max_depth": 10}	latency_s	0.03357054199999965
2026-03-29T19:57:25+00:00	routing	turborepo	srt-warm	q17	{"beam_policy": "uniform", "beam_width": 10, "max_depth": 3}	ndcg@10	0.0
2026-03-29T19:57:25+00:00	routing	turborepo	srt-warm	q17	{"beam_policy": "uniform", "beam_width": 10, "max_depth": 3}	latency_s	0.01836045800000008
2026-03-29T19:57:25+00:00	routing	turborepo	srt-warm	q17	{"beam_policy": "waterfill", "beam_width": 10, "max_depth": 3}	ndcg@10	0.0
2026-03-29T19:57:25+00:00	routing	turborepo	srt-warm	q17	{"beam_policy": "waterfill", "beam_width": 10, "max_depth": 3}	latency_s	0.015464832999999345
2026-03-29T19:57:25+00:00	routing	turborepo	srt-warm	q17	{"beam_policy": "uniform", "beam_width": 10, "max_depth": 5}	ndcg@10	0.302596096856603
2026-03-29T19:57:25+00:00	routing	turborepo	srt-warm	q17	{"beam_policy": "uniform", "beam_width": 10, "max_depth": 5}	latency_s	0.048373000000001554
2026-03-29T19:57:25+00:00	routing	turborepo	srt-warm	q17	{"beam_policy": "waterfill", "beam_width": 10, "max_depth": 5}	ndcg@10	0.302596096856603
2026-03-29T19:57:25+00:00	routing	turborepo	srt-warm	q17	{"beam_policy": "waterfill", "beam_width": 10, "max_depth": 5}	latency_s	0.043607832999999374
2026-03-29T19:57:25+00:00	routing	turborepo	srt-warm	q17	{"beam_policy": "uniform", "beam_width": 10, "max_depth": 7}	ndcg@10	0.302596096856603
2026-03-29T19:57:25+00:00	routing	turborepo	srt-warm	q17	{"beam_policy": "uniform", "beam_width": 10, "max_depth": 7}	latency_s	0.06113799999999969
2026-03-29T19:57:25+00:00	routing	turborepo	srt-warm	q17	{"beam_policy": "waterfill", "beam_width": 10, "max_depth": 7}	ndcg@10	0.302596096856603
2026-03-29T19:57:25+00:00	routing	turborepo	srt-warm	q17	{"beam_policy": "waterfill", "beam_width": 10, "max_depth": 7}	latency_s	0.05568562499999885
2026-03-29T19:57:25+00:00	routing	turborepo	srt-warm	q17	{"beam_policy": "uniform", "beam_width": 10, "max_depth": 10}	ndcg@10	0.302596096856603
2026-03-29T19:57:25+00:00	routing	turborepo	srt-warm	q17	{"beam_policy": "uniform", "beam_width": 10, "max_depth": 10}	latency_s	0.061909374999999045
2026-03-29T19:57:25+00:00	routing	turborepo	srt-warm	q17	{"beam_policy": "waterfill", "beam_width": 10, "max_depth": 10}	ndcg@10	0.302596096856603
2026-03-29T19:57:25+00:00	routing	turborepo	srt-warm	q17	{"beam_policy": "waterfill", "beam_width": 10, "max_depth": 10}	latency_s	0.05675504199999892
2026-03-29T19:57:25+00:00	routing	turborepo	srt-warm	q18	{"beam_policy": "uniform", "beam_width": 2, "max_depth": 3}	ndcg@10	0.0
2026-03-29T19:57:25+00:00	routing	turborepo	srt-warm	q18	{"beam_policy": "uniform", "beam_width": 2, "max_depth": 3}	latency_s	0.007600040999999891
2026-03-29T19:57:25+00:00	routing	turborepo	srt-warm	q18	{"beam_policy": "waterfill", "beam_width": 2, "max_depth": 3}	ndcg@10	0.0
2026-03-29T19:57:25+00:00	routing	turborepo	srt-warm	q18	{"beam_policy": "waterfill", "beam_width": 2, "max_depth": 3}	latency_s	0.0067227080000016315
2026-03-29T19:57:25+00:00	routing	turborepo	srt-warm	q18	{"beam_policy": "uniform", "beam_width": 2, "max_depth": 5}	ndcg@10	0.2065539701415984
2026-03-29T19:57:25+00:00	routing	turborepo	srt-warm	q18	{"beam_policy": "uniform", "beam_width": 2, "max_depth": 5}	latency_s	0.008203874999999528
2026-03-29T19:57:25+00:00	routing	turborepo	srt-warm	q18	{"beam_policy": "waterfill", "beam_width": 2, "max_depth": 5}	ndcg@10	0.2065539701415984
2026-03-29T19:57:25+00:00	routing	turborepo	srt-warm	q18	{"beam_policy": "waterfill", "beam_width": 2, "max_depth": 5}	latency_s	0.007145792000002871
2026-03-29T19:57:25+00:00	routing	turborepo	srt-warm	q18	{"beam_policy": "uniform", "beam_width": 2, "max_depth": 7}	ndcg@10	0.2065539701415984
2026-03-29T19:57:25+00:00	routing	turborepo	srt-warm	q18	{"beam_policy": "uniform", "beam_width": 2, "max_depth": 7}	latency_s	0.008049500000002041
2026-03-29T19:57:25+00:00	routing	turborepo	srt-warm	q18	{"beam_policy": "waterfill", "beam_width": 2, "max_depth": 7}	ndcg@10	0.2065539701415984
2026-03-29T19:57:25+00:00	routing	turborepo	srt-warm	q18	{"beam_policy": "waterfill", "beam_width": 2, "max_depth": 7}	latency_s	0.007069208000000771
2026-03-29T19:57:25+00:00	routing	turborepo	srt-warm	q18	{"beam_policy": "uniform", "beam_width": 2, "max_depth": 10}	ndcg@10	0.2065539701415984
2026-03-29T19:57:25+00:00	routing	turborepo	srt-warm	q18	{"beam_policy": "uniform", "beam_width": 2, "max_depth": 10}	latency_s	0.008065040999998274
2026-03-29T19:57:25+00:00	routing	turborepo	srt-warm	q18	{"beam_policy": "waterfill", "beam_width": 2, "max_depth": 10}	ndcg@10	0.2065539701415984
2026-03-29T19:57:25+00:00	routing	turborepo	srt-warm	q18	{"beam_policy": "waterfill", "beam_width": 2, "max_depth": 10}	latency_s	0.007139250000001596
2026-03-29T19:57:25+00:00	routing	turborepo	srt-warm	q18	{"beam_policy": "uniform", "beam_width": 3, "max_depth": 3}	ndcg@10	0.0
2026-03-29T19:57:25+00:00	routing	turborepo	srt-warm	q18	{"beam_policy": "uniform", "beam_width": 3, "max_depth": 3}	latency_s	0.0072051660000020945
2026-03-29T19:57:25+00:00	routing	turborepo	srt-warm	q18	{"beam_policy": "waterfill", "beam_width": 3, "max_depth": 3}	ndcg@10	0.0
2026-03-29T19:57:25+00:00	routing	turborepo	srt-warm	q18	{"beam_policy": "waterfill", "beam_width": 3, "max_depth": 3}	latency_s	0.006705417000002711
2026-03-29T19:57:26+00:00	routing	turborepo	srt-warm	q18	{"beam_policy": "uniform", "beam_width": 3, "max_depth": 5}	ndcg@10	0.2065539701415984
2026-03-29T19:57:26+00:00	routing	turborepo	srt-warm	q18	{"beam_policy": "uniform", "beam_width": 3, "max_depth": 5}	latency_s	0.011911167000000944
2026-03-29T19:57:26+00:00	routing	turborepo	srt-warm	q18	{"beam_policy": "waterfill", "beam_width": 3, "max_depth": 5}	ndcg@10	0.2065539701415984
2026-03-29T19:57:26+00:00	routing	turborepo	srt-warm	q18	{"beam_policy": "waterfill", "beam_width": 3, "max_depth": 5}	latency_s	0.0075874589999997966
2026-03-29T19:57:26+00:00	routing	turborepo	srt-warm	q18	{"beam_policy": "uniform", "beam_width": 3, "max_depth": 7}	ndcg@10	0.2065539701415984
2026-03-29T19:57:26+00:00	routing	turborepo	srt-warm	q18	{"beam_policy": "uniform", "beam_width": 3, "max_depth": 7}	latency_s	0.010747540999997085
2026-03-29T19:57:26+00:00	routing	turborepo	srt-warm	q18	{"beam_policy": "waterfill", "beam_width": 3, "max_depth": 7}	ndcg@10	0.2065539701415984
2026-03-29T19:57:26+00:00	routing	turborepo	srt-warm	q18	{"beam_policy": "waterfill", "beam_width": 3, "max_depth": 7}	latency_s	0.007630832999996784
2026-03-29T19:57:26+00:00	routing	turborepo	srt-warm	q18	{"beam_policy": "uniform", "beam_width": 3, "max_depth": 10}	ndcg@10	0.2065539701415984
2026-03-29T19:57:26+00:00	routing	turborepo	srt-warm	q18	{"beam_policy": "uniform", "beam_width": 3, "max_depth": 10}	latency_s	0.010953000000000657
2026-03-29T19:57:26+00:00	routing	turborepo	srt-warm	q18	{"beam_policy": "waterfill", "beam_width": 3, "max_depth": 10}	ndcg@10	0.2065539701415984
2026-03-29T19:57:26+00:00	routing	turborepo	srt-warm	q18	{"beam_policy": "waterfill", "beam_width": 3, "max_depth": 10}	latency_s	0.00853129200000069
2026-03-29T19:57:26+00:00	routing	turborepo	srt-warm	q18	{"beam_policy": "uniform", "beam_width": 5, "max_depth": 3}	ndcg@10	0.0
2026-03-29T19:57:26+00:00	routing	turborepo	srt-warm	q18	{"beam_policy": "uniform", "beam_width": 5, "max_depth": 3}	latency_s	0.009370374999999598
2026-03-29T19:57:26+00:00	routing	turborepo	srt-warm	q18	{"beam_policy": "waterfill", "beam_width": 5, "max_depth": 3}	ndcg@10	0.0
2026-03-29T19:57:26+00:00	routing	turborepo	srt-warm	q18	{"beam_policy": "waterfill", "beam_width": 5, "max_depth": 3}	latency_s	0.007988250000000363
2026-03-29T19:57:26+00:00	routing	turborepo	srt-warm	q18	{"beam_policy": "uniform", "beam_width": 5, "max_depth": 5}	ndcg@10	0.1512980484283015
2026-03-29T19:57:26+00:00	routing	turborepo	srt-warm	q18	{"beam_policy": "uniform", "beam_width": 5, "max_depth": 5}	latency_s	0.022023916000001975
2026-03-29T19:57:26+00:00	routing	turborepo	srt-warm	q18	{"beam_policy": "waterfill", "beam_width": 5, "max_depth": 5}	ndcg@10	0.2065539701415984
2026-03-29T19:57:26+00:00	routing	turborepo	srt-warm	q18	{"beam_policy": "waterfill", "beam_width": 5, "max_depth": 5}	latency_s	0.016956167000000022
2026-03-29T19:57:26+00:00	routing	turborepo	srt-warm	q18	{"beam_policy": "uniform", "beam_width": 5, "max_depth": 7}	ndcg@10	0.1512980484283015
2026-03-29T19:57:26+00:00	routing	turborepo	srt-warm	q18	{"beam_policy": "uniform", "beam_width": 5, "max_depth": 7}	latency_s	0.029025000000000745
2026-03-29T19:57:26+00:00	routing	turborepo	srt-warm	q18	{"beam_policy": "waterfill", "beam_width": 5, "max_depth": 7}	ndcg@10	0.2065539701415984
2026-03-29T19:57:26+00:00	routing	turborepo	srt-warm	q18	{"beam_policy": "waterfill", "beam_width": 5, "max_depth": 7}	latency_s	0.02342145799999784
2026-03-29T19:57:26+00:00	routing	turborepo	srt-warm	q18	{"beam_policy": "uniform", "beam_width": 5, "max_depth": 10}	ndcg@10	0.1512980484283015
2026-03-29T19:57:26+00:00	routing	turborepo	srt-warm	q18	{"beam_policy": "uniform", "beam_width": 5, "max_depth": 10}	latency_s	0.028274499999998426
2026-03-29T19:57:26+00:00	routing	turborepo	srt-warm	q18	{"beam_policy": "waterfill", "beam_width": 5, "max_depth": 10}	ndcg@10	0.2065539701415984
2026-03-29T19:57:26+00:00	routing	turborepo	srt-warm	q18	{"beam_policy": "waterfill", "beam_width": 5, "max_depth": 10}	latency_s	0.022480666999999954
2026-03-29T19:57:26+00:00	routing	turborepo	srt-warm	q18	{"beam_policy": "uniform", "beam_width": 7, "max_depth": 3}	ndcg@10	0.0
2026-03-29T19:57:26+00:00	routing	turborepo	srt-warm	q18	{"beam_policy": "uniform", "beam_width": 7, "max_depth": 3}	latency_s	0.01258795800000101
2026-03-29T19:57:26+00:00	routing	turborepo	srt-warm	q18	{"beam_policy": "waterfill", "beam_width": 7, "max_depth": 3}	ndcg@10	0.0
2026-03-29T19:57:26+00:00	routing	turborepo	srt-warm	q18	{"beam_policy": "waterfill", "beam_width": 7, "max_depth": 3}	latency_s	0.008730041999999827
2026-03-29T19:57:26+00:00	routing	turborepo	srt-warm	q18	{"beam_policy": "uniform", "beam_width": 7, "max_depth": 5}	ndcg@10	0.2471472007731312
2026-03-29T19:57:26+00:00	routing	turborepo	srt-warm	q18	{"beam_policy": "uniform", "beam_width": 7, "max_depth": 5}	latency_s	0.03434895799999893
2026-03-29T19:57:26+00:00	routing	turborepo	srt-warm	q18	{"beam_policy": "waterfill", "beam_width": 7, "max_depth": 5}	ndcg@10	0.1512980484283015
2026-03-29T19:57:26+00:00	routing	turborepo	srt-warm	q18	{"beam_policy": "waterfill", "beam_width": 7, "max_depth": 5}	latency_s	0.02279504100000196
2026-03-29T19:57:26+00:00	routing	turborepo	srt-warm	q18	{"beam_policy": "uniform", "beam_width": 7, "max_depth": 7}	ndcg@10	0.2471472007731312
2026-03-29T19:57:26+00:00	routing	turborepo	srt-warm	q18	{"beam_policy": "uniform", "beam_width": 7, "max_depth": 7}	latency_s	0.0517679159999993
2026-03-29T19:57:26+00:00	routing	turborepo	srt-warm	q18	{"beam_policy": "waterfill", "beam_width": 7, "max_depth": 7}	ndcg@10	0.1512980484283015
2026-03-29T19:57:26+00:00	routing	turborepo	srt-warm	q18	{"beam_policy": "waterfill", "beam_width": 7, "max_depth": 7}	latency_s	0.028574165999998513
2026-03-29T19:57:26+00:00	routing	turborepo	srt-warm	q18	{"beam_policy": "uniform", "beam_width": 7, "max_depth": 10}	ndcg@10	0.2471472007731312
2026-03-29T19:57:26+00:00	routing	turborepo	srt-warm	q18	{"beam_policy": "uniform", "beam_width": 7, "max_depth": 10}	latency_s	0.051191917000000586
2026-03-29T19:57:26+00:00	routing	turborepo	srt-warm	q18	{"beam_policy": "waterfill", "beam_width": 7, "max_depth": 10}	ndcg@10	0.1512980484283015
2026-03-29T19:57:26+00:00	routing	turborepo	srt-warm	q18	{"beam_policy": "waterfill", "beam_width": 7, "max_depth": 10}	latency_s	0.02953337499999975
2026-03-29T19:57:26+00:00	routing	turborepo	srt-warm	q18	{"beam_policy": "uniform", "beam_width": 10, "max_depth": 3}	ndcg@10	0.0
2026-03-29T19:57:26+00:00	routing	turborepo	srt-warm	q18	{"beam_policy": "uniform", "beam_width": 10, "max_depth": 3}	latency_s	0.014717041000000819
2026-03-29T19:57:26+00:00	routing	turborepo	srt-warm	q18	{"beam_policy": "waterfill", "beam_width": 10, "max_depth": 3}	ndcg@10	0.0
2026-03-29T19:57:26+00:00	routing	turborepo	srt-warm	q18	{"beam_policy": "waterfill", "beam_width": 10, "max_depth": 3}	latency_s	0.012485250000001002
2026-03-29T19:57:26+00:00	routing	turborepo	srt-warm	q18	{"beam_policy": "uniform", "beam_width": 10, "max_depth": 5}	ndcg@10	0.2471472007731312
2026-03-29T19:57:26+00:00	routing	turborepo	srt-warm	q18	{"beam_policy": "uniform", "beam_width": 10, "max_depth": 5}	latency_s	0.03907083400000033
2026-03-29T19:57:26+00:00	routing	turborepo	srt-warm	q18	{"beam_policy": "waterfill", "beam_width": 10, "max_depth": 5}	ndcg@10	0.2471472007731312
2026-03-29T19:57:26+00:00	routing	turborepo	srt-warm	q18	{"beam_policy": "waterfill", "beam_width": 10, "max_depth": 5}	latency_s	0.03472650000000144
2026-03-29T19:57:26+00:00	routing	turborepo	srt-warm	q18	{"beam_policy": "uniform", "beam_width": 10, "max_depth": 7}	ndcg@10	0.2471472007731312
2026-03-29T19:57:26+00:00	routing	turborepo	srt-warm	q18	{"beam_policy": "uniform", "beam_width": 10, "max_depth": 7}	latency_s	0.06555679200000242
2026-03-29T19:57:26+00:00	routing	turborepo	srt-warm	q18	{"beam_policy": "waterfill", "beam_width": 10, "max_depth": 7}	ndcg@10	0.2471472007731312
2026-03-29T19:57:26+00:00	routing	turborepo	srt-warm	q18	{"beam_policy": "waterfill", "beam_width": 10, "max_depth": 7}	latency_s	0.052782707999998735
2026-03-29T19:57:26+00:00	routing	turborepo	srt-warm	q18	{"beam_policy": "uniform", "beam_width": 10, "max_depth": 10}	ndcg@10	0.2471472007731312
2026-03-29T19:57:26+00:00	routing	turborepo	srt-warm	q18	{"beam_policy": "uniform", "beam_width": 10, "max_depth": 10}	latency_s	0.06614479199999934
2026-03-29T19:57:26+00:00	routing	turborepo	srt-warm	q18	{"beam_policy": "waterfill", "beam_width": 10, "max_depth": 10}	ndcg@10	0.2471472007731312
2026-03-29T19:57:26+00:00	routing	turborepo	srt-warm	q18	{"beam_policy": "waterfill", "beam_width": 10, "max_depth": 10}	latency_s	0.052774665999997694
2026-03-29T19:57:26+00:00	routing	turborepo	srt-warm	q19	{"beam_policy": "uniform", "beam_width": 2, "max_depth": 3}	ndcg@10	0.0
2026-03-29T19:57:26+00:00	routing	turborepo	srt-warm	q19	{"beam_policy": "uniform", "beam_width": 2, "max_depth": 3}	latency_s	0.00818937500000061
2026-03-29T19:57:26+00:00	routing	turborepo	srt-warm	q19	{"beam_policy": "waterfill", "beam_width": 2, "max_depth": 3}	ndcg@10	0.0
2026-03-29T19:57:26+00:00	routing	turborepo	srt-warm	q19	{"beam_policy": "waterfill", "beam_width": 2, "max_depth": 3}	latency_s	0.007081708999997716
2026-03-29T19:57:26+00:00	routing	turborepo	srt-warm	q19	{"beam_policy": "uniform", "beam_width": 2, "max_depth": 5}	ndcg@10	0.855349530090474
2026-03-29T19:57:26+00:00	routing	turborepo	srt-warm	q19	{"beam_policy": "uniform", "beam_width": 2, "max_depth": 5}	latency_s	0.010631582999998557
2026-03-29T19:57:26+00:00	routing	turborepo	srt-warm	q19	{"beam_policy": "waterfill", "beam_width": 2, "max_depth": 5}	ndcg@10	0.855349530090474
2026-03-29T19:57:26+00:00	routing	turborepo	srt-warm	q19	{"beam_policy": "waterfill", "beam_width": 2, "max_depth": 5}	latency_s	0.009086708000001664
2026-03-29T19:57:26+00:00	routing	turborepo	srt-warm	q19	{"beam_policy": "uniform", "beam_width": 2, "max_depth": 7}	ndcg@10	0.855349530090474
2026-03-29T19:57:26+00:00	routing	turborepo	srt-warm	q19	{"beam_policy": "uniform", "beam_width": 2, "max_depth": 7}	latency_s	0.010988749999999214
2026-03-29T19:57:26+00:00	routing	turborepo	srt-warm	q19	{"beam_policy": "waterfill", "beam_width": 2, "max_depth": 7}	ndcg@10	0.855349530090474
2026-03-29T19:57:26+00:00	routing	turborepo	srt-warm	q19	{"beam_policy": "waterfill", "beam_width": 2, "max_depth": 7}	latency_s	0.0074162909999984095
2026-03-29T19:57:26+00:00	routing	turborepo	srt-warm	q19	{"beam_policy": "uniform", "beam_width": 2, "max_depth": 10}	ndcg@10	0.855349530090474
2026-03-29T19:57:26+00:00	routing	turborepo	srt-warm	q19	{"beam_policy": "uniform", "beam_width": 2, "max_depth": 10}	latency_s	0.01094154199999764
2026-03-29T19:57:26+00:00	routing	turborepo	srt-warm	q19	{"beam_policy": "waterfill", "beam_width": 2, "max_depth": 10}	ndcg@10	0.855349530090474
2026-03-29T19:57:26+00:00	routing	turborepo	srt-warm	q19	{"beam_policy": "waterfill", "beam_width": 2, "max_depth": 10}	latency_s	0.007469833000001813
2026-03-29T19:57:26+00:00	routing	turborepo	srt-warm	q19	{"beam_policy": "uniform", "beam_width": 3, "max_depth": 3}	ndcg@10	0.0
2026-03-29T19:57:26+00:00	routing	turborepo	srt-warm	q19	{"beam_policy": "uniform", "beam_width": 3, "max_depth": 3}	latency_s	0.00773983399999878
2026-03-29T19:57:26+00:00	routing	turborepo	srt-warm	q19	{"beam_policy": "waterfill", "beam_width": 3, "max_depth": 3}	ndcg@10	0.0
2026-03-29T19:57:26+00:00	routing	turborepo	srt-warm	q19	{"beam_policy": "waterfill", "beam_width": 3, "max_depth": 3}	latency_s	0.007368708000001334
2026-03-29T19:57:27+00:00	routing	turborepo	srt-warm	q19	{"beam_policy": "uniform", "beam_width": 3, "max_depth": 5}	ndcg@10	0.855349530090474
2026-03-29T19:57:27+00:00	routing	turborepo	srt-warm	q19	{"beam_policy": "uniform", "beam_width": 3, "max_depth": 5}	latency_s	0.011301499999998299
2026-03-29T19:57:27+00:00	routing	turborepo	srt-warm	q19	{"beam_policy": "waterfill", "beam_width": 3, "max_depth": 5}	ndcg@10	0.855349530090474
2026-03-29T19:57:27+00:00	routing	turborepo	srt-warm	q19	{"beam_policy": "waterfill", "beam_width": 3, "max_depth": 5}	latency_s	0.01067762499999958
2026-03-29T19:57:27+00:00	routing	turborepo	srt-warm	q19	{"beam_policy": "uniform", "beam_width": 3, "max_depth": 7}	ndcg@10	0.855349530090474
2026-03-29T19:57:27+00:00	routing	turborepo	srt-warm	q19	{"beam_policy": "uniform", "beam_width": 3, "max_depth": 7}	latency_s	0.011725083000001746
2026-03-29T19:57:27+00:00	routing	turborepo	srt-warm	q19	{"beam_policy": "waterfill", "beam_width": 3, "max_depth": 7}	ndcg@10	0.855349530090474
2026-03-29T19:57:27+00:00	routing	turborepo	srt-warm	q19	{"beam_policy": "waterfill", "beam_width": 3, "max_depth": 7}	latency_s	0.011608750000000612
2026-03-29T19:57:27+00:00	routing	turborepo	srt-warm	q19	{"beam_policy": "uniform", "beam_width": 3, "max_depth": 10}	ndcg@10	0.855349530090474
2026-03-29T19:57:27+00:00	routing	turborepo	srt-warm	q19	{"beam_policy": "uniform", "beam_width": 3, "max_depth": 10}	latency_s	0.011658750000002271
2026-03-29T19:57:27+00:00	routing	turborepo	srt-warm	q19	{"beam_policy": "waterfill", "beam_width": 3, "max_depth": 10}	ndcg@10	0.855349530090474
2026-03-29T19:57:27+00:00	routing	turborepo	srt-warm	q19	{"beam_policy": "waterfill", "beam_width": 3, "max_depth": 10}	latency_s	0.011242958000000414
2026-03-29T19:57:27+00:00	routing	turborepo	srt-warm	q19	{"beam_policy": "uniform", "beam_width": 5, "max_depth": 3}	ndcg@10	0.0
2026-03-29T19:57:27+00:00	routing	turborepo	srt-warm	q19	{"beam_policy": "uniform", "beam_width": 5, "max_depth": 3}	latency_s	0.00901262500000044
2026-03-29T19:57:27+00:00	routing	turborepo	srt-warm	q19	{"beam_policy": "waterfill", "beam_width": 5, "max_depth": 3}	ndcg@10	0.0
2026-03-29T19:57:27+00:00	routing	turborepo	srt-warm	q19	{"beam_policy": "waterfill", "beam_width": 5, "max_depth": 3}	latency_s	0.008721333000000442
2026-03-29T19:57:27+00:00	routing	turborepo	srt-warm	q19	{"beam_policy": "uniform", "beam_width": 5, "max_depth": 5}	ndcg@10	0.855349530090474
2026-03-29T19:57:27+00:00	routing	turborepo	srt-warm	q19	{"beam_policy": "uniform", "beam_width": 5, "max_depth": 5}	latency_s	0.02153170899999779
2026-03-29T19:57:27+00:00	routing	turborepo	srt-warm	q19	{"beam_policy": "waterfill", "beam_width": 5, "max_depth": 5}	ndcg@10	0.855349530090474
2026-03-29T19:57:27+00:00	routing	turborepo	srt-warm	q19	{"beam_policy": "waterfill", "beam_width": 5, "max_depth": 5}	latency_s	0.012528875000000994
2026-03-29T19:57:27+00:00	routing	turborepo	srt-warm	q19	{"beam_policy": "uniform", "beam_width": 5, "max_depth": 7}	ndcg@10	0.855349530090474
2026-03-29T19:57:27+00:00	routing	turborepo	srt-warm	q19	{"beam_policy": "uniform", "beam_width": 5, "max_depth": 7}	latency_s	0.025789958000000723
2026-03-29T19:57:27+00:00	routing	turborepo	srt-warm	q19	{"beam_policy": "waterfill", "beam_width": 5, "max_depth": 7}	ndcg@10	0.855349530090474
2026-03-29T19:57:27+00:00	routing	turborepo	srt-warm	q19	{"beam_policy": "waterfill", "beam_width": 5, "max_depth": 7}	latency_s	0.013401957999999325
2026-03-29T19:57:27+00:00	routing	turborepo	srt-warm	q19	{"beam_policy": "uniform", "beam_width": 5, "max_depth": 10}	ndcg@10	0.855349530090474
2026-03-29T19:57:27+00:00	routing	turborepo	srt-warm	q19	{"beam_policy": "uniform", "beam_width": 5, "max_depth": 10}	latency_s	0.02542749999999927
2026-03-29T19:57:27+00:00	routing	turborepo	srt-warm	q19	{"beam_policy": "waterfill", "beam_width": 5, "max_depth": 10}	ndcg@10	0.855349530090474
2026-03-29T19:57:27+00:00	routing	turborepo	srt-warm	q19	{"beam_policy": "waterfill", "beam_width": 5, "max_depth": 10}	latency_s	0.012988041999999922
2026-03-29T19:57:27+00:00	routing	turborepo	srt-warm	q19	{"beam_policy": "uniform", "beam_width": 7, "max_depth": 3}	ndcg@10	0.0
2026-03-29T19:57:27+00:00	routing	turborepo	srt-warm	q19	{"beam_policy": "uniform", "beam_width": 7, "max_depth": 3}	latency_s	0.009614457999997938
2026-03-29T19:57:27+00:00	routing	turborepo	srt-warm	q19	{"beam_policy": "waterfill", "beam_width": 7, "max_depth": 3}	ndcg@10	0.0
2026-03-29T19:57:27+00:00	routing	turborepo	srt-warm	q19	{"beam_policy": "waterfill", "beam_width": 7, "max_depth": 3}	latency_s	0.008320541999999875
2026-03-29T19:57:27+00:00	routing	turborepo	srt-warm	q19	{"beam_policy": "uniform", "beam_width": 7, "max_depth": 5}	ndcg@10	0.855349530090474
2026-03-29T19:57:27+00:00	routing	turborepo	srt-warm	q19	{"beam_policy": "uniform", "beam_width": 7, "max_depth": 5}	latency_s	0.02413266699999994
2026-03-29T19:57:27+00:00	routing	turborepo	srt-warm	q19	{"beam_policy": "waterfill", "beam_width": 7, "max_depth": 5}	ndcg@10	0.855349530090474
2026-03-29T19:57:27+00:00	routing	turborepo	srt-warm	q19	{"beam_policy": "waterfill", "beam_width": 7, "max_depth": 5}	latency_s	0.021318708999999103
2026-03-29T19:57:27+00:00	routing	turborepo	srt-warm	q19	{"beam_policy": "uniform", "beam_width": 7, "max_depth": 7}	ndcg@10	0.855349530090474
2026-03-29T19:57:27+00:00	routing	turborepo	srt-warm	q19	{"beam_policy": "uniform", "beam_width": 7, "max_depth": 7}	latency_s	0.03339112500000141
2026-03-29T19:57:27+00:00	routing	turborepo	srt-warm	q19	{"beam_policy": "waterfill", "beam_width": 7, "max_depth": 7}	ndcg@10	0.855349530090474
2026-03-29T19:57:27+00:00	routing	turborepo	srt-warm	q19	{"beam_policy": "waterfill", "beam_width": 7, "max_depth": 7}	latency_s	0.025189749999999123
2026-03-29T19:57:27+00:00	routing	turborepo	srt-warm	q19	{"beam_policy": "uniform", "beam_width": 7, "max_depth": 10}	ndcg@10	0.855349530090474
2026-03-29T19:57:27+00:00	routing	turborepo	srt-warm	q19	{"beam_policy": "uniform", "beam_width": 7, "max_depth": 10}	latency_s	0.03426391700000053
2026-03-29T19:57:27+00:00	routing	turborepo	srt-warm	q19	{"beam_policy": "waterfill", "beam_width": 7, "max_depth": 10}	ndcg@10	0.855349530090474
2026-03-29T19:57:27+00:00	routing	turborepo	srt-warm	q19	{"beam_policy": "waterfill", "beam_width": 7, "max_depth": 10}	latency_s	0.025488667000001186
2026-03-29T19:57:27+00:00	routing	turborepo	srt-warm	q19	{"beam_policy": "uniform", "beam_width": 10, "max_depth": 3}	ndcg@10	0.0
2026-03-29T19:57:27+00:00	routing	turborepo	srt-warm	q19	{"beam_policy": "uniform", "beam_width": 10, "max_depth": 3}	latency_s	0.014513250000000255
2026-03-29T19:57:27+00:00	routing	turborepo	srt-warm	q19	{"beam_policy": "waterfill", "beam_width": 10, "max_depth": 3}	ndcg@10	0.0
2026-03-29T19:57:27+00:00	routing	turborepo	srt-warm	q19	{"beam_policy": "waterfill", "beam_width": 10, "max_depth": 3}	latency_s	0.010830541000000693
2026-03-29T19:57:27+00:00	routing	turborepo	srt-warm	q19	{"beam_policy": "uniform", "beam_width": 10, "max_depth": 5}	ndcg@10	0.855349530090474
2026-03-29T19:57:27+00:00	routing	turborepo	srt-warm	q19	{"beam_policy": "uniform", "beam_width": 10, "max_depth": 5}	latency_s	0.03534841600000149
2026-03-29T19:57:27+00:00	routing	turborepo	srt-warm	q19	{"beam_policy": "waterfill", "beam_width": 10, "max_depth": 5}	ndcg@10	0.855349530090474
2026-03-29T19:57:27+00:00	routing	turborepo	srt-warm	q19	{"beam_policy": "waterfill", "beam_width": 10, "max_depth": 5}	latency_s	0.024607584000001737
2026-03-29T19:57:27+00:00	routing	turborepo	srt-warm	q19	{"beam_policy": "uniform", "beam_width": 10, "max_depth": 7}	ndcg@10	0.855349530090474
2026-03-29T19:57:27+00:00	routing	turborepo	srt-warm	q19	{"beam_policy": "uniform", "beam_width": 10, "max_depth": 7}	latency_s	0.04720091599999776
2026-03-29T19:57:27+00:00	routing	turborepo	srt-warm	q19	{"beam_policy": "waterfill", "beam_width": 10, "max_depth": 7}	ndcg@10	0.855349530090474
2026-03-29T19:57:27+00:00	routing	turborepo	srt-warm	q19	{"beam_policy": "waterfill", "beam_width": 10, "max_depth": 7}	latency_s	0.03351758300000185
2026-03-29T19:57:27+00:00	routing	turborepo	srt-warm	q19	{"beam_policy": "uniform", "beam_width": 10, "max_depth": 10}	ndcg@10	0.855349530090474
2026-03-29T19:57:27+00:00	routing	turborepo	srt-warm	q19	{"beam_policy": "uniform", "beam_width": 10, "max_depth": 10}	latency_s	0.04787437499999925
2026-03-29T19:57:27+00:00	routing	turborepo	srt-warm	q19	{"beam_policy": "waterfill", "beam_width": 10, "max_depth": 10}	ndcg@10	0.855349530090474
2026-03-29T19:57:27+00:00	routing	turborepo	srt-warm	q19	{"beam_policy": "waterfill", "beam_width": 10, "max_depth": 10}	latency_s	0.034570458999997555
2026-03-29T19:57:27+00:00	routing	turborepo	srt-warm	q20	{"beam_policy": "uniform", "beam_width": 2, "max_depth": 3}	ndcg@10	0.024600657520340737
2026-03-29T19:57:27+00:00	routing	turborepo	srt-warm	q20	{"beam_policy": "uniform", "beam_width": 2, "max_depth": 3}	latency_s	0.007740333000000987
2026-03-29T19:57:27+00:00	routing	turborepo	srt-warm	q20	{"beam_policy": "waterfill", "beam_width": 2, "max_depth": 3}	ndcg@10	0.024600657520340737
2026-03-29T19:57:27+00:00	routing	turborepo	srt-warm	q20	{"beam_policy": "waterfill", "beam_width": 2, "max_depth": 3}	latency_s	0.007321167000000628
2026-03-29T19:57:27+00:00	routing	turborepo	srt-warm	q20	{"beam_policy": "uniform", "beam_width": 2, "max_depth": 5}	ndcg@10	0.0
2026-03-29T19:57:27+00:00	routing	turborepo	srt-warm	q20	{"beam_policy": "uniform", "beam_width": 2, "max_depth": 5}	latency_s	0.009131082999999762
2026-03-29T19:57:27+00:00	routing	turborepo	srt-warm	q20	{"beam_policy": "waterfill", "beam_width": 2, "max_depth": 5}	ndcg@10	0.0
2026-03-29T19:57:27+00:00	routing	turborepo	srt-warm	q20	{"beam_policy": "waterfill", "beam_width": 2, "max_depth": 5}	latency_s	0.00816816699999734
2026-03-29T19:57:27+00:00	routing	turborepo	srt-warm	q20	{"beam_policy": "uniform", "beam_width": 2, "max_depth": 7}	ndcg@10	0.0
2026-03-29T19:57:27+00:00	routing	turborepo	srt-warm	q20	{"beam_policy": "uniform", "beam_width": 2, "max_depth": 7}	latency_s	0.008401833000000636
2026-03-29T19:57:27+00:00	routing	turborepo	srt-warm	q20	{"beam_policy": "waterfill", "beam_width": 2, "max_depth": 7}	ndcg@10	0.0
2026-03-29T19:57:27+00:00	routing	turborepo	srt-warm	q20	{"beam_policy": "waterfill", "beam_width": 2, "max_depth": 7}	latency_s	0.008144832999999352
2026-03-29T19:57:27+00:00	routing	turborepo	srt-warm	q20	{"beam_policy": "uniform", "beam_width": 2, "max_depth": 10}	ndcg@10	0.0
2026-03-29T19:57:27+00:00	routing	turborepo	srt-warm	q20	{"beam_policy": "uniform", "beam_width": 2, "max_depth": 10}	latency_s	0.008298708000001653
2026-03-29T19:57:27+00:00	routing	turborepo	srt-warm	q20	{"beam_policy": "waterfill", "beam_width": 2, "max_depth": 10}	ndcg@10	0.0
2026-03-29T19:57:27+00:00	routing	turborepo	srt-warm	q20	{"beam_policy": "waterfill", "beam_width": 2, "max_depth": 10}	latency_s	0.008049041999999673
2026-03-29T19:57:27+00:00	routing	turborepo	srt-warm	q20	{"beam_policy": "uniform", "beam_width": 3, "max_depth": 3}	ndcg@10	0.02006097215367257
2026-03-29T19:57:27+00:00	routing	turborepo	srt-warm	q20	{"beam_policy": "uniform", "beam_width": 3, "max_depth": 3}	latency_s	0.007491749999999797
2026-03-29T19:57:27+00:00	routing	turborepo	srt-warm	q20	{"beam_policy": "waterfill", "beam_width": 3, "max_depth": 3}	ndcg@10	0.024600657520340737
2026-03-29T19:57:27+00:00	routing	turborepo	srt-warm	q20	{"beam_policy": "waterfill", "beam_width": 3, "max_depth": 3}	latency_s	0.008223791999999008
2026-03-29T19:57:27+00:00	routing	turborepo	srt-warm	q20	{"beam_policy": "uniform", "beam_width": 3, "max_depth": 5}	ndcg@10	0.17220460264238518
2026-03-29T19:57:27+00:00	routing	turborepo	srt-warm	q20	{"beam_policy": "uniform", "beam_width": 3, "max_depth": 5}	latency_s	0.011767040999998812
2026-03-29T19:57:27+00:00	routing	turborepo	srt-warm	q20	{"beam_policy": "waterfill", "beam_width": 3, "max_depth": 5}	ndcg@10	0.0
2026-03-29T19:57:27+00:00	routing	turborepo	srt-warm	q20	{"beam_policy": "waterfill", "beam_width": 3, "max_depth": 5}	latency_s	0.008545207999997473
2026-03-29T19:57:27+00:00	routing	turborepo	srt-warm	q20	{"beam_policy": "uniform", "beam_width": 3, "max_depth": 7}	ndcg@10	0.17220460264238518
2026-03-29T19:57:27+00:00	routing	turborepo	srt-warm	q20	{"beam_policy": "uniform", "beam_width": 3, "max_depth": 7}	latency_s	0.012531374999998235
2026-03-29T19:57:27+00:00	routing	turborepo	srt-warm	q20	{"beam_policy": "waterfill", "beam_width": 3, "max_depth": 7}	ndcg@10	0.0
2026-03-29T19:57:27+00:00	routing	turborepo	srt-warm	q20	{"beam_policy": "waterfill", "beam_width": 3, "max_depth": 7}	latency_s	0.0083199169999979
2026-03-29T19:57:27+00:00	routing	turborepo	srt-warm	q20	{"beam_policy": "uniform", "beam_width": 3, "max_depth": 10}	ndcg@10	0.17220460264238518
2026-03-29T19:57:27+00:00	routing	turborepo	srt-warm	q20	{"beam_policy": "uniform", "beam_width": 3, "max_depth": 10}	latency_s	0.011814417000000077
2026-03-29T19:57:27+00:00	routing	turborepo	srt-warm	q20	{"beam_policy": "waterfill", "beam_width": 3, "max_depth": 10}	ndcg@10	0.0
2026-03-29T19:57:27+00:00	routing	turborepo	srt-warm	q20	{"beam_policy": "waterfill", "beam_width": 3, "max_depth": 10}	latency_s	0.008908792000003274
2026-03-29T19:57:27+00:00	routing	turborepo	srt-warm	q20	{"beam_policy": "uniform", "beam_width": 5, "max_depth": 3}	ndcg@10	0.01914303240971293
2026-03-29T19:57:27+00:00	routing	turborepo	srt-warm	q20	{"beam_policy": "uniform", "beam_width": 5, "max_depth": 3}	latency_s	0.00825858299999993
2026-03-29T19:57:27+00:00	routing	turborepo	srt-warm	q20	{"beam_policy": "waterfill", "beam_width": 5, "max_depth": 3}	ndcg@10	0.02006097215367257
2026-03-29T19:57:27+00:00	routing	turborepo	srt-warm	q20	{"beam_policy": "waterfill", "beam_width": 5, "max_depth": 3}	latency_s	0.007746999999998394
2026-03-29T19:57:27+00:00	routing	turborepo	srt-warm	q20	{"beam_policy": "uniform", "beam_width": 5, "max_depth": 5}	ndcg@10	0.17220460264238518
2026-03-29T19:57:27+00:00	routing	turborepo	srt-warm	q20	{"beam_policy": "uniform", "beam_width": 5, "max_depth": 5}	latency_s	0.01394654199999934
2026-03-29T19:57:27+00:00	routing	turborepo	srt-warm	q20	{"beam_policy": "waterfill", "beam_width": 5, "max_depth": 5}	ndcg@10	0.17220460264238518
2026-03-29T19:57:27+00:00	routing	turborepo	srt-warm	q20	{"beam_policy": "waterfill", "beam_width": 5, "max_depth": 5}	latency_s	0.012358334000001747
2026-03-29T19:57:27+00:00	routing	turborepo	srt-warm	q20	{"beam_policy": "uniform", "beam_width": 5, "max_depth": 7}	ndcg@10	0.17220460264238518
2026-03-29T19:57:27+00:00	routing	turborepo	srt-warm	q20	{"beam_policy": "uniform", "beam_width": 5, "max_depth": 7}	latency_s	0.014152250000002198
2026-03-29T19:57:27+00:00	routing	turborepo	srt-warm	q20	{"beam_policy": "waterfill", "beam_width": 5, "max_depth": 7}	ndcg@10	0.17220460264238518
2026-03-29T19:57:27+00:00	routing	turborepo	srt-warm	q20	{"beam_policy": "waterfill", "beam_width": 5, "max_depth": 7}	latency_s	0.01228070899999878
2026-03-29T19:57:27+00:00	routing	turborepo	srt-warm	q20	{"beam_policy": "uniform", "beam_width": 5, "max_depth": 10}	ndcg@10	0.17220460264238518
2026-03-29T19:57:27+00:00	routing	turborepo	srt-warm	q20	{"beam_policy": "uniform", "beam_width": 5, "max_depth": 10}	latency_s	0.013733499999997179
2026-03-29T19:57:27+00:00	routing	turborepo	srt-warm	q20	{"beam_policy": "waterfill", "beam_width": 5, "max_depth": 10}	ndcg@10	0.17220460264238518
2026-03-29T19:57:27+00:00	routing	turborepo	srt-warm	q20	{"beam_policy": "waterfill", "beam_width": 5, "max_depth": 10}	latency_s	0.013054000000000343
2026-03-29T19:57:27+00:00	routing	turborepo	srt-warm	q20	{"beam_policy": "uniform", "beam_width": 7, "max_depth": 3}	ndcg@10	0.01914303240971293
2026-03-29T19:57:27+00:00	routing	turborepo	srt-warm	q20	{"beam_policy": "uniform", "beam_width": 7, "max_depth": 3}	latency_s	0.0088840829999981
2026-03-29T19:57:27+00:00	routing	turborepo	srt-warm	q20	{"beam_policy": "waterfill", "beam_width": 7, "max_depth": 3}	ndcg@10	0.01914303240971293
2026-03-29T19:57:27+00:00	routing	turborepo	srt-warm	q20	{"beam_policy": "waterfill", "beam_width": 7, "max_depth": 3}	latency_s	0.0082335829999991
2026-03-29T19:57:27+00:00	routing	turborepo	srt-warm	q20	{"beam_policy": "uniform", "beam_width": 7, "max_depth": 5}	ndcg@10	0.17220460264238518
2026-03-29T19:57:27+00:00	routing	turborepo	srt-warm	q20	{"beam_policy": "uniform", "beam_width": 7, "max_depth": 5}	latency_s	0.01479074999999952
2026-03-29T19:57:27+00:00	routing	turborepo	srt-warm	q20	{"beam_policy": "waterfill", "beam_width": 7, "max_depth": 5}	ndcg@10	0.17220460264238518
2026-03-29T19:57:27+00:00	routing	turborepo	srt-warm	q20	{"beam_policy": "waterfill", "beam_width": 7, "max_depth": 5}	latency_s	0.013563541999999984
2026-03-29T19:57:28+00:00	routing	turborepo	srt-warm	q20	{"beam_policy": "uniform", "beam_width": 7, "max_depth": 7}	ndcg@10	0.17220460264238518
2026-03-29T19:57:28+00:00	routing	turborepo	srt-warm	q20	{"beam_policy": "uniform", "beam_width": 7, "max_depth": 7}	latency_s	0.014843500000001342
2026-03-29T19:57:28+00:00	routing	turborepo	srt-warm	q20	{"beam_policy": "waterfill", "beam_width": 7, "max_depth": 7}	ndcg@10	0.17220460264238518
2026-03-29T19:57:28+00:00	routing	turborepo	srt-warm	q20	{"beam_policy": "waterfill", "beam_width": 7, "max_depth": 7}	latency_s	0.014263792000001274
2026-03-29T19:57:28+00:00	routing	turborepo	srt-warm	q20	{"beam_policy": "uniform", "beam_width": 7, "max_depth": 10}	ndcg@10	0.17220460264238518
2026-03-29T19:57:28+00:00	routing	turborepo	srt-warm	q20	{"beam_policy": "uniform", "beam_width": 7, "max_depth": 10}	latency_s	0.015123542000001322
2026-03-29T19:57:28+00:00	routing	turborepo	srt-warm	q20	{"beam_policy": "waterfill", "beam_width": 7, "max_depth": 10}	ndcg@10	0.17220460264238518
2026-03-29T19:57:28+00:00	routing	turborepo	srt-warm	q20	{"beam_policy": "waterfill", "beam_width": 7, "max_depth": 10}	latency_s	0.01492833299999674
2026-03-29T19:57:28+00:00	routing	turborepo	srt-warm	q20	{"beam_policy": "uniform", "beam_width": 10, "max_depth": 3}	ndcg@10	0.01838214602669733
2026-03-29T19:57:28+00:00	routing	turborepo	srt-warm	q20	{"beam_policy": "uniform", "beam_width": 10, "max_depth": 3}	latency_s	0.014383333000001386
2026-03-29T19:57:28+00:00	routing	turborepo	srt-warm	q20	{"beam_policy": "waterfill", "beam_width": 10, "max_depth": 3}	ndcg@10	0.01914303240971293
2026-03-29T19:57:28+00:00	routing	turborepo	srt-warm	q20	{"beam_policy": "waterfill", "beam_width": 10, "max_depth": 3}	latency_s	0.008699666000001827
2026-03-29T19:57:28+00:00	routing	turborepo	srt-warm	q20	{"beam_policy": "uniform", "beam_width": 10, "max_depth": 5}	ndcg@10	0.17220460264238518
2026-03-29T19:57:28+00:00	routing	turborepo	srt-warm	q20	{"beam_policy": "uniform", "beam_width": 10, "max_depth": 5}	latency_s	0.03441291600000085
2026-03-29T19:57:28+00:00	routing	turborepo	srt-warm	q20	{"beam_policy": "waterfill", "beam_width": 10, "max_depth": 5}	ndcg@10	0.17220460264238518
2026-03-29T19:57:28+00:00	routing	turborepo	srt-warm	q20	{"beam_policy": "waterfill", "beam_width": 10, "max_depth": 5}	latency_s	0.015408792000002336
2026-03-29T19:57:28+00:00	routing	turborepo	srt-warm	q20	{"beam_policy": "uniform", "beam_width": 10, "max_depth": 7}	ndcg@10	0.17220460264238518
2026-03-29T19:57:28+00:00	routing	turborepo	srt-warm	q20	{"beam_policy": "uniform", "beam_width": 10, "max_depth": 7}	latency_s	0.046884792000000175
2026-03-29T19:57:28+00:00	routing	turborepo	srt-warm	q20	{"beam_policy": "waterfill", "beam_width": 10, "max_depth": 7}	ndcg@10	0.17220460264238518
2026-03-29T19:57:28+00:00	routing	turborepo	srt-warm	q20	{"beam_policy": "waterfill", "beam_width": 10, "max_depth": 7}	latency_s	0.015766124999998965
2026-03-29T19:57:28+00:00	routing	turborepo	srt-warm	q20	{"beam_policy": "uniform", "beam_width": 10, "max_depth": 10}	ndcg@10	0.17220460264238518
2026-03-29T19:57:28+00:00	routing	turborepo	srt-warm	q20	{"beam_policy": "uniform", "beam_width": 10, "max_depth": 10}	latency_s	0.04689158400000082
2026-03-29T19:57:28+00:00	routing	turborepo	srt-warm	q20	{"beam_policy": "waterfill", "beam_width": 10, "max_depth": 10}	ndcg@10	0.17220460264238518
2026-03-29T19:57:28+00:00	routing	turborepo	srt-warm	q20	{"beam_policy": "waterfill", "beam_width": 10, "max_depth": 10}	latency_s	0.01590724999999793
2026-03-29T19:57:28+00:00	routing	turborepo	srt-warm	q21	{"beam_policy": "uniform", "beam_width": 2, "max_depth": 3}	ndcg@10	0.0
2026-03-29T19:57:28+00:00	routing	turborepo	srt-warm	q21	{"beam_policy": "uniform", "beam_width": 2, "max_depth": 3}	latency_s	0.005953416000000544
2026-03-29T19:57:28+00:00	routing	turborepo	srt-warm	q21	{"beam_policy": "waterfill", "beam_width": 2, "max_depth": 3}	ndcg@10	0.0
2026-03-29T19:57:28+00:00	routing	turborepo	srt-warm	q21	{"beam_policy": "waterfill", "beam_width": 2, "max_depth": 3}	latency_s	0.006504041999999544
2026-03-29T19:57:28+00:00	routing	turborepo	srt-warm	q21	{"beam_policy": "uniform", "beam_width": 2, "max_depth": 5}	ndcg@10	0.0
2026-03-29T19:57:28+00:00	routing	turborepo	srt-warm	q21	{"beam_policy": "uniform", "beam_width": 2, "max_depth": 5}	latency_s	0.008078083000000902
2026-03-29T19:57:28+00:00	routing	turborepo	srt-warm	q21	{"beam_policy": "waterfill", "beam_width": 2, "max_depth": 5}	ndcg@10	0.0
2026-03-29T19:57:28+00:00	routing	turborepo	srt-warm	q21	{"beam_policy": "waterfill", "beam_width": 2, "max_depth": 5}	latency_s	0.005284500000001913
2026-03-29T19:57:28+00:00	routing	turborepo	srt-warm	q21	{"beam_policy": "uniform", "beam_width": 2, "max_depth": 7}	ndcg@10	0.0
2026-03-29T19:57:28+00:00	routing	turborepo	srt-warm	q21	{"beam_policy": "uniform", "beam_width": 2, "max_depth": 7}	latency_s	0.008224792000000036
2026-03-29T19:57:28+00:00	routing	turborepo	srt-warm	q21	{"beam_policy": "waterfill", "beam_width": 2, "max_depth": 7}	ndcg@10	0.0
2026-03-29T19:57:28+00:00	routing	turborepo	srt-warm	q21	{"beam_policy": "waterfill", "beam_width": 2, "max_depth": 7}	latency_s	0.00581920900000199
2026-03-29T19:57:28+00:00	routing	turborepo	srt-warm	q21	{"beam_policy": "uniform", "beam_width": 2, "max_depth": 10}	ndcg@10	0.0
2026-03-29T19:57:28+00:00	routing	turborepo	srt-warm	q21	{"beam_policy": "uniform", "beam_width": 2, "max_depth": 10}	latency_s	0.005568041000000079
2026-03-29T19:57:28+00:00	routing	turborepo	srt-warm	q21	{"beam_policy": "waterfill", "beam_width": 2, "max_depth": 10}	ndcg@10	0.0
2026-03-29T19:57:28+00:00	routing	turborepo	srt-warm	q21	{"beam_policy": "waterfill", "beam_width": 2, "max_depth": 10}	latency_s	0.007677624999999466
2026-03-29T19:57:28+00:00	routing	turborepo	srt-warm	q21	{"beam_policy": "uniform", "beam_width": 3, "max_depth": 3}	ndcg@10	0.0
2026-03-29T19:57:28+00:00	routing	turborepo	srt-warm	q21	{"beam_policy": "uniform", "beam_width": 3, "max_depth": 3}	latency_s	0.006660082999999872
2026-03-29T19:57:28+00:00	routing	turborepo	srt-warm	q21	{"beam_policy": "waterfill", "beam_width": 3, "max_depth": 3}	ndcg@10	0.0
2026-03-29T19:57:28+00:00	routing	turborepo	srt-warm	q21	{"beam_policy": "waterfill", "beam_width": 3, "max_depth": 3}	latency_s	0.005595249999998941
2026-03-29T19:57:28+00:00	routing	turborepo	srt-warm	q21	{"beam_policy": "uniform", "beam_width": 3, "max_depth": 5}	ndcg@10	0.0
2026-03-29T19:57:28+00:00	routing	turborepo	srt-warm	q21	{"beam_policy": "uniform", "beam_width": 3, "max_depth": 5}	latency_s	0.008491542000001573
2026-03-29T19:57:28+00:00	routing	turborepo	srt-warm	q21	{"beam_policy": "waterfill", "beam_width": 3, "max_depth": 5}	ndcg@10	0.0
2026-03-29T19:57:28+00:00	routing	turborepo	srt-warm	q21	{"beam_policy": "waterfill", "beam_width": 3, "max_depth": 5}	latency_s	0.005788709000000836
2026-03-29T19:57:28+00:00	routing	turborepo	srt-warm	q21	{"beam_policy": "uniform", "beam_width": 3, "max_depth": 7}	ndcg@10	0.0
2026-03-29T19:57:28+00:00	routing	turborepo	srt-warm	q21	{"beam_policy": "uniform", "beam_width": 3, "max_depth": 7}	latency_s	0.008391792000001175
2026-03-29T19:57:28+00:00	routing	turborepo	srt-warm	q21	{"beam_policy": "waterfill", "beam_width": 3, "max_depth": 7}	ndcg@10	0.0
2026-03-29T19:57:28+00:00	routing	turborepo	srt-warm	q21	{"beam_policy": "waterfill", "beam_width": 3, "max_depth": 7}	latency_s	0.005592000000000041
2026-03-29T19:57:28+00:00	routing	turborepo	srt-warm	q21	{"beam_policy": "uniform", "beam_width": 3, "max_depth": 10}	ndcg@10	0.0
2026-03-29T19:57:28+00:00	routing	turborepo	srt-warm	q21	{"beam_policy": "uniform", "beam_width": 3, "max_depth": 10}	latency_s	0.008369000000001847
2026-03-29T19:57:28+00:00	routing	turborepo	srt-warm	q21	{"beam_policy": "waterfill", "beam_width": 3, "max_depth": 10}	ndcg@10	0.0
2026-03-29T19:57:28+00:00	routing	turborepo	srt-warm	q21	{"beam_policy": "waterfill", "beam_width": 3, "max_depth": 10}	latency_s	0.005497500000000599
2026-03-29T19:57:28+00:00	routing	turborepo	srt-warm	q21	{"beam_policy": "uniform", "beam_width": 5, "max_depth": 3}	ndcg@10	0.0
2026-03-29T19:57:28+00:00	routing	turborepo	srt-warm	q21	{"beam_policy": "uniform", "beam_width": 5, "max_depth": 3}	latency_s	0.0112078750000002
2026-03-29T19:57:28+00:00	routing	turborepo	srt-warm	q21	{"beam_policy": "waterfill", "beam_width": 5, "max_depth": 3}	ndcg@10	0.0
2026-03-29T19:57:28+00:00	routing	turborepo	srt-warm	q21	{"beam_policy": "waterfill", "beam_width": 5, "max_depth": 3}	latency_s	0.005724125000000413
2026-03-29T19:57:28+00:00	routing	turborepo	srt-warm	q21	{"beam_policy": "uniform", "beam_width": 5, "max_depth": 5}	ndcg@10	0.6293789948297479
2026-03-29T19:57:28+00:00	routing	turborepo	srt-warm	q21	{"beam_policy": "uniform", "beam_width": 5, "max_depth": 5}	latency_s	0.014541666000003062
2026-03-29T19:57:28+00:00	routing	turborepo	srt-warm	q21	{"beam_policy": "waterfill", "beam_width": 5, "max_depth": 5}	ndcg@10	0.0
2026-03-29T19:57:28+00:00	routing	turborepo	srt-warm	q21	{"beam_policy": "waterfill", "beam_width": 5, "max_depth": 5}	latency_s	0.006861000000000672
2026-03-29T19:57:28+00:00	routing	turborepo	srt-warm	q21	{"beam_policy": "uniform", "beam_width": 5, "max_depth": 7}	ndcg@10	0.6293789948297479
2026-03-29T19:57:28+00:00	routing	turborepo	srt-warm	q21	{"beam_policy": "uniform", "beam_width": 5, "max_depth": 7}	latency_s	0.014669624999999797
2026-03-29T19:57:28+00:00	routing	turborepo	srt-warm	q21	{"beam_policy": "waterfill", "beam_width": 5, "max_depth": 7}	ndcg@10	0.0
2026-03-29T19:57:28+00:00	routing	turborepo	srt-warm	q21	{"beam_policy": "waterfill", "beam_width": 5, "max_depth": 7}	latency_s	0.006336666999999352
2026-03-29T19:57:28+00:00	routing	turborepo	srt-warm	q21	{"beam_policy": "uniform", "beam_width": 5, "max_depth": 10}	ndcg@10	0.6293789948297479
2026-03-29T19:57:28+00:00	routing	turborepo	srt-warm	q21	{"beam_policy": "uniform", "beam_width": 5, "max_depth": 10}	latency_s	0.012730624999999662
2026-03-29T19:57:28+00:00	routing	turborepo	srt-warm	q21	{"beam_policy": "waterfill", "beam_width": 5, "max_depth": 10}	ndcg@10	0.0
2026-03-29T19:57:28+00:00	routing	turborepo	srt-warm	q21	{"beam_policy": "waterfill", "beam_width": 5, "max_depth": 10}	latency_s	0.006032375000000201
2026-03-29T19:57:28+00:00	routing	turborepo	srt-warm	q21	{"beam_policy": "uniform", "beam_width": 7, "max_depth": 3}	ndcg@10	0.0
2026-03-29T19:57:28+00:00	routing	turborepo	srt-warm	q21	{"beam_policy": "uniform", "beam_width": 7, "max_depth": 3}	latency_s	0.01619670799999895
2026-03-29T19:57:28+00:00	routing	turborepo	srt-warm	q21	{"beam_policy": "waterfill", "beam_width": 7, "max_depth": 3}	ndcg@10	0.0
2026-03-29T19:57:28+00:00	routing	turborepo	srt-warm	q21	{"beam_policy": "waterfill", "beam_width": 7, "max_depth": 3}	latency_s	0.008575332999999574
2026-03-29T19:57:28+00:00	routing	turborepo	srt-warm	q21	{"beam_policy": "uniform", "beam_width": 7, "max_depth": 5}	ndcg@10	0.6293789948297479
2026-03-29T19:57:28+00:00	routing	turborepo	srt-warm	q21	{"beam_policy": "uniform", "beam_width": 7, "max_depth": 5}	latency_s	0.026397458999998236
2026-03-29T19:57:28+00:00	routing	turborepo	srt-warm	q21	{"beam_policy": "waterfill", "beam_width": 7, "max_depth": 5}	ndcg@10	0.6293789948297479
2026-03-29T19:57:28+00:00	routing	turborepo	srt-warm	q21	{"beam_policy": "waterfill", "beam_width": 7, "max_depth": 5}	latency_s	0.012050750000000221
2026-03-29T19:57:28+00:00	routing	turborepo	srt-warm	q21	{"beam_policy": "uniform", "beam_width": 7, "max_depth": 7}	ndcg@10	0.6293789948297479
2026-03-29T19:57:28+00:00	routing	turborepo	srt-warm	q21	{"beam_policy": "uniform", "beam_width": 7, "max_depth": 7}	latency_s	0.025555457999999476
2026-03-29T19:57:28+00:00	routing	turborepo	srt-warm	q21	{"beam_policy": "waterfill", "beam_width": 7, "max_depth": 7}	ndcg@10	0.6293789948297479
2026-03-29T19:57:28+00:00	routing	turborepo	srt-warm	q21	{"beam_policy": "waterfill", "beam_width": 7, "max_depth": 7}	latency_s	0.011751666999998633
2026-03-29T19:57:28+00:00	routing	turborepo	srt-warm	q21	{"beam_policy": "uniform", "beam_width": 7, "max_depth": 10}	ndcg@10	0.6293789948297479
2026-03-29T19:57:28+00:00	routing	turborepo	srt-warm	q21	{"beam_policy": "uniform", "beam_width": 7, "max_depth": 10}	latency_s	0.026371417000000008
2026-03-29T19:57:28+00:00	routing	turborepo	srt-warm	q21	{"beam_policy": "waterfill", "beam_width": 7, "max_depth": 10}	ndcg@10	0.6293789948297479
2026-03-29T19:57:28+00:00	routing	turborepo	srt-warm	q21	{"beam_policy": "waterfill", "beam_width": 7, "max_depth": 10}	latency_s	0.01188583399999743
2026-03-29T19:57:28+00:00	routing	turborepo	srt-warm	q21	{"beam_policy": "uniform", "beam_width": 10, "max_depth": 3}	ndcg@10	0.0
2026-03-29T19:57:28+00:00	routing	turborepo	srt-warm	q21	{"beam_policy": "uniform", "beam_width": 10, "max_depth": 3}	latency_s	0.017429458000002285
2026-03-29T19:57:28+00:00	routing	turborepo	srt-warm	q21	{"beam_policy": "waterfill", "beam_width": 10, "max_depth": 3}	ndcg@10	0.0
2026-03-29T19:57:28+00:00	routing	turborepo	srt-warm	q21	{"beam_policy": "waterfill", "beam_width": 10, "max_depth": 3}	latency_s	0.012601624999998506
2026-03-29T19:57:28+00:00	routing	turborepo	srt-warm	q21	{"beam_policy": "uniform", "beam_width": 10, "max_depth": 5}	ndcg@10	0.6293789948297479
2026-03-29T19:57:28+00:00	routing	turborepo	srt-warm	q21	{"beam_policy": "uniform", "beam_width": 10, "max_depth": 5}	latency_s	0.034145375000001366
2026-03-29T19:57:28+00:00	routing	turborepo	srt-warm	q21	{"beam_policy": "waterfill", "beam_width": 10, "max_depth": 5}	ndcg@10	0.6293789948297479
2026-03-29T19:57:28+00:00	routing	turborepo	srt-warm	q21	{"beam_policy": "waterfill", "beam_width": 10, "max_depth": 5}	latency_s	0.024640875000002893
2026-03-29T19:57:28+00:00	routing	turborepo	srt-warm	q21	{"beam_policy": "uniform", "beam_width": 10, "max_depth": 7}	ndcg@10	0.6293789948297479
2026-03-29T19:57:28+00:00	routing	turborepo	srt-warm	q21	{"beam_policy": "uniform", "beam_width": 10, "max_depth": 7}	latency_s	0.03588800000000347
2026-03-29T19:57:28+00:00	routing	turborepo	srt-warm	q21	{"beam_policy": "waterfill", "beam_width": 10, "max_depth": 7}	ndcg@10	0.6293789948297479
2026-03-29T19:57:28+00:00	routing	turborepo	srt-warm	q21	{"beam_policy": "waterfill", "beam_width": 10, "max_depth": 7}	latency_s	0.027038458999999904
2026-03-29T19:57:28+00:00	routing	turborepo	srt-warm	q21	{"beam_policy": "uniform", "beam_width": 10, "max_depth": 10}	ndcg@10	0.6293789948297479
2026-03-29T19:57:28+00:00	routing	turborepo	srt-warm	q21	{"beam_policy": "uniform", "beam_width": 10, "max_depth": 10}	latency_s	0.03469545799999807
2026-03-29T19:57:28+00:00	routing	turborepo	srt-warm	q21	{"beam_policy": "waterfill", "beam_width": 10, "max_depth": 10}	ndcg@10	0.6293789948297479
2026-03-29T19:57:28+00:00	routing	turborepo	srt-warm	q21	{"beam_policy": "waterfill", "beam_width": 10, "max_depth": 10}	latency_s	0.026474416999999306
2026-03-29T19:57:28+00:00	routing	turborepo	srt-warm	q22	{"beam_policy": "uniform", "beam_width": 2, "max_depth": 3}	ndcg@10	0.0
2026-03-29T19:57:28+00:00	routing	turborepo	srt-warm	q22	{"beam_policy": "uniform", "beam_width": 2, "max_depth": 3}	latency_s	0.005963790999999219
2026-03-29T19:57:28+00:00	routing	turborepo	srt-warm	q22	{"beam_policy": "waterfill", "beam_width": 2, "max_depth": 3}	ndcg@10	0.0
2026-03-29T19:57:28+00:00	routing	turborepo	srt-warm	q22	{"beam_policy": "waterfill", "beam_width": 2, "max_depth": 3}	latency_s	0.005281624999998513
2026-03-29T19:57:28+00:00	routing	turborepo	srt-warm	q22	{"beam_policy": "uniform", "beam_width": 2, "max_depth": 5}	ndcg@10	0.0
2026-03-29T19:57:28+00:00	routing	turborepo	srt-warm	q22	{"beam_policy": "uniform", "beam_width": 2, "max_depth": 5}	latency_s	0.007501124999997444
2026-03-29T19:57:28+00:00	routing	turborepo	srt-warm	q22	{"beam_policy": "waterfill", "beam_width": 2, "max_depth": 5}	ndcg@10	0.0
2026-03-29T19:57:28+00:00	routing	turborepo	srt-warm	q22	{"beam_policy": "waterfill", "beam_width": 2, "max_depth": 5}	latency_s	0.0055209170000019014
2026-03-29T19:57:28+00:00	routing	turborepo	srt-warm	q22	{"beam_policy": "uniform", "beam_width": 2, "max_depth": 7}	ndcg@10	0.0
2026-03-29T19:57:28+00:00	routing	turborepo	srt-warm	q22	{"beam_policy": "uniform", "beam_width": 2, "max_depth": 7}	latency_s	0.007866750000001588
2026-03-29T19:57:28+00:00	routing	turborepo	srt-warm	q22	{"beam_policy": "waterfill", "beam_width": 2, "max_depth": 7}	ndcg@10	0.0
2026-03-29T19:57:28+00:00	routing	turborepo	srt-warm	q22	{"beam_policy": "waterfill", "beam_width": 2, "max_depth": 7}	latency_s	0.00612091600000042
2026-03-29T19:57:28+00:00	routing	turborepo	srt-warm	q22	{"beam_policy": "uniform", "beam_width": 2, "max_depth": 10}	ndcg@10	0.0
2026-03-29T19:57:28+00:00	routing	turborepo	srt-warm	q22	{"beam_policy": "uniform", "beam_width": 2, "max_depth": 10}	latency_s	0.0073813329999978805
2026-03-29T19:57:28+00:00	routing	turborepo	srt-warm	q22	{"beam_policy": "waterfill", "beam_width": 2, "max_depth": 10}	ndcg@10	0.0
2026-03-29T19:57:28+00:00	routing	turborepo	srt-warm	q22	{"beam_policy": "waterfill", "beam_width": 2, "max_depth": 10}	latency_s	0.006649291999998752
2026-03-29T19:57:28+00:00	routing	turborepo	srt-warm	q22	{"beam_policy": "uniform", "beam_width": 3, "max_depth": 3}	ndcg@10	0.0
2026-03-29T19:57:28+00:00	routing	turborepo	srt-warm	q22	{"beam_policy": "uniform", "beam_width": 3, "max_depth": 3}	latency_s	0.007117208000000375
2026-03-29T19:57:28+00:00	routing	turborepo	srt-warm	q22	{"beam_policy": "waterfill", "beam_width": 3, "max_depth": 3}	ndcg@10	0.0
2026-03-29T19:57:28+00:00	routing	turborepo	srt-warm	q22	{"beam_policy": "waterfill", "beam_width": 3, "max_depth": 3}	latency_s	0.0060887919999998985
2026-03-29T19:57:28+00:00	routing	turborepo	srt-warm	q22	{"beam_policy": "uniform", "beam_width": 3, "max_depth": 5}	ndcg@10	0.0
2026-03-29T19:57:28+00:00	routing	turborepo	srt-warm	q22	{"beam_policy": "uniform", "beam_width": 3, "max_depth": 5}	latency_s	0.00938062500000214
2026-03-29T19:57:28+00:00	routing	turborepo	srt-warm	q22	{"beam_policy": "waterfill", "beam_width": 3, "max_depth": 5}	ndcg@10	0.0
2026-03-29T19:57:28+00:00	routing	turborepo	srt-warm	q22	{"beam_policy": "waterfill", "beam_width": 3, "max_depth": 5}	latency_s	0.005413499999999516
2026-03-29T19:57:28+00:00	routing	turborepo	srt-warm	q22	{"beam_policy": "uniform", "beam_width": 3, "max_depth": 7}	ndcg@10	0.0
2026-03-29T19:57:28+00:00	routing	turborepo	srt-warm	q22	{"beam_policy": "uniform", "beam_width": 3, "max_depth": 7}	latency_s	0.008078291999996878
2026-03-29T19:57:28+00:00	routing	turborepo	srt-warm	q22	{"beam_policy": "waterfill", "beam_width": 3, "max_depth": 7}	ndcg@10	0.0
2026-03-29T19:57:28+00:00	routing	turborepo	srt-warm	q22	{"beam_policy": "waterfill", "beam_width": 3, "max_depth": 7}	latency_s	0.005190124999998602
2026-03-29T19:57:28+00:00	routing	turborepo	srt-warm	q22	{"beam_policy": "uniform", "beam_width": 3, "max_depth": 10}	ndcg@10	0.0
2026-03-29T19:57:28+00:00	routing	turborepo	srt-warm	q22	{"beam_policy": "uniform", "beam_width": 3, "max_depth": 10}	latency_s	0.006814667000000441
2026-03-29T19:57:28+00:00	routing	turborepo	srt-warm	q22	{"beam_policy": "waterfill", "beam_width": 3, "max_depth": 10}	ndcg@10	0.0
2026-03-29T19:57:28+00:00	routing	turborepo	srt-warm	q22	{"beam_policy": "waterfill", "beam_width": 3, "max_depth": 10}	latency_s	0.005095374999999791
2026-03-29T19:57:29+00:00	routing	turborepo	srt-warm	q22	{"beam_policy": "uniform", "beam_width": 5, "max_depth": 3}	ndcg@10	0.0
2026-03-29T19:57:29+00:00	routing	turborepo	srt-warm	q22	{"beam_policy": "uniform", "beam_width": 5, "max_depth": 3}	latency_s	0.00977987499999955
2026-03-29T19:57:29+00:00	routing	turborepo	srt-warm	q22	{"beam_policy": "waterfill", "beam_width": 5, "max_depth": 3}	ndcg@10	0.0
2026-03-29T19:57:29+00:00	routing	turborepo	srt-warm	q22	{"beam_policy": "waterfill", "beam_width": 5, "max_depth": 3}	latency_s	0.00907954200000205
2026-03-29T19:57:29+00:00	routing	turborepo	srt-warm	q22	{"beam_policy": "uniform", "beam_width": 5, "max_depth": 5}	ndcg@10	0.9469237136622
2026-03-29T19:57:29+00:00	routing	turborepo	srt-warm	q22	{"beam_policy": "uniform", "beam_width": 5, "max_depth": 5}	latency_s	0.013276832999999044
2026-03-29T19:57:29+00:00	routing	turborepo	srt-warm	q22	{"beam_policy": "waterfill", "beam_width": 5, "max_depth": 5}	ndcg@10	0.9469237136622
2026-03-29T19:57:29+00:00	routing	turborepo	srt-warm	q22	{"beam_policy": "waterfill", "beam_width": 5, "max_depth": 5}	latency_s	0.012014540999999213
2026-03-29T19:57:29+00:00	routing	turborepo	srt-warm	q22	{"beam_policy": "uniform", "beam_width": 5, "max_depth": 7}	ndcg@10	0.9469237136622
2026-03-29T19:57:29+00:00	routing	turborepo	srt-warm	q22	{"beam_policy": "uniform", "beam_width": 5, "max_depth": 7}	latency_s	0.012692833999999209
2026-03-29T19:57:29+00:00	routing	turborepo	srt-warm	q22	{"beam_policy": "waterfill", "beam_width": 5, "max_depth": 7}	ndcg@10	0.9469237136622
2026-03-29T19:57:29+00:00	routing	turborepo	srt-warm	q22	{"beam_policy": "waterfill", "beam_width": 5, "max_depth": 7}	latency_s	0.012254332999997786
2026-03-29T19:57:29+00:00	routing	turborepo	srt-warm	q22	{"beam_policy": "uniform", "beam_width": 5, "max_depth": 10}	ndcg@10	0.9469237136622
2026-03-29T19:57:29+00:00	routing	turborepo	srt-warm	q22	{"beam_policy": "uniform", "beam_width": 5, "max_depth": 10}	latency_s	0.012437208000001476
2026-03-29T19:57:29+00:00	routing	turborepo	srt-warm	q22	{"beam_policy": "waterfill", "beam_width": 5, "max_depth": 10}	ndcg@10	0.9469237136622
2026-03-29T19:57:29+00:00	routing	turborepo	srt-warm	q22	{"beam_policy": "waterfill", "beam_width": 5, "max_depth": 10}	latency_s	0.011936750000000274
2026-03-29T19:57:29+00:00	routing	turborepo	srt-warm	q22	{"beam_policy": "uniform", "beam_width": 7, "max_depth": 3}	ndcg@10	0.0
2026-03-29T19:57:29+00:00	routing	turborepo	srt-warm	q22	{"beam_policy": "uniform", "beam_width": 7, "max_depth": 3}	latency_s	0.012372125000002399
2026-03-29T19:57:29+00:00	routing	turborepo	srt-warm	q22	{"beam_policy": "waterfill", "beam_width": 7, "max_depth": 3}	ndcg@10	0.0
2026-03-29T19:57:29+00:00	routing	turborepo	srt-warm	q22	{"beam_policy": "waterfill", "beam_width": 7, "max_depth": 3}	latency_s	0.009307124999999417
2026-03-29T19:57:29+00:00	routing	turborepo	srt-warm	q22	{"beam_policy": "uniform", "beam_width": 7, "max_depth": 5}	ndcg@10	0.9469237136622
2026-03-29T19:57:29+00:00	routing	turborepo	srt-warm	q22	{"beam_policy": "uniform", "beam_width": 7, "max_depth": 5}	latency_s	0.028148832999999485
2026-03-29T19:57:29+00:00	routing	turborepo	srt-warm	q22	{"beam_policy": "waterfill", "beam_width": 7, "max_depth": 5}	ndcg@10	0.9469237136622
2026-03-29T19:57:29+00:00	routing	turborepo	srt-warm	q22	{"beam_policy": "waterfill", "beam_width": 7, "max_depth": 5}	latency_s	0.012999917000001915
2026-03-29T19:57:29+00:00	routing	turborepo	srt-warm	q22	{"beam_policy": "uniform", "beam_width": 7, "max_depth": 7}	ndcg@10	0.9469237136622
2026-03-29T19:57:29+00:00	routing	turborepo	srt-warm	q22	{"beam_policy": "uniform", "beam_width": 7, "max_depth": 7}	latency_s	0.03618425000000158
2026-03-29T19:57:29+00:00	routing	turborepo	srt-warm	q22	{"beam_policy": "waterfill", "beam_width": 7, "max_depth": 7}	ndcg@10	0.9469237136622
2026-03-29T19:57:29+00:00	routing	turborepo	srt-warm	q22	{"beam_policy": "waterfill", "beam_width": 7, "max_depth": 7}	latency_s	0.013231042000001025
2026-03-29T19:57:29+00:00	routing	turborepo	srt-warm	q22	{"beam_policy": "uniform", "beam_width": 7, "max_depth": 10}	ndcg@10	0.9469237136622
2026-03-29T19:57:29+00:00	routing	turborepo	srt-warm	q22	{"beam_policy": "uniform", "beam_width": 7, "max_depth": 10}	latency_s	0.03679116600000043
2026-03-29T19:57:29+00:00	routing	turborepo	srt-warm	q22	{"beam_policy": "waterfill", "beam_width": 7, "max_depth": 10}	ndcg@10	0.9469237136622
2026-03-29T19:57:29+00:00	routing	turborepo	srt-warm	q22	{"beam_policy": "waterfill", "beam_width": 7, "max_depth": 10}	latency_s	0.012756417000002074
2026-03-29T19:57:29+00:00	routing	turborepo	srt-warm	q22	{"beam_policy": "uniform", "beam_width": 10, "max_depth": 3}	ndcg@10	0.0
2026-03-29T19:57:29+00:00	routing	turborepo	srt-warm	q22	{"beam_policy": "uniform", "beam_width": 10, "max_depth": 3}	latency_s	0.014406499999999767
2026-03-29T19:57:29+00:00	routing	turborepo	srt-warm	q22	{"beam_policy": "waterfill", "beam_width": 10, "max_depth": 3}	ndcg@10	0.0
2026-03-29T19:57:29+00:00	routing	turborepo	srt-warm	q22	{"beam_policy": "waterfill", "beam_width": 10, "max_depth": 3}	latency_s	0.013115166999998706
2026-03-29T19:57:29+00:00	routing	turborepo	srt-warm	q22	{"beam_policy": "uniform", "beam_width": 10, "max_depth": 5}	ndcg@10	0.9469237136622
2026-03-29T19:57:29+00:00	routing	turborepo	srt-warm	q22	{"beam_policy": "uniform", "beam_width": 10, "max_depth": 5}	latency_s	0.03216066699999942
2026-03-29T19:57:29+00:00	routing	turborepo	srt-warm	q22	{"beam_policy": "waterfill", "beam_width": 10, "max_depth": 5}	ndcg@10	0.9469237136622
2026-03-29T19:57:29+00:00	routing	turborepo	srt-warm	q22	{"beam_policy": "waterfill", "beam_width": 10, "max_depth": 5}	latency_s	0.028093417000000898
2026-03-29T19:57:29+00:00	routing	turborepo	srt-warm	q22	{"beam_policy": "uniform", "beam_width": 10, "max_depth": 7}	ndcg@10	0.9469237136622
2026-03-29T19:57:29+00:00	routing	turborepo	srt-warm	q22	{"beam_policy": "uniform", "beam_width": 10, "max_depth": 7}	latency_s	0.043310791999999765
2026-03-29T19:57:29+00:00	routing	turborepo	srt-warm	q22	{"beam_policy": "waterfill", "beam_width": 10, "max_depth": 7}	ndcg@10	0.9469237136622
2026-03-29T19:57:29+00:00	routing	turborepo	srt-warm	q22	{"beam_policy": "waterfill", "beam_width": 10, "max_depth": 7}	latency_s	0.03653020799999851
2026-03-29T19:57:29+00:00	routing	turborepo	srt-warm	q22	{"beam_policy": "uniform", "beam_width": 10, "max_depth": 10}	ndcg@10	0.9469237136622
2026-03-29T19:57:29+00:00	routing	turborepo	srt-warm	q22	{"beam_policy": "uniform", "beam_width": 10, "max_depth": 10}	latency_s	0.0442485409999982
2026-03-29T19:57:29+00:00	routing	turborepo	srt-warm	q22	{"beam_policy": "waterfill", "beam_width": 10, "max_depth": 10}	ndcg@10	0.9469237136622
2026-03-29T19:57:29+00:00	routing	turborepo	srt-warm	q22	{"beam_policy": "waterfill", "beam_width": 10, "max_depth": 10}	latency_s	0.03780487499999907
2026-03-29T19:57:29+00:00	routing	turborepo	srt-warm	q23	{"beam_policy": "uniform", "beam_width": 2, "max_depth": 3}	ndcg@10	0.0
2026-03-29T19:57:29+00:00	routing	turborepo	srt-warm	q23	{"beam_policy": "uniform", "beam_width": 2, "max_depth": 3}	latency_s	0.009219832999999511
2026-03-29T19:57:29+00:00	routing	turborepo	srt-warm	q23	{"beam_policy": "waterfill", "beam_width": 2, "max_depth": 3}	ndcg@10	0.0
2026-03-29T19:57:29+00:00	routing	turborepo	srt-warm	q23	{"beam_policy": "waterfill", "beam_width": 2, "max_depth": 3}	latency_s	0.008318583000001212
2026-03-29T19:57:29+00:00	routing	turborepo	srt-warm	q23	{"beam_policy": "uniform", "beam_width": 2, "max_depth": 5}	ndcg@10	0.7768062610832323
2026-03-29T19:57:29+00:00	routing	turborepo	srt-warm	q23	{"beam_policy": "uniform", "beam_width": 2, "max_depth": 5}	latency_s	0.011153749999998297
2026-03-29T19:57:29+00:00	routing	turborepo	srt-warm	q23	{"beam_policy": "waterfill", "beam_width": 2, "max_depth": 5}	ndcg@10	0.7768062610832323
2026-03-29T19:57:29+00:00	routing	turborepo	srt-warm	q23	{"beam_policy": "waterfill", "beam_width": 2, "max_depth": 5}	latency_s	0.010650667000000169
2026-03-29T19:57:29+00:00	routing	turborepo	srt-warm	q23	{"beam_policy": "uniform", "beam_width": 2, "max_depth": 7}	ndcg@10	0.7768062610832323
2026-03-29T19:57:29+00:00	routing	turborepo	srt-warm	q23	{"beam_policy": "uniform", "beam_width": 2, "max_depth": 7}	latency_s	0.011425417000001659
2026-03-29T19:57:29+00:00	routing	turborepo	srt-warm	q23	{"beam_policy": "waterfill", "beam_width": 2, "max_depth": 7}	ndcg@10	0.7768062610832323
2026-03-29T19:57:29+00:00	routing	turborepo	srt-warm	q23	{"beam_policy": "waterfill", "beam_width": 2, "max_depth": 7}	latency_s	0.010603708000001433
2026-03-29T19:57:29+00:00	routing	turborepo	srt-warm	q23	{"beam_policy": "uniform", "beam_width": 2, "max_depth": 10}	ndcg@10	0.7768062610832323
2026-03-29T19:57:29+00:00	routing	turborepo	srt-warm	q23	{"beam_policy": "uniform", "beam_width": 2, "max_depth": 10}	latency_s	0.011817042000000555
2026-03-29T19:57:29+00:00	routing	turborepo	srt-warm	q23	{"beam_policy": "waterfill", "beam_width": 2, "max_depth": 10}	ndcg@10	0.7768062610832323
2026-03-29T19:57:29+00:00	routing	turborepo	srt-warm	q23	{"beam_policy": "waterfill", "beam_width": 2, "max_depth": 10}	latency_s	0.010274249999998375
2026-03-29T19:57:29+00:00	routing	turborepo	srt-warm	q23	{"beam_policy": "uniform", "beam_width": 3, "max_depth": 3}	ndcg@10	0.0
2026-03-29T19:57:29+00:00	routing	turborepo	srt-warm	q23	{"beam_policy": "uniform", "beam_width": 3, "max_depth": 3}	latency_s	0.0091875409999993
2026-03-29T19:57:29+00:00	routing	turborepo	srt-warm	q23	{"beam_policy": "waterfill", "beam_width": 3, "max_depth": 3}	ndcg@10	0.0
2026-03-29T19:57:29+00:00	routing	turborepo	srt-warm	q23	{"beam_policy": "waterfill", "beam_width": 3, "max_depth": 3}	latency_s	0.008346209000002602
2026-03-29T19:57:29+00:00	routing	turborepo	srt-warm	q23	{"beam_policy": "uniform", "beam_width": 3, "max_depth": 5}	ndcg@10	0.7768062610832323
2026-03-29T19:57:29+00:00	routing	turborepo	srt-warm	q23	{"beam_policy": "uniform", "beam_width": 3, "max_depth": 5}	latency_s	0.012551417000000953
2026-03-29T19:57:29+00:00	routing	turborepo	srt-warm	q23	{"beam_policy": "waterfill", "beam_width": 3, "max_depth": 5}	ndcg@10	0.7768062610832323
2026-03-29T19:57:29+00:00	routing	turborepo	srt-warm	q23	{"beam_policy": "waterfill", "beam_width": 3, "max_depth": 5}	latency_s	0.010821958000001075
2026-03-29T19:57:29+00:00	routing	turborepo	srt-warm	q23	{"beam_policy": "uniform", "beam_width": 3, "max_depth": 7}	ndcg@10	0.7768062610832323
2026-03-29T19:57:29+00:00	routing	turborepo	srt-warm	q23	{"beam_policy": "uniform", "beam_width": 3, "max_depth": 7}	latency_s	0.011149875000000975
2026-03-29T19:57:29+00:00	routing	turborepo	srt-warm	q23	{"beam_policy": "waterfill", "beam_width": 3, "max_depth": 7}	ndcg@10	0.7768062610832323
2026-03-29T19:57:29+00:00	routing	turborepo	srt-warm	q23	{"beam_policy": "waterfill", "beam_width": 3, "max_depth": 7}	latency_s	0.010599083999998982
2026-03-29T19:57:29+00:00	routing	turborepo	srt-warm	q23	{"beam_policy": "uniform", "beam_width": 3, "max_depth": 10}	ndcg@10	0.7768062610832323
2026-03-29T19:57:29+00:00	routing	turborepo	srt-warm	q23	{"beam_policy": "uniform", "beam_width": 3, "max_depth": 10}	latency_s	0.012332250000000045
2026-03-29T19:57:29+00:00	routing	turborepo	srt-warm	q23	{"beam_policy": "waterfill", "beam_width": 3, "max_depth": 10}	ndcg@10	0.7768062610832323
2026-03-29T19:57:29+00:00	routing	turborepo	srt-warm	q23	{"beam_policy": "waterfill", "beam_width": 3, "max_depth": 10}	latency_s	0.011277457999998575
2026-03-29T19:57:29+00:00	routing	turborepo	srt-warm	q23	{"beam_policy": "uniform", "beam_width": 5, "max_depth": 3}	ndcg@10	0.0
2026-03-29T19:57:29+00:00	routing	turborepo	srt-warm	q23	{"beam_policy": "uniform", "beam_width": 5, "max_depth": 3}	latency_s	0.010227624999998852
2026-03-29T19:57:29+00:00	routing	turborepo	srt-warm	q23	{"beam_policy": "waterfill", "beam_width": 5, "max_depth": 3}	ndcg@10	0.0
2026-03-29T19:57:29+00:00	routing	turborepo	srt-warm	q23	{"beam_policy": "waterfill", "beam_width": 5, "max_depth": 3}	latency_s	0.009164875000003292
2026-03-29T19:57:29+00:00	routing	turborepo	srt-warm	q23	{"beam_policy": "uniform", "beam_width": 5, "max_depth": 5}	ndcg@10	0.7768062610832323
2026-03-29T19:57:29+00:00	routing	turborepo	srt-warm	q23	{"beam_policy": "uniform", "beam_width": 5, "max_depth": 5}	latency_s	0.01590604200000101
2026-03-29T19:57:29+00:00	routing	turborepo	srt-warm	q23	{"beam_policy": "waterfill", "beam_width": 5, "max_depth": 5}	ndcg@10	0.7768062610832323
2026-03-29T19:57:29+00:00	routing	turborepo	srt-warm	q23	{"beam_policy": "waterfill", "beam_width": 5, "max_depth": 5}	latency_s	0.012138500000002495
2026-03-29T19:57:29+00:00	routing	turborepo	srt-warm	q23	{"beam_policy": "uniform", "beam_width": 5, "max_depth": 7}	ndcg@10	0.7768062610832323
2026-03-29T19:57:29+00:00	routing	turborepo	srt-warm	q23	{"beam_policy": "uniform", "beam_width": 5, "max_depth": 7}	latency_s	0.016526125000002168
2026-03-29T19:57:29+00:00	routing	turborepo	srt-warm	q23	{"beam_policy": "waterfill", "beam_width": 5, "max_depth": 7}	ndcg@10	0.7768062610832323
2026-03-29T19:57:29+00:00	routing	turborepo	srt-warm	q23	{"beam_policy": "waterfill", "beam_width": 5, "max_depth": 7}	latency_s	0.013608458000000212
2026-03-29T19:57:29+00:00	routing	turborepo	srt-warm	q23	{"beam_policy": "uniform", "beam_width": 5, "max_depth": 10}	ndcg@10	0.7768062610832323
2026-03-29T19:57:29+00:00	routing	turborepo	srt-warm	q23	{"beam_policy": "uniform", "beam_width": 5, "max_depth": 10}	latency_s	0.016698208000001102
2026-03-29T19:57:29+00:00	routing	turborepo	srt-warm	q23	{"beam_policy": "waterfill", "beam_width": 5, "max_depth": 10}	ndcg@10	0.7768062610832323
2026-03-29T19:57:29+00:00	routing	turborepo	srt-warm	q23	{"beam_policy": "waterfill", "beam_width": 5, "max_depth": 10}	latency_s	0.013115542000001312
2026-03-29T19:57:29+00:00	routing	turborepo	srt-warm	q23	{"beam_policy": "uniform", "beam_width": 7, "max_depth": 3}	ndcg@10	0.0
2026-03-29T19:57:29+00:00	routing	turborepo	srt-warm	q23	{"beam_policy": "uniform", "beam_width": 7, "max_depth": 3}	latency_s	0.013859332999999197
2026-03-29T19:57:29+00:00	routing	turborepo	srt-warm	q23	{"beam_policy": "waterfill", "beam_width": 7, "max_depth": 3}	ndcg@10	0.0
2026-03-29T19:57:29+00:00	routing	turborepo	srt-warm	q23	{"beam_policy": "waterfill", "beam_width": 7, "max_depth": 3}	latency_s	0.010588874999999831
2026-03-29T19:57:29+00:00	routing	turborepo	srt-warm	q23	{"beam_policy": "uniform", "beam_width": 7, "max_depth": 5}	ndcg@10	0.7768062610832323
2026-03-29T19:57:29+00:00	routing	turborepo	srt-warm	q23	{"beam_policy": "uniform", "beam_width": 7, "max_depth": 5}	latency_s	0.02714758300000142
2026-03-29T19:57:29+00:00	routing	turborepo	srt-warm	q23	{"beam_policy": "waterfill", "beam_width": 7, "max_depth": 5}	ndcg@10	0.7768062610832323
2026-03-29T19:57:29+00:00	routing	turborepo	srt-warm	q23	{"beam_policy": "waterfill", "beam_width": 7, "max_depth": 5}	latency_s	0.016358667000002214
2026-03-29T19:57:29+00:00	routing	turborepo	srt-warm	q23	{"beam_policy": "uniform", "beam_width": 7, "max_depth": 7}	ndcg@10	0.7768062610832323
2026-03-29T19:57:29+00:00	routing	turborepo	srt-warm	q23	{"beam_policy": "uniform", "beam_width": 7, "max_depth": 7}	latency_s	0.02983416600000055
2026-03-29T19:57:29+00:00	routing	turborepo	srt-warm	q23	{"beam_policy": "waterfill", "beam_width": 7, "max_depth": 7}	ndcg@10	0.7768062610832323
2026-03-29T19:57:29+00:00	routing	turborepo	srt-warm	q23	{"beam_policy": "waterfill", "beam_width": 7, "max_depth": 7}	latency_s	0.01712399999999903
2026-03-29T19:57:30+00:00	routing	turborepo	srt-warm	q23	{"beam_policy": "uniform", "beam_width": 7, "max_depth": 10}	ndcg@10	0.7768062610832323
2026-03-29T19:57:30+00:00	routing	turborepo	srt-warm	q23	{"beam_policy": "uniform", "beam_width": 7, "max_depth": 10}	latency_s	0.029405084000000414
2026-03-29T19:57:30+00:00	routing	turborepo	srt-warm	q23	{"beam_policy": "waterfill", "beam_width": 7, "max_depth": 10}	ndcg@10	0.7768062610832323
2026-03-29T19:57:30+00:00	routing	turborepo	srt-warm	q23	{"beam_policy": "waterfill", "beam_width": 7, "max_depth": 10}	latency_s	0.016769250000002955
2026-03-29T19:57:30+00:00	routing	turborepo	srt-warm	q23	{"beam_policy": "uniform", "beam_width": 10, "max_depth": 3}	ndcg@10	0.0
2026-03-29T19:57:30+00:00	routing	turborepo	srt-warm	q23	{"beam_policy": "uniform", "beam_width": 10, "max_depth": 3}	latency_s	0.021072333000002885
2026-03-29T19:57:30+00:00	routing	turborepo	srt-warm	q23	{"beam_policy": "waterfill", "beam_width": 10, "max_depth": 3}	ndcg@10	0.0
2026-03-29T19:57:30+00:00	routing	turborepo	srt-warm	q23	{"beam_policy": "waterfill", "beam_width": 10, "max_depth": 3}	latency_s	0.014255291999997866
2026-03-29T19:57:30+00:00	routing	turborepo	srt-warm	q23	{"beam_policy": "uniform", "beam_width": 10, "max_depth": 5}	ndcg@10	0.7768062610832323
2026-03-29T19:57:30+00:00	routing	turborepo	srt-warm	q23	{"beam_policy": "uniform", "beam_width": 10, "max_depth": 5}	latency_s	0.055676000000001835
2026-03-29T19:57:30+00:00	routing	turborepo	srt-warm	q23	{"beam_policy": "waterfill", "beam_width": 10, "max_depth": 5}	ndcg@10	0.7768062610832323
2026-03-29T19:57:30+00:00	routing	turborepo	srt-warm	q23	{"beam_policy": "waterfill", "beam_width": 10, "max_depth": 5}	latency_s	0.029882167000000237
2026-03-29T19:57:30+00:00	routing	turborepo	srt-warm	q23	{"beam_policy": "uniform", "beam_width": 10, "max_depth": 7}	ndcg@10	0.7768062610832323
2026-03-29T19:57:30+00:00	routing	turborepo	srt-warm	q23	{"beam_policy": "uniform", "beam_width": 10, "max_depth": 7}	latency_s	0.07148845900000111
2026-03-29T19:57:30+00:00	routing	turborepo	srt-warm	q23	{"beam_policy": "waterfill", "beam_width": 10, "max_depth": 7}	ndcg@10	0.7768062610832323
2026-03-29T19:57:30+00:00	routing	turborepo	srt-warm	q23	{"beam_policy": "waterfill", "beam_width": 10, "max_depth": 7}	latency_s	0.029873874999999828
2026-03-29T19:57:30+00:00	routing	turborepo	srt-warm	q23	{"beam_policy": "uniform", "beam_width": 10, "max_depth": 10}	ndcg@10	0.7768062610832323
2026-03-29T19:57:30+00:00	routing	turborepo	srt-warm	q23	{"beam_policy": "uniform", "beam_width": 10, "max_depth": 10}	latency_s	0.07277541699999901
2026-03-29T19:57:30+00:00	routing	turborepo	srt-warm	q23	{"beam_policy": "waterfill", "beam_width": 10, "max_depth": 10}	ndcg@10	0.7768062610832323
2026-03-29T19:57:30+00:00	routing	turborepo	srt-warm	q23	{"beam_policy": "waterfill", "beam_width": 10, "max_depth": 10}	latency_s	0.03005612499999799
2026-03-29T19:57:30+00:00	routing	turborepo	srt-warm	q24	{"beam_policy": "uniform", "beam_width": 2, "max_depth": 3}	ndcg@10	0.0
2026-03-29T19:57:30+00:00	routing	turborepo	srt-warm	q24	{"beam_policy": "uniform", "beam_width": 2, "max_depth": 3}	latency_s	0.005734125000000034
2026-03-29T19:57:30+00:00	routing	turborepo	srt-warm	q24	{"beam_policy": "waterfill", "beam_width": 2, "max_depth": 3}	ndcg@10	0.0
2026-03-29T19:57:30+00:00	routing	turborepo	srt-warm	q24	{"beam_policy": "waterfill", "beam_width": 2, "max_depth": 3}	latency_s	0.004855875000000509
2026-03-29T19:57:30+00:00	routing	turborepo	srt-warm	q24	{"beam_policy": "uniform", "beam_width": 2, "max_depth": 5}	ndcg@10	0.0
2026-03-29T19:57:30+00:00	routing	turborepo	srt-warm	q24	{"beam_policy": "uniform", "beam_width": 2, "max_depth": 5}	latency_s	0.007350792000000439
2026-03-29T19:57:30+00:00	routing	turborepo	srt-warm	q24	{"beam_policy": "waterfill", "beam_width": 2, "max_depth": 5}	ndcg@10	0.0
2026-03-29T19:57:30+00:00	routing	turborepo	srt-warm	q24	{"beam_policy": "waterfill", "beam_width": 2, "max_depth": 5}	latency_s	0.005857500000001181
2026-03-29T19:57:30+00:00	routing	turborepo	srt-warm	q24	{"beam_policy": "uniform", "beam_width": 2, "max_depth": 7}	ndcg@10	0.0
2026-03-29T19:57:30+00:00	routing	turborepo	srt-warm	q24	{"beam_policy": "uniform", "beam_width": 2, "max_depth": 7}	latency_s	0.0075432080000013
2026-03-29T19:57:30+00:00	routing	turborepo	srt-warm	q24	{"beam_policy": "waterfill", "beam_width": 2, "max_depth": 7}	ndcg@10	0.0
2026-03-29T19:57:30+00:00	routing	turborepo	srt-warm	q24	{"beam_policy": "waterfill", "beam_width": 2, "max_depth": 7}	latency_s	0.005904749999999126
2026-03-29T19:57:30+00:00	routing	turborepo	srt-warm	q24	{"beam_policy": "uniform", "beam_width": 2, "max_depth": 10}	ndcg@10	0.0
2026-03-29T19:57:30+00:00	routing	turborepo	srt-warm	q24	{"beam_policy": "uniform", "beam_width": 2, "max_depth": 10}	latency_s	0.00744662500000004
2026-03-29T19:57:30+00:00	routing	turborepo	srt-warm	q24	{"beam_policy": "waterfill", "beam_width": 2, "max_depth": 10}	ndcg@10	0.0
2026-03-29T19:57:30+00:00	routing	turborepo	srt-warm	q24	{"beam_policy": "waterfill", "beam_width": 2, "max_depth": 10}	latency_s	0.005276542000000717
2026-03-29T19:57:30+00:00	routing	turborepo	srt-warm	q24	{"beam_policy": "uniform", "beam_width": 3, "max_depth": 3}	ndcg@10	0.0
2026-03-29T19:57:30+00:00	routing	turborepo	srt-warm	q24	{"beam_policy": "uniform", "beam_width": 3, "max_depth": 3}	latency_s	0.0056213329999970085
2026-03-29T19:57:30+00:00	routing	turborepo	srt-warm	q24	{"beam_policy": "waterfill", "beam_width": 3, "max_depth": 3}	ndcg@10	0.0
2026-03-29T19:57:30+00:00	routing	turborepo	srt-warm	q24	{"beam_policy": "waterfill", "beam_width": 3, "max_depth": 3}	latency_s	0.007453207999997602
2026-03-29T19:57:30+00:00	routing	turborepo	srt-warm	q24	{"beam_policy": "uniform", "beam_width": 3, "max_depth": 5}	ndcg@10	0.0
2026-03-29T19:57:30+00:00	routing	turborepo	srt-warm	q24	{"beam_policy": "uniform", "beam_width": 3, "max_depth": 5}	latency_s	0.005185582999999383
2026-03-29T19:57:30+00:00	routing	turborepo	srt-warm	q24	{"beam_policy": "waterfill", "beam_width": 3, "max_depth": 5}	ndcg@10	0.0
2026-03-29T19:57:30+00:00	routing	turborepo	srt-warm	q24	{"beam_policy": "waterfill", "beam_width": 3, "max_depth": 5}	latency_s	0.006897999999999627
2026-03-29T19:57:30+00:00	routing	turborepo	srt-warm	q24	{"beam_policy": "uniform", "beam_width": 3, "max_depth": 7}	ndcg@10	0.0
2026-03-29T19:57:30+00:00	routing	turborepo	srt-warm	q24	{"beam_policy": "uniform", "beam_width": 3, "max_depth": 7}	latency_s	0.004759457999998773
2026-03-29T19:57:30+00:00	routing	turborepo	srt-warm	q24	{"beam_policy": "waterfill", "beam_width": 3, "max_depth": 7}	ndcg@10	0.0
2026-03-29T19:57:30+00:00	routing	turborepo	srt-warm	q24	{"beam_policy": "waterfill", "beam_width": 3, "max_depth": 7}	latency_s	0.007637041999998928
2026-03-29T19:57:30+00:00	routing	turborepo	srt-warm	q24	{"beam_policy": "uniform", "beam_width": 3, "max_depth": 10}	ndcg@10	0.0
2026-03-29T19:57:30+00:00	routing	turborepo	srt-warm	q24	{"beam_policy": "uniform", "beam_width": 3, "max_depth": 10}	latency_s	0.004852707999997818
2026-03-29T19:57:30+00:00	routing	turborepo	srt-warm	q24	{"beam_policy": "waterfill", "beam_width": 3, "max_depth": 10}	ndcg@10	0.0
2026-03-29T19:57:30+00:00	routing	turborepo	srt-warm	q24	{"beam_policy": "waterfill", "beam_width": 3, "max_depth": 10}	latency_s	0.007497707999998937
2026-03-29T19:57:30+00:00	routing	turborepo	srt-warm	q24	{"beam_policy": "uniform", "beam_width": 5, "max_depth": 3}	ndcg@10	0.0
2026-03-29T19:57:30+00:00	routing	turborepo	srt-warm	q24	{"beam_policy": "uniform", "beam_width": 5, "max_depth": 3}	latency_s	0.007652666999998559
2026-03-29T19:57:30+00:00	routing	turborepo	srt-warm	q24	{"beam_policy": "waterfill", "beam_width": 5, "max_depth": 3}	ndcg@10	0.0
2026-03-29T19:57:30+00:00	routing	turborepo	srt-warm	q24	{"beam_policy": "waterfill", "beam_width": 5, "max_depth": 3}	latency_s	0.007371917000000394
2026-03-29T19:57:30+00:00	routing	turborepo	srt-warm	q24	{"beam_policy": "uniform", "beam_width": 5, "max_depth": 5}	ndcg@10	0.8609101556836468
2026-03-29T19:57:30+00:00	routing	turborepo	srt-warm	q24	{"beam_policy": "uniform", "beam_width": 5, "max_depth": 5}	latency_s	0.012445291000002356
2026-03-29T19:57:30+00:00	routing	turborepo	srt-warm	q24	{"beam_policy": "waterfill", "beam_width": 5, "max_depth": 5}	ndcg@10	0.8609101556836468
2026-03-29T19:57:30+00:00	routing	turborepo	srt-warm	q24	{"beam_policy": "waterfill", "beam_width": 5, "max_depth": 5}	latency_s	0.009115000000001316
2026-03-29T19:57:30+00:00	routing	turborepo	srt-warm	q24	{"beam_policy": "uniform", "beam_width": 5, "max_depth": 7}	ndcg@10	0.8609101556836468
2026-03-29T19:57:30+00:00	routing	turborepo	srt-warm	q24	{"beam_policy": "uniform", "beam_width": 5, "max_depth": 7}	latency_s	0.013152666999999951
2026-03-29T19:57:30+00:00	routing	turborepo	srt-warm	q24	{"beam_policy": "waterfill", "beam_width": 5, "max_depth": 7}	ndcg@10	0.8609101556836468
2026-03-29T19:57:30+00:00	routing	turborepo	srt-warm	q24	{"beam_policy": "waterfill", "beam_width": 5, "max_depth": 7}	latency_s	0.008487666000000615
2026-03-29T19:57:30+00:00	routing	turborepo	srt-warm	q24	{"beam_policy": "uniform", "beam_width": 5, "max_depth": 10}	ndcg@10	0.8609101556836468
2026-03-29T19:57:30+00:00	routing	turborepo	srt-warm	q24	{"beam_policy": "uniform", "beam_width": 5, "max_depth": 10}	latency_s	0.013256000000001933
2026-03-29T19:57:30+00:00	routing	turborepo	srt-warm	q24	{"beam_policy": "waterfill", "beam_width": 5, "max_depth": 10}	ndcg@10	0.8609101556836468
2026-03-29T19:57:30+00:00	routing	turborepo	srt-warm	q24	{"beam_policy": "waterfill", "beam_width": 5, "max_depth": 10}	latency_s	0.008688624999997785
2026-03-29T19:57:30+00:00	routing	turborepo	srt-warm	q24	{"beam_policy": "uniform", "beam_width": 7, "max_depth": 3}	ndcg@10	0.0
2026-03-29T19:57:30+00:00	routing	turborepo	srt-warm	q24	{"beam_policy": "uniform", "beam_width": 7, "max_depth": 3}	latency_s	0.008638541999999916
2026-03-29T19:57:30+00:00	routing	turborepo	srt-warm	q24	{"beam_policy": "waterfill", "beam_width": 7, "max_depth": 3}	ndcg@10	0.0
2026-03-29T19:57:30+00:00	routing	turborepo	srt-warm	q24	{"beam_policy": "waterfill", "beam_width": 7, "max_depth": 3}	latency_s	0.007566709000002447
2026-03-29T19:57:30+00:00	routing	turborepo	srt-warm	q24	{"beam_policy": "uniform", "beam_width": 7, "max_depth": 5}	ndcg@10	0.8609101556836468
2026-03-29T19:57:30+00:00	routing	turborepo	srt-warm	q24	{"beam_policy": "uniform", "beam_width": 7, "max_depth": 5}	latency_s	0.020774542000001617
2026-03-29T19:57:30+00:00	routing	turborepo	srt-warm	q24	{"beam_policy": "waterfill", "beam_width": 7, "max_depth": 5}	ndcg@10	0.8609101556836468
2026-03-29T19:57:30+00:00	routing	turborepo	srt-warm	q24	{"beam_policy": "waterfill", "beam_width": 7, "max_depth": 5}	latency_s	0.013306792000001622
2026-03-29T19:57:30+00:00	routing	turborepo	srt-warm	q24	{"beam_policy": "uniform", "beam_width": 7, "max_depth": 7}	ndcg@10	0.8609101556836468
2026-03-29T19:57:30+00:00	routing	turborepo	srt-warm	q24	{"beam_policy": "uniform", "beam_width": 7, "max_depth": 7}	latency_s	0.02213029199999994
2026-03-29T19:57:30+00:00	routing	turborepo	srt-warm	q24	{"beam_policy": "waterfill", "beam_width": 7, "max_depth": 7}	ndcg@10	0.8609101556836468
2026-03-29T19:57:30+00:00	routing	turborepo	srt-warm	q24	{"beam_policy": "waterfill", "beam_width": 7, "max_depth": 7}	latency_s	0.013521541999999442
2026-03-29T19:57:30+00:00	routing	turborepo	srt-warm	q24	{"beam_policy": "uniform", "beam_width": 7, "max_depth": 10}	ndcg@10	0.8609101556836468
2026-03-29T19:57:30+00:00	routing	turborepo	srt-warm	q24	{"beam_policy": "uniform", "beam_width": 7, "max_depth": 10}	latency_s	0.021976624999997085
2026-03-29T19:57:30+00:00	routing	turborepo	srt-warm	q24	{"beam_policy": "waterfill", "beam_width": 7, "max_depth": 10}	ndcg@10	0.8609101556836468
2026-03-29T19:57:30+00:00	routing	turborepo	srt-warm	q24	{"beam_policy": "waterfill", "beam_width": 7, "max_depth": 10}	latency_s	0.014407458000000872
2026-03-29T19:57:30+00:00	routing	turborepo	srt-warm	q24	{"beam_policy": "uniform", "beam_width": 10, "max_depth": 3}	ndcg@10	0.0
2026-03-29T19:57:30+00:00	routing	turborepo	srt-warm	q24	{"beam_policy": "uniform", "beam_width": 10, "max_depth": 3}	latency_s	0.015387041000000323
2026-03-29T19:57:30+00:00	routing	turborepo	srt-warm	q24	{"beam_policy": "waterfill", "beam_width": 10, "max_depth": 3}	ndcg@10	0.0
2026-03-29T19:57:30+00:00	routing	turborepo	srt-warm	q24	{"beam_policy": "waterfill", "beam_width": 10, "max_depth": 3}	latency_s	0.008762374999999878
2026-03-29T19:57:30+00:00	routing	turborepo	srt-warm	q24	{"beam_policy": "uniform", "beam_width": 10, "max_depth": 5}	ndcg@10	0.8609101556836468
2026-03-29T19:57:30+00:00	routing	turborepo	srt-warm	q24	{"beam_policy": "uniform", "beam_width": 10, "max_depth": 5}	latency_s	0.03988958300000078
2026-03-29T19:57:30+00:00	routing	turborepo	srt-warm	q24	{"beam_policy": "waterfill", "beam_width": 10, "max_depth": 5}	ndcg@10	0.8609101556836468
2026-03-29T19:57:30+00:00	routing	turborepo	srt-warm	q24	{"beam_policy": "waterfill", "beam_width": 10, "max_depth": 5}	latency_s	0.02057479100000137
2026-03-29T19:57:30+00:00	routing	turborepo	srt-warm	q24	{"beam_policy": "uniform", "beam_width": 10, "max_depth": 7}	ndcg@10	0.8609101556836468
2026-03-29T19:57:30+00:00	routing	turborepo	srt-warm	q24	{"beam_policy": "uniform", "beam_width": 10, "max_depth": 7}	latency_s	0.05272233399999848
2026-03-29T19:57:30+00:00	routing	turborepo	srt-warm	q24	{"beam_policy": "waterfill", "beam_width": 10, "max_depth": 7}	ndcg@10	0.8609101556836468
2026-03-29T19:57:30+00:00	routing	turborepo	srt-warm	q24	{"beam_policy": "waterfill", "beam_width": 10, "max_depth": 7}	latency_s	0.02294837500000213
2026-03-29T19:57:31+00:00	routing	turborepo	srt-warm	q24	{"beam_policy": "uniform", "beam_width": 10, "max_depth": 10}	ndcg@10	0.8609101556836468
2026-03-29T19:57:31+00:00	routing	turborepo	srt-warm	q24	{"beam_policy": "uniform", "beam_width": 10, "max_depth": 10}	latency_s	0.05384650000000235
2026-03-29T19:57:31+00:00	routing	turborepo	srt-warm	q24	{"beam_policy": "waterfill", "beam_width": 10, "max_depth": 10}	ndcg@10	0.8609101556836468
2026-03-29T19:57:31+00:00	routing	turborepo	srt-warm	q24	{"beam_policy": "waterfill", "beam_width": 10, "max_depth": 10}	latency_s	0.02297204199999925
2026-03-29T19:57:31+00:00	routing	turborepo	srt-warm	q25	{"beam_policy": "uniform", "beam_width": 2, "max_depth": 3}	ndcg@10	0.0
2026-03-29T19:57:31+00:00	routing	turborepo	srt-warm	q25	{"beam_policy": "uniform", "beam_width": 2, "max_depth": 3}	latency_s	0.009359708000001632
2026-03-29T19:57:31+00:00	routing	turborepo	srt-warm	q25	{"beam_policy": "waterfill", "beam_width": 2, "max_depth": 3}	ndcg@10	0.0
2026-03-29T19:57:31+00:00	routing	turborepo	srt-warm	q25	{"beam_policy": "waterfill", "beam_width": 2, "max_depth": 3}	latency_s	0.006566500000001696
2026-03-29T19:57:31+00:00	routing	turborepo	srt-warm	q25	{"beam_policy": "uniform", "beam_width": 2, "max_depth": 5}	ndcg@10	0.7773015866757238
2026-03-29T19:57:31+00:00	routing	turborepo	srt-warm	q25	{"beam_policy": "uniform", "beam_width": 2, "max_depth": 5}	latency_s	0.010238832999998948
2026-03-29T19:57:31+00:00	routing	turborepo	srt-warm	q25	{"beam_policy": "waterfill", "beam_width": 2, "max_depth": 5}	ndcg@10	0.0
2026-03-29T19:57:31+00:00	routing	turborepo	srt-warm	q25	{"beam_policy": "waterfill", "beam_width": 2, "max_depth": 5}	latency_s	0.0064902499999988095
2026-03-29T19:57:31+00:00	routing	turborepo	srt-warm	q25	{"beam_policy": "uniform", "beam_width": 2, "max_depth": 7}	ndcg@10	0.7773015866757238
2026-03-29T19:57:31+00:00	routing	turborepo	srt-warm	q25	{"beam_policy": "uniform", "beam_width": 2, "max_depth": 7}	latency_s	0.010076250000000897
2026-03-29T19:57:31+00:00	routing	turborepo	srt-warm	q25	{"beam_policy": "waterfill", "beam_width": 2, "max_depth": 7}	ndcg@10	0.0
2026-03-29T19:57:31+00:00	routing	turborepo	srt-warm	q25	{"beam_policy": "waterfill", "beam_width": 2, "max_depth": 7}	latency_s	0.007368249999998966
2026-03-29T19:57:31+00:00	routing	turborepo	srt-warm	q25	{"beam_policy": "uniform", "beam_width": 2, "max_depth": 10}	ndcg@10	0.7773015866757238
2026-03-29T19:57:31+00:00	routing	turborepo	srt-warm	q25	{"beam_policy": "uniform", "beam_width": 2, "max_depth": 10}	latency_s	0.009999042000000458
2026-03-29T19:57:31+00:00	routing	turborepo	srt-warm	q25	{"beam_policy": "waterfill", "beam_width": 2, "max_depth": 10}	ndcg@10	0.0
2026-03-29T19:57:31+00:00	routing	turborepo	srt-warm	q25	{"beam_policy": "waterfill", "beam_width": 2, "max_depth": 10}	latency_s	0.009367957999998566
2026-03-29T19:57:31+00:00	routing	turborepo	srt-warm	q25	{"beam_policy": "uniform", "beam_width": 3, "max_depth": 3}	ndcg@10	0.0
2026-03-29T19:57:31+00:00	routing	turborepo	srt-warm	q25	{"beam_policy": "uniform", "beam_width": 3, "max_depth": 3}	latency_s	0.010112667000001352
2026-03-29T19:57:31+00:00	routing	turborepo	srt-warm	q25	{"beam_policy": "waterfill", "beam_width": 3, "max_depth": 3}	ndcg@10	0.0
2026-03-29T19:57:31+00:00	routing	turborepo	srt-warm	q25	{"beam_policy": "waterfill", "beam_width": 3, "max_depth": 3}	latency_s	0.009802457999999348
2026-03-29T19:57:31+00:00	routing	turborepo	srt-warm	q25	{"beam_policy": "uniform", "beam_width": 3, "max_depth": 5}	ndcg@10	0.7760277191360635
2026-03-29T19:57:31+00:00	routing	turborepo	srt-warm	q25	{"beam_policy": "uniform", "beam_width": 3, "max_depth": 5}	latency_s	0.015200625000002077
2026-03-29T19:57:31+00:00	routing	turborepo	srt-warm	q25	{"beam_policy": "waterfill", "beam_width": 3, "max_depth": 5}	ndcg@10	0.7760277191360635
2026-03-29T19:57:31+00:00	routing	turborepo	srt-warm	q25	{"beam_policy": "waterfill", "beam_width": 3, "max_depth": 5}	latency_s	0.011014582999997913
2026-03-29T19:57:31+00:00	routing	turborepo	srt-warm	q25	{"beam_policy": "uniform", "beam_width": 3, "max_depth": 7}	ndcg@10	0.7760277191360635
2026-03-29T19:57:31+00:00	routing	turborepo	srt-warm	q25	{"beam_policy": "uniform", "beam_width": 3, "max_depth": 7}	latency_s	0.02504037499999967
2026-03-29T19:57:31+00:00	routing	turborepo	srt-warm	q25	{"beam_policy": "waterfill", "beam_width": 3, "max_depth": 7}	ndcg@10	0.7760277191360635
2026-03-29T19:57:31+00:00	routing	turborepo	srt-warm	q25	{"beam_policy": "waterfill", "beam_width": 3, "max_depth": 7}	latency_s	0.010377542000000517
2026-03-29T19:57:31+00:00	routing	turborepo	srt-warm	q25	{"beam_policy": "uniform", "beam_width": 3, "max_depth": 10}	ndcg@10	0.7760277191360635
2026-03-29T19:57:31+00:00	routing	turborepo	srt-warm	q25	{"beam_policy": "uniform", "beam_width": 3, "max_depth": 10}	latency_s	0.02462816699999948
2026-03-29T19:57:31+00:00	routing	turborepo	srt-warm	q25	{"beam_policy": "waterfill", "beam_width": 3, "max_depth": 10}	ndcg@10	0.7760277191360635
2026-03-29T19:57:31+00:00	routing	turborepo	srt-warm	q25	{"beam_policy": "waterfill", "beam_width": 3, "max_depth": 10}	latency_s	0.010200000000001097
2026-03-29T19:57:31+00:00	routing	turborepo	srt-warm	q25	{"beam_policy": "uniform", "beam_width": 5, "max_depth": 3}	ndcg@10	0.0
2026-03-29T19:57:31+00:00	routing	turborepo	srt-warm	q25	{"beam_policy": "uniform", "beam_width": 5, "max_depth": 3}	latency_s	0.011640208999999402
2026-03-29T19:57:31+00:00	routing	turborepo	srt-warm	q25	{"beam_policy": "waterfill", "beam_width": 5, "max_depth": 3}	ndcg@10	0.0
2026-03-29T19:57:31+00:00	routing	turborepo	srt-warm	q25	{"beam_policy": "waterfill", "beam_width": 5, "max_depth": 3}	latency_s	0.010737667000000783
2026-03-29T19:57:31+00:00	routing	turborepo	srt-warm	q25	{"beam_policy": "uniform", "beam_width": 5, "max_depth": 5}	ndcg@10	0.7452525342261976
2026-03-29T19:57:31+00:00	routing	turborepo	srt-warm	q25	{"beam_policy": "uniform", "beam_width": 5, "max_depth": 5}	latency_s	0.029921166000001165
2026-03-29T19:57:31+00:00	routing	turborepo	srt-warm	q25	{"beam_policy": "waterfill", "beam_width": 5, "max_depth": 5}	ndcg@10	0.8375780889557954
2026-03-29T19:57:31+00:00	routing	turborepo	srt-warm	q25	{"beam_policy": "waterfill", "beam_width": 5, "max_depth": 5}	latency_s	0.016598917000003155
2026-03-29T19:57:31+00:00	routing	turborepo	srt-warm	q25	{"beam_policy": "uniform", "beam_width": 5, "max_depth": 7}	ndcg@10	0.7452525342261976
2026-03-29T19:57:31+00:00	routing	turborepo	srt-warm	q25	{"beam_policy": "uniform", "beam_width": 5, "max_depth": 7}	latency_s	0.047658792000000005
2026-03-29T19:57:31+00:00	routing	turborepo	srt-warm	q25	{"beam_policy": "waterfill", "beam_width": 5, "max_depth": 7}	ndcg@10	0.8375780889557954
2026-03-29T19:57:31+00:00	routing	turborepo	srt-warm	q25	{"beam_policy": "waterfill", "beam_width": 5, "max_depth": 7}	latency_s	0.026051249999998305
2026-03-29T19:57:31+00:00	routing	turborepo	srt-warm	q25	{"beam_policy": "uniform", "beam_width": 5, "max_depth": 10}	ndcg@10	0.7452525342261976
2026-03-29T19:57:31+00:00	routing	turborepo	srt-warm	q25	{"beam_policy": "uniform", "beam_width": 5, "max_depth": 10}	latency_s	0.04752383399999971
2026-03-29T19:57:31+00:00	routing	turborepo	srt-warm	q25	{"beam_policy": "waterfill", "beam_width": 5, "max_depth": 10}	ndcg@10	0.8375780889557954
2026-03-29T19:57:31+00:00	routing	turborepo	srt-warm	q25	{"beam_policy": "waterfill", "beam_width": 5, "max_depth": 10}	latency_s	0.025942541999999236
2026-03-29T19:57:31+00:00	routing	turborepo	srt-warm	q25	{"beam_policy": "uniform", "beam_width": 7, "max_depth": 3}	ndcg@10	0.0
2026-03-29T19:57:31+00:00	routing	turborepo	srt-warm	q25	{"beam_policy": "uniform", "beam_width": 7, "max_depth": 3}	latency_s	0.013362415999999655
2026-03-29T19:57:31+00:00	routing	turborepo	srt-warm	q25	{"beam_policy": "waterfill", "beam_width": 7, "max_depth": 3}	ndcg@10	0.0
2026-03-29T19:57:31+00:00	routing	turborepo	srt-warm	q25	{"beam_policy": "waterfill", "beam_width": 7, "max_depth": 3}	latency_s	0.01158579200000176
2026-03-29T19:57:31+00:00	routing	turborepo	srt-warm	q25	{"beam_policy": "uniform", "beam_width": 7, "max_depth": 5}	ndcg@10	0.7452525342261976
2026-03-29T19:57:31+00:00	routing	turborepo	srt-warm	q25	{"beam_policy": "uniform", "beam_width": 7, "max_depth": 5}	latency_s	0.035930707999998646
2026-03-29T19:57:31+00:00	routing	turborepo	srt-warm	q25	{"beam_policy": "waterfill", "beam_width": 7, "max_depth": 5}	ndcg@10	0.7452525342261976
2026-03-29T19:57:31+00:00	routing	turborepo	srt-warm	q25	{"beam_policy": "waterfill", "beam_width": 7, "max_depth": 5}	latency_s	0.02995741599999846
2026-03-29T19:57:31+00:00	routing	turborepo	srt-warm	q25	{"beam_policy": "uniform", "beam_width": 7, "max_depth": 7}	ndcg@10	0.7452525342261976
2026-03-29T19:57:31+00:00	routing	turborepo	srt-warm	q25	{"beam_policy": "uniform", "beam_width": 7, "max_depth": 7}	latency_s	0.06434537500000204
2026-03-29T19:57:31+00:00	routing	turborepo	srt-warm	q25	{"beam_policy": "waterfill", "beam_width": 7, "max_depth": 7}	ndcg@10	0.7452525342261976
2026-03-29T19:57:31+00:00	routing	turborepo	srt-warm	q25	{"beam_policy": "waterfill", "beam_width": 7, "max_depth": 7}	latency_s	0.047528833000001214
2026-03-29T19:57:31+00:00	routing	turborepo	srt-warm	q25	{"beam_policy": "uniform", "beam_width": 7, "max_depth": 10}	ndcg@10	0.7452525342261976
2026-03-29T19:57:31+00:00	routing	turborepo	srt-warm	q25	{"beam_policy": "uniform", "beam_width": 7, "max_depth": 10}	latency_s	0.06173820799999774
2026-03-29T19:57:31+00:00	routing	turborepo	srt-warm	q25	{"beam_policy": "waterfill", "beam_width": 7, "max_depth": 10}	ndcg@10	0.7452525342261976
2026-03-29T19:57:31+00:00	routing	turborepo	srt-warm	q25	{"beam_policy": "waterfill", "beam_width": 7, "max_depth": 10}	latency_s	0.048082291000000055
2026-03-29T19:57:31+00:00	routing	turborepo	srt-warm	q25	{"beam_policy": "uniform", "beam_width": 10, "max_depth": 3}	ndcg@10	0.0
2026-03-29T19:57:31+00:00	routing	turborepo	srt-warm	q25	{"beam_policy": "uniform", "beam_width": 10, "max_depth": 3}	latency_s	0.015382917000000162
2026-03-29T19:57:31+00:00	routing	turborepo	srt-warm	q25	{"beam_policy": "waterfill", "beam_width": 10, "max_depth": 3}	ndcg@10	0.0
2026-03-29T19:57:31+00:00	routing	turborepo	srt-warm	q25	{"beam_policy": "waterfill", "beam_width": 10, "max_depth": 3}	latency_s	0.013328666999999683
2026-03-29T19:57:31+00:00	routing	turborepo	srt-warm	q25	{"beam_policy": "uniform", "beam_width": 10, "max_depth": 5}	ndcg@10	0.7452525342261976
2026-03-29T19:57:31+00:00	routing	turborepo	srt-warm	q25	{"beam_policy": "uniform", "beam_width": 10, "max_depth": 5}	latency_s	0.03869808299999988
2026-03-29T19:57:31+00:00	routing	turborepo	srt-warm	q25	{"beam_policy": "waterfill", "beam_width": 10, "max_depth": 5}	ndcg@10	0.7452525342261976
2026-03-29T19:57:31+00:00	routing	turborepo	srt-warm	q25	{"beam_policy": "waterfill", "beam_width": 10, "max_depth": 5}	latency_s	0.03476754100000079
2026-03-29T19:57:32+00:00	routing	turborepo	srt-warm	q25	{"beam_policy": "uniform", "beam_width": 10, "max_depth": 7}	ndcg@10	0.7452525342261976
2026-03-29T19:57:32+00:00	routing	turborepo	srt-warm	q25	{"beam_policy": "uniform", "beam_width": 10, "max_depth": 7}	latency_s	0.06896174999999971
2026-03-29T19:57:32+00:00	routing	turborepo	srt-warm	q25	{"beam_policy": "waterfill", "beam_width": 10, "max_depth": 7}	ndcg@10	0.7452525342261976
2026-03-29T19:57:32+00:00	routing	turborepo	srt-warm	q25	{"beam_policy": "waterfill", "beam_width": 10, "max_depth": 7}	latency_s	0.06289470800000174
2026-03-29T19:57:32+00:00	routing	turborepo	srt-warm	q25	{"beam_policy": "uniform", "beam_width": 10, "max_depth": 10}	ndcg@10	0.7452525342261976
2026-03-29T19:57:32+00:00	routing	turborepo	srt-warm	q25	{"beam_policy": "uniform", "beam_width": 10, "max_depth": 10}	latency_s	0.06986054200000069
2026-03-29T19:57:32+00:00	routing	turborepo	srt-warm	q25	{"beam_policy": "waterfill", "beam_width": 10, "max_depth": 10}	ndcg@10	0.7452525342261976
2026-03-29T19:57:32+00:00	routing	turborepo	srt-warm	q25	{"beam_policy": "waterfill", "beam_width": 10, "max_depth": 10}	latency_s	0.06169804199999973
2026-03-29T19:57:32+00:00	routing	turborepo	srt-warm	q26	{"beam_policy": "uniform", "beam_width": 2, "max_depth": 3}	ndcg@10	0.0
2026-03-29T19:57:32+00:00	routing	turborepo	srt-warm	q26	{"beam_policy": "uniform", "beam_width": 2, "max_depth": 3}	latency_s	0.005653458999997696
2026-03-29T19:57:32+00:00	routing	turborepo	srt-warm	q26	{"beam_policy": "waterfill", "beam_width": 2, "max_depth": 3}	ndcg@10	0.0
2026-03-29T19:57:32+00:00	routing	turborepo	srt-warm	q26	{"beam_policy": "waterfill", "beam_width": 2, "max_depth": 3}	latency_s	0.007326916000000239
2026-03-29T19:57:32+00:00	routing	turborepo	srt-warm	q26	{"beam_policy": "uniform", "beam_width": 2, "max_depth": 5}	ndcg@10	0.0
2026-03-29T19:57:32+00:00	routing	turborepo	srt-warm	q26	{"beam_policy": "uniform", "beam_width": 2, "max_depth": 5}	latency_s	0.005270249999998811
2026-03-29T19:57:32+00:00	routing	turborepo	srt-warm	q26	{"beam_policy": "waterfill", "beam_width": 2, "max_depth": 5}	ndcg@10	0.0
2026-03-29T19:57:32+00:00	routing	turborepo	srt-warm	q26	{"beam_policy": "waterfill", "beam_width": 2, "max_depth": 5}	latency_s	0.005018666000001559
2026-03-29T19:57:32+00:00	routing	turborepo	srt-warm	q26	{"beam_policy": "uniform", "beam_width": 2, "max_depth": 7}	ndcg@10	0.0
2026-03-29T19:57:32+00:00	routing	turborepo	srt-warm	q26	{"beam_policy": "uniform", "beam_width": 2, "max_depth": 7}	latency_s	0.008407250000001198
2026-03-29T19:57:32+00:00	routing	turborepo	srt-warm	q26	{"beam_policy": "waterfill", "beam_width": 2, "max_depth": 7}	ndcg@10	0.0
2026-03-29T19:57:32+00:00	routing	turborepo	srt-warm	q26	{"beam_policy": "waterfill", "beam_width": 2, "max_depth": 7}	latency_s	0.005031708000000634
2026-03-29T19:57:32+00:00	routing	turborepo	srt-warm	q26	{"beam_policy": "uniform", "beam_width": 2, "max_depth": 10}	ndcg@10	0.0
2026-03-29T19:57:32+00:00	routing	turborepo	srt-warm	q26	{"beam_policy": "uniform", "beam_width": 2, "max_depth": 10}	latency_s	0.008031083000002326
2026-03-29T19:57:32+00:00	routing	turborepo	srt-warm	q26	{"beam_policy": "waterfill", "beam_width": 2, "max_depth": 10}	ndcg@10	0.0
2026-03-29T19:57:32+00:00	routing	turborepo	srt-warm	q26	{"beam_policy": "waterfill", "beam_width": 2, "max_depth": 10}	latency_s	0.005238459000000972
2026-03-29T19:57:32+00:00	routing	turborepo	srt-warm	q26	{"beam_policy": "uniform", "beam_width": 3, "max_depth": 3}	ndcg@10	0.0
2026-03-29T19:57:32+00:00	routing	turborepo	srt-warm	q26	{"beam_policy": "uniform", "beam_width": 3, "max_depth": 3}	latency_s	0.007835624999998458
2026-03-29T19:57:32+00:00	routing	turborepo	srt-warm	q26	{"beam_policy": "waterfill", "beam_width": 3, "max_depth": 3}	ndcg@10	0.0
2026-03-29T19:57:32+00:00	routing	turborepo	srt-warm	q26	{"beam_policy": "waterfill", "beam_width": 3, "max_depth": 3}	latency_s	0.005748374999999584
2026-03-29T19:57:32+00:00	routing	turborepo	srt-warm	q26	{"beam_policy": "uniform", "beam_width": 3, "max_depth": 5}	ndcg@10	0.0
2026-03-29T19:57:32+00:00	routing	turborepo	srt-warm	q26	{"beam_policy": "uniform", "beam_width": 3, "max_depth": 5}	latency_s	0.007979458000001216
2026-03-29T19:57:32+00:00	routing	turborepo	srt-warm	q26	{"beam_policy": "waterfill", "beam_width": 3, "max_depth": 5}	ndcg@10	0.0
2026-03-29T19:57:32+00:00	routing	turborepo	srt-warm	q26	{"beam_policy": "waterfill", "beam_width": 3, "max_depth": 5}	latency_s	0.0064250420000000474
2026-03-29T19:57:32+00:00	routing	turborepo	srt-warm	q26	{"beam_policy": "uniform", "beam_width": 3, "max_depth": 7}	ndcg@10	0.0
2026-03-29T19:57:32+00:00	routing	turborepo	srt-warm	q26	{"beam_policy": "uniform", "beam_width": 3, "max_depth": 7}	latency_s	0.005249916000000354
2026-03-29T19:57:32+00:00	routing	turborepo	srt-warm	q26	{"beam_policy": "waterfill", "beam_width": 3, "max_depth": 7}	ndcg@10	0.0
2026-03-29T19:57:32+00:00	routing	turborepo	srt-warm	q26	{"beam_policy": "waterfill", "beam_width": 3, "max_depth": 7}	latency_s	0.007347458000001694
2026-03-29T19:57:32+00:00	routing	turborepo	srt-warm	q26	{"beam_policy": "uniform", "beam_width": 3, "max_depth": 10}	ndcg@10	0.0
2026-03-29T19:57:32+00:00	routing	turborepo	srt-warm	q26	{"beam_policy": "uniform", "beam_width": 3, "max_depth": 10}	latency_s	0.006307542000001831
2026-03-29T19:57:32+00:00	routing	turborepo	srt-warm	q26	{"beam_policy": "waterfill", "beam_width": 3, "max_depth": 10}	ndcg@10	0.0
2026-03-29T19:57:32+00:00	routing	turborepo	srt-warm	q26	{"beam_policy": "waterfill", "beam_width": 3, "max_depth": 10}	latency_s	0.005265999999998883
2026-03-29T19:57:32+00:00	routing	turborepo	srt-warm	q26	{"beam_policy": "uniform", "beam_width": 5, "max_depth": 3}	ndcg@10	0.0
2026-03-29T19:57:32+00:00	routing	turborepo	srt-warm	q26	{"beam_policy": "uniform", "beam_width": 5, "max_depth": 3}	latency_s	0.011015332999999572
2026-03-29T19:57:32+00:00	routing	turborepo	srt-warm	q26	{"beam_policy": "waterfill", "beam_width": 5, "max_depth": 3}	ndcg@10	0.0
2026-03-29T19:57:32+00:00	routing	turborepo	srt-warm	q26	{"beam_policy": "waterfill", "beam_width": 5, "max_depth": 3}	latency_s	0.0057361249999985375
2026-03-29T19:57:32+00:00	routing	turborepo	srt-warm	q26	{"beam_policy": "uniform", "beam_width": 5, "max_depth": 5}	ndcg@10	0.9049495058460971
2026-03-29T19:57:32+00:00	routing	turborepo	srt-warm	q26	{"beam_policy": "uniform", "beam_width": 5, "max_depth": 5}	latency_s	0.017458541999999966
2026-03-29T19:57:32+00:00	routing	turborepo	srt-warm	q26	{"beam_policy": "waterfill", "beam_width": 5, "max_depth": 5}	ndcg@10	0.0
2026-03-29T19:57:32+00:00	routing	turborepo	srt-warm	q26	{"beam_policy": "waterfill", "beam_width": 5, "max_depth": 5}	latency_s	0.0059213749999997844
2026-03-29T19:57:32+00:00	routing	turborepo	srt-warm	q26	{"beam_policy": "uniform", "beam_width": 5, "max_depth": 7}	ndcg@10	0.9049495058460971
2026-03-29T19:57:32+00:00	routing	turborepo	srt-warm	q26	{"beam_policy": "uniform", "beam_width": 5, "max_depth": 7}	latency_s	0.019279124999997066
2026-03-29T19:57:32+00:00	routing	turborepo	srt-warm	q26	{"beam_policy": "waterfill", "beam_width": 5, "max_depth": 7}	ndcg@10	0.0
2026-03-29T19:57:32+00:00	routing	turborepo	srt-warm	q26	{"beam_policy": "waterfill", "beam_width": 5, "max_depth": 7}	latency_s	0.005642041999998071
2026-03-29T19:57:32+00:00	routing	turborepo	srt-warm	q26	{"beam_policy": "uniform", "beam_width": 5, "max_depth": 10}	ndcg@10	0.9049495058460971
2026-03-29T19:57:32+00:00	routing	turborepo	srt-warm	q26	{"beam_policy": "uniform", "beam_width": 5, "max_depth": 10}	latency_s	0.017117084000002336
2026-03-29T19:57:32+00:00	routing	turborepo	srt-warm	q26	{"beam_policy": "waterfill", "beam_width": 5, "max_depth": 10}	ndcg@10	0.0
2026-03-29T19:57:32+00:00	routing	turborepo	srt-warm	q26	{"beam_policy": "waterfill", "beam_width": 5, "max_depth": 10}	latency_s	0.005698499999997608
2026-03-29T19:57:32+00:00	routing	turborepo	srt-warm	q26	{"beam_policy": "uniform", "beam_width": 7, "max_depth": 3}	ndcg@10	0.0
2026-03-29T19:57:32+00:00	routing	turborepo	srt-warm	q26	{"beam_policy": "uniform", "beam_width": 7, "max_depth": 3}	latency_s	0.016246040999998712
2026-03-29T19:57:32+00:00	routing	turborepo	srt-warm	q26	{"beam_policy": "waterfill", "beam_width": 7, "max_depth": 3}	ndcg@10	0.0
2026-03-29T19:57:32+00:00	routing	turborepo	srt-warm	q26	{"beam_policy": "waterfill", "beam_width": 7, "max_depth": 3}	latency_s	0.008539041999998886
2026-03-29T19:57:32+00:00	routing	turborepo	srt-warm	q26	{"beam_policy": "uniform", "beam_width": 7, "max_depth": 5}	ndcg@10	0.9049495058460971
2026-03-29T19:57:32+00:00	routing	turborepo	srt-warm	q26	{"beam_policy": "uniform", "beam_width": 7, "max_depth": 5}	latency_s	0.0214817079999996
2026-03-29T19:57:32+00:00	routing	turborepo	srt-warm	q26	{"beam_policy": "waterfill", "beam_width": 7, "max_depth": 5}	ndcg@10	0.9049495058460971
2026-03-29T19:57:32+00:00	routing	turborepo	srt-warm	q26	{"beam_policy": "waterfill", "beam_width": 7, "max_depth": 5}	latency_s	0.016009834000001888
2026-03-29T19:57:32+00:00	routing	turborepo	srt-warm	q26	{"beam_policy": "uniform", "beam_width": 7, "max_depth": 7}	ndcg@10	0.9049495058460971
2026-03-29T19:57:32+00:00	routing	turborepo	srt-warm	q26	{"beam_policy": "uniform", "beam_width": 7, "max_depth": 7}	latency_s	0.020685791999998315
2026-03-29T19:57:32+00:00	routing	turborepo	srt-warm	q26	{"beam_policy": "waterfill", "beam_width": 7, "max_depth": 7}	ndcg@10	0.9049495058460971
2026-03-29T19:57:32+00:00	routing	turborepo	srt-warm	q26	{"beam_policy": "waterfill", "beam_width": 7, "max_depth": 7}	latency_s	0.016209083999999763
2026-03-29T19:57:32+00:00	routing	turborepo	srt-warm	q26	{"beam_policy": "uniform", "beam_width": 7, "max_depth": 10}	ndcg@10	0.9049495058460971
2026-03-29T19:57:32+00:00	routing	turborepo	srt-warm	q26	{"beam_policy": "uniform", "beam_width": 7, "max_depth": 10}	latency_s	0.020094166999999885
2026-03-29T19:57:32+00:00	routing	turborepo	srt-warm	q26	{"beam_policy": "waterfill", "beam_width": 7, "max_depth": 10}	ndcg@10	0.9049495058460971
2026-03-29T19:57:32+00:00	routing	turborepo	srt-warm	q26	{"beam_policy": "waterfill", "beam_width": 7, "max_depth": 10}	latency_s	0.01622704200000058
2026-03-29T19:57:32+00:00	routing	turborepo	srt-warm	q26	{"beam_policy": "uniform", "beam_width": 10, "max_depth": 3}	ndcg@10	0.0
2026-03-29T19:57:32+00:00	routing	turborepo	srt-warm	q26	{"beam_policy": "uniform", "beam_width": 10, "max_depth": 3}	latency_s	0.014644042000000468
2026-03-29T19:57:32+00:00	routing	turborepo	srt-warm	q26	{"beam_policy": "waterfill", "beam_width": 10, "max_depth": 3}	ndcg@10	0.0
2026-03-29T19:57:32+00:00	routing	turborepo	srt-warm	q26	{"beam_policy": "waterfill", "beam_width": 10, "max_depth": 3}	latency_s	0.012574583999999334
2026-03-29T19:57:32+00:00	routing	turborepo	srt-warm	q26	{"beam_policy": "uniform", "beam_width": 10, "max_depth": 5}	ndcg@10	0.9049495058460971
2026-03-29T19:57:32+00:00	routing	turborepo	srt-warm	q26	{"beam_policy": "uniform", "beam_width": 10, "max_depth": 5}	latency_s	0.03673379099999963
2026-03-29T19:57:32+00:00	routing	turborepo	srt-warm	q26	{"beam_policy": "waterfill", "beam_width": 10, "max_depth": 5}	ndcg@10	0.9049495058460971
2026-03-29T19:57:32+00:00	routing	turborepo	srt-warm	q26	{"beam_policy": "waterfill", "beam_width": 10, "max_depth": 5}	latency_s	0.02109354099999905
2026-03-29T19:57:32+00:00	routing	turborepo	srt-warm	q26	{"beam_policy": "uniform", "beam_width": 10, "max_depth": 7}	ndcg@10	0.9049495058460971
2026-03-29T19:57:32+00:00	routing	turborepo	srt-warm	q26	{"beam_policy": "uniform", "beam_width": 10, "max_depth": 7}	latency_s	0.049725750000000346
2026-03-29T19:57:32+00:00	routing	turborepo	srt-warm	q26	{"beam_policy": "waterfill", "beam_width": 10, "max_depth": 7}	ndcg@10	0.9049495058460971
2026-03-29T19:57:32+00:00	routing	turborepo	srt-warm	q26	{"beam_policy": "waterfill", "beam_width": 10, "max_depth": 7}	latency_s	0.02099987499999756
2026-03-29T19:57:32+00:00	routing	turborepo	srt-warm	q26	{"beam_policy": "uniform", "beam_width": 10, "max_depth": 10}	ndcg@10	0.9049495058460971
2026-03-29T19:57:32+00:00	routing	turborepo	srt-warm	q26	{"beam_policy": "uniform", "beam_width": 10, "max_depth": 10}	latency_s	0.05070750000000146
2026-03-29T19:57:32+00:00	routing	turborepo	srt-warm	q26	{"beam_policy": "waterfill", "beam_width": 10, "max_depth": 10}	ndcg@10	0.9049495058460971
2026-03-29T19:57:32+00:00	routing	turborepo	srt-warm	q26	{"beam_policy": "waterfill", "beam_width": 10, "max_depth": 10}	latency_s	0.02183566700000128
2026-03-29T19:57:32+00:00	routing	turborepo	srt-warm	q27	{"beam_policy": "uniform", "beam_width": 2, "max_depth": 3}	ndcg@10	0.0
2026-03-29T19:57:32+00:00	routing	turborepo	srt-warm	q27	{"beam_policy": "uniform", "beam_width": 2, "max_depth": 3}	latency_s	0.0066510410000013565
2026-03-29T19:57:32+00:00	routing	turborepo	srt-warm	q27	{"beam_policy": "waterfill", "beam_width": 2, "max_depth": 3}	ndcg@10	0.0
2026-03-29T19:57:32+00:00	routing	turborepo	srt-warm	q27	{"beam_policy": "waterfill", "beam_width": 2, "max_depth": 3}	latency_s	0.006616958000002171
2026-03-29T19:57:32+00:00	routing	turborepo	srt-warm	q27	{"beam_policy": "uniform", "beam_width": 2, "max_depth": 5}	ndcg@10	0.0
2026-03-29T19:57:32+00:00	routing	turborepo	srt-warm	q27	{"beam_policy": "uniform", "beam_width": 2, "max_depth": 5}	latency_s	0.005293249999997585
2026-03-29T19:57:32+00:00	routing	turborepo	srt-warm	q27	{"beam_policy": "waterfill", "beam_width": 2, "max_depth": 5}	ndcg@10	0.0
2026-03-29T19:57:32+00:00	routing	turborepo	srt-warm	q27	{"beam_policy": "waterfill", "beam_width": 2, "max_depth": 5}	latency_s	0.009612874999998411
2026-03-29T19:57:32+00:00	routing	turborepo	srt-warm	q27	{"beam_policy": "uniform", "beam_width": 2, "max_depth": 7}	ndcg@10	0.0
2026-03-29T19:57:32+00:00	routing	turborepo	srt-warm	q27	{"beam_policy": "uniform", "beam_width": 2, "max_depth": 7}	latency_s	0.006079041999999646
2026-03-29T19:57:32+00:00	routing	turborepo	srt-warm	q27	{"beam_policy": "waterfill", "beam_width": 2, "max_depth": 7}	ndcg@10	0.0
2026-03-29T19:57:32+00:00	routing	turborepo	srt-warm	q27	{"beam_policy": "waterfill", "beam_width": 2, "max_depth": 7}	latency_s	0.008249332999998416
2026-03-29T19:57:32+00:00	routing	turborepo	srt-warm	q27	{"beam_policy": "uniform", "beam_width": 2, "max_depth": 10}	ndcg@10	0.0
2026-03-29T19:57:32+00:00	routing	turborepo	srt-warm	q27	{"beam_policy": "uniform", "beam_width": 2, "max_depth": 10}	latency_s	0.005570250000001664
2026-03-29T19:57:32+00:00	routing	turborepo	srt-warm	q27	{"beam_policy": "waterfill", "beam_width": 2, "max_depth": 10}	ndcg@10	0.0
2026-03-29T19:57:32+00:00	routing	turborepo	srt-warm	q27	{"beam_policy": "waterfill", "beam_width": 2, "max_depth": 10}	latency_s	0.008117459000001048
2026-03-29T19:57:32+00:00	routing	turborepo	srt-warm	q27	{"beam_policy": "uniform", "beam_width": 3, "max_depth": 3}	ndcg@10	0.0
2026-03-29T19:57:32+00:00	routing	turborepo	srt-warm	q27	{"beam_policy": "uniform", "beam_width": 3, "max_depth": 3}	latency_s	0.005786458999999411
2026-03-29T19:57:32+00:00	routing	turborepo	srt-warm	q27	{"beam_policy": "waterfill", "beam_width": 3, "max_depth": 3}	ndcg@10	0.0
2026-03-29T19:57:32+00:00	routing	turborepo	srt-warm	q27	{"beam_policy": "waterfill", "beam_width": 3, "max_depth": 3}	latency_s	0.008123666999999557
2026-03-29T19:57:32+00:00	routing	turborepo	srt-warm	q27	{"beam_policy": "uniform", "beam_width": 3, "max_depth": 5}	ndcg@10	0.0
2026-03-29T19:57:32+00:00	routing	turborepo	srt-warm	q27	{"beam_policy": "uniform", "beam_width": 3, "max_depth": 5}	latency_s	0.006580290999998795
2026-03-29T19:57:32+00:00	routing	turborepo	srt-warm	q27	{"beam_policy": "waterfill", "beam_width": 3, "max_depth": 5}	ndcg@10	0.0
2026-03-29T19:57:32+00:00	routing	turborepo	srt-warm	q27	{"beam_policy": "waterfill", "beam_width": 3, "max_depth": 5}	latency_s	0.005473166999998114
2026-03-29T19:57:32+00:00	routing	turborepo	srt-warm	q27	{"beam_policy": "uniform", "beam_width": 3, "max_depth": 7}	ndcg@10	0.0
2026-03-29T19:57:32+00:00	routing	turborepo	srt-warm	q27	{"beam_policy": "uniform", "beam_width": 3, "max_depth": 7}	latency_s	0.007846291999999977
2026-03-29T19:57:32+00:00	routing	turborepo	srt-warm	q27	{"beam_policy": "waterfill", "beam_width": 3, "max_depth": 7}	ndcg@10	0.0
2026-03-29T19:57:32+00:00	routing	turborepo	srt-warm	q27	{"beam_policy": "waterfill", "beam_width": 3, "max_depth": 7}	latency_s	0.006263875000001917
2026-03-29T19:57:32+00:00	routing	turborepo	srt-warm	q27	{"beam_policy": "uniform", "beam_width": 3, "max_depth": 10}	ndcg@10	0.0
2026-03-29T19:57:32+00:00	routing	turborepo	srt-warm	q27	{"beam_policy": "uniform", "beam_width": 3, "max_depth": 10}	latency_s	0.008476291999997443
2026-03-29T19:57:32+00:00	routing	turborepo	srt-warm	q27	{"beam_policy": "waterfill", "beam_width": 3, "max_depth": 10}	ndcg@10	0.0
2026-03-29T19:57:32+00:00	routing	turborepo	srt-warm	q27	{"beam_policy": "waterfill", "beam_width": 3, "max_depth": 10}	latency_s	0.006819291000002892
2026-03-29T19:57:32+00:00	routing	turborepo	srt-warm	q27	{"beam_policy": "uniform", "beam_width": 5, "max_depth": 3}	ndcg@10	0.0
2026-03-29T19:57:32+00:00	routing	turborepo	srt-warm	q27	{"beam_policy": "uniform", "beam_width": 5, "max_depth": 3}	latency_s	0.010869959000000762
2026-03-29T19:57:32+00:00	routing	turborepo	srt-warm	q27	{"beam_policy": "waterfill", "beam_width": 5, "max_depth": 3}	ndcg@10	0.0
2026-03-29T19:57:32+00:00	routing	turborepo	srt-warm	q27	{"beam_policy": "waterfill", "beam_width": 5, "max_depth": 3}	latency_s	0.0063988750000021355
2026-03-29T19:57:33+00:00	routing	turborepo	srt-warm	q27	{"beam_policy": "uniform", "beam_width": 5, "max_depth": 5}	ndcg@10	0.8156907976944874
2026-03-29T19:57:33+00:00	routing	turborepo	srt-warm	q27	{"beam_policy": "uniform", "beam_width": 5, "max_depth": 5}	latency_s	0.01558954199999718
2026-03-29T19:57:33+00:00	routing	turborepo	srt-warm	q27	{"beam_policy": "waterfill", "beam_width": 5, "max_depth": 5}	ndcg@10	0.0
2026-03-29T19:57:33+00:00	routing	turborepo	srt-warm	q27	{"beam_policy": "waterfill", "beam_width": 5, "max_depth": 5}	latency_s	0.0055966249999990225
2026-03-29T19:57:33+00:00	routing	turborepo	srt-warm	q27	{"beam_policy": "uniform", "beam_width": 5, "max_depth": 7}	ndcg@10	0.8156907976944874
2026-03-29T19:57:33+00:00	routing	turborepo	srt-warm	q27	{"beam_policy": "uniform", "beam_width": 5, "max_depth": 7}	latency_s	0.013349500000000347
2026-03-29T19:57:33+00:00	routing	turborepo	srt-warm	q27	{"beam_policy": "waterfill", "beam_width": 5, "max_depth": 7}	ndcg@10	0.0
2026-03-29T19:57:33+00:00	routing	turborepo	srt-warm	q27	{"beam_policy": "waterfill", "beam_width": 5, "max_depth": 7}	latency_s	0.006895874999997886
2026-03-29T19:57:33+00:00	routing	turborepo	srt-warm	q27	{"beam_policy": "uniform", "beam_width": 5, "max_depth": 10}	ndcg@10	0.8156907976944874
2026-03-29T19:57:33+00:00	routing	turborepo	srt-warm	q27	{"beam_policy": "uniform", "beam_width": 5, "max_depth": 10}	latency_s	0.015559207999999103
2026-03-29T19:57:33+00:00	routing	turborepo	srt-warm	q27	{"beam_policy": "waterfill", "beam_width": 5, "max_depth": 10}	ndcg@10	0.0
2026-03-29T19:57:33+00:00	routing	turborepo	srt-warm	q27	{"beam_policy": "waterfill", "beam_width": 5, "max_depth": 10}	latency_s	0.006524083000002179
2026-03-29T19:57:33+00:00	routing	turborepo	srt-warm	q27	{"beam_policy": "uniform", "beam_width": 7, "max_depth": 3}	ndcg@10	0.0
2026-03-29T19:57:33+00:00	routing	turborepo	srt-warm	q27	{"beam_policy": "uniform", "beam_width": 7, "max_depth": 3}	latency_s	0.01232979099999909
2026-03-29T19:57:33+00:00	routing	turborepo	srt-warm	q27	{"beam_policy": "waterfill", "beam_width": 7, "max_depth": 3}	ndcg@10	0.0
2026-03-29T19:57:33+00:00	routing	turborepo	srt-warm	q27	{"beam_policy": "waterfill", "beam_width": 7, "max_depth": 3}	latency_s	0.008424874999999332
2026-03-29T19:57:33+00:00	routing	turborepo	srt-warm	q27	{"beam_policy": "uniform", "beam_width": 7, "max_depth": 5}	ndcg@10	0.8156907976944874
2026-03-29T19:57:33+00:00	routing	turborepo	srt-warm	q27	{"beam_policy": "uniform", "beam_width": 7, "max_depth": 5}	latency_s	0.014011833000001417
2026-03-29T19:57:33+00:00	routing	turborepo	srt-warm	q27	{"beam_policy": "waterfill", "beam_width": 7, "max_depth": 5}	ndcg@10	0.8156907976944874
2026-03-29T19:57:33+00:00	routing	turborepo	srt-warm	q27	{"beam_policy": "waterfill", "beam_width": 7, "max_depth": 5}	latency_s	0.0129194169999991
2026-03-29T19:57:33+00:00	routing	turborepo	srt-warm	q27	{"beam_policy": "uniform", "beam_width": 7, "max_depth": 7}	ndcg@10	0.8156907976944874
2026-03-29T19:57:33+00:00	routing	turborepo	srt-warm	q27	{"beam_policy": "uniform", "beam_width": 7, "max_depth": 7}	latency_s	0.014215124999999773
2026-03-29T19:57:33+00:00	routing	turborepo	srt-warm	q27	{"beam_policy": "waterfill", "beam_width": 7, "max_depth": 7}	ndcg@10	0.8156907976944874
2026-03-29T19:57:33+00:00	routing	turborepo	srt-warm	q27	{"beam_policy": "waterfill", "beam_width": 7, "max_depth": 7}	latency_s	0.012652834000000723
2026-03-29T19:57:33+00:00	routing	turborepo	srt-warm	q27	{"beam_policy": "uniform", "beam_width": 7, "max_depth": 10}	ndcg@10	0.8156907976944874
2026-03-29T19:57:33+00:00	routing	turborepo	srt-warm	q27	{"beam_policy": "uniform", "beam_width": 7, "max_depth": 10}	latency_s	0.014417999999999154
2026-03-29T19:57:33+00:00	routing	turborepo	srt-warm	q27	{"beam_policy": "waterfill", "beam_width": 7, "max_depth": 10}	ndcg@10	0.8156907976944874
2026-03-29T19:57:33+00:00	routing	turborepo	srt-warm	q27	{"beam_policy": "waterfill", "beam_width": 7, "max_depth": 10}	latency_s	0.01353574999999907
2026-03-29T19:57:33+00:00	routing	turborepo	srt-warm	q27	{"beam_policy": "uniform", "beam_width": 10, "max_depth": 3}	ndcg@10	0.0
2026-03-29T19:57:33+00:00	routing	turborepo	srt-warm	q27	{"beam_policy": "uniform", "beam_width": 10, "max_depth": 3}	latency_s	0.017639583000001124
2026-03-29T19:57:33+00:00	routing	turborepo	srt-warm	q27	{"beam_policy": "waterfill", "beam_width": 10, "max_depth": 3}	ndcg@10	0.0
2026-03-29T19:57:33+00:00	routing	turborepo	srt-warm	q27	{"beam_policy": "waterfill", "beam_width": 10, "max_depth": 3}	latency_s	0.009339666000002467
2026-03-29T19:57:33+00:00	routing	turborepo	srt-warm	q27	{"beam_policy": "uniform", "beam_width": 10, "max_depth": 5}	ndcg@10	0.611677905818243
2026-03-29T19:57:33+00:00	routing	turborepo	srt-warm	q27	{"beam_policy": "uniform", "beam_width": 10, "max_depth": 5}	latency_s	0.038392291000000967
2026-03-29T19:57:33+00:00	routing	turborepo	srt-warm	q27	{"beam_policy": "waterfill", "beam_width": 10, "max_depth": 5}	ndcg@10	0.8156907976944874
2026-03-29T19:57:33+00:00	routing	turborepo	srt-warm	q27	{"beam_policy": "waterfill", "beam_width": 10, "max_depth": 5}	latency_s	0.014308250000002687
2026-03-29T19:57:33+00:00	routing	turborepo	srt-warm	q27	{"beam_policy": "uniform", "beam_width": 10, "max_depth": 7}	ndcg@10	0.611677905818243
2026-03-29T19:57:33+00:00	routing	turborepo	srt-warm	q27	{"beam_policy": "uniform", "beam_width": 10, "max_depth": 7}	latency_s	0.038504666000001464
2026-03-29T19:57:33+00:00	routing	turborepo	srt-warm	q27	{"beam_policy": "waterfill", "beam_width": 10, "max_depth": 7}	ndcg@10	0.8156907976944874
2026-03-29T19:57:33+00:00	routing	turborepo	srt-warm	q27	{"beam_policy": "waterfill", "beam_width": 10, "max_depth": 7}	latency_s	0.014750957999996928
2026-03-29T19:57:33+00:00	routing	turborepo	srt-warm	q27	{"beam_policy": "uniform", "beam_width": 10, "max_depth": 10}	ndcg@10	0.611677905818243
2026-03-29T19:57:33+00:00	routing	turborepo	srt-warm	q27	{"beam_policy": "uniform", "beam_width": 10, "max_depth": 10}	latency_s	0.03912441599999994
2026-03-29T19:57:33+00:00	routing	turborepo	srt-warm	q27	{"beam_policy": "waterfill", "beam_width": 10, "max_depth": 10}	ndcg@10	0.8156907976944874
2026-03-29T19:57:33+00:00	routing	turborepo	srt-warm	q27	{"beam_policy": "waterfill", "beam_width": 10, "max_depth": 10}	latency_s	0.014309791999998822
2026-03-29T19:57:33+00:00	routing	turborepo	srt-warm	q28	{"beam_policy": "uniform", "beam_width": 2, "max_depth": 3}	ndcg@10	0.0
2026-03-29T19:57:33+00:00	routing	turborepo	srt-warm	q28	{"beam_policy": "uniform", "beam_width": 2, "max_depth": 3}	latency_s	0.008578875000001318
2026-03-29T19:57:33+00:00	routing	turborepo	srt-warm	q28	{"beam_policy": "waterfill", "beam_width": 2, "max_depth": 3}	ndcg@10	0.0
2026-03-29T19:57:33+00:00	routing	turborepo	srt-warm	q28	{"beam_policy": "waterfill", "beam_width": 2, "max_depth": 3}	latency_s	0.007713375000001577
2026-03-29T19:57:33+00:00	routing	turborepo	srt-warm	q28	{"beam_policy": "uniform", "beam_width": 2, "max_depth": 5}	ndcg@10	0.7233087279826953
2026-03-29T19:57:33+00:00	routing	turborepo	srt-warm	q28	{"beam_policy": "uniform", "beam_width": 2, "max_depth": 5}	latency_s	0.009034249999999133
2026-03-29T19:57:33+00:00	routing	turborepo	srt-warm	q28	{"beam_policy": "waterfill", "beam_width": 2, "max_depth": 5}	ndcg@10	0.6480989094114115
2026-03-29T19:57:33+00:00	routing	turborepo	srt-warm	q28	{"beam_policy": "waterfill", "beam_width": 2, "max_depth": 5}	latency_s	0.007487375000000185
2026-03-29T19:57:33+00:00	routing	turborepo	srt-warm	q28	{"beam_policy": "uniform", "beam_width": 2, "max_depth": 7}	ndcg@10	0.7233087279826953
2026-03-29T19:57:33+00:00	routing	turborepo	srt-warm	q28	{"beam_policy": "uniform", "beam_width": 2, "max_depth": 7}	latency_s	0.008804417000000342
2026-03-29T19:57:33+00:00	routing	turborepo	srt-warm	q28	{"beam_policy": "waterfill", "beam_width": 2, "max_depth": 7}	ndcg@10	0.6480989094114115
2026-03-29T19:57:33+00:00	routing	turborepo	srt-warm	q28	{"beam_policy": "waterfill", "beam_width": 2, "max_depth": 7}	latency_s	0.008630458999999036
2026-03-29T19:57:33+00:00	routing	turborepo	srt-warm	q28	{"beam_policy": "uniform", "beam_width": 2, "max_depth": 10}	ndcg@10	0.7233087279826953
2026-03-29T19:57:33+00:00	routing	turborepo	srt-warm	q28	{"beam_policy": "uniform", "beam_width": 2, "max_depth": 10}	latency_s	0.00968141699999947
2026-03-29T19:57:33+00:00	routing	turborepo	srt-warm	q28	{"beam_policy": "waterfill", "beam_width": 2, "max_depth": 10}	ndcg@10	0.6480989094114115
2026-03-29T19:57:33+00:00	routing	turborepo	srt-warm	q28	{"beam_policy": "waterfill", "beam_width": 2, "max_depth": 10}	latency_s	0.008608707999997023
2026-03-29T19:57:33+00:00	routing	turborepo	srt-warm	q28	{"beam_policy": "uniform", "beam_width": 3, "max_depth": 3}	ndcg@10	0.0
2026-03-29T19:57:33+00:00	routing	turborepo	srt-warm	q28	{"beam_policy": "uniform", "beam_width": 3, "max_depth": 3}	latency_s	0.008105374999999526
2026-03-29T19:57:33+00:00	routing	turborepo	srt-warm	q28	{"beam_policy": "waterfill", "beam_width": 3, "max_depth": 3}	ndcg@10	0.0
2026-03-29T19:57:33+00:00	routing	turborepo	srt-warm	q28	{"beam_policy": "waterfill", "beam_width": 3, "max_depth": 3}	latency_s	0.007491915999999321
2026-03-29T19:57:33+00:00	routing	turborepo	srt-warm	q28	{"beam_policy": "uniform", "beam_width": 3, "max_depth": 5}	ndcg@10	0.7233087279826953
2026-03-29T19:57:33+00:00	routing	turborepo	srt-warm	q28	{"beam_policy": "uniform", "beam_width": 3, "max_depth": 5}	latency_s	0.012545333000002046
2026-03-29T19:57:33+00:00	routing	turborepo	srt-warm	q28	{"beam_policy": "waterfill", "beam_width": 3, "max_depth": 5}	ndcg@10	0.7233087279826953
2026-03-29T19:57:33+00:00	routing	turborepo	srt-warm	q28	{"beam_policy": "waterfill", "beam_width": 3, "max_depth": 5}	latency_s	0.008620416999999492
2026-03-29T19:57:33+00:00	routing	turborepo	srt-warm	q28	{"beam_policy": "uniform", "beam_width": 3, "max_depth": 7}	ndcg@10	0.7233087279826953
2026-03-29T19:57:33+00:00	routing	turborepo	srt-warm	q28	{"beam_policy": "uniform", "beam_width": 3, "max_depth": 7}	latency_s	0.011560582999997848
2026-03-29T19:57:33+00:00	routing	turborepo	srt-warm	q28	{"beam_policy": "waterfill", "beam_width": 3, "max_depth": 7}	ndcg@10	0.7233087279826953
2026-03-29T19:57:33+00:00	routing	turborepo	srt-warm	q28	{"beam_policy": "waterfill", "beam_width": 3, "max_depth": 7}	latency_s	0.00934325000000058
2026-03-29T19:57:33+00:00	routing	turborepo	srt-warm	q28	{"beam_policy": "uniform", "beam_width": 3, "max_depth": 10}	ndcg@10	0.7233087279826953
2026-03-29T19:57:33+00:00	routing	turborepo	srt-warm	q28	{"beam_policy": "uniform", "beam_width": 3, "max_depth": 10}	latency_s	0.011602916999997603
2026-03-29T19:57:33+00:00	routing	turborepo	srt-warm	q28	{"beam_policy": "waterfill", "beam_width": 3, "max_depth": 10}	ndcg@10	0.7233087279826953
2026-03-29T19:57:33+00:00	routing	turborepo	srt-warm	q28	{"beam_policy": "waterfill", "beam_width": 3, "max_depth": 10}	latency_s	0.008502791000001508
2026-03-29T19:57:33+00:00	routing	turborepo	srt-warm	q28	{"beam_policy": "uniform", "beam_width": 5, "max_depth": 3}	ndcg@10	0.0
2026-03-29T19:57:33+00:00	routing	turborepo	srt-warm	q28	{"beam_policy": "uniform", "beam_width": 5, "max_depth": 3}	latency_s	0.008866749999999257
2026-03-29T19:57:33+00:00	routing	turborepo	srt-warm	q28	{"beam_policy": "waterfill", "beam_width": 5, "max_depth": 3}	ndcg@10	0.0
2026-03-29T19:57:33+00:00	routing	turborepo	srt-warm	q28	{"beam_policy": "waterfill", "beam_width": 5, "max_depth": 3}	latency_s	0.008014499999998037
2026-03-29T19:57:33+00:00	routing	turborepo	srt-warm	q28	{"beam_policy": "uniform", "beam_width": 5, "max_depth": 5}	ndcg@10	0.7233087279826953
2026-03-29T19:57:33+00:00	routing	turborepo	srt-warm	q28	{"beam_policy": "uniform", "beam_width": 5, "max_depth": 5}	latency_s	0.0140563329999992
2026-03-29T19:57:33+00:00	routing	turborepo	srt-warm	q28	{"beam_policy": "waterfill", "beam_width": 5, "max_depth": 5}	ndcg@10	0.7233087279826953
2026-03-29T19:57:33+00:00	routing	turborepo	srt-warm	q28	{"beam_policy": "waterfill", "beam_width": 5, "max_depth": 5}	latency_s	0.01200387500000133
2026-03-29T19:57:33+00:00	routing	turborepo	srt-warm	q28	{"beam_policy": "uniform", "beam_width": 5, "max_depth": 7}	ndcg@10	0.7233087279826953
2026-03-29T19:57:33+00:00	routing	turborepo	srt-warm	q28	{"beam_policy": "uniform", "beam_width": 5, "max_depth": 7}	latency_s	0.013176417000000384
2026-03-29T19:57:33+00:00	routing	turborepo	srt-warm	q28	{"beam_policy": "waterfill", "beam_width": 5, "max_depth": 7}	ndcg@10	0.7233087279826953
2026-03-29T19:57:33+00:00	routing	turborepo	srt-warm	q28	{"beam_policy": "waterfill", "beam_width": 5, "max_depth": 7}	latency_s	0.011831209000000342
2026-03-29T19:57:33+00:00	routing	turborepo	srt-warm	q28	{"beam_policy": "uniform", "beam_width": 5, "max_depth": 10}	ndcg@10	0.7233087279826953
2026-03-29T19:57:33+00:00	routing	turborepo	srt-warm	q28	{"beam_policy": "uniform", "beam_width": 5, "max_depth": 10}	latency_s	0.013984374999999716
2026-03-29T19:57:33+00:00	routing	turborepo	srt-warm	q28	{"beam_policy": "waterfill", "beam_width": 5, "max_depth": 10}	ndcg@10	0.7233087279826953
2026-03-29T19:57:33+00:00	routing	turborepo	srt-warm	q28	{"beam_policy": "waterfill", "beam_width": 5, "max_depth": 10}	latency_s	0.01342975000000024
2026-03-29T19:57:33+00:00	routing	turborepo	srt-warm	q28	{"beam_policy": "uniform", "beam_width": 7, "max_depth": 3}	ndcg@10	0.0
2026-03-29T19:57:33+00:00	routing	turborepo	srt-warm	q28	{"beam_policy": "uniform", "beam_width": 7, "max_depth": 3}	latency_s	0.012821999999999889
2026-03-29T19:57:33+00:00	routing	turborepo	srt-warm	q28	{"beam_policy": "waterfill", "beam_width": 7, "max_depth": 3}	ndcg@10	0.0
2026-03-29T19:57:33+00:00	routing	turborepo	srt-warm	q28	{"beam_policy": "waterfill", "beam_width": 7, "max_depth": 3}	latency_s	0.009415875000001961
2026-03-29T19:57:33+00:00	routing	turborepo	srt-warm	q28	{"beam_policy": "uniform", "beam_width": 7, "max_depth": 5}	ndcg@10	0.7233087279826953
2026-03-29T19:57:33+00:00	routing	turborepo	srt-warm	q28	{"beam_policy": "uniform", "beam_width": 7, "max_depth": 5}	latency_s	0.01948879199999709
2026-03-29T19:57:33+00:00	routing	turborepo	srt-warm	q28	{"beam_policy": "waterfill", "beam_width": 7, "max_depth": 5}	ndcg@10	0.7233087279826953
2026-03-29T19:57:33+00:00	routing	turborepo	srt-warm	q28	{"beam_policy": "waterfill", "beam_width": 7, "max_depth": 5}	latency_s	0.01306495800000107
2026-03-29T19:57:33+00:00	routing	turborepo	srt-warm	q28	{"beam_policy": "uniform", "beam_width": 7, "max_depth": 7}	ndcg@10	0.7233087279826953
2026-03-29T19:57:33+00:00	routing	turborepo	srt-warm	q28	{"beam_policy": "uniform", "beam_width": 7, "max_depth": 7}	latency_s	0.018921959000000044
2026-03-29T19:57:33+00:00	routing	turborepo	srt-warm	q28	{"beam_policy": "waterfill", "beam_width": 7, "max_depth": 7}	ndcg@10	0.7233087279826953
2026-03-29T19:57:33+00:00	routing	turborepo	srt-warm	q28	{"beam_policy": "waterfill", "beam_width": 7, "max_depth": 7}	latency_s	0.013602082999998544
2026-03-29T19:57:33+00:00	routing	turborepo	srt-warm	q28	{"beam_policy": "uniform", "beam_width": 7, "max_depth": 10}	ndcg@10	0.7233087279826953
2026-03-29T19:57:33+00:00	routing	turborepo	srt-warm	q28	{"beam_policy": "uniform", "beam_width": 7, "max_depth": 10}	latency_s	0.018942750000000785
2026-03-29T19:57:33+00:00	routing	turborepo	srt-warm	q28	{"beam_policy": "waterfill", "beam_width": 7, "max_depth": 10}	ndcg@10	0.7233087279826953
2026-03-29T19:57:33+00:00	routing	turborepo	srt-warm	q28	{"beam_policy": "waterfill", "beam_width": 7, "max_depth": 10}	latency_s	0.014141958999999815
2026-03-29T19:57:33+00:00	routing	turborepo	srt-warm	q28	{"beam_policy": "uniform", "beam_width": 10, "max_depth": 3}	ndcg@10	0.0
2026-03-29T19:57:33+00:00	routing	turborepo	srt-warm	q28	{"beam_policy": "uniform", "beam_width": 10, "max_depth": 3}	latency_s	0.019273083999998164
2026-03-29T19:57:33+00:00	routing	turborepo	srt-warm	q28	{"beam_policy": "waterfill", "beam_width": 10, "max_depth": 3}	ndcg@10	0.0
2026-03-29T19:57:33+00:00	routing	turborepo	srt-warm	q28	{"beam_policy": "waterfill", "beam_width": 10, "max_depth": 3}	latency_s	0.013042583000000718
2026-03-29T19:57:33+00:00	routing	turborepo	srt-warm	q28	{"beam_policy": "uniform", "beam_width": 10, "max_depth": 5}	ndcg@10	0.7233087279826953
2026-03-29T19:57:33+00:00	routing	turborepo	srt-warm	q28	{"beam_policy": "uniform", "beam_width": 10, "max_depth": 5}	latency_s	0.04668558300000214
2026-03-29T19:57:33+00:00	routing	turborepo	srt-warm	q28	{"beam_policy": "waterfill", "beam_width": 10, "max_depth": 5}	ndcg@10	0.7233087279826953
2026-03-29T19:57:33+00:00	routing	turborepo	srt-warm	q28	{"beam_policy": "waterfill", "beam_width": 10, "max_depth": 5}	latency_s	0.019055500000000336
2026-03-29T19:57:33+00:00	routing	turborepo	srt-warm	q28	{"beam_policy": "uniform", "beam_width": 10, "max_depth": 7}	ndcg@10	0.6750731593565458
2026-03-29T19:57:33+00:00	routing	turborepo	srt-warm	q28	{"beam_policy": "uniform", "beam_width": 10, "max_depth": 7}	latency_s	0.05949383300000122
2026-03-29T19:57:33+00:00	routing	turborepo	srt-warm	q28	{"beam_policy": "waterfill", "beam_width": 10, "max_depth": 7}	ndcg@10	0.7233087279826953
2026-03-29T19:57:33+00:00	routing	turborepo	srt-warm	q28	{"beam_policy": "waterfill", "beam_width": 10, "max_depth": 7}	latency_s	0.019636041999998355
2026-03-29T19:57:34+00:00	routing	turborepo	srt-warm	q28	{"beam_policy": "uniform", "beam_width": 10, "max_depth": 10}	ndcg@10	0.6750731593565458
2026-03-29T19:57:34+00:00	routing	turborepo	srt-warm	q28	{"beam_policy": "uniform", "beam_width": 10, "max_depth": 10}	latency_s	0.05936720900000125
2026-03-29T19:57:34+00:00	routing	turborepo	srt-warm	q28	{"beam_policy": "waterfill", "beam_width": 10, "max_depth": 10}	ndcg@10	0.7233087279826953
2026-03-29T19:57:34+00:00	routing	turborepo	srt-warm	q28	{"beam_policy": "waterfill", "beam_width": 10, "max_depth": 10}	latency_s	0.01992616600000119
2026-03-29T19:57:34+00:00	routing	turborepo	srt-warm	q29	{"beam_policy": "uniform", "beam_width": 2, "max_depth": 3}	ndcg@10	0.0
2026-03-29T19:57:34+00:00	routing	turborepo	srt-warm	q29	{"beam_policy": "uniform", "beam_width": 2, "max_depth": 3}	latency_s	0.008977874999999358
2026-03-29T19:57:34+00:00	routing	turborepo	srt-warm	q29	{"beam_policy": "waterfill", "beam_width": 2, "max_depth": 3}	ndcg@10	0.0
2026-03-29T19:57:34+00:00	routing	turborepo	srt-warm	q29	{"beam_policy": "waterfill", "beam_width": 2, "max_depth": 3}	latency_s	0.008510209000000657
2026-03-29T19:57:34+00:00	routing	turborepo	srt-warm	q29	{"beam_policy": "uniform", "beam_width": 2, "max_depth": 5}	ndcg@10	0.5123851576001877
2026-03-29T19:57:34+00:00	routing	turborepo	srt-warm	q29	{"beam_policy": "uniform", "beam_width": 2, "max_depth": 5}	latency_s	0.012278042000001932
2026-03-29T19:57:34+00:00	routing	turborepo	srt-warm	q29	{"beam_policy": "waterfill", "beam_width": 2, "max_depth": 5}	ndcg@10	0.5353687499987742
2026-03-29T19:57:34+00:00	routing	turborepo	srt-warm	q29	{"beam_policy": "waterfill", "beam_width": 2, "max_depth": 5}	latency_s	0.0087562919999975
2026-03-29T19:57:34+00:00	routing	turborepo	srt-warm	q29	{"beam_policy": "uniform", "beam_width": 2, "max_depth": 7}	ndcg@10	0.5123851576001877
2026-03-29T19:57:34+00:00	routing	turborepo	srt-warm	q29	{"beam_policy": "uniform", "beam_width": 2, "max_depth": 7}	latency_s	0.01150649999999942
2026-03-29T19:57:34+00:00	routing	turborepo	srt-warm	q29	{"beam_policy": "waterfill", "beam_width": 2, "max_depth": 7}	ndcg@10	0.5353687499987742
2026-03-29T19:57:34+00:00	routing	turborepo	srt-warm	q29	{"beam_policy": "waterfill", "beam_width": 2, "max_depth": 7}	latency_s	0.009948291000000609
2026-03-29T19:57:34+00:00	routing	turborepo	srt-warm	q29	{"beam_policy": "uniform", "beam_width": 2, "max_depth": 10}	ndcg@10	0.5123851576001877
2026-03-29T19:57:34+00:00	routing	turborepo	srt-warm	q29	{"beam_policy": "uniform", "beam_width": 2, "max_depth": 10}	latency_s	0.012538667000001169
2026-03-29T19:57:34+00:00	routing	turborepo	srt-warm	q29	{"beam_policy": "waterfill", "beam_width": 2, "max_depth": 10}	ndcg@10	0.5353687499987742
2026-03-29T19:57:34+00:00	routing	turborepo	srt-warm	q29	{"beam_policy": "waterfill", "beam_width": 2, "max_depth": 10}	latency_s	0.008644874999998109
2026-03-29T19:57:34+00:00	routing	turborepo	srt-warm	q29	{"beam_policy": "uniform", "beam_width": 3, "max_depth": 3}	ndcg@10	0.0
2026-03-29T19:57:34+00:00	routing	turborepo	srt-warm	q29	{"beam_policy": "uniform", "beam_width": 3, "max_depth": 3}	latency_s	0.009427375000001348
2026-03-29T19:57:34+00:00	routing	turborepo	srt-warm	q29	{"beam_policy": "waterfill", "beam_width": 3, "max_depth": 3}	ndcg@10	0.0
2026-03-29T19:57:34+00:00	routing	turborepo	srt-warm	q29	{"beam_policy": "waterfill", "beam_width": 3, "max_depth": 3}	latency_s	0.008306166000000559
2026-03-29T19:57:34+00:00	routing	turborepo	srt-warm	q29	{"beam_policy": "uniform", "beam_width": 3, "max_depth": 5}	ndcg@10	0.5123851576001877
2026-03-29T19:57:34+00:00	routing	turborepo	srt-warm	q29	{"beam_policy": "uniform", "beam_width": 3, "max_depth": 5}	latency_s	0.012358166999998588
2026-03-29T19:57:34+00:00	routing	turborepo	srt-warm	q29	{"beam_policy": "waterfill", "beam_width": 3, "max_depth": 5}	ndcg@10	0.5123851576001877
2026-03-29T19:57:34+00:00	routing	turborepo	srt-warm	q29	{"beam_policy": "waterfill", "beam_width": 3, "max_depth": 5}	latency_s	0.011400457999997116
2026-03-29T19:57:34+00:00	routing	turborepo	srt-warm	q29	{"beam_policy": "uniform", "beam_width": 3, "max_depth": 7}	ndcg@10	0.5123851576001877
2026-03-29T19:57:34+00:00	routing	turborepo	srt-warm	q29	{"beam_policy": "uniform", "beam_width": 3, "max_depth": 7}	latency_s	0.013792459000001145
2026-03-29T19:57:34+00:00	routing	turborepo	srt-warm	q29	{"beam_policy": "waterfill", "beam_width": 3, "max_depth": 7}	ndcg@10	0.5123851576001877
2026-03-29T19:57:34+00:00	routing	turborepo	srt-warm	q29	{"beam_policy": "waterfill", "beam_width": 3, "max_depth": 7}	latency_s	0.011419540999998645
2026-03-29T19:57:34+00:00	routing	turborepo	srt-warm	q29	{"beam_policy": "uniform", "beam_width": 3, "max_depth": 10}	ndcg@10	0.5123851576001877
2026-03-29T19:57:34+00:00	routing	turborepo	srt-warm	q29	{"beam_policy": "uniform", "beam_width": 3, "max_depth": 10}	latency_s	0.013023499999999189
2026-03-29T19:57:34+00:00	routing	turborepo	srt-warm	q29	{"beam_policy": "waterfill", "beam_width": 3, "max_depth": 10}	ndcg@10	0.5123851576001877
2026-03-29T19:57:34+00:00	routing	turborepo	srt-warm	q29	{"beam_policy": "waterfill", "beam_width": 3, "max_depth": 10}	latency_s	0.011892249999998938
2026-03-29T19:57:34+00:00	routing	turborepo	srt-warm	q29	{"beam_policy": "uniform", "beam_width": 5, "max_depth": 3}	ndcg@10	0.0
2026-03-29T19:57:34+00:00	routing	turborepo	srt-warm	q29	{"beam_policy": "uniform", "beam_width": 5, "max_depth": 3}	latency_s	0.011191917000001439
2026-03-29T19:57:34+00:00	routing	turborepo	srt-warm	q29	{"beam_policy": "waterfill", "beam_width": 5, "max_depth": 3}	ndcg@10	0.0
2026-03-29T19:57:34+00:00	routing	turborepo	srt-warm	q29	{"beam_policy": "waterfill", "beam_width": 5, "max_depth": 3}	latency_s	0.008736959000000155
2026-03-29T19:57:34+00:00	routing	turborepo	srt-warm	q29	{"beam_policy": "uniform", "beam_width": 5, "max_depth": 5}	ndcg@10	0.5123851576001877
2026-03-29T19:57:34+00:00	routing	turborepo	srt-warm	q29	{"beam_policy": "uniform", "beam_width": 5, "max_depth": 5}	latency_s	0.01552833400000253
2026-03-29T19:57:34+00:00	routing	turborepo	srt-warm	q29	{"beam_policy": "waterfill", "beam_width": 5, "max_depth": 5}	ndcg@10	0.5123851576001877
2026-03-29T19:57:34+00:00	routing	turborepo	srt-warm	q29	{"beam_policy": "waterfill", "beam_width": 5, "max_depth": 5}	latency_s	0.012890208000001735
2026-03-29T19:57:34+00:00	routing	turborepo	srt-warm	q29	{"beam_policy": "uniform", "beam_width": 5, "max_depth": 7}	ndcg@10	0.5123851576001877
2026-03-29T19:57:34+00:00	routing	turborepo	srt-warm	q29	{"beam_policy": "uniform", "beam_width": 5, "max_depth": 7}	latency_s	0.01597020799999882
2026-03-29T19:57:34+00:00	routing	turborepo	srt-warm	q29	{"beam_policy": "waterfill", "beam_width": 5, "max_depth": 7}	ndcg@10	0.5123851576001877
2026-03-29T19:57:34+00:00	routing	turborepo	srt-warm	q29	{"beam_policy": "waterfill", "beam_width": 5, "max_depth": 7}	latency_s	0.01288816699999984
2026-03-29T19:57:34+00:00	routing	turborepo	srt-warm	q29	{"beam_policy": "uniform", "beam_width": 5, "max_depth": 10}	ndcg@10	0.5123851576001877
2026-03-29T19:57:34+00:00	routing	turborepo	srt-warm	q29	{"beam_policy": "uniform", "beam_width": 5, "max_depth": 10}	latency_s	0.015442290999999386
2026-03-29T19:57:34+00:00	routing	turborepo	srt-warm	q29	{"beam_policy": "waterfill", "beam_width": 5, "max_depth": 10}	ndcg@10	0.5123851576001877
2026-03-29T19:57:34+00:00	routing	turborepo	srt-warm	q29	{"beam_policy": "waterfill", "beam_width": 5, "max_depth": 10}	latency_s	0.012984666000001255
2026-03-29T19:57:34+00:00	routing	turborepo	srt-warm	q29	{"beam_policy": "uniform", "beam_width": 7, "max_depth": 3}	ndcg@10	0.0
2026-03-29T19:57:34+00:00	routing	turborepo	srt-warm	q29	{"beam_policy": "uniform", "beam_width": 7, "max_depth": 3}	latency_s	0.01600187500000061
2026-03-29T19:57:34+00:00	routing	turborepo	srt-warm	q29	{"beam_policy": "waterfill", "beam_width": 7, "max_depth": 3}	ndcg@10	0.0
2026-03-29T19:57:34+00:00	routing	turborepo	srt-warm	q29	{"beam_policy": "waterfill", "beam_width": 7, "max_depth": 3}	latency_s	0.011329875000001266
2026-03-29T19:57:34+00:00	routing	turborepo	srt-warm	q29	{"beam_policy": "uniform", "beam_width": 7, "max_depth": 5}	ndcg@10	0.5123851576001877
2026-03-29T19:57:34+00:00	routing	turborepo	srt-warm	q29	{"beam_policy": "uniform", "beam_width": 7, "max_depth": 5}	latency_s	0.02898020800000012
2026-03-29T19:57:34+00:00	routing	turborepo	srt-warm	q29	{"beam_policy": "waterfill", "beam_width": 7, "max_depth": 5}	ndcg@10	0.5123851576001877
2026-03-29T19:57:34+00:00	routing	turborepo	srt-warm	q29	{"beam_policy": "waterfill", "beam_width": 7, "max_depth": 5}	latency_s	0.016223958000001204
2026-03-29T19:57:34+00:00	routing	turborepo	srt-warm	q29	{"beam_policy": "uniform", "beam_width": 7, "max_depth": 7}	ndcg@10	0.5123851576001877
2026-03-29T19:57:34+00:00	routing	turborepo	srt-warm	q29	{"beam_policy": "uniform", "beam_width": 7, "max_depth": 7}	latency_s	0.030370999999998816
2026-03-29T19:57:34+00:00	routing	turborepo	srt-warm	q29	{"beam_policy": "waterfill", "beam_width": 7, "max_depth": 7}	ndcg@10	0.5123851576001877
2026-03-29T19:57:34+00:00	routing	turborepo	srt-warm	q29	{"beam_policy": "waterfill", "beam_width": 7, "max_depth": 7}	latency_s	0.01658137500000123
2026-03-29T19:57:34+00:00	routing	turborepo	srt-warm	q29	{"beam_policy": "uniform", "beam_width": 7, "max_depth": 10}	ndcg@10	0.5123851576001877
2026-03-29T19:57:34+00:00	routing	turborepo	srt-warm	q29	{"beam_policy": "uniform", "beam_width": 7, "max_depth": 10}	latency_s	0.030333541000000963
2026-03-29T19:57:34+00:00	routing	turborepo	srt-warm	q29	{"beam_policy": "waterfill", "beam_width": 7, "max_depth": 10}	ndcg@10	0.5123851576001877
2026-03-29T19:57:34+00:00	routing	turborepo	srt-warm	q29	{"beam_policy": "waterfill", "beam_width": 7, "max_depth": 10}	latency_s	0.016036167000002877
2026-03-29T19:57:34+00:00	routing	turborepo	srt-warm	q29	{"beam_policy": "uniform", "beam_width": 10, "max_depth": 3}	ndcg@10	0.0
2026-03-29T19:57:34+00:00	routing	turborepo	srt-warm	q29	{"beam_policy": "uniform", "beam_width": 10, "max_depth": 3}	latency_s	0.02004729100000091
2026-03-29T19:57:34+00:00	routing	turborepo	srt-warm	q29	{"beam_policy": "waterfill", "beam_width": 10, "max_depth": 3}	ndcg@10	0.0
2026-03-29T19:57:34+00:00	routing	turborepo	srt-warm	q29	{"beam_policy": "waterfill", "beam_width": 10, "max_depth": 3}	latency_s	0.01593849999999719
2026-03-29T19:57:34+00:00	routing	turborepo	srt-warm	q29	{"beam_policy": "uniform", "beam_width": 10, "max_depth": 5}	ndcg@10	0.5123851576001877
2026-03-29T19:57:34+00:00	routing	turborepo	srt-warm	q29	{"beam_policy": "uniform", "beam_width": 10, "max_depth": 5}	latency_s	0.04705595900000148
2026-03-29T19:57:34+00:00	routing	turborepo	srt-warm	q29	{"beam_policy": "waterfill", "beam_width": 10, "max_depth": 5}	ndcg@10	0.5123851576001877
2026-03-29T19:57:34+00:00	routing	turborepo	srt-warm	q29	{"beam_policy": "waterfill", "beam_width": 10, "max_depth": 5}	latency_s	0.029973332999997382
2026-03-29T19:57:34+00:00	routing	turborepo	srt-warm	q29	{"beam_policy": "uniform", "beam_width": 10, "max_depth": 7}	ndcg@10	0.484316593180511
2026-03-29T19:57:34+00:00	routing	turborepo	srt-warm	q29	{"beam_policy": "uniform", "beam_width": 10, "max_depth": 7}	latency_s	0.058512042000000264
2026-03-29T19:57:34+00:00	routing	turborepo	srt-warm	q29	{"beam_policy": "waterfill", "beam_width": 10, "max_depth": 7}	ndcg@10	0.5123851576001877
2026-03-29T19:57:34+00:00	routing	turborepo	srt-warm	q29	{"beam_policy": "waterfill", "beam_width": 10, "max_depth": 7}	latency_s	0.031281707999998076
2026-03-29T19:57:34+00:00	routing	turborepo	srt-warm	q29	{"beam_policy": "uniform", "beam_width": 10, "max_depth": 10}	ndcg@10	0.484316593180511
2026-03-29T19:57:34+00:00	routing	turborepo	srt-warm	q29	{"beam_policy": "uniform", "beam_width": 10, "max_depth": 10}	latency_s	0.05947049999999976
2026-03-29T19:57:34+00:00	routing	turborepo	srt-warm	q29	{"beam_policy": "waterfill", "beam_width": 10, "max_depth": 10}	ndcg@10	0.5123851576001877
2026-03-29T19:57:34+00:00	routing	turborepo	srt-warm	q29	{"beam_policy": "waterfill", "beam_width": 10, "max_depth": 10}	latency_s	0.030243625000000662
2026-03-29T19:57:34+00:00	routing	turborepo	srt-warm	q30	{"beam_policy": "uniform", "beam_width": 2, "max_depth": 3}	ndcg@10	0.0
2026-03-29T19:57:34+00:00	routing	turborepo	srt-warm	q30	{"beam_policy": "uniform", "beam_width": 2, "max_depth": 3}	latency_s	0.009202667000000275
2026-03-29T19:57:34+00:00	routing	turborepo	srt-warm	q30	{"beam_policy": "waterfill", "beam_width": 2, "max_depth": 3}	ndcg@10	0.0
2026-03-29T19:57:34+00:00	routing	turborepo	srt-warm	q30	{"beam_policy": "waterfill", "beam_width": 2, "max_depth": 3}	latency_s	0.008977874999999358
2026-03-29T19:57:34+00:00	routing	turborepo	srt-warm	q30	{"beam_policy": "uniform", "beam_width": 2, "max_depth": 5}	ndcg@10	0.6128984789428379
2026-03-29T19:57:34+00:00	routing	turborepo	srt-warm	q30	{"beam_policy": "uniform", "beam_width": 2, "max_depth": 5}	latency_s	0.009722875000001352
2026-03-29T19:57:34+00:00	routing	turborepo	srt-warm	q30	{"beam_policy": "waterfill", "beam_width": 2, "max_depth": 5}	ndcg@10	0.0
2026-03-29T19:57:34+00:00	routing	turborepo	srt-warm	q30	{"beam_policy": "waterfill", "beam_width": 2, "max_depth": 5}	latency_s	0.008132500000002096
2026-03-29T19:57:34+00:00	routing	turborepo	srt-warm	q30	{"beam_policy": "uniform", "beam_width": 2, "max_depth": 7}	ndcg@10	0.6128984789428379
2026-03-29T19:57:34+00:00	routing	turborepo	srt-warm	q30	{"beam_policy": "uniform", "beam_width": 2, "max_depth": 7}	latency_s	0.009379750000000797
2026-03-29T19:57:34+00:00	routing	turborepo	srt-warm	q30	{"beam_policy": "waterfill", "beam_width": 2, "max_depth": 7}	ndcg@10	0.0
2026-03-29T19:57:34+00:00	routing	turborepo	srt-warm	q30	{"beam_policy": "waterfill", "beam_width": 2, "max_depth": 7}	latency_s	0.007909416999996921
2026-03-29T19:57:34+00:00	routing	turborepo	srt-warm	q30	{"beam_policy": "uniform", "beam_width": 2, "max_depth": 10}	ndcg@10	0.6128984789428379
2026-03-29T19:57:34+00:00	routing	turborepo	srt-warm	q30	{"beam_policy": "uniform", "beam_width": 2, "max_depth": 10}	latency_s	0.008789332999999289
2026-03-29T19:57:34+00:00	routing	turborepo	srt-warm	q30	{"beam_policy": "waterfill", "beam_width": 2, "max_depth": 10}	ndcg@10	0.0
2026-03-29T19:57:34+00:00	routing	turborepo	srt-warm	q30	{"beam_policy": "waterfill", "beam_width": 2, "max_depth": 10}	latency_s	0.009062541999998786
2026-03-29T19:57:35+00:00	routing	turborepo	srt-warm	q30	{"beam_policy": "uniform", "beam_width": 3, "max_depth": 3}	ndcg@10	0.0
2026-03-29T19:57:35+00:00	routing	turborepo	srt-warm	q30	{"beam_policy": "uniform", "beam_width": 3, "max_depth": 3}	latency_s	0.00840245800000261
2026-03-29T19:57:35+00:00	routing	turborepo	srt-warm	q30	{"beam_policy": "waterfill", "beam_width": 3, "max_depth": 3}	ndcg@10	0.0
2026-03-29T19:57:35+00:00	routing	turborepo	srt-warm	q30	{"beam_policy": "waterfill", "beam_width": 3, "max_depth": 3}	latency_s	0.007717207999998976
2026-03-29T19:57:35+00:00	routing	turborepo	srt-warm	q30	{"beam_policy": "uniform", "beam_width": 3, "max_depth": 5}	ndcg@10	0.6128984789428379
2026-03-29T19:57:35+00:00	routing	turborepo	srt-warm	q30	{"beam_policy": "uniform", "beam_width": 3, "max_depth": 5}	latency_s	0.009427709000000561
2026-03-29T19:57:35+00:00	routing	turborepo	srt-warm	q30	{"beam_policy": "waterfill", "beam_width": 3, "max_depth": 5}	ndcg@10	0.6128984789428379
2026-03-29T19:57:35+00:00	routing	turborepo	srt-warm	q30	{"beam_policy": "waterfill", "beam_width": 3, "max_depth": 5}	latency_s	0.008699333000002696
2026-03-29T19:57:35+00:00	routing	turborepo	srt-warm	q30	{"beam_policy": "uniform", "beam_width": 3, "max_depth": 7}	ndcg@10	0.6128984789428379
2026-03-29T19:57:35+00:00	routing	turborepo	srt-warm	q30	{"beam_policy": "uniform", "beam_width": 3, "max_depth": 7}	latency_s	0.009491332999999713
2026-03-29T19:57:35+00:00	routing	turborepo	srt-warm	q30	{"beam_policy": "waterfill", "beam_width": 3, "max_depth": 7}	ndcg@10	0.6128984789428379
2026-03-29T19:57:35+00:00	routing	turborepo	srt-warm	q30	{"beam_policy": "waterfill", "beam_width": 3, "max_depth": 7}	latency_s	0.00874895899999828
2026-03-29T19:57:35+00:00	routing	turborepo	srt-warm	q30	{"beam_policy": "uniform", "beam_width": 3, "max_depth": 10}	ndcg@10	0.6128984789428379
2026-03-29T19:57:35+00:00	routing	turborepo	srt-warm	q30	{"beam_policy": "uniform", "beam_width": 3, "max_depth": 10}	latency_s	0.0106630420000009
2026-03-29T19:57:35+00:00	routing	turborepo	srt-warm	q30	{"beam_policy": "waterfill", "beam_width": 3, "max_depth": 10}	ndcg@10	0.6128984789428379
2026-03-29T19:57:35+00:00	routing	turborepo	srt-warm	q30	{"beam_policy": "waterfill", "beam_width": 3, "max_depth": 10}	latency_s	0.009688499999999323
2026-03-29T19:57:35+00:00	routing	turborepo	srt-warm	q30	{"beam_policy": "uniform", "beam_width": 5, "max_depth": 3}	ndcg@10	0.0
2026-03-29T19:57:35+00:00	routing	turborepo	srt-warm	q30	{"beam_policy": "uniform", "beam_width": 5, "max_depth": 3}	latency_s	0.01030420800000087
2026-03-29T19:57:35+00:00	routing	turborepo	srt-warm	q30	{"beam_policy": "waterfill", "beam_width": 5, "max_depth": 3}	ndcg@10	0.0
2026-03-29T19:57:35+00:00	routing	turborepo	srt-warm	q30	{"beam_policy": "waterfill", "beam_width": 5, "max_depth": 3}	latency_s	0.008541625000002995
2026-03-29T19:57:35+00:00	routing	turborepo	srt-warm	q30	{"beam_policy": "uniform", "beam_width": 5, "max_depth": 5}	ndcg@10	0.6128984789428379
2026-03-29T19:57:35+00:00	routing	turborepo	srt-warm	q30	{"beam_policy": "uniform", "beam_width": 5, "max_depth": 5}	latency_s	0.020818916999999715
2026-03-29T19:57:35+00:00	routing	turborepo	srt-warm	q30	{"beam_policy": "waterfill", "beam_width": 5, "max_depth": 5}	ndcg@10	0.6128984789428379
2026-03-29T19:57:35+00:00	routing	turborepo	srt-warm	q30	{"beam_policy": "waterfill", "beam_width": 5, "max_depth": 5}	latency_s	0.01190283299999706
2026-03-29T19:57:35+00:00	routing	turborepo	srt-warm	q30	{"beam_policy": "uniform", "beam_width": 5, "max_depth": 7}	ndcg@10	0.6128984789428379
2026-03-29T19:57:35+00:00	routing	turborepo	srt-warm	q30	{"beam_policy": "uniform", "beam_width": 5, "max_depth": 7}	latency_s	0.028750416999997697
2026-03-29T19:57:35+00:00	routing	turborepo	srt-warm	q30	{"beam_policy": "waterfill", "beam_width": 5, "max_depth": 7}	ndcg@10	0.6128984789428379
2026-03-29T19:57:35+00:00	routing	turborepo	srt-warm	q30	{"beam_policy": "waterfill", "beam_width": 5, "max_depth": 7}	latency_s	0.012157542000000632
2026-03-29T19:57:35+00:00	routing	turborepo	srt-warm	q30	{"beam_policy": "uniform", "beam_width": 5, "max_depth": 10}	ndcg@10	0.6128984789428379
2026-03-29T19:57:35+00:00	routing	turborepo	srt-warm	q30	{"beam_policy": "uniform", "beam_width": 5, "max_depth": 10}	latency_s	0.030678584000000342
2026-03-29T19:57:35+00:00	routing	turborepo	srt-warm	q30	{"beam_policy": "waterfill", "beam_width": 5, "max_depth": 10}	ndcg@10	0.6128984789428379
2026-03-29T19:57:35+00:00	routing	turborepo	srt-warm	q30	{"beam_policy": "waterfill", "beam_width": 5, "max_depth": 10}	latency_s	0.012251583000001176
2026-03-29T19:57:35+00:00	routing	turborepo	srt-warm	q30	{"beam_policy": "uniform", "beam_width": 7, "max_depth": 3}	ndcg@10	0.0
2026-03-29T19:57:35+00:00	routing	turborepo	srt-warm	q30	{"beam_policy": "uniform", "beam_width": 7, "max_depth": 3}	latency_s	0.01350258400000115
2026-03-29T19:57:35+00:00	routing	turborepo	srt-warm	q30	{"beam_policy": "waterfill", "beam_width": 7, "max_depth": 3}	ndcg@10	0.0
2026-03-29T19:57:35+00:00	routing	turborepo	srt-warm	q30	{"beam_policy": "waterfill", "beam_width": 7, "max_depth": 3}	latency_s	0.009648999999999575
2026-03-29T19:57:35+00:00	routing	turborepo	srt-warm	q30	{"beam_policy": "uniform", "beam_width": 7, "max_depth": 5}	ndcg@10	0.6128984789428379
2026-03-29T19:57:35+00:00	routing	turborepo	srt-warm	q30	{"beam_policy": "uniform", "beam_width": 7, "max_depth": 5}	latency_s	0.026764958000001116
2026-03-29T19:57:35+00:00	routing	turborepo	srt-warm	q30	{"beam_policy": "waterfill", "beam_width": 7, "max_depth": 5}	ndcg@10	0.6128984789428379
2026-03-29T19:57:35+00:00	routing	turborepo	srt-warm	q30	{"beam_policy": "waterfill", "beam_width": 7, "max_depth": 5}	latency_s	0.020664000000000016
2026-03-29T19:57:35+00:00	routing	turborepo	srt-warm	q30	{"beam_policy": "uniform", "beam_width": 7, "max_depth": 7}	ndcg@10	0.6128984789428379
2026-03-29T19:57:35+00:00	routing	turborepo	srt-warm	q30	{"beam_policy": "uniform", "beam_width": 7, "max_depth": 7}	latency_s	0.035655708000000175
2026-03-29T19:57:35+00:00	routing	turborepo	srt-warm	q30	{"beam_policy": "waterfill", "beam_width": 7, "max_depth": 7}	ndcg@10	0.6128984789428379
2026-03-29T19:57:35+00:00	routing	turborepo	srt-warm	q30	{"beam_policy": "waterfill", "beam_width": 7, "max_depth": 7}	latency_s	0.02820412499999847
2026-03-29T19:57:35+00:00	routing	turborepo	srt-warm	q30	{"beam_policy": "uniform", "beam_width": 7, "max_depth": 10}	ndcg@10	0.6128984789428379
2026-03-29T19:57:35+00:00	routing	turborepo	srt-warm	q30	{"beam_policy": "uniform", "beam_width": 7, "max_depth": 10}	latency_s	0.03728287499999894
2026-03-29T19:57:35+00:00	routing	turborepo	srt-warm	q30	{"beam_policy": "waterfill", "beam_width": 7, "max_depth": 10}	ndcg@10	0.6128984789428379
2026-03-29T19:57:35+00:00	routing	turborepo	srt-warm	q30	{"beam_policy": "waterfill", "beam_width": 7, "max_depth": 10}	latency_s	0.03100925000000032
2026-03-29T19:57:35+00:00	routing	turborepo	srt-warm	q30	{"beam_policy": "uniform", "beam_width": 10, "max_depth": 3}	ndcg@10	0.0
2026-03-29T19:57:35+00:00	routing	turborepo	srt-warm	q30	{"beam_policy": "uniform", "beam_width": 10, "max_depth": 3}	latency_s	0.020685416999999262
2026-03-29T19:57:35+00:00	routing	turborepo	srt-warm	q30	{"beam_policy": "waterfill", "beam_width": 10, "max_depth": 3}	ndcg@10	0.0
2026-03-29T19:57:35+00:00	routing	turborepo	srt-warm	q30	{"beam_policy": "waterfill", "beam_width": 10, "max_depth": 3}	latency_s	0.014165708000000166
2026-03-29T19:57:35+00:00	routing	turborepo	srt-warm	q30	{"beam_policy": "uniform", "beam_width": 10, "max_depth": 5}	ndcg@10	0.6128984789428379
2026-03-29T19:57:35+00:00	routing	turborepo	srt-warm	q30	{"beam_policy": "uniform", "beam_width": 10, "max_depth": 5}	latency_s	0.047559541999998345
2026-03-29T19:57:35+00:00	routing	turborepo	srt-warm	q30	{"beam_policy": "waterfill", "beam_width": 10, "max_depth": 5}	ndcg@10	0.6128984789428379
2026-03-29T19:57:35+00:00	routing	turborepo	srt-warm	q30	{"beam_policy": "waterfill", "beam_width": 10, "max_depth": 5}	latency_s	0.02728970799999786
2026-03-29T19:57:35+00:00	routing	turborepo	srt-warm	q30	{"beam_policy": "uniform", "beam_width": 10, "max_depth": 7}	ndcg@10	0.6128984789428379
2026-03-29T19:57:35+00:00	routing	turborepo	srt-warm	q30	{"beam_policy": "uniform", "beam_width": 10, "max_depth": 7}	latency_s	0.06251187500000199
2026-03-29T19:57:35+00:00	routing	turborepo	srt-warm	q30	{"beam_policy": "waterfill", "beam_width": 10, "max_depth": 7}	ndcg@10	0.6128984789428379
2026-03-29T19:57:35+00:00	routing	turborepo	srt-warm	q30	{"beam_policy": "waterfill", "beam_width": 10, "max_depth": 7}	latency_s	0.0357875409999977
2026-03-29T19:57:35+00:00	routing	turborepo	srt-warm	q30	{"beam_policy": "uniform", "beam_width": 10, "max_depth": 10}	ndcg@10	0.6128984789428379
2026-03-29T19:57:35+00:00	routing	turborepo	srt-warm	q30	{"beam_policy": "uniform", "beam_width": 10, "max_depth": 10}	latency_s	0.06378266700000168
2026-03-29T19:57:35+00:00	routing	turborepo	srt-warm	q30	{"beam_policy": "waterfill", "beam_width": 10, "max_depth": 10}	ndcg@10	0.6128984789428379
2026-03-29T19:57:35+00:00	routing	turborepo	srt-warm	q30	{"beam_policy": "waterfill", "beam_width": 10, "max_depth": 10}	latency_s	0.037522832999997036
2026-03-29T19:57:35+00:00	routing	turborepo	srt-warm	q31	{"beam_policy": "uniform", "beam_width": 2, "max_depth": 3}	ndcg@10	0.0
2026-03-29T19:57:35+00:00	routing	turborepo	srt-warm	q31	{"beam_policy": "uniform", "beam_width": 2, "max_depth": 3}	latency_s	0.008405959000000962
2026-03-29T19:57:35+00:00	routing	turborepo	srt-warm	q31	{"beam_policy": "waterfill", "beam_width": 2, "max_depth": 3}	ndcg@10	0.0
2026-03-29T19:57:35+00:00	routing	turborepo	srt-warm	q31	{"beam_policy": "waterfill", "beam_width": 2, "max_depth": 3}	latency_s	0.007389415999998761
2026-03-29T19:57:35+00:00	routing	turborepo	srt-warm	q31	{"beam_policy": "uniform", "beam_width": 2, "max_depth": 5}	ndcg@10	0.8664131786872701
2026-03-29T19:57:35+00:00	routing	turborepo	srt-warm	q31	{"beam_policy": "uniform", "beam_width": 2, "max_depth": 5}	latency_s	0.008985917000000399
2026-03-29T19:57:35+00:00	routing	turborepo	srt-warm	q31	{"beam_policy": "waterfill", "beam_width": 2, "max_depth": 5}	ndcg@10	0.8916928073294381
2026-03-29T19:57:35+00:00	routing	turborepo	srt-warm	q31	{"beam_policy": "waterfill", "beam_width": 2, "max_depth": 5}	latency_s	0.007960041000000473
2026-03-29T19:57:35+00:00	routing	turborepo	srt-warm	q31	{"beam_policy": "uniform", "beam_width": 2, "max_depth": 7}	ndcg@10	0.8664131786872701
2026-03-29T19:57:35+00:00	routing	turborepo	srt-warm	q31	{"beam_policy": "uniform", "beam_width": 2, "max_depth": 7}	latency_s	0.010181082999999091
2026-03-29T19:57:35+00:00	routing	turborepo	srt-warm	q31	{"beam_policy": "waterfill", "beam_width": 2, "max_depth": 7}	ndcg@10	0.8916928073294381
2026-03-29T19:57:35+00:00	routing	turborepo	srt-warm	q31	{"beam_policy": "waterfill", "beam_width": 2, "max_depth": 7}	latency_s	0.007911207999999448
2026-03-29T19:57:35+00:00	routing	turborepo	srt-warm	q31	{"beam_policy": "uniform", "beam_width": 2, "max_depth": 10}	ndcg@10	0.8664131786872701
2026-03-29T19:57:35+00:00	routing	turborepo	srt-warm	q31	{"beam_policy": "uniform", "beam_width": 2, "max_depth": 10}	latency_s	0.009457958999998795
2026-03-29T19:57:35+00:00	routing	turborepo	srt-warm	q31	{"beam_policy": "waterfill", "beam_width": 2, "max_depth": 10}	ndcg@10	0.8916928073294381
2026-03-29T19:57:35+00:00	routing	turborepo	srt-warm	q31	{"beam_policy": "waterfill", "beam_width": 2, "max_depth": 10}	latency_s	0.007822042000000806
2026-03-29T19:57:35+00:00	routing	turborepo	srt-warm	q31	{"beam_policy": "uniform", "beam_width": 3, "max_depth": 3}	ndcg@10	0.0
2026-03-29T19:57:35+00:00	routing	turborepo	srt-warm	q31	{"beam_policy": "uniform", "beam_width": 3, "max_depth": 3}	latency_s	0.008567959000000513
2026-03-29T19:57:35+00:00	routing	turborepo	srt-warm	q31	{"beam_policy": "waterfill", "beam_width": 3, "max_depth": 3}	ndcg@10	0.0
2026-03-29T19:57:35+00:00	routing	turborepo	srt-warm	q31	{"beam_policy": "waterfill", "beam_width": 3, "max_depth": 3}	latency_s	0.008295458999999283
2026-03-29T19:57:35+00:00	routing	turborepo	srt-warm	q31	{"beam_policy": "uniform", "beam_width": 3, "max_depth": 5}	ndcg@10	0.8664131786872701
2026-03-29T19:57:35+00:00	routing	turborepo	srt-warm	q31	{"beam_policy": "uniform", "beam_width": 3, "max_depth": 5}	latency_s	0.009744000000001307
2026-03-29T19:57:35+00:00	routing	turborepo	srt-warm	q31	{"beam_policy": "waterfill", "beam_width": 3, "max_depth": 5}	ndcg@10	0.8664131786872701
2026-03-29T19:57:35+00:00	routing	turborepo	srt-warm	q31	{"beam_policy": "waterfill", "beam_width": 3, "max_depth": 5}	latency_s	0.009750499999999107
2026-03-29T19:57:35+00:00	routing	turborepo	srt-warm	q31	{"beam_policy": "uniform", "beam_width": 3, "max_depth": 7}	ndcg@10	0.8664131786872701
2026-03-29T19:57:35+00:00	routing	turborepo	srt-warm	q31	{"beam_policy": "uniform", "beam_width": 3, "max_depth": 7}	latency_s	0.010721375000002809
2026-03-29T19:57:35+00:00	routing	turborepo	srt-warm	q31	{"beam_policy": "waterfill", "beam_width": 3, "max_depth": 7}	ndcg@10	0.8664131786872701
2026-03-29T19:57:35+00:00	routing	turborepo	srt-warm	q31	{"beam_policy": "waterfill", "beam_width": 3, "max_depth": 7}	latency_s	0.01101849999999871
2026-03-29T19:57:35+00:00	routing	turborepo	srt-warm	q31	{"beam_policy": "uniform", "beam_width": 3, "max_depth": 10}	ndcg@10	0.8664131786872701
2026-03-29T19:57:35+00:00	routing	turborepo	srt-warm	q31	{"beam_policy": "uniform", "beam_width": 3, "max_depth": 10}	latency_s	0.009826665999998596
2026-03-29T19:57:35+00:00	routing	turborepo	srt-warm	q31	{"beam_policy": "waterfill", "beam_width": 3, "max_depth": 10}	ndcg@10	0.8664131786872701
2026-03-29T19:57:35+00:00	routing	turborepo	srt-warm	q31	{"beam_policy": "waterfill", "beam_width": 3, "max_depth": 10}	latency_s	0.009395749999999481
2026-03-29T19:57:35+00:00	routing	turborepo	srt-warm	q31	{"beam_policy": "uniform", "beam_width": 5, "max_depth": 3}	ndcg@10	0.0
2026-03-29T19:57:35+00:00	routing	turborepo	srt-warm	q31	{"beam_policy": "uniform", "beam_width": 5, "max_depth": 3}	latency_s	0.00936670799999817
2026-03-29T19:57:35+00:00	routing	turborepo	srt-warm	q31	{"beam_policy": "waterfill", "beam_width": 5, "max_depth": 3}	ndcg@10	0.0
2026-03-29T19:57:35+00:00	routing	turborepo	srt-warm	q31	{"beam_policy": "waterfill", "beam_width": 5, "max_depth": 3}	latency_s	0.008460625000001443
2026-03-29T19:57:36+00:00	routing	turborepo	srt-warm	q31	{"beam_policy": "uniform", "beam_width": 5, "max_depth": 5}	ndcg@10	0.8330455790016374
2026-03-29T19:57:36+00:00	routing	turborepo	srt-warm	q31	{"beam_policy": "uniform", "beam_width": 5, "max_depth": 5}	latency_s	0.015917792000003317
2026-03-29T19:57:36+00:00	routing	turborepo	srt-warm	q31	{"beam_policy": "waterfill", "beam_width": 5, "max_depth": 5}	ndcg@10	0.8330455790016374
2026-03-29T19:57:36+00:00	routing	turborepo	srt-warm	q31	{"beam_policy": "waterfill", "beam_width": 5, "max_depth": 5}	latency_s	0.012426749999999487
2026-03-29T19:57:36+00:00	routing	turborepo	srt-warm	q31	{"beam_policy": "uniform", "beam_width": 5, "max_depth": 7}	ndcg@10	0.8317068355309298
2026-03-29T19:57:36+00:00	routing	turborepo	srt-warm	q31	{"beam_policy": "uniform", "beam_width": 5, "max_depth": 7}	latency_s	0.020858874999998278
2026-03-29T19:57:36+00:00	routing	turborepo	srt-warm	q31	{"beam_policy": "waterfill", "beam_width": 5, "max_depth": 7}	ndcg@10	0.8317068355309298
2026-03-29T19:57:36+00:00	routing	turborepo	srt-warm	q31	{"beam_policy": "waterfill", "beam_width": 5, "max_depth": 7}	latency_s	0.0173088330000013
2026-03-29T19:57:36+00:00	routing	turborepo	srt-warm	q31	{"beam_policy": "uniform", "beam_width": 5, "max_depth": 10}	ndcg@10	0.8317068355309298
2026-03-29T19:57:36+00:00	routing	turborepo	srt-warm	q31	{"beam_policy": "uniform", "beam_width": 5, "max_depth": 10}	latency_s	0.027878749999999286
2026-03-29T19:57:36+00:00	routing	turborepo	srt-warm	q31	{"beam_policy": "waterfill", "beam_width": 5, "max_depth": 10}	ndcg@10	0.8317068355309298
2026-03-29T19:57:36+00:00	routing	turborepo	srt-warm	q31	{"beam_policy": "waterfill", "beam_width": 5, "max_depth": 10}	latency_s	0.016711250000000177
2026-03-29T19:57:36+00:00	routing	turborepo	srt-warm	q31	{"beam_policy": "uniform", "beam_width": 7, "max_depth": 3}	ndcg@10	0.0
2026-03-29T19:57:36+00:00	routing	turborepo	srt-warm	q31	{"beam_policy": "uniform", "beam_width": 7, "max_depth": 3}	latency_s	0.021600040999999237
2026-03-29T19:57:36+00:00	routing	turborepo	srt-warm	q31	{"beam_policy": "waterfill", "beam_width": 7, "max_depth": 3}	ndcg@10	0.0
2026-03-29T19:57:36+00:00	routing	turborepo	srt-warm	q31	{"beam_policy": "waterfill", "beam_width": 7, "max_depth": 3}	latency_s	0.016676832999998226
2026-03-29T19:57:36+00:00	routing	turborepo	srt-warm	q31	{"beam_policy": "uniform", "beam_width": 7, "max_depth": 5}	ndcg@10	0.8330455790016374
2026-03-29T19:57:36+00:00	routing	turborepo	srt-warm	q31	{"beam_policy": "uniform", "beam_width": 7, "max_depth": 5}	latency_s	0.03943137499999949
2026-03-29T19:57:36+00:00	routing	turborepo	srt-warm	q31	{"beam_policy": "waterfill", "beam_width": 7, "max_depth": 5}	ndcg@10	0.8330455790016374
2026-03-29T19:57:36+00:00	routing	turborepo	srt-warm	q31	{"beam_policy": "waterfill", "beam_width": 7, "max_depth": 5}	latency_s	0.01750924999999981
2026-03-29T19:57:36+00:00	routing	turborepo	srt-warm	q31	{"beam_policy": "uniform", "beam_width": 7, "max_depth": 7}	ndcg@10	0.818629032254239
2026-03-29T19:57:36+00:00	routing	turborepo	srt-warm	q31	{"beam_policy": "uniform", "beam_width": 7, "max_depth": 7}	latency_s	0.04755700000000118
2026-03-29T19:57:36+00:00	routing	turborepo	srt-warm	q31	{"beam_policy": "waterfill", "beam_width": 7, "max_depth": 7}	ndcg@10	0.8317068355309298
2026-03-29T19:57:36+00:00	routing	turborepo	srt-warm	q31	{"beam_policy": "waterfill", "beam_width": 7, "max_depth": 7}	latency_s	0.01702687499999911
2026-03-29T19:57:36+00:00	routing	turborepo	srt-warm	q31	{"beam_policy": "uniform", "beam_width": 7, "max_depth": 10}	ndcg@10	0.818629032254239
2026-03-29T19:57:36+00:00	routing	turborepo	srt-warm	q31	{"beam_policy": "uniform", "beam_width": 7, "max_depth": 10}	latency_s	0.0474817079999994
2026-03-29T19:57:36+00:00	routing	turborepo	srt-warm	q31	{"beam_policy": "waterfill", "beam_width": 7, "max_depth": 10}	ndcg@10	0.8317068355309298
2026-03-29T19:57:36+00:00	routing	turborepo	srt-warm	q31	{"beam_policy": "waterfill", "beam_width": 7, "max_depth": 10}	latency_s	0.016792417000001336
2026-03-29T19:57:36+00:00	routing	turborepo	srt-warm	q31	{"beam_policy": "uniform", "beam_width": 10, "max_depth": 3}	ndcg@10	0.0
2026-03-29T19:57:36+00:00	routing	turborepo	srt-warm	q31	{"beam_policy": "uniform", "beam_width": 10, "max_depth": 3}	latency_s	0.01995466700000037
2026-03-29T19:57:36+00:00	routing	turborepo	srt-warm	q31	{"beam_policy": "waterfill", "beam_width": 10, "max_depth": 3}	ndcg@10	0.0
2026-03-29T19:57:36+00:00	routing	turborepo	srt-warm	q31	{"beam_policy": "waterfill", "beam_width": 10, "max_depth": 3}	latency_s	0.013701250000000442
2026-03-29T19:57:36+00:00	routing	turborepo	srt-warm	q31	{"beam_policy": "uniform", "beam_width": 10, "max_depth": 5}	ndcg@10	0.8330455790016374
2026-03-29T19:57:36+00:00	routing	turborepo	srt-warm	q31	{"beam_policy": "uniform", "beam_width": 10, "max_depth": 5}	latency_s	0.050643125000000566
2026-03-29T19:57:36+00:00	routing	turborepo	srt-warm	q31	{"beam_policy": "waterfill", "beam_width": 10, "max_depth": 5}	ndcg@10	0.8330455790016374
2026-03-29T19:57:36+00:00	routing	turborepo	srt-warm	q31	{"beam_policy": "waterfill", "beam_width": 10, "max_depth": 5}	latency_s	0.034123333000000144
2026-03-29T19:57:36+00:00	routing	turborepo	srt-warm	q31	{"beam_policy": "uniform", "beam_width": 10, "max_depth": 7}	ndcg@10	0.818629032254239
2026-03-29T19:57:36+00:00	routing	turborepo	srt-warm	q31	{"beam_policy": "uniform", "beam_width": 10, "max_depth": 7}	latency_s	0.06435629099999929
2026-03-29T19:57:36+00:00	routing	turborepo	srt-warm	q31	{"beam_policy": "waterfill", "beam_width": 10, "max_depth": 7}	ndcg@10	0.818629032254239
2026-03-29T19:57:36+00:00	routing	turborepo	srt-warm	q31	{"beam_policy": "waterfill", "beam_width": 10, "max_depth": 7}	latency_s	0.04635858299999995
2026-03-29T19:57:36+00:00	routing	turborepo	srt-warm	q31	{"beam_policy": "uniform", "beam_width": 10, "max_depth": 10}	ndcg@10	0.818629032254239
2026-03-29T19:57:36+00:00	routing	turborepo	srt-warm	q31	{"beam_policy": "uniform", "beam_width": 10, "max_depth": 10}	latency_s	0.0650949169999997
2026-03-29T19:57:36+00:00	routing	turborepo	srt-warm	q31	{"beam_policy": "waterfill", "beam_width": 10, "max_depth": 10}	ndcg@10	0.818629032254239
2026-03-29T19:57:36+00:00	routing	turborepo	srt-warm	q31	{"beam_policy": "waterfill", "beam_width": 10, "max_depth": 10}	latency_s	0.04781233399999962
2026-03-29T19:57:36+00:00	routing	turborepo	srt-warm	q32	{"beam_policy": "uniform", "beam_width": 2, "max_depth": 3}	ndcg@10	0.0
2026-03-29T19:57:36+00:00	routing	turborepo	srt-warm	q32	{"beam_policy": "uniform", "beam_width": 2, "max_depth": 3}	latency_s	0.007443292000001378
2026-03-29T19:57:36+00:00	routing	turborepo	srt-warm	q32	{"beam_policy": "waterfill", "beam_width": 2, "max_depth": 3}	ndcg@10	0.0
2026-03-29T19:57:36+00:00	routing	turborepo	srt-warm	q32	{"beam_policy": "waterfill", "beam_width": 2, "max_depth": 3}	latency_s	0.008818833999999498
2026-03-29T19:57:36+00:00	routing	turborepo	srt-warm	q32	{"beam_policy": "uniform", "beam_width": 2, "max_depth": 5}	ndcg@10	0.0
2026-03-29T19:57:36+00:00	routing	turborepo	srt-warm	q32	{"beam_policy": "uniform", "beam_width": 2, "max_depth": 5}	latency_s	0.0068527920000001075
2026-03-29T19:57:36+00:00	routing	turborepo	srt-warm	q32	{"beam_policy": "waterfill", "beam_width": 2, "max_depth": 5}	ndcg@10	0.0
2026-03-29T19:57:36+00:00	routing	turborepo	srt-warm	q32	{"beam_policy": "waterfill", "beam_width": 2, "max_depth": 5}	latency_s	0.009553583000002419
2026-03-29T19:57:36+00:00	routing	turborepo	srt-warm	q32	{"beam_policy": "uniform", "beam_width": 2, "max_depth": 7}	ndcg@10	0.0
2026-03-29T19:57:36+00:00	routing	turborepo	srt-warm	q32	{"beam_policy": "uniform", "beam_width": 2, "max_depth": 7}	latency_s	0.006978000000000151
2026-03-29T19:57:36+00:00	routing	turborepo	srt-warm	q32	{"beam_policy": "waterfill", "beam_width": 2, "max_depth": 7}	ndcg@10	0.0
2026-03-29T19:57:36+00:00	routing	turborepo	srt-warm	q32	{"beam_policy": "waterfill", "beam_width": 2, "max_depth": 7}	latency_s	0.008962499999999096
2026-03-29T19:57:36+00:00	routing	turborepo	srt-warm	q32	{"beam_policy": "uniform", "beam_width": 2, "max_depth": 10}	ndcg@10	0.0
2026-03-29T19:57:36+00:00	routing	turborepo	srt-warm	q32	{"beam_policy": "uniform", "beam_width": 2, "max_depth": 10}	latency_s	0.0071207500000021184
2026-03-29T19:57:36+00:00	routing	turborepo	srt-warm	q32	{"beam_policy": "waterfill", "beam_width": 2, "max_depth": 10}	ndcg@10	0.0
2026-03-29T19:57:36+00:00	routing	turborepo	srt-warm	q32	{"beam_policy": "waterfill", "beam_width": 2, "max_depth": 10}	latency_s	0.01060908299999852
2026-03-29T19:57:36+00:00	routing	turborepo	srt-warm	q32	{"beam_policy": "uniform", "beam_width": 3, "max_depth": 3}	ndcg@10	0.0
2026-03-29T19:57:36+00:00	routing	turborepo	srt-warm	q32	{"beam_policy": "uniform", "beam_width": 3, "max_depth": 3}	latency_s	0.005864042000002456
2026-03-29T19:57:36+00:00	routing	turborepo	srt-warm	q32	{"beam_policy": "waterfill", "beam_width": 3, "max_depth": 3}	ndcg@10	0.0
2026-03-29T19:57:36+00:00	routing	turborepo	srt-warm	q32	{"beam_policy": "waterfill", "beam_width": 3, "max_depth": 3}	latency_s	0.009598665999998701
2026-03-29T19:57:36+00:00	routing	turborepo	srt-warm	q32	{"beam_policy": "uniform", "beam_width": 3, "max_depth": 5}	ndcg@10	0.0
2026-03-29T19:57:36+00:00	routing	turborepo	srt-warm	q32	{"beam_policy": "uniform", "beam_width": 3, "max_depth": 5}	latency_s	0.006982083000000472
2026-03-29T19:57:36+00:00	routing	turborepo	srt-warm	q32	{"beam_policy": "waterfill", "beam_width": 3, "max_depth": 5}	ndcg@10	0.0
2026-03-29T19:57:36+00:00	routing	turborepo	srt-warm	q32	{"beam_policy": "waterfill", "beam_width": 3, "max_depth": 5}	latency_s	0.00887537500000235
2026-03-29T19:57:36+00:00	routing	turborepo	srt-warm	q32	{"beam_policy": "uniform", "beam_width": 3, "max_depth": 7}	ndcg@10	0.0
2026-03-29T19:57:36+00:00	routing	turborepo	srt-warm	q32	{"beam_policy": "uniform", "beam_width": 3, "max_depth": 7}	latency_s	0.006831832999999676
2026-03-29T19:57:36+00:00	routing	turborepo	srt-warm	q32	{"beam_policy": "waterfill", "beam_width": 3, "max_depth": 7}	ndcg@10	0.0
2026-03-29T19:57:36+00:00	routing	turborepo	srt-warm	q32	{"beam_policy": "waterfill", "beam_width": 3, "max_depth": 7}	latency_s	0.008687709000000154
2026-03-29T19:57:36+00:00	routing	turborepo	srt-warm	q32	{"beam_policy": "uniform", "beam_width": 3, "max_depth": 10}	ndcg@10	0.0
2026-03-29T19:57:36+00:00	routing	turborepo	srt-warm	q32	{"beam_policy": "uniform", "beam_width": 3, "max_depth": 10}	latency_s	0.005877957999999239
2026-03-29T19:57:36+00:00	routing	turborepo	srt-warm	q32	{"beam_policy": "waterfill", "beam_width": 3, "max_depth": 10}	ndcg@10	0.0
2026-03-29T19:57:36+00:00	routing	turborepo	srt-warm	q32	{"beam_policy": "waterfill", "beam_width": 3, "max_depth": 10}	latency_s	0.009829291999999157
2026-03-29T19:57:36+00:00	routing	turborepo	srt-warm	q32	{"beam_policy": "uniform", "beam_width": 5, "max_depth": 3}	ndcg@10	0.0
2026-03-29T19:57:36+00:00	routing	turborepo	srt-warm	q32	{"beam_policy": "uniform", "beam_width": 5, "max_depth": 3}	latency_s	0.011286542000000566
2026-03-29T19:57:36+00:00	routing	turborepo	srt-warm	q32	{"beam_policy": "waterfill", "beam_width": 5, "max_depth": 3}	ndcg@10	0.0
2026-03-29T19:57:36+00:00	routing	turborepo	srt-warm	q32	{"beam_policy": "waterfill", "beam_width": 5, "max_depth": 3}	latency_s	0.006868374999999816
2026-03-29T19:57:36+00:00	routing	turborepo	srt-warm	q32	{"beam_policy": "uniform", "beam_width": 5, "max_depth": 5}	ndcg@10	0.6585354056846717
2026-03-29T19:57:36+00:00	routing	turborepo	srt-warm	q32	{"beam_policy": "uniform", "beam_width": 5, "max_depth": 5}	latency_s	0.01686845800000114
2026-03-29T19:57:36+00:00	routing	turborepo	srt-warm	q32	{"beam_policy": "waterfill", "beam_width": 5, "max_depth": 5}	ndcg@10	0.0
2026-03-29T19:57:36+00:00	routing	turborepo	srt-warm	q32	{"beam_policy": "waterfill", "beam_width": 5, "max_depth": 5}	latency_s	0.007581832999999705
2026-03-29T19:57:37+00:00	routing	turborepo	srt-warm	q32	{"beam_policy": "uniform", "beam_width": 5, "max_depth": 7}	ndcg@10	0.6585354056846717
2026-03-29T19:57:37+00:00	routing	turborepo	srt-warm	q32	{"beam_policy": "uniform", "beam_width": 5, "max_depth": 7}	latency_s	0.013721790999998262
2026-03-29T19:57:37+00:00	routing	turborepo	srt-warm	q32	{"beam_policy": "waterfill", "beam_width": 5, "max_depth": 7}	ndcg@10	0.0
2026-03-29T19:57:37+00:00	routing	turborepo	srt-warm	q32	{"beam_policy": "waterfill", "beam_width": 5, "max_depth": 7}	latency_s	0.008091083000000054
2026-03-29T19:57:37+00:00	routing	turborepo	srt-warm	q32	{"beam_policy": "uniform", "beam_width": 5, "max_depth": 10}	ndcg@10	0.6585354056846717
2026-03-29T19:57:37+00:00	routing	turborepo	srt-warm	q32	{"beam_policy": "uniform", "beam_width": 5, "max_depth": 10}	latency_s	0.013759957999997852
2026-03-29T19:57:37+00:00	routing	turborepo	srt-warm	q32	{"beam_policy": "waterfill", "beam_width": 5, "max_depth": 10}	ndcg@10	0.0
2026-03-29T19:57:37+00:00	routing	turborepo	srt-warm	q32	{"beam_policy": "waterfill", "beam_width": 5, "max_depth": 10}	latency_s	0.006113291000001908
2026-03-29T19:57:37+00:00	routing	turborepo	srt-warm	q32	{"beam_policy": "uniform", "beam_width": 7, "max_depth": 3}	ndcg@10	0.0
2026-03-29T19:57:37+00:00	routing	turborepo	srt-warm	q32	{"beam_policy": "uniform", "beam_width": 7, "max_depth": 3}	latency_s	0.015320917000000378
2026-03-29T19:57:37+00:00	routing	turborepo	srt-warm	q32	{"beam_policy": "waterfill", "beam_width": 7, "max_depth": 3}	ndcg@10	0.0
2026-03-29T19:57:37+00:00	routing	turborepo	srt-warm	q32	{"beam_policy": "waterfill", "beam_width": 7, "max_depth": 3}	latency_s	0.011053291999999715
2026-03-29T19:57:37+00:00	routing	turborepo	srt-warm	q32	{"beam_policy": "uniform", "beam_width": 7, "max_depth": 5}	ndcg@10	0.6585354056846717
2026-03-29T19:57:37+00:00	routing	turborepo	srt-warm	q32	{"beam_policy": "uniform", "beam_width": 7, "max_depth": 5}	latency_s	0.01634766599999793
2026-03-29T19:57:37+00:00	routing	turborepo	srt-warm	q32	{"beam_policy": "waterfill", "beam_width": 7, "max_depth": 5}	ndcg@10	0.6585354056846717
2026-03-29T19:57:37+00:00	routing	turborepo	srt-warm	q32	{"beam_policy": "waterfill", "beam_width": 7, "max_depth": 5}	latency_s	0.013543958999999717
2026-03-29T19:57:37+00:00	routing	turborepo	srt-warm	q32	{"beam_policy": "uniform", "beam_width": 7, "max_depth": 7}	ndcg@10	0.6585354056846717
2026-03-29T19:57:37+00:00	routing	turborepo	srt-warm	q32	{"beam_policy": "uniform", "beam_width": 7, "max_depth": 7}	latency_s	0.015985957999998135
2026-03-29T19:57:37+00:00	routing	turborepo	srt-warm	q32	{"beam_policy": "waterfill", "beam_width": 7, "max_depth": 7}	ndcg@10	0.6585354056846717
2026-03-29T19:57:37+00:00	routing	turborepo	srt-warm	q32	{"beam_policy": "waterfill", "beam_width": 7, "max_depth": 7}	latency_s	0.013265249999999895
2026-03-29T19:57:37+00:00	routing	turborepo	srt-warm	q32	{"beam_policy": "uniform", "beam_width": 7, "max_depth": 10}	ndcg@10	0.6585354056846717
2026-03-29T19:57:37+00:00	routing	turborepo	srt-warm	q32	{"beam_policy": "uniform", "beam_width": 7, "max_depth": 10}	latency_s	0.017099042000001674
2026-03-29T19:57:37+00:00	routing	turborepo	srt-warm	q32	{"beam_policy": "waterfill", "beam_width": 7, "max_depth": 10}	ndcg@10	0.6585354056846717
2026-03-29T19:57:37+00:00	routing	turborepo	srt-warm	q32	{"beam_policy": "waterfill", "beam_width": 7, "max_depth": 10}	latency_s	0.014658332999999857
2026-03-29T19:57:37+00:00	routing	turborepo	srt-warm	q32	{"beam_policy": "uniform", "beam_width": 10, "max_depth": 3}	ndcg@10	0.0
2026-03-29T19:57:37+00:00	routing	turborepo	srt-warm	q32	{"beam_policy": "uniform", "beam_width": 10, "max_depth": 3}	latency_s	0.015135708999999054
2026-03-29T19:57:37+00:00	routing	turborepo	srt-warm	q32	{"beam_policy": "waterfill", "beam_width": 10, "max_depth": 3}	ndcg@10	0.0
2026-03-29T19:57:37+00:00	routing	turborepo	srt-warm	q32	{"beam_policy": "waterfill", "beam_width": 10, "max_depth": 3}	latency_s	0.012211208000000084
2026-03-29T19:57:37+00:00	routing	turborepo	srt-warm	q32	{"beam_policy": "uniform", "beam_width": 10, "max_depth": 5}	ndcg@10	0.6585354056846717
2026-03-29T19:57:37+00:00	routing	turborepo	srt-warm	q32	{"beam_policy": "uniform", "beam_width": 10, "max_depth": 5}	latency_s	0.03066866699999693
2026-03-29T19:57:37+00:00	routing	turborepo	srt-warm	q32	{"beam_policy": "waterfill", "beam_width": 10, "max_depth": 5}	ndcg@10	0.6585354056846717
2026-03-29T19:57:37+00:00	routing	turborepo	srt-warm	q32	{"beam_policy": "waterfill", "beam_width": 10, "max_depth": 5}	latency_s	0.016434958000001387
2026-03-29T19:57:37+00:00	routing	turborepo	srt-warm	q32	{"beam_policy": "uniform", "beam_width": 10, "max_depth": 7}	ndcg@10	0.6585354056846717
2026-03-29T19:57:37+00:00	routing	turborepo	srt-warm	q32	{"beam_policy": "uniform", "beam_width": 10, "max_depth": 7}	latency_s	0.041830583000002974
2026-03-29T19:57:37+00:00	routing	turborepo	srt-warm	q32	{"beam_policy": "waterfill", "beam_width": 10, "max_depth": 7}	ndcg@10	0.6585354056846717
2026-03-29T19:57:37+00:00	routing	turborepo	srt-warm	q32	{"beam_policy": "waterfill", "beam_width": 10, "max_depth": 7}	latency_s	0.018354000000002202
2026-03-29T19:57:37+00:00	routing	turborepo	srt-warm	q32	{"beam_policy": "uniform", "beam_width": 10, "max_depth": 10}	ndcg@10	0.6585354056846717
2026-03-29T19:57:37+00:00	routing	turborepo	srt-warm	q32	{"beam_policy": "uniform", "beam_width": 10, "max_depth": 10}	latency_s	0.04378308400000108
2026-03-29T19:57:37+00:00	routing	turborepo	srt-warm	q32	{"beam_policy": "waterfill", "beam_width": 10, "max_depth": 10}	ndcg@10	0.6585354056846717
2026-03-29T19:57:37+00:00	routing	turborepo	srt-warm	q32	{"beam_policy": "waterfill", "beam_width": 10, "max_depth": 10}	latency_s	0.01700829199999987
2026-03-29T19:57:37+00:00	routing	turborepo	srt-warm	q33	{"beam_policy": "uniform", "beam_width": 2, "max_depth": 3}	ndcg@10	0.0
2026-03-29T19:57:37+00:00	routing	turborepo	srt-warm	q33	{"beam_policy": "uniform", "beam_width": 2, "max_depth": 3}	latency_s	0.007477915999999141
2026-03-29T19:57:37+00:00	routing	turborepo	srt-warm	q33	{"beam_policy": "waterfill", "beam_width": 2, "max_depth": 3}	ndcg@10	0.0
2026-03-29T19:57:37+00:00	routing	turborepo	srt-warm	q33	{"beam_policy": "waterfill", "beam_width": 2, "max_depth": 3}	latency_s	0.006984458000001581
2026-03-29T19:57:37+00:00	routing	turborepo	srt-warm	q33	{"beam_policy": "uniform", "beam_width": 2, "max_depth": 5}	ndcg@10	0.8216212264723879
2026-03-29T19:57:37+00:00	routing	turborepo	srt-warm	q33	{"beam_policy": "uniform", "beam_width": 2, "max_depth": 5}	latency_s	0.008270500000001846
2026-03-29T19:57:37+00:00	routing	turborepo	srt-warm	q33	{"beam_policy": "waterfill", "beam_width": 2, "max_depth": 5}	ndcg@10	0.8216212264723879
2026-03-29T19:57:37+00:00	routing	turborepo	srt-warm	q33	{"beam_policy": "waterfill", "beam_width": 2, "max_depth": 5}	latency_s	0.007653707999999426
2026-03-29T19:57:37+00:00	routing	turborepo	srt-warm	q33	{"beam_policy": "uniform", "beam_width": 2, "max_depth": 7}	ndcg@10	0.8216212264723879
2026-03-29T19:57:37+00:00	routing	turborepo	srt-warm	q33	{"beam_policy": "uniform", "beam_width": 2, "max_depth": 7}	latency_s	0.00828591700000203
2026-03-29T19:57:37+00:00	routing	turborepo	srt-warm	q33	{"beam_policy": "waterfill", "beam_width": 2, "max_depth": 7}	ndcg@10	0.8216212264723879
2026-03-29T19:57:37+00:00	routing	turborepo	srt-warm	q33	{"beam_policy": "waterfill", "beam_width": 2, "max_depth": 7}	latency_s	0.007718416999999533
2026-03-29T19:57:37+00:00	routing	turborepo	srt-warm	q33	{"beam_policy": "uniform", "beam_width": 2, "max_depth": 10}	ndcg@10	0.8216212264723879
2026-03-29T19:57:37+00:00	routing	turborepo	srt-warm	q33	{"beam_policy": "uniform", "beam_width": 2, "max_depth": 10}	latency_s	0.008370750000000982
2026-03-29T19:57:37+00:00	routing	turborepo	srt-warm	q33	{"beam_policy": "waterfill", "beam_width": 2, "max_depth": 10}	ndcg@10	0.8216212264723879
2026-03-29T19:57:37+00:00	routing	turborepo	srt-warm	q33	{"beam_policy": "waterfill", "beam_width": 2, "max_depth": 10}	latency_s	0.007656624999999195
2026-03-29T19:57:37+00:00	routing	turborepo	srt-warm	q33	{"beam_policy": "uniform", "beam_width": 3, "max_depth": 3}	ndcg@10	0.0
2026-03-29T19:57:37+00:00	routing	turborepo	srt-warm	q33	{"beam_policy": "uniform", "beam_width": 3, "max_depth": 3}	latency_s	0.00903012499999889
2026-03-29T19:57:37+00:00	routing	turborepo	srt-warm	q33	{"beam_policy": "waterfill", "beam_width": 3, "max_depth": 3}	ndcg@10	0.0
2026-03-29T19:57:37+00:00	routing	turborepo	srt-warm	q33	{"beam_policy": "waterfill", "beam_width": 3, "max_depth": 3}	latency_s	0.007180125000001425
2026-03-29T19:57:37+00:00	routing	turborepo	srt-warm	q33	{"beam_policy": "uniform", "beam_width": 3, "max_depth": 5}	ndcg@10	0.9050593785497315
2026-03-29T19:57:37+00:00	routing	turborepo	srt-warm	q33	{"beam_policy": "uniform", "beam_width": 3, "max_depth": 5}	latency_s	0.010929499999999592
2026-03-29T19:57:37+00:00	routing	turborepo	srt-warm	q33	{"beam_policy": "waterfill", "beam_width": 3, "max_depth": 5}	ndcg@10	0.8216212264723879
2026-03-29T19:57:37+00:00	routing	turborepo	srt-warm	q33	{"beam_policy": "waterfill", "beam_width": 3, "max_depth": 5}	latency_s	0.008271624999999005
2026-03-29T19:57:37+00:00	routing	turborepo	srt-warm	q33	{"beam_policy": "uniform", "beam_width": 3, "max_depth": 7}	ndcg@10	0.9050593785497315
2026-03-29T19:57:37+00:00	routing	turborepo	srt-warm	q33	{"beam_policy": "uniform", "beam_width": 3, "max_depth": 7}	latency_s	0.010871957999999182
2026-03-29T19:57:37+00:00	routing	turborepo	srt-warm	q33	{"beam_policy": "waterfill", "beam_width": 3, "max_depth": 7}	ndcg@10	0.8216212264723879
2026-03-29T19:57:37+00:00	routing	turborepo	srt-warm	q33	{"beam_policy": "waterfill", "beam_width": 3, "max_depth": 7}	latency_s	0.009308415999999653
2026-03-29T19:57:37+00:00	routing	turborepo	srt-warm	q33	{"beam_policy": "uniform", "beam_width": 3, "max_depth": 10}	ndcg@10	0.9050593785497315
2026-03-29T19:57:37+00:00	routing	turborepo	srt-warm	q33	{"beam_policy": "uniform", "beam_width": 3, "max_depth": 10}	latency_s	0.011598207999998777
2026-03-29T19:57:37+00:00	routing	turborepo	srt-warm	q33	{"beam_policy": "waterfill", "beam_width": 3, "max_depth": 10}	ndcg@10	0.8216212264723879
2026-03-29T19:57:37+00:00	routing	turborepo	srt-warm	q33	{"beam_policy": "waterfill", "beam_width": 3, "max_depth": 10}	latency_s	0.00842749999999981
2026-03-29T19:57:37+00:00	routing	turborepo	srt-warm	q33	{"beam_policy": "uniform", "beam_width": 5, "max_depth": 3}	ndcg@10	0.0
2026-03-29T19:57:37+00:00	routing	turborepo	srt-warm	q33	{"beam_policy": "uniform", "beam_width": 5, "max_depth": 3}	latency_s	0.011402042000000279
2026-03-29T19:57:37+00:00	routing	turborepo	srt-warm	q33	{"beam_policy": "waterfill", "beam_width": 5, "max_depth": 3}	ndcg@10	0.0
2026-03-29T19:57:37+00:00	routing	turborepo	srt-warm	q33	{"beam_policy": "waterfill", "beam_width": 5, "max_depth": 3}	latency_s	0.010538332999999511
2026-03-29T19:57:37+00:00	routing	turborepo	srt-warm	q33	{"beam_policy": "uniform", "beam_width": 5, "max_depth": 5}	ndcg@10	0.9050593785497315
2026-03-29T19:57:37+00:00	routing	turborepo	srt-warm	q33	{"beam_policy": "uniform", "beam_width": 5, "max_depth": 5}	latency_s	0.022293958000002334
2026-03-29T19:57:37+00:00	routing	turborepo	srt-warm	q33	{"beam_policy": "waterfill", "beam_width": 5, "max_depth": 5}	ndcg@10	0.9050593785497315
2026-03-29T19:57:37+00:00	routing	turborepo	srt-warm	q33	{"beam_policy": "waterfill", "beam_width": 5, "max_depth": 5}	latency_s	0.011974375000001203
2026-03-29T19:57:37+00:00	routing	turborepo	srt-warm	q33	{"beam_policy": "uniform", "beam_width": 5, "max_depth": 7}	ndcg@10	0.9050593785497315
2026-03-29T19:57:37+00:00	routing	turborepo	srt-warm	q33	{"beam_policy": "uniform", "beam_width": 5, "max_depth": 7}	latency_s	0.025372334000000052
2026-03-29T19:57:37+00:00	routing	turborepo	srt-warm	q33	{"beam_policy": "waterfill", "beam_width": 5, "max_depth": 7}	ndcg@10	0.9050593785497315
2026-03-29T19:57:37+00:00	routing	turborepo	srt-warm	q33	{"beam_policy": "waterfill", "beam_width": 5, "max_depth": 7}	latency_s	0.011632915999999938
2026-03-29T19:57:37+00:00	routing	turborepo	srt-warm	q33	{"beam_policy": "uniform", "beam_width": 5, "max_depth": 10}	ndcg@10	0.9050593785497315
2026-03-29T19:57:37+00:00	routing	turborepo	srt-warm	q33	{"beam_policy": "uniform", "beam_width": 5, "max_depth": 10}	latency_s	0.025081207999999577
2026-03-29T19:57:37+00:00	routing	turborepo	srt-warm	q33	{"beam_policy": "waterfill", "beam_width": 5, "max_depth": 10}	ndcg@10	0.9050593785497315
2026-03-29T19:57:37+00:00	routing	turborepo	srt-warm	q33	{"beam_policy": "waterfill", "beam_width": 5, "max_depth": 10}	latency_s	0.011762499999999676
2026-03-29T19:57:37+00:00	routing	turborepo	srt-warm	q33	{"beam_policy": "uniform", "beam_width": 7, "max_depth": 3}	ndcg@10	0.0
2026-03-29T19:57:37+00:00	routing	turborepo	srt-warm	q33	{"beam_policy": "uniform", "beam_width": 7, "max_depth": 3}	latency_s	0.012691166999999837
2026-03-29T19:57:37+00:00	routing	turborepo	srt-warm	q33	{"beam_policy": "waterfill", "beam_width": 7, "max_depth": 3}	ndcg@10	0.0
2026-03-29T19:57:37+00:00	routing	turborepo	srt-warm	q33	{"beam_policy": "waterfill", "beam_width": 7, "max_depth": 3}	latency_s	0.011035792000001265
2026-03-29T19:57:37+00:00	routing	turborepo	srt-warm	q33	{"beam_policy": "uniform", "beam_width": 7, "max_depth": 5}	ndcg@10	0.9050593785497315
2026-03-29T19:57:37+00:00	routing	turborepo	srt-warm	q33	{"beam_policy": "uniform", "beam_width": 7, "max_depth": 5}	latency_s	0.03458045800000065
2026-03-29T19:57:37+00:00	routing	turborepo	srt-warm	q33	{"beam_policy": "waterfill", "beam_width": 7, "max_depth": 5}	ndcg@10	0.9050593785497315
2026-03-29T19:57:37+00:00	routing	turborepo	srt-warm	q33	{"beam_policy": "waterfill", "beam_width": 7, "max_depth": 5}	latency_s	0.02270545900000087
2026-03-29T19:57:37+00:00	routing	turborepo	srt-warm	q33	{"beam_policy": "uniform", "beam_width": 7, "max_depth": 7}	ndcg@10	0.9017429262562368
2026-03-29T19:57:37+00:00	routing	turborepo	srt-warm	q33	{"beam_policy": "uniform", "beam_width": 7, "max_depth": 7}	latency_s	0.05763304100000255
2026-03-29T19:57:37+00:00	routing	turborepo	srt-warm	q33	{"beam_policy": "waterfill", "beam_width": 7, "max_depth": 7}	ndcg@10	0.9050593785497315
2026-03-29T19:57:37+00:00	routing	turborepo	srt-warm	q33	{"beam_policy": "waterfill", "beam_width": 7, "max_depth": 7}	latency_s	0.025977791999999056
2026-03-29T19:57:37+00:00	routing	turborepo	srt-warm	q33	{"beam_policy": "uniform", "beam_width": 7, "max_depth": 10}	ndcg@10	0.9017429262562368
2026-03-29T19:57:37+00:00	routing	turborepo	srt-warm	q33	{"beam_policy": "uniform", "beam_width": 7, "max_depth": 10}	latency_s	0.0562290410000017
2026-03-29T19:57:37+00:00	routing	turborepo	srt-warm	q33	{"beam_policy": "waterfill", "beam_width": 7, "max_depth": 10}	ndcg@10	0.9050593785497315
2026-03-29T19:57:37+00:00	routing	turborepo	srt-warm	q33	{"beam_policy": "waterfill", "beam_width": 7, "max_depth": 10}	latency_s	0.02614112500000232
2026-03-29T19:57:37+00:00	routing	turborepo	srt-warm	q33	{"beam_policy": "uniform", "beam_width": 10, "max_depth": 3}	ndcg@10	0.0
2026-03-29T19:57:37+00:00	routing	turborepo	srt-warm	q33	{"beam_policy": "uniform", "beam_width": 10, "max_depth": 3}	latency_s	0.01999695800000012
2026-03-29T19:57:37+00:00	routing	turborepo	srt-warm	q33	{"beam_policy": "waterfill", "beam_width": 10, "max_depth": 3}	ndcg@10	0.0
2026-03-29T19:57:37+00:00	routing	turborepo	srt-warm	q33	{"beam_policy": "waterfill", "beam_width": 10, "max_depth": 3}	latency_s	0.013028999999999513
2026-03-29T19:57:38+00:00	routing	turborepo	srt-warm	q33	{"beam_policy": "uniform", "beam_width": 10, "max_depth": 5}	ndcg@10	0.9050593785497315
2026-03-29T19:57:38+00:00	routing	turborepo	srt-warm	q33	{"beam_policy": "uniform", "beam_width": 10, "max_depth": 5}	latency_s	0.05407595800000209
2026-03-29T19:57:38+00:00	routing	turborepo	srt-warm	q33	{"beam_policy": "waterfill", "beam_width": 10, "max_depth": 5}	ndcg@10	0.9050593785497315
2026-03-29T19:57:38+00:00	routing	turborepo	srt-warm	q33	{"beam_policy": "waterfill", "beam_width": 10, "max_depth": 5}	latency_s	0.03696787499999843
2026-03-29T19:57:38+00:00	routing	turborepo	srt-warm	q33	{"beam_policy": "uniform", "beam_width": 10, "max_depth": 7}	ndcg@10	0.9017429262562368
2026-03-29T19:57:38+00:00	routing	turborepo	srt-warm	q33	{"beam_policy": "uniform", "beam_width": 10, "max_depth": 7}	latency_s	0.0836522500000001
2026-03-29T19:57:38+00:00	routing	turborepo	srt-warm	q33	{"beam_policy": "waterfill", "beam_width": 10, "max_depth": 7}	ndcg@10	0.9017429262562368
2026-03-29T19:57:38+00:00	routing	turborepo	srt-warm	q33	{"beam_policy": "waterfill", "beam_width": 10, "max_depth": 7}	latency_s	0.057975708000000736
2026-03-29T19:57:38+00:00	routing	turborepo	srt-warm	q33	{"beam_policy": "uniform", "beam_width": 10, "max_depth": 10}	ndcg@10	0.9017429262562368
2026-03-29T19:57:38+00:00	routing	turborepo	srt-warm	q33	{"beam_policy": "uniform", "beam_width": 10, "max_depth": 10}	latency_s	0.08503516700000091
2026-03-29T19:57:38+00:00	routing	turborepo	srt-warm	q33	{"beam_policy": "waterfill", "beam_width": 10, "max_depth": 10}	ndcg@10	0.9017429262562368
2026-03-29T19:57:38+00:00	routing	turborepo	srt-warm	q33	{"beam_policy": "waterfill", "beam_width": 10, "max_depth": 10}	latency_s	0.05782287500000294
2026-03-29T19:57:38+00:00	routing	turborepo	srt-warm	q34	{"beam_policy": "uniform", "beam_width": 2, "max_depth": 3}	ndcg@10	0.0
2026-03-29T19:57:38+00:00	routing	turborepo	srt-warm	q34	{"beam_policy": "uniform", "beam_width": 2, "max_depth": 3}	latency_s	0.011171875000002274
2026-03-29T19:57:38+00:00	routing	turborepo	srt-warm	q34	{"beam_policy": "waterfill", "beam_width": 2, "max_depth": 3}	ndcg@10	0.0
2026-03-29T19:57:38+00:00	routing	turborepo	srt-warm	q34	{"beam_policy": "waterfill", "beam_width": 2, "max_depth": 3}	latency_s	0.009339791999998681
2026-03-29T19:57:38+00:00	routing	turborepo	srt-warm	q34	{"beam_policy": "uniform", "beam_width": 2, "max_depth": 5}	ndcg@10	0.0
2026-03-29T19:57:38+00:00	routing	turborepo	srt-warm	q34	{"beam_policy": "uniform", "beam_width": 2, "max_depth": 5}	latency_s	0.009064916999999895
2026-03-29T19:57:38+00:00	routing	turborepo	srt-warm	q34	{"beam_policy": "waterfill", "beam_width": 2, "max_depth": 5}	ndcg@10	0.0
2026-03-29T19:57:38+00:00	routing	turborepo	srt-warm	q34	{"beam_policy": "waterfill", "beam_width": 2, "max_depth": 5}	latency_s	0.008737417000002523
2026-03-29T19:57:38+00:00	routing	turborepo	srt-warm	q34	{"beam_policy": "uniform", "beam_width": 2, "max_depth": 7}	ndcg@10	0.0
2026-03-29T19:57:38+00:00	routing	turborepo	srt-warm	q34	{"beam_policy": "uniform", "beam_width": 2, "max_depth": 7}	latency_s	0.009242665999998678
2026-03-29T19:57:38+00:00	routing	turborepo	srt-warm	q34	{"beam_policy": "waterfill", "beam_width": 2, "max_depth": 7}	ndcg@10	0.0
2026-03-29T19:57:38+00:00	routing	turborepo	srt-warm	q34	{"beam_policy": "waterfill", "beam_width": 2, "max_depth": 7}	latency_s	0.009151082999999005
2026-03-29T19:57:38+00:00	routing	turborepo	srt-warm	q34	{"beam_policy": "uniform", "beam_width": 2, "max_depth": 10}	ndcg@10	0.0
2026-03-29T19:57:38+00:00	routing	turborepo	srt-warm	q34	{"beam_policy": "uniform", "beam_width": 2, "max_depth": 10}	latency_s	0.010039083999998866
2026-03-29T19:57:38+00:00	routing	turborepo	srt-warm	q34	{"beam_policy": "waterfill", "beam_width": 2, "max_depth": 10}	ndcg@10	0.0
2026-03-29T19:57:38+00:00	routing	turborepo	srt-warm	q34	{"beam_policy": "waterfill", "beam_width": 2, "max_depth": 10}	latency_s	0.008338250000001324
2026-03-29T19:57:38+00:00	routing	turborepo	srt-warm	q34	{"beam_policy": "uniform", "beam_width": 3, "max_depth": 3}	ndcg@10	0.0
2026-03-29T19:57:38+00:00	routing	turborepo	srt-warm	q34	{"beam_policy": "uniform", "beam_width": 3, "max_depth": 3}	latency_s	0.009762040999998334
2026-03-29T19:57:38+00:00	routing	turborepo	srt-warm	q34	{"beam_policy": "waterfill", "beam_width": 3, "max_depth": 3}	ndcg@10	0.0
2026-03-29T19:57:38+00:00	routing	turborepo	srt-warm	q34	{"beam_policy": "waterfill", "beam_width": 3, "max_depth": 3}	latency_s	0.007995000000001085
2026-03-29T19:57:38+00:00	routing	turborepo	srt-warm	q34	{"beam_policy": "uniform", "beam_width": 3, "max_depth": 5}	ndcg@10	0.8609101556836468
2026-03-29T19:57:38+00:00	routing	turborepo	srt-warm	q34	{"beam_policy": "uniform", "beam_width": 3, "max_depth": 5}	latency_s	0.012447042000001574
2026-03-29T19:57:38+00:00	routing	turborepo	srt-warm	q34	{"beam_policy": "waterfill", "beam_width": 3, "max_depth": 5}	ndcg@10	0.0
2026-03-29T19:57:38+00:00	routing	turborepo	srt-warm	q34	{"beam_policy": "waterfill", "beam_width": 3, "max_depth": 5}	latency_s	0.010268750000001603
2026-03-29T19:57:38+00:00	routing	turborepo	srt-warm	q34	{"beam_policy": "uniform", "beam_width": 3, "max_depth": 7}	ndcg@10	0.8609101556836468
2026-03-29T19:57:38+00:00	routing	turborepo	srt-warm	q34	{"beam_policy": "uniform", "beam_width": 3, "max_depth": 7}	latency_s	0.012550084000000794
2026-03-29T19:57:38+00:00	routing	turborepo	srt-warm	q34	{"beam_policy": "waterfill", "beam_width": 3, "max_depth": 7}	ndcg@10	0.0
2026-03-29T19:57:38+00:00	routing	turborepo	srt-warm	q34	{"beam_policy": "waterfill", "beam_width": 3, "max_depth": 7}	latency_s	0.010395792000000625
2026-03-29T19:57:38+00:00	routing	turborepo	srt-warm	q34	{"beam_policy": "uniform", "beam_width": 3, "max_depth": 10}	ndcg@10	0.8609101556836468
2026-03-29T19:57:38+00:00	routing	turborepo	srt-warm	q34	{"beam_policy": "uniform", "beam_width": 3, "max_depth": 10}	latency_s	0.012610875000000021
2026-03-29T19:57:38+00:00	routing	turborepo	srt-warm	q34	{"beam_policy": "waterfill", "beam_width": 3, "max_depth": 10}	ndcg@10	0.0
2026-03-29T19:57:38+00:00	routing	turborepo	srt-warm	q34	{"beam_policy": "waterfill", "beam_width": 3, "max_depth": 10}	latency_s	0.009059500000002885
2026-03-29T19:57:38+00:00	routing	turborepo	srt-warm	q34	{"beam_policy": "uniform", "beam_width": 5, "max_depth": 3}	ndcg@10	0.0
2026-03-29T19:57:38+00:00	routing	turborepo	srt-warm	q34	{"beam_policy": "uniform", "beam_width": 5, "max_depth": 3}	latency_s	0.010423541000001535
2026-03-29T19:57:38+00:00	routing	turborepo	srt-warm	q34	{"beam_policy": "waterfill", "beam_width": 5, "max_depth": 3}	ndcg@10	0.0
2026-03-29T19:57:38+00:00	routing	turborepo	srt-warm	q34	{"beam_policy": "waterfill", "beam_width": 5, "max_depth": 3}	latency_s	0.008945540999999224
2026-03-29T19:57:38+00:00	routing	turborepo	srt-warm	q34	{"beam_policy": "uniform", "beam_width": 5, "max_depth": 5}	ndcg@10	0.8609101556836468
2026-03-29T19:57:38+00:00	routing	turborepo	srt-warm	q34	{"beam_policy": "uniform", "beam_width": 5, "max_depth": 5}	latency_s	0.021107332999999784
2026-03-29T19:57:38+00:00	routing	turborepo	srt-warm	q34	{"beam_policy": "waterfill", "beam_width": 5, "max_depth": 5}	ndcg@10	0.8609101556836468
2026-03-29T19:57:38+00:00	routing	turborepo	srt-warm	q34	{"beam_policy": "waterfill", "beam_width": 5, "max_depth": 5}	latency_s	0.013341375000003097
2026-03-29T19:57:38+00:00	routing	turborepo	srt-warm	q34	{"beam_policy": "uniform", "beam_width": 5, "max_depth": 7}	ndcg@10	0.8609101556836468
2026-03-29T19:57:38+00:00	routing	turborepo	srt-warm	q34	{"beam_policy": "uniform", "beam_width": 5, "max_depth": 7}	latency_s	0.02883120799999972
2026-03-29T19:57:38+00:00	routing	turborepo	srt-warm	q34	{"beam_policy": "waterfill", "beam_width": 5, "max_depth": 7}	ndcg@10	0.8609101556836468
2026-03-29T19:57:38+00:00	routing	turborepo	srt-warm	q34	{"beam_policy": "waterfill", "beam_width": 5, "max_depth": 7}	latency_s	0.0129759579999984
2026-03-29T19:57:38+00:00	routing	turborepo	srt-warm	q34	{"beam_policy": "uniform", "beam_width": 5, "max_depth": 10}	ndcg@10	0.8609101556836468
2026-03-29T19:57:38+00:00	routing	turborepo	srt-warm	q34	{"beam_policy": "uniform", "beam_width": 5, "max_depth": 10}	latency_s	0.030658040999998803
2026-03-29T19:57:38+00:00	routing	turborepo	srt-warm	q34	{"beam_policy": "waterfill", "beam_width": 5, "max_depth": 10}	ndcg@10	0.8609101556836468
2026-03-29T19:57:38+00:00	routing	turborepo	srt-warm	q34	{"beam_policy": "waterfill", "beam_width": 5, "max_depth": 10}	latency_s	0.01264262499999802
2026-03-29T19:57:38+00:00	routing	turborepo	srt-warm	q34	{"beam_policy": "uniform", "beam_width": 7, "max_depth": 3}	ndcg@10	0.0
2026-03-29T19:57:38+00:00	routing	turborepo	srt-warm	q34	{"beam_policy": "uniform", "beam_width": 7, "max_depth": 3}	latency_s	0.01821570899999969
2026-03-29T19:57:38+00:00	routing	turborepo	srt-warm	q34	{"beam_policy": "waterfill", "beam_width": 7, "max_depth": 3}	ndcg@10	0.0
2026-03-29T19:57:38+00:00	routing	turborepo	srt-warm	q34	{"beam_policy": "waterfill", "beam_width": 7, "max_depth": 3}	latency_s	0.009999207999999982
2026-03-29T19:57:38+00:00	routing	turborepo	srt-warm	q34	{"beam_policy": "uniform", "beam_width": 7, "max_depth": 5}	ndcg@10	0.8609101556836468
2026-03-29T19:57:38+00:00	routing	turborepo	srt-warm	q34	{"beam_policy": "uniform", "beam_width": 7, "max_depth": 5}	latency_s	0.04236962500000274
2026-03-29T19:57:38+00:00	routing	turborepo	srt-warm	q34	{"beam_policy": "waterfill", "beam_width": 7, "max_depth": 5}	ndcg@10	0.8609101556836468
2026-03-29T19:57:38+00:00	routing	turborepo	srt-warm	q34	{"beam_policy": "waterfill", "beam_width": 7, "max_depth": 5}	latency_s	0.02220995800000125
2026-03-29T19:57:38+00:00	routing	turborepo	srt-warm	q34	{"beam_policy": "uniform", "beam_width": 7, "max_depth": 7}	ndcg@10	0.8609101556836468
2026-03-29T19:57:38+00:00	routing	turborepo	srt-warm	q34	{"beam_policy": "uniform", "beam_width": 7, "max_depth": 7}	latency_s	0.05374879200000038
2026-03-29T19:57:38+00:00	routing	turborepo	srt-warm	q34	{"beam_policy": "waterfill", "beam_width": 7, "max_depth": 7}	ndcg@10	0.8609101556836468
2026-03-29T19:57:38+00:00	routing	turborepo	srt-warm	q34	{"beam_policy": "waterfill", "beam_width": 7, "max_depth": 7}	latency_s	0.029198292000000237
2026-03-29T19:57:39+00:00	routing	turborepo	srt-warm	q34	{"beam_policy": "uniform", "beam_width": 7, "max_depth": 10}	ndcg@10	0.8609101556836468
2026-03-29T19:57:39+00:00	routing	turborepo	srt-warm	q34	{"beam_policy": "uniform", "beam_width": 7, "max_depth": 10}	latency_s	0.05544375000000201
2026-03-29T19:57:39+00:00	routing	turborepo	srt-warm	q34	{"beam_policy": "waterfill", "beam_width": 7, "max_depth": 10}	ndcg@10	0.8609101556836468
2026-03-29T19:57:39+00:00	routing	turborepo	srt-warm	q34	{"beam_policy": "waterfill", "beam_width": 7, "max_depth": 10}	latency_s	0.031056625000001503
2026-03-29T19:57:39+00:00	routing	turborepo	srt-warm	q34	{"beam_policy": "uniform", "beam_width": 10, "max_depth": 3}	ndcg@10	0.0
2026-03-29T19:57:39+00:00	routing	turborepo	srt-warm	q34	{"beam_policy": "uniform", "beam_width": 10, "max_depth": 3}	latency_s	0.02016079199999865
2026-03-29T19:57:39+00:00	routing	turborepo	srt-warm	q34	{"beam_policy": "waterfill", "beam_width": 10, "max_depth": 3}	ndcg@10	0.0
2026-03-29T19:57:39+00:00	routing	turborepo	srt-warm	q34	{"beam_policy": "waterfill", "beam_width": 10, "max_depth": 3}	latency_s	0.017783874999999227
2026-03-29T19:57:39+00:00	routing	turborepo	srt-warm	q34	{"beam_policy": "uniform", "beam_width": 10, "max_depth": 5}	ndcg@10	0.8609101556836468
2026-03-29T19:57:39+00:00	routing	turborepo	srt-warm	q34	{"beam_policy": "uniform", "beam_width": 10, "max_depth": 5}	latency_s	0.05115791699999761
2026-03-29T19:57:39+00:00	routing	turborepo	srt-warm	q34	{"beam_policy": "waterfill", "beam_width": 10, "max_depth": 5}	ndcg@10	0.8609101556836468
2026-03-29T19:57:39+00:00	routing	turborepo	srt-warm	q34	{"beam_policy": "waterfill", "beam_width": 10, "max_depth": 5}	latency_s	0.044100457999999065
2026-03-29T19:57:39+00:00	routing	turborepo	srt-warm	q34	{"beam_policy": "uniform", "beam_width": 10, "max_depth": 7}	ndcg@10	0.8609101556836468
2026-03-29T19:57:39+00:00	routing	turborepo	srt-warm	q34	{"beam_policy": "uniform", "beam_width": 10, "max_depth": 7}	latency_s	0.06354749999999854
2026-03-29T19:57:39+00:00	routing	turborepo	srt-warm	q34	{"beam_policy": "waterfill", "beam_width": 10, "max_depth": 7}	ndcg@10	0.8609101556836468
2026-03-29T19:57:39+00:00	routing	turborepo	srt-warm	q34	{"beam_policy": "waterfill", "beam_width": 10, "max_depth": 7}	latency_s	0.05441258300000129
2026-03-29T19:57:39+00:00	routing	turborepo	srt-warm	q34	{"beam_policy": "uniform", "beam_width": 10, "max_depth": 10}	ndcg@10	0.8609101556836468
2026-03-29T19:57:39+00:00	routing	turborepo	srt-warm	q34	{"beam_policy": "uniform", "beam_width": 10, "max_depth": 10}	latency_s	0.06808258400000256
2026-03-29T19:57:39+00:00	routing	turborepo	srt-warm	q34	{"beam_policy": "waterfill", "beam_width": 10, "max_depth": 10}	ndcg@10	0.8609101556836468
2026-03-29T19:57:39+00:00	routing	turborepo	srt-warm	q34	{"beam_policy": "waterfill", "beam_width": 10, "max_depth": 10}	latency_s	0.05598483299999657
2026-03-29T19:57:39+00:00	routing	turborepo	srt-warm	q35	{"beam_policy": "uniform", "beam_width": 2, "max_depth": 3}	ndcg@10	0.0
2026-03-29T19:57:39+00:00	routing	turborepo	srt-warm	q35	{"beam_policy": "uniform", "beam_width": 2, "max_depth": 3}	latency_s	0.008870749999999816
2026-03-29T19:57:39+00:00	routing	turborepo	srt-warm	q35	{"beam_policy": "waterfill", "beam_width": 2, "max_depth": 3}	ndcg@10	0.0
2026-03-29T19:57:39+00:00	routing	turborepo	srt-warm	q35	{"beam_policy": "waterfill", "beam_width": 2, "max_depth": 3}	latency_s	0.008722833000000207
2026-03-29T19:57:39+00:00	routing	turborepo	srt-warm	q35	{"beam_policy": "uniform", "beam_width": 2, "max_depth": 5}	ndcg@10	0.5165330053286319
2026-03-29T19:57:39+00:00	routing	turborepo	srt-warm	q35	{"beam_policy": "uniform", "beam_width": 2, "max_depth": 5}	latency_s	0.011334917000002775
2026-03-29T19:57:39+00:00	routing	turborepo	srt-warm	q35	{"beam_policy": "waterfill", "beam_width": 2, "max_depth": 5}	ndcg@10	0.4645389367999016
2026-03-29T19:57:39+00:00	routing	turborepo	srt-warm	q35	{"beam_policy": "waterfill", "beam_width": 2, "max_depth": 5}	latency_s	0.009880875000000344
2026-03-29T19:57:39+00:00	routing	turborepo	srt-warm	q35	{"beam_policy": "uniform", "beam_width": 2, "max_depth": 7}	ndcg@10	0.5165330053286319
2026-03-29T19:57:39+00:00	routing	turborepo	srt-warm	q35	{"beam_policy": "uniform", "beam_width": 2, "max_depth": 7}	latency_s	0.009847374999999658
2026-03-29T19:57:39+00:00	routing	turborepo	srt-warm	q35	{"beam_policy": "waterfill", "beam_width": 2, "max_depth": 7}	ndcg@10	0.4645389367999016
2026-03-29T19:57:39+00:00	routing	turborepo	srt-warm	q35	{"beam_policy": "waterfill", "beam_width": 2, "max_depth": 7}	latency_s	0.009661958999998888
2026-03-29T19:57:39+00:00	routing	turborepo	srt-warm	q35	{"beam_policy": "uniform", "beam_width": 2, "max_depth": 10}	ndcg@10	0.5165330053286319
2026-03-29T19:57:39+00:00	routing	turborepo	srt-warm	q35	{"beam_policy": "uniform", "beam_width": 2, "max_depth": 10}	latency_s	0.010800541999998359
2026-03-29T19:57:39+00:00	routing	turborepo	srt-warm	q35	{"beam_policy": "waterfill", "beam_width": 2, "max_depth": 10}	ndcg@10	0.4645389367999016
2026-03-29T19:57:39+00:00	routing	turborepo	srt-warm	q35	{"beam_policy": "waterfill", "beam_width": 2, "max_depth": 10}	latency_s	0.009295417000000583
2026-03-29T19:57:39+00:00	routing	turborepo	srt-warm	q35	{"beam_policy": "uniform", "beam_width": 3, "max_depth": 3}	ndcg@10	0.0
2026-03-29T19:57:39+00:00	routing	turborepo	srt-warm	q35	{"beam_policy": "uniform", "beam_width": 3, "max_depth": 3}	latency_s	0.011342167000002235
2026-03-29T19:57:39+00:00	routing	turborepo	srt-warm	q35	{"beam_policy": "waterfill", "beam_width": 3, "max_depth": 3}	ndcg@10	0.0
2026-03-29T19:57:39+00:00	routing	turborepo	srt-warm	q35	{"beam_policy": "waterfill", "beam_width": 3, "max_depth": 3}	latency_s	0.008162124999998355
2026-03-29T19:57:39+00:00	routing	turborepo	srt-warm	q35	{"beam_policy": "uniform", "beam_width": 3, "max_depth": 5}	ndcg@10	0.457501902267035
2026-03-29T19:57:39+00:00	routing	turborepo	srt-warm	q35	{"beam_policy": "uniform", "beam_width": 3, "max_depth": 5}	latency_s	0.013263334000001237
2026-03-29T19:57:39+00:00	routing	turborepo	srt-warm	q35	{"beam_policy": "waterfill", "beam_width": 3, "max_depth": 5}	ndcg@10	0.5165330053286319
2026-03-29T19:57:39+00:00	routing	turborepo	srt-warm	q35	{"beam_policy": "waterfill", "beam_width": 3, "max_depth": 5}	latency_s	0.0101427919999999
2026-03-29T19:57:39+00:00	routing	turborepo	srt-warm	q35	{"beam_policy": "uniform", "beam_width": 3, "max_depth": 7}	ndcg@10	0.457501902267035
2026-03-29T19:57:39+00:00	routing	turborepo	srt-warm	q35	{"beam_policy": "uniform", "beam_width": 3, "max_depth": 7}	latency_s	0.017121499999998235
2026-03-29T19:57:39+00:00	routing	turborepo	srt-warm	q35	{"beam_policy": "waterfill", "beam_width": 3, "max_depth": 7}	ndcg@10	0.5165330053286319
2026-03-29T19:57:39+00:00	routing	turborepo	srt-warm	q35	{"beam_policy": "waterfill", "beam_width": 3, "max_depth": 7}	latency_s	0.010106249999999761
2026-03-29T19:57:39+00:00	routing	turborepo	srt-warm	q35	{"beam_policy": "uniform", "beam_width": 3, "max_depth": 10}	ndcg@10	0.457501902267035
2026-03-29T19:57:39+00:00	routing	turborepo	srt-warm	q35	{"beam_policy": "uniform", "beam_width": 3, "max_depth": 10}	latency_s	0.017955042000000532
2026-03-29T19:57:39+00:00	routing	turborepo	srt-warm	q35	{"beam_policy": "waterfill", "beam_width": 3, "max_depth": 10}	ndcg@10	0.5165330053286319
2026-03-29T19:57:39+00:00	routing	turborepo	srt-warm	q35	{"beam_policy": "waterfill", "beam_width": 3, "max_depth": 10}	latency_s	0.010869583999998156
2026-03-29T19:57:39+00:00	routing	turborepo	srt-warm	q35	{"beam_policy": "uniform", "beam_width": 5, "max_depth": 3}	ndcg@10	0.0
2026-03-29T19:57:39+00:00	routing	turborepo	srt-warm	q35	{"beam_policy": "uniform", "beam_width": 5, "max_depth": 3}	latency_s	0.011516624999998726
2026-03-29T19:57:39+00:00	routing	turborepo	srt-warm	q35	{"beam_policy": "waterfill", "beam_width": 5, "max_depth": 3}	ndcg@10	0.0
2026-03-29T19:57:39+00:00	routing	turborepo	srt-warm	q35	{"beam_policy": "waterfill", "beam_width": 5, "max_depth": 3}	latency_s	0.01026275000000254
2026-03-29T19:57:39+00:00	routing	turborepo	srt-warm	q35	{"beam_policy": "uniform", "beam_width": 5, "max_depth": 5}	ndcg@10	0.457501902267035
2026-03-29T19:57:39+00:00	routing	turborepo	srt-warm	q35	{"beam_policy": "uniform", "beam_width": 5, "max_depth": 5}	latency_s	0.02326825000000099
2026-03-29T19:57:39+00:00	routing	turborepo	srt-warm	q35	{"beam_policy": "waterfill", "beam_width": 5, "max_depth": 5}	ndcg@10	0.457501902267035
2026-03-29T19:57:39+00:00	routing	turborepo	srt-warm	q35	{"beam_policy": "waterfill", "beam_width": 5, "max_depth": 5}	latency_s	0.014514833999999865
2026-03-29T19:57:39+00:00	routing	turborepo	srt-warm	q35	{"beam_policy": "uniform", "beam_width": 5, "max_depth": 7}	ndcg@10	0.45500870155926904
2026-03-29T19:57:39+00:00	routing	turborepo	srt-warm	q35	{"beam_policy": "uniform", "beam_width": 5, "max_depth": 7}	latency_s	0.026964542000001757
2026-03-29T19:57:39+00:00	routing	turborepo	srt-warm	q35	{"beam_policy": "waterfill", "beam_width": 5, "max_depth": 7}	ndcg@10	0.45500870155926904
2026-03-29T19:57:39+00:00	routing	turborepo	srt-warm	q35	{"beam_policy": "waterfill", "beam_width": 5, "max_depth": 7}	latency_s	0.019225999999999743
2026-03-29T19:57:39+00:00	routing	turborepo	srt-warm	q35	{"beam_policy": "uniform", "beam_width": 5, "max_depth": 10}	ndcg@10	0.45500870155926904
2026-03-29T19:57:39+00:00	routing	turborepo	srt-warm	q35	{"beam_policy": "uniform", "beam_width": 5, "max_depth": 10}	latency_s	0.027427875000000768
2026-03-29T19:57:39+00:00	routing	turborepo	srt-warm	q35	{"beam_policy": "waterfill", "beam_width": 5, "max_depth": 10}	ndcg@10	0.45500870155926904
2026-03-29T19:57:39+00:00	routing	turborepo	srt-warm	q35	{"beam_policy": "waterfill", "beam_width": 5, "max_depth": 10}	latency_s	0.01882704099999799
2026-03-29T19:57:39+00:00	routing	turborepo	srt-warm	q35	{"beam_policy": "uniform", "beam_width": 7, "max_depth": 3}	ndcg@10	0.0
2026-03-29T19:57:39+00:00	routing	turborepo	srt-warm	q35	{"beam_policy": "uniform", "beam_width": 7, "max_depth": 3}	latency_s	0.014066916999997403
2026-03-29T19:57:39+00:00	routing	turborepo	srt-warm	q35	{"beam_policy": "waterfill", "beam_width": 7, "max_depth": 3}	ndcg@10	0.0
2026-03-29T19:57:39+00:00	routing	turborepo	srt-warm	q35	{"beam_policy": "waterfill", "beam_width": 7, "max_depth": 3}	latency_s	0.012305291000000551
2026-03-29T19:57:39+00:00	routing	turborepo	srt-warm	q35	{"beam_policy": "uniform", "beam_width": 7, "max_depth": 5}	ndcg@10	0.457501902267035
2026-03-29T19:57:39+00:00	routing	turborepo	srt-warm	q35	{"beam_policy": "uniform", "beam_width": 7, "max_depth": 5}	latency_s	0.033609332999997577
2026-03-29T19:57:40+00:00	routing	turborepo	srt-warm	q35	{"beam_policy": "waterfill", "beam_width": 7, "max_depth": 5}	ndcg@10	0.457501902267035
2026-03-29T19:57:40+00:00	routing	turborepo	srt-warm	q35	{"beam_policy": "waterfill", "beam_width": 7, "max_depth": 5}	latency_s	0.022544083999999742
2026-03-29T19:57:40+00:00	routing	turborepo	srt-warm	q35	{"beam_policy": "uniform", "beam_width": 7, "max_depth": 7}	ndcg@10	0.45500870155926904
2026-03-29T19:57:40+00:00	routing	turborepo	srt-warm	q35	{"beam_policy": "uniform", "beam_width": 7, "max_depth": 7}	latency_s	0.05007779199999973
2026-03-29T19:57:40+00:00	routing	turborepo	srt-warm	q35	{"beam_policy": "waterfill", "beam_width": 7, "max_depth": 7}	ndcg@10	0.45500870155926904
2026-03-29T19:57:40+00:00	routing	turborepo	srt-warm	q35	{"beam_policy": "waterfill", "beam_width": 7, "max_depth": 7}	latency_s	0.02877062499999994
2026-03-29T19:57:40+00:00	routing	turborepo	srt-warm	q35	{"beam_policy": "uniform", "beam_width": 7, "max_depth": 10}	ndcg@10	0.45500870155926904
2026-03-29T19:57:40+00:00	routing	turborepo	srt-warm	q35	{"beam_policy": "uniform", "beam_width": 7, "max_depth": 10}	latency_s	0.049906458000002374
2026-03-29T19:57:40+00:00	routing	turborepo	srt-warm	q35	{"beam_policy": "waterfill", "beam_width": 7, "max_depth": 10}	ndcg@10	0.45500870155926904
2026-03-29T19:57:40+00:00	routing	turborepo	srt-warm	q35	{"beam_policy": "waterfill", "beam_width": 7, "max_depth": 10}	latency_s	0.027793458999997966
2026-03-29T19:57:40+00:00	routing	turborepo	srt-warm	q35	{"beam_policy": "uniform", "beam_width": 10, "max_depth": 3}	ndcg@10	0.0
2026-03-29T19:57:40+00:00	routing	turborepo	srt-warm	q35	{"beam_policy": "uniform", "beam_width": 10, "max_depth": 3}	latency_s	0.020302124999997062
2026-03-29T19:57:40+00:00	routing	turborepo	srt-warm	q35	{"beam_policy": "waterfill", "beam_width": 10, "max_depth": 3}	ndcg@10	0.0
2026-03-29T19:57:40+00:00	routing	turborepo	srt-warm	q35	{"beam_policy": "waterfill", "beam_width": 10, "max_depth": 3}	latency_s	0.013600457999999094
2026-03-29T19:57:40+00:00	routing	turborepo	srt-warm	q35	{"beam_policy": "uniform", "beam_width": 10, "max_depth": 5}	ndcg@10	0.457501902267035
2026-03-29T19:57:40+00:00	routing	turborepo	srt-warm	q35	{"beam_policy": "uniform", "beam_width": 10, "max_depth": 5}	latency_s	0.05429416700000189
2026-03-29T19:57:40+00:00	routing	turborepo	srt-warm	q35	{"beam_policy": "waterfill", "beam_width": 10, "max_depth": 5}	ndcg@10	0.457501902267035
2026-03-29T19:57:40+00:00	routing	turborepo	srt-warm	q35	{"beam_policy": "waterfill", "beam_width": 10, "max_depth": 5}	latency_s	0.033065499999999304
2026-03-29T19:57:40+00:00	routing	turborepo	srt-warm	q35	{"beam_policy": "uniform", "beam_width": 10, "max_depth": 7}	ndcg@10	0.45500870155926904
2026-03-29T19:57:40+00:00	routing	turborepo	srt-warm	q35	{"beam_policy": "uniform", "beam_width": 10, "max_depth": 7}	latency_s	0.08193854199999961
2026-03-29T19:57:40+00:00	routing	turborepo	srt-warm	q35	{"beam_policy": "waterfill", "beam_width": 10, "max_depth": 7}	ndcg@10	0.45500870155926904
2026-03-29T19:57:40+00:00	routing	turborepo	srt-warm	q35	{"beam_policy": "waterfill", "beam_width": 10, "max_depth": 7}	latency_s	0.05496066599999949
2026-03-29T19:57:40+00:00	routing	turborepo	srt-warm	q35	{"beam_policy": "uniform", "beam_width": 10, "max_depth": 10}	ndcg@10	0.45500870155926904
2026-03-29T19:57:40+00:00	routing	turborepo	srt-warm	q35	{"beam_policy": "uniform", "beam_width": 10, "max_depth": 10}	latency_s	0.08244329200000067
2026-03-29T19:57:40+00:00	routing	turborepo	srt-warm	q35	{"beam_policy": "waterfill", "beam_width": 10, "max_depth": 10}	ndcg@10	0.45500870155926904
2026-03-29T19:57:40+00:00	routing	turborepo	srt-warm	q35	{"beam_policy": "waterfill", "beam_width": 10, "max_depth": 10}	latency_s	0.05249449999999811
2026-03-29T19:57:40+00:00	routing	turborepo	srt-warm	q36	{"beam_policy": "uniform", "beam_width": 2, "max_depth": 3}	ndcg@10	0.0
2026-03-29T19:57:40+00:00	routing	turborepo	srt-warm	q36	{"beam_policy": "uniform", "beam_width": 2, "max_depth": 3}	latency_s	0.007911333000002685
2026-03-29T19:57:40+00:00	routing	turborepo	srt-warm	q36	{"beam_policy": "waterfill", "beam_width": 2, "max_depth": 3}	ndcg@10	0.0
2026-03-29T19:57:40+00:00	routing	turborepo	srt-warm	q36	{"beam_policy": "waterfill", "beam_width": 2, "max_depth": 3}	latency_s	0.0076235000000011155
2026-03-29T19:57:40+00:00	routing	turborepo	srt-warm	q36	{"beam_policy": "uniform", "beam_width": 2, "max_depth": 5}	ndcg@10	0.23980173319115133
2026-03-29T19:57:40+00:00	routing	turborepo	srt-warm	q36	{"beam_policy": "uniform", "beam_width": 2, "max_depth": 5}	latency_s	0.008256417000001903
2026-03-29T19:57:40+00:00	routing	turborepo	srt-warm	q36	{"beam_policy": "waterfill", "beam_width": 2, "max_depth": 5}	ndcg@10	0.23980173319115133
2026-03-29T19:57:40+00:00	routing	turborepo	srt-warm	q36	{"beam_policy": "waterfill", "beam_width": 2, "max_depth": 5}	latency_s	0.0078896670000006
2026-03-29T19:57:40+00:00	routing	turborepo	srt-warm	q36	{"beam_policy": "uniform", "beam_width": 2, "max_depth": 7}	ndcg@10	0.23980173319115133
2026-03-29T19:57:40+00:00	routing	turborepo	srt-warm	q36	{"beam_policy": "uniform", "beam_width": 2, "max_depth": 7}	latency_s	0.008428999999999576
2026-03-29T19:57:40+00:00	routing	turborepo	srt-warm	q36	{"beam_policy": "waterfill", "beam_width": 2, "max_depth": 7}	ndcg@10	0.23980173319115133
2026-03-29T19:57:40+00:00	routing	turborepo	srt-warm	q36	{"beam_policy": "waterfill", "beam_width": 2, "max_depth": 7}	latency_s	0.00887270800000195
2026-03-29T19:57:40+00:00	routing	turborepo	srt-warm	q36	{"beam_policy": "uniform", "beam_width": 2, "max_depth": 10}	ndcg@10	0.23980173319115133
2026-03-29T19:57:40+00:00	routing	turborepo	srt-warm	q36	{"beam_policy": "uniform", "beam_width": 2, "max_depth": 10}	latency_s	0.008179291999997673
2026-03-29T19:57:40+00:00	routing	turborepo	srt-warm	q36	{"beam_policy": "waterfill", "beam_width": 2, "max_depth": 10}	ndcg@10	0.23980173319115133
2026-03-29T19:57:40+00:00	routing	turborepo	srt-warm	q36	{"beam_policy": "waterfill", "beam_width": 2, "max_depth": 10}	latency_s	0.00806862499999994
2026-03-29T19:57:40+00:00	routing	turborepo	srt-warm	q36	{"beam_policy": "uniform", "beam_width": 3, "max_depth": 3}	ndcg@10	0.0
2026-03-29T19:57:40+00:00	routing	turborepo	srt-warm	q36	{"beam_policy": "uniform", "beam_width": 3, "max_depth": 3}	latency_s	0.007843125000000839
2026-03-29T19:57:40+00:00	routing	turborepo	srt-warm	q36	{"beam_policy": "waterfill", "beam_width": 3, "max_depth": 3}	ndcg@10	0.0
2026-03-29T19:57:40+00:00	routing	turborepo	srt-warm	q36	{"beam_policy": "waterfill", "beam_width": 3, "max_depth": 3}	latency_s	0.007988125000000679
2026-03-29T19:57:40+00:00	routing	turborepo	srt-warm	q36	{"beam_policy": "uniform", "beam_width": 3, "max_depth": 5}	ndcg@10	0.4339268995175302
2026-03-29T19:57:40+00:00	routing	turborepo	srt-warm	q36	{"beam_policy": "uniform", "beam_width": 3, "max_depth": 5}	latency_s	0.009459374999998715
2026-03-29T19:57:40+00:00	routing	turborepo	srt-warm	q36	{"beam_policy": "waterfill", "beam_width": 3, "max_depth": 5}	ndcg@10	0.23980173319115133
2026-03-29T19:57:40+00:00	routing	turborepo	srt-warm	q36	{"beam_policy": "waterfill", "beam_width": 3, "max_depth": 5}	latency_s	0.00851929099999893
2026-03-29T19:57:40+00:00	routing	turborepo	srt-warm	q36	{"beam_policy": "uniform", "beam_width": 3, "max_depth": 7}	ndcg@10	0.4339268995175302
2026-03-29T19:57:40+00:00	routing	turborepo	srt-warm	q36	{"beam_policy": "uniform", "beam_width": 3, "max_depth": 7}	latency_s	0.009472332999997946
2026-03-29T19:57:40+00:00	routing	turborepo	srt-warm	q36	{"beam_policy": "waterfill", "beam_width": 3, "max_depth": 7}	ndcg@10	0.23980173319115133
2026-03-29T19:57:40+00:00	routing	turborepo	srt-warm	q36	{"beam_policy": "waterfill", "beam_width": 3, "max_depth": 7}	latency_s	0.008336415999998792
2026-03-29T19:57:40+00:00	routing	turborepo	srt-warm	q36	{"beam_policy": "uniform", "beam_width": 3, "max_depth": 10}	ndcg@10	0.4339268995175302
2026-03-29T19:57:40+00:00	routing	turborepo	srt-warm	q36	{"beam_policy": "uniform", "beam_width": 3, "max_depth": 10}	latency_s	0.009476124999999058
2026-03-29T19:57:40+00:00	routing	turborepo	srt-warm	q36	{"beam_policy": "waterfill", "beam_width": 3, "max_depth": 10}	ndcg@10	0.23980173319115133
2026-03-29T19:57:40+00:00	routing	turborepo	srt-warm	q36	{"beam_policy": "waterfill", "beam_width": 3, "max_depth": 10}	latency_s	0.008357249999999539
2026-03-29T19:57:40+00:00	routing	turborepo	srt-warm	q36	{"beam_policy": "uniform", "beam_width": 5, "max_depth": 3}	ndcg@10	0.0
2026-03-29T19:57:40+00:00	routing	turborepo	srt-warm	q36	{"beam_policy": "uniform", "beam_width": 5, "max_depth": 3}	latency_s	0.010143500000001637
2026-03-29T19:57:40+00:00	routing	turborepo	srt-warm	q36	{"beam_policy": "waterfill", "beam_width": 5, "max_depth": 3}	ndcg@10	0.0
2026-03-29T19:57:40+00:00	routing	turborepo	srt-warm	q36	{"beam_policy": "waterfill", "beam_width": 5, "max_depth": 3}	latency_s	0.008973875000002351
2026-03-29T19:57:40+00:00	routing	turborepo	srt-warm	q36	{"beam_policy": "uniform", "beam_width": 5, "max_depth": 5}	ndcg@10	0.40165165611391734
2026-03-29T19:57:40+00:00	routing	turborepo	srt-warm	q36	{"beam_policy": "uniform", "beam_width": 5, "max_depth": 5}	latency_s	0.013081290999998885
2026-03-29T19:57:40+00:00	routing	turborepo	srt-warm	q36	{"beam_policy": "waterfill", "beam_width": 5, "max_depth": 5}	ndcg@10	0.4339268995175302
2026-03-29T19:57:40+00:00	routing	turborepo	srt-warm	q36	{"beam_policy": "waterfill", "beam_width": 5, "max_depth": 5}	latency_s	0.01051566699999995
2026-03-29T19:57:40+00:00	routing	turborepo	srt-warm	q36	{"beam_policy": "uniform", "beam_width": 5, "max_depth": 7}	ndcg@10	0.40165165611391734
2026-03-29T19:57:40+00:00	routing	turborepo	srt-warm	q36	{"beam_policy": "uniform", "beam_width": 5, "max_depth": 7}	latency_s	0.01349000000000089
2026-03-29T19:57:40+00:00	routing	turborepo	srt-warm	q36	{"beam_policy": "waterfill", "beam_width": 5, "max_depth": 7}	ndcg@10	0.4339268995175302
2026-03-29T19:57:40+00:00	routing	turborepo	srt-warm	q36	{"beam_policy": "waterfill", "beam_width": 5, "max_depth": 7}	latency_s	0.011043166000000326
2026-03-29T19:57:40+00:00	routing	turborepo	srt-warm	q36	{"beam_policy": "uniform", "beam_width": 5, "max_depth": 10}	ndcg@10	0.40165165611391734
2026-03-29T19:57:40+00:00	routing	turborepo	srt-warm	q36	{"beam_policy": "uniform", "beam_width": 5, "max_depth": 10}	latency_s	0.01368720800000034
2026-03-29T19:57:40+00:00	routing	turborepo	srt-warm	q36	{"beam_policy": "waterfill", "beam_width": 5, "max_depth": 10}	ndcg@10	0.4339268995175302
2026-03-29T19:57:40+00:00	routing	turborepo	srt-warm	q36	{"beam_policy": "waterfill", "beam_width": 5, "max_depth": 10}	latency_s	0.010741374999998499
2026-03-29T19:57:40+00:00	routing	turborepo	srt-warm	q36	{"beam_policy": "uniform", "beam_width": 7, "max_depth": 3}	ndcg@10	0.0
2026-03-29T19:57:40+00:00	routing	turborepo	srt-warm	q36	{"beam_policy": "uniform", "beam_width": 7, "max_depth": 3}	latency_s	0.016333332999998618
2026-03-29T19:57:40+00:00	routing	turborepo	srt-warm	q36	{"beam_policy": "waterfill", "beam_width": 7, "max_depth": 3}	ndcg@10	0.0
2026-03-29T19:57:40+00:00	routing	turborepo	srt-warm	q36	{"beam_policy": "waterfill", "beam_width": 7, "max_depth": 3}	latency_s	0.009084957999998977
2026-03-29T19:57:40+00:00	routing	turborepo	srt-warm	q36	{"beam_policy": "uniform", "beam_width": 7, "max_depth": 5}	ndcg@10	0.40165165611391734
2026-03-29T19:57:40+00:00	routing	turborepo	srt-warm	q36	{"beam_policy": "uniform", "beam_width": 7, "max_depth": 5}	latency_s	0.03023899999999813
2026-03-29T19:57:40+00:00	routing	turborepo	srt-warm	q36	{"beam_policy": "waterfill", "beam_width": 7, "max_depth": 5}	ndcg@10	0.40165165611391734
2026-03-29T19:57:40+00:00	routing	turborepo	srt-warm	q36	{"beam_policy": "waterfill", "beam_width": 7, "max_depth": 5}	latency_s	0.014417957999999231
2026-03-29T19:57:41+00:00	routing	turborepo	srt-warm	q36	{"beam_policy": "uniform", "beam_width": 7, "max_depth": 7}	ndcg@10	0.40165165611391734
2026-03-29T19:57:41+00:00	routing	turborepo	srt-warm	q36	{"beam_policy": "uniform", "beam_width": 7, "max_depth": 7}	latency_s	0.03141216600000263
2026-03-29T19:57:41+00:00	routing	turborepo	srt-warm	q36	{"beam_policy": "waterfill", "beam_width": 7, "max_depth": 7}	ndcg@10	0.40165165611391734
2026-03-29T19:57:41+00:00	routing	turborepo	srt-warm	q36	{"beam_policy": "waterfill", "beam_width": 7, "max_depth": 7}	latency_s	0.014384209000002812
2026-03-29T19:57:41+00:00	routing	turborepo	srt-warm	q36	{"beam_policy": "uniform", "beam_width": 7, "max_depth": 10}	ndcg@10	0.40165165611391734
2026-03-29T19:57:41+00:00	routing	turborepo	srt-warm	q36	{"beam_policy": "uniform", "beam_width": 7, "max_depth": 10}	latency_s	0.032342958000000976
2026-03-29T19:57:41+00:00	routing	turborepo	srt-warm	q36	{"beam_policy": "waterfill", "beam_width": 7, "max_depth": 10}	ndcg@10	0.40165165611391734
2026-03-29T19:57:41+00:00	routing	turborepo	srt-warm	q36	{"beam_policy": "waterfill", "beam_width": 7, "max_depth": 10}	latency_s	0.013387416999997015
2026-03-29T19:57:41+00:00	routing	turborepo	srt-warm	q36	{"beam_policy": "uniform", "beam_width": 10, "max_depth": 3}	ndcg@10	0.0
2026-03-29T19:57:41+00:00	routing	turborepo	srt-warm	q36	{"beam_policy": "uniform", "beam_width": 10, "max_depth": 3}	latency_s	0.019549292000000662
2026-03-29T19:57:41+00:00	routing	turborepo	srt-warm	q36	{"beam_policy": "waterfill", "beam_width": 10, "max_depth": 3}	ndcg@10	0.0
2026-03-29T19:57:41+00:00	routing	turborepo	srt-warm	q36	{"beam_policy": "waterfill", "beam_width": 10, "max_depth": 3}	latency_s	0.015703582999996968
2026-03-29T19:57:41+00:00	routing	turborepo	srt-warm	q36	{"beam_policy": "uniform", "beam_width": 10, "max_depth": 5}	ndcg@10	0.40165165611391734
2026-03-29T19:57:41+00:00	routing	turborepo	srt-warm	q36	{"beam_policy": "uniform", "beam_width": 10, "max_depth": 5}	latency_s	0.045855832999997403
2026-03-29T19:57:41+00:00	routing	turborepo	srt-warm	q36	{"beam_policy": "waterfill", "beam_width": 10, "max_depth": 5}	ndcg@10	0.40165165611391734
2026-03-29T19:57:41+00:00	routing	turborepo	srt-warm	q36	{"beam_policy": "waterfill", "beam_width": 10, "max_depth": 5}	latency_s	0.033843709000002775
2026-03-29T19:57:41+00:00	routing	turborepo	srt-warm	q36	{"beam_policy": "uniform", "beam_width": 10, "max_depth": 7}	ndcg@10	0.38899010039687315
2026-03-29T19:57:41+00:00	routing	turborepo	srt-warm	q36	{"beam_policy": "uniform", "beam_width": 10, "max_depth": 7}	latency_s	0.05899275000000159
2026-03-29T19:57:41+00:00	routing	turborepo	srt-warm	q36	{"beam_policy": "waterfill", "beam_width": 10, "max_depth": 7}	ndcg@10	0.40165165611391734
2026-03-29T19:57:41+00:00	routing	turborepo	srt-warm	q36	{"beam_policy": "waterfill", "beam_width": 10, "max_depth": 7}	latency_s	0.031681124999998644
2026-03-29T19:57:41+00:00	routing	turborepo	srt-warm	q36	{"beam_policy": "uniform", "beam_width": 10, "max_depth": 10}	ndcg@10	0.38899010039687315
2026-03-29T19:57:41+00:00	routing	turborepo	srt-warm	q36	{"beam_policy": "uniform", "beam_width": 10, "max_depth": 10}	latency_s	0.05955283299999792
2026-03-29T19:57:41+00:00	routing	turborepo	srt-warm	q36	{"beam_policy": "waterfill", "beam_width": 10, "max_depth": 10}	ndcg@10	0.40165165611391734
2026-03-29T19:57:41+00:00	routing	turborepo	srt-warm	q36	{"beam_policy": "waterfill", "beam_width": 10, "max_depth": 10}	latency_s	0.03255537500000116
2026-03-29T19:57:41+00:00	routing	turborepo	srt-warm	q37	{"beam_policy": "uniform", "beam_width": 2, "max_depth": 3}	ndcg@10	0.0
2026-03-29T19:57:41+00:00	routing	turborepo	srt-warm	q37	{"beam_policy": "uniform", "beam_width": 2, "max_depth": 3}	latency_s	0.008322540999998296
2026-03-29T19:57:41+00:00	routing	turborepo	srt-warm	q37	{"beam_policy": "waterfill", "beam_width": 2, "max_depth": 3}	ndcg@10	0.0
2026-03-29T19:57:41+00:00	routing	turborepo	srt-warm	q37	{"beam_policy": "waterfill", "beam_width": 2, "max_depth": 3}	latency_s	0.005386208999993869
2026-03-29T19:57:41+00:00	routing	turborepo	srt-warm	q37	{"beam_policy": "uniform", "beam_width": 2, "max_depth": 5}	ndcg@10	0.3710003951683377
2026-03-29T19:57:41+00:00	routing	turborepo	srt-warm	q37	{"beam_policy": "uniform", "beam_width": 2, "max_depth": 5}	latency_s	0.012523625000000038
2026-03-29T19:57:41+00:00	routing	turborepo	srt-warm	q37	{"beam_policy": "waterfill", "beam_width": 2, "max_depth": 5}	ndcg@10	0.0
2026-03-29T19:57:41+00:00	routing	turborepo	srt-warm	q37	{"beam_policy": "waterfill", "beam_width": 2, "max_depth": 5}	latency_s	0.0062011659999967605
2026-03-29T19:57:41+00:00	routing	turborepo	srt-warm	q37	{"beam_policy": "uniform", "beam_width": 2, "max_depth": 7}	ndcg@10	0.3710003951683377
2026-03-29T19:57:41+00:00	routing	turborepo	srt-warm	q37	{"beam_policy": "uniform", "beam_width": 2, "max_depth": 7}	latency_s	0.009330750000003718
2026-03-29T19:57:41+00:00	routing	turborepo	srt-warm	q37	{"beam_policy": "waterfill", "beam_width": 2, "max_depth": 7}	ndcg@10	0.0
2026-03-29T19:57:41+00:00	routing	turborepo	srt-warm	q37	{"beam_policy": "waterfill", "beam_width": 2, "max_depth": 7}	latency_s	0.005368208000000152
2026-03-29T19:57:41+00:00	routing	turborepo	srt-warm	q37	{"beam_policy": "uniform", "beam_width": 2, "max_depth": 10}	ndcg@10	0.3710003951683377
2026-03-29T19:57:41+00:00	routing	turborepo	srt-warm	q37	{"beam_policy": "uniform", "beam_width": 2, "max_depth": 10}	latency_s	0.008806542000002082
2026-03-29T19:57:41+00:00	routing	turborepo	srt-warm	q37	{"beam_policy": "waterfill", "beam_width": 2, "max_depth": 10}	ndcg@10	0.0
2026-03-29T19:57:41+00:00	routing	turborepo	srt-warm	q37	{"beam_policy": "waterfill", "beam_width": 2, "max_depth": 10}	latency_s	0.0052337920000056215
2026-03-29T19:57:41+00:00	routing	turborepo	srt-warm	q37	{"beam_policy": "uniform", "beam_width": 3, "max_depth": 3}	ndcg@10	0.0
2026-03-29T19:57:41+00:00	routing	turborepo	srt-warm	q37	{"beam_policy": "uniform", "beam_width": 3, "max_depth": 3}	latency_s	0.011314333000001398
2026-03-29T19:57:41+00:00	routing	turborepo	srt-warm	q37	{"beam_policy": "waterfill", "beam_width": 3, "max_depth": 3}	ndcg@10	0.0
2026-03-29T19:57:41+00:00	routing	turborepo	srt-warm	q37	{"beam_policy": "waterfill", "beam_width": 3, "max_depth": 3}	latency_s	0.007559958000001643
2026-03-29T19:57:41+00:00	routing	turborepo	srt-warm	q37	{"beam_policy": "uniform", "beam_width": 3, "max_depth": 5}	ndcg@10	0.3710003951683377
2026-03-29T19:57:41+00:00	routing	turborepo	srt-warm	q37	{"beam_policy": "uniform", "beam_width": 3, "max_depth": 5}	latency_s	0.012089375000002178
2026-03-29T19:57:41+00:00	routing	turborepo	srt-warm	q37	{"beam_policy": "waterfill", "beam_width": 3, "max_depth": 5}	ndcg@10	0.5640440766857497
2026-03-29T19:57:41+00:00	routing	turborepo	srt-warm	q37	{"beam_policy": "waterfill", "beam_width": 3, "max_depth": 5}	latency_s	0.009917749999999614
2026-03-29T19:57:41+00:00	routing	turborepo	srt-warm	q37	{"beam_policy": "uniform", "beam_width": 3, "max_depth": 7}	ndcg@10	0.3710003951683377
2026-03-29T19:57:41+00:00	routing	turborepo	srt-warm	q37	{"beam_policy": "uniform", "beam_width": 3, "max_depth": 7}	latency_s	0.012657541999999466
2026-03-29T19:57:41+00:00	routing	turborepo	srt-warm	q37	{"beam_policy": "waterfill", "beam_width": 3, "max_depth": 7}	ndcg@10	0.5640440766857497
2026-03-29T19:57:41+00:00	routing	turborepo	srt-warm	q37	{"beam_policy": "waterfill", "beam_width": 3, "max_depth": 7}	latency_s	0.010709290999997734
2026-03-29T19:57:41+00:00	routing	turborepo	srt-warm	q37	{"beam_policy": "uniform", "beam_width": 3, "max_depth": 10}	ndcg@10	0.3710003951683377
2026-03-29T19:57:41+00:00	routing	turborepo	srt-warm	q37	{"beam_policy": "uniform", "beam_width": 3, "max_depth": 10}	latency_s	0.011913999999997316
2026-03-29T19:57:41+00:00	routing	turborepo	srt-warm	q37	{"beam_policy": "waterfill", "beam_width": 3, "max_depth": 10}	ndcg@10	0.5640440766857497
2026-03-29T19:57:41+00:00	routing	turborepo	srt-warm	q37	{"beam_policy": "waterfill", "beam_width": 3, "max_depth": 10}	latency_s	0.009156875000002174
2026-03-29T19:57:41+00:00	routing	turborepo	srt-warm	q37	{"beam_policy": "uniform", "beam_width": 5, "max_depth": 3}	ndcg@10	0.0
2026-03-29T19:57:41+00:00	routing	turborepo	srt-warm	q37	{"beam_policy": "uniform", "beam_width": 5, "max_depth": 3}	latency_s	0.00863779200000181
2026-03-29T19:57:41+00:00	routing	turborepo	srt-warm	q37	{"beam_policy": "waterfill", "beam_width": 5, "max_depth": 3}	ndcg@10	0.0
2026-03-29T19:57:41+00:00	routing	turborepo	srt-warm	q37	{"beam_policy": "waterfill", "beam_width": 5, "max_depth": 3}	latency_s	0.007735750000001929
2026-03-29T19:57:41+00:00	routing	turborepo	srt-warm	q37	{"beam_policy": "uniform", "beam_width": 5, "max_depth": 5}	ndcg@10	0.5516477716616801
2026-03-29T19:57:41+00:00	routing	turborepo	srt-warm	q37	{"beam_policy": "uniform", "beam_width": 5, "max_depth": 5}	latency_s	0.013315124999998318
2026-03-29T19:57:41+00:00	routing	turborepo	srt-warm	q37	{"beam_policy": "waterfill", "beam_width": 5, "max_depth": 5}	ndcg@10	0.5516477716616801
2026-03-29T19:57:41+00:00	routing	turborepo	srt-warm	q37	{"beam_policy": "waterfill", "beam_width": 5, "max_depth": 5}	latency_s	0.012500625000001264
2026-03-29T19:57:41+00:00	routing	turborepo	srt-warm	q37	{"beam_policy": "uniform", "beam_width": 5, "max_depth": 7}	ndcg@10	0.5516477716616801
2026-03-29T19:57:41+00:00	routing	turborepo	srt-warm	q37	{"beam_policy": "uniform", "beam_width": 5, "max_depth": 7}	latency_s	0.01321141699999373
2026-03-29T19:57:41+00:00	routing	turborepo	srt-warm	q37	{"beam_policy": "waterfill", "beam_width": 5, "max_depth": 7}	ndcg@10	0.5516477716616801
2026-03-29T19:57:41+00:00	routing	turborepo	srt-warm	q37	{"beam_policy": "waterfill", "beam_width": 5, "max_depth": 7}	latency_s	0.01217674999999474
2026-03-29T19:57:41+00:00	routing	turborepo	srt-warm	q37	{"beam_policy": "uniform", "beam_width": 5, "max_depth": 10}	ndcg@10	0.5516477716616801
2026-03-29T19:57:41+00:00	routing	turborepo	srt-warm	q37	{"beam_policy": "uniform", "beam_width": 5, "max_depth": 10}	latency_s	0.013184709000000794
2026-03-29T19:57:41+00:00	routing	turborepo	srt-warm	q37	{"beam_policy": "waterfill", "beam_width": 5, "max_depth": 10}	ndcg@10	0.5516477716616801
2026-03-29T19:57:41+00:00	routing	turborepo	srt-warm	q37	{"beam_policy": "waterfill", "beam_width": 5, "max_depth": 10}	latency_s	0.0124244169999983
2026-03-29T19:57:41+00:00	routing	turborepo	srt-warm	q37	{"beam_policy": "uniform", "beam_width": 7, "max_depth": 3}	ndcg@10	0.0
2026-03-29T19:57:41+00:00	routing	turborepo	srt-warm	q37	{"beam_policy": "uniform", "beam_width": 7, "max_depth": 3}	latency_s	0.009685791999999083
2026-03-29T19:57:41+00:00	routing	turborepo	srt-warm	q37	{"beam_policy": "waterfill", "beam_width": 7, "max_depth": 3}	ndcg@10	0.0
2026-03-29T19:57:41+00:00	routing	turborepo	srt-warm	q37	{"beam_policy": "waterfill", "beam_width": 7, "max_depth": 3}	latency_s	0.00821841700000192
2026-03-29T19:57:41+00:00	routing	turborepo	srt-warm	q37	{"beam_policy": "uniform", "beam_width": 7, "max_depth": 5}	ndcg@10	0.5516477716616801
2026-03-29T19:57:41+00:00	routing	turborepo	srt-warm	q37	{"beam_policy": "uniform", "beam_width": 7, "max_depth": 5}	latency_s	0.017683458000000485
2026-03-29T19:57:41+00:00	routing	turborepo	srt-warm	q37	{"beam_policy": "waterfill", "beam_width": 7, "max_depth": 5}	ndcg@10	0.5516477716616801
2026-03-29T19:57:41+00:00	routing	turborepo	srt-warm	q37	{"beam_policy": "waterfill", "beam_width": 7, "max_depth": 5}	latency_s	0.017475832999998886
2026-03-29T19:57:41+00:00	routing	turborepo	srt-warm	q37	{"beam_policy": "uniform", "beam_width": 7, "max_depth": 7}	ndcg@10	0.5516477716616801
2026-03-29T19:57:41+00:00	routing	turborepo	srt-warm	q37	{"beam_policy": "uniform", "beam_width": 7, "max_depth": 7}	latency_s	0.018759833000004278
2026-03-29T19:57:41+00:00	routing	turborepo	srt-warm	q37	{"beam_policy": "waterfill", "beam_width": 7, "max_depth": 7}	ndcg@10	0.5516477716616801
2026-03-29T19:57:41+00:00	routing	turborepo	srt-warm	q37	{"beam_policy": "waterfill", "beam_width": 7, "max_depth": 7}	latency_s	0.013559250000000134
2026-03-29T19:57:41+00:00	routing	turborepo	srt-warm	q37	{"beam_policy": "uniform", "beam_width": 7, "max_depth": 10}	ndcg@10	0.5516477716616801
2026-03-29T19:57:41+00:00	routing	turborepo	srt-warm	q37	{"beam_policy": "uniform", "beam_width": 7, "max_depth": 10}	latency_s	0.016973667000002024
2026-03-29T19:57:41+00:00	routing	turborepo	srt-warm	q37	{"beam_policy": "waterfill", "beam_width": 7, "max_depth": 10}	ndcg@10	0.5516477716616801
2026-03-29T19:57:41+00:00	routing	turborepo	srt-warm	q37	{"beam_policy": "waterfill", "beam_width": 7, "max_depth": 10}	latency_s	0.013964749999999526
2026-03-29T19:57:41+00:00	routing	turborepo	srt-warm	q37	{"beam_policy": "uniform", "beam_width": 10, "max_depth": 3}	ndcg@10	0.0
2026-03-29T19:57:41+00:00	routing	turborepo	srt-warm	q37	{"beam_policy": "uniform", "beam_width": 10, "max_depth": 3}	latency_s	0.018486791000000835
2026-03-29T19:57:41+00:00	routing	turborepo	srt-warm	q37	{"beam_policy": "waterfill", "beam_width": 10, "max_depth": 3}	ndcg@10	0.0
2026-03-29T19:57:41+00:00	routing	turborepo	srt-warm	q37	{"beam_policy": "waterfill", "beam_width": 10, "max_depth": 3}	latency_s	0.010008583999997711
2026-03-29T19:57:41+00:00	routing	turborepo	srt-warm	q37	{"beam_policy": "uniform", "beam_width": 10, "max_depth": 5}	ndcg@10	0.5341412320558391
2026-03-29T19:57:41+00:00	routing	turborepo	srt-warm	q37	{"beam_policy": "uniform", "beam_width": 10, "max_depth": 5}	latency_s	0.03575045799999543
2026-03-29T19:57:41+00:00	routing	turborepo	srt-warm	q37	{"beam_policy": "waterfill", "beam_width": 10, "max_depth": 5}	ndcg@10	0.5516477716616801
2026-03-29T19:57:41+00:00	routing	turborepo	srt-warm	q37	{"beam_policy": "waterfill", "beam_width": 10, "max_depth": 5}	latency_s	0.016592083999995566
2026-03-29T19:57:41+00:00	routing	turborepo	srt-warm	q37	{"beam_policy": "uniform", "beam_width": 10, "max_depth": 7}	ndcg@10	0.5341412320558391
2026-03-29T19:57:41+00:00	routing	turborepo	srt-warm	q37	{"beam_policy": "uniform", "beam_width": 10, "max_depth": 7}	latency_s	0.03705579199999676
2026-03-29T19:57:42+00:00	routing	turborepo	srt-warm	q37	{"beam_policy": "waterfill", "beam_width": 10, "max_depth": 7}	ndcg@10	0.5516477716616801
2026-03-29T19:57:42+00:00	routing	turborepo	srt-warm	q37	{"beam_policy": "waterfill", "beam_width": 10, "max_depth": 7}	latency_s	0.01684637500000008
2026-03-29T19:57:42+00:00	routing	turborepo	srt-warm	q37	{"beam_policy": "uniform", "beam_width": 10, "max_depth": 10}	ndcg@10	0.5341412320558391
2026-03-29T19:57:42+00:00	routing	turborepo	srt-warm	q37	{"beam_policy": "uniform", "beam_width": 10, "max_depth": 10}	latency_s	0.038649749999997596
2026-03-29T19:57:42+00:00	routing	turborepo	srt-warm	q37	{"beam_policy": "waterfill", "beam_width": 10, "max_depth": 10}	ndcg@10	0.5516477716616801
2026-03-29T19:57:42+00:00	routing	turborepo	srt-warm	q37	{"beam_policy": "waterfill", "beam_width": 10, "max_depth": 10}	latency_s	0.01689295799999968
2026-03-29T19:57:42+00:00	routing	turborepo	srt-warm	q38	{"beam_policy": "uniform", "beam_width": 2, "max_depth": 3}	ndcg@10	0.0
2026-03-29T19:57:42+00:00	routing	turborepo	srt-warm	q38	{"beam_policy": "uniform", "beam_width": 2, "max_depth": 3}	latency_s	0.009015875000002893
2026-03-29T19:57:42+00:00	routing	turborepo	srt-warm	q38	{"beam_policy": "waterfill", "beam_width": 2, "max_depth": 3}	ndcg@10	0.0
2026-03-29T19:57:42+00:00	routing	turborepo	srt-warm	q38	{"beam_policy": "waterfill", "beam_width": 2, "max_depth": 3}	latency_s	0.008922417000000848
2026-03-29T19:57:42+00:00	routing	turborepo	srt-warm	q38	{"beam_policy": "uniform", "beam_width": 2, "max_depth": 5}	ndcg@10	0.8616049109849462
2026-03-29T19:57:42+00:00	routing	turborepo	srt-warm	q38	{"beam_policy": "uniform", "beam_width": 2, "max_depth": 5}	latency_s	0.00985795799999778
2026-03-29T19:57:42+00:00	routing	turborepo	srt-warm	q38	{"beam_policy": "waterfill", "beam_width": 2, "max_depth": 5}	ndcg@10	0.5244551632082282
2026-03-29T19:57:42+00:00	routing	turborepo	srt-warm	q38	{"beam_policy": "waterfill", "beam_width": 2, "max_depth": 5}	latency_s	0.009740125000000432
2026-03-29T19:57:42+00:00	routing	turborepo	srt-warm	q38	{"beam_policy": "uniform", "beam_width": 2, "max_depth": 7}	ndcg@10	0.8616049109849462
2026-03-29T19:57:42+00:00	routing	turborepo	srt-warm	q38	{"beam_policy": "uniform", "beam_width": 2, "max_depth": 7}	latency_s	0.010706166999995048
2026-03-29T19:57:42+00:00	routing	turborepo	srt-warm	q38	{"beam_policy": "waterfill", "beam_width": 2, "max_depth": 7}	ndcg@10	0.5244551632082282
2026-03-29T19:57:42+00:00	routing	turborepo	srt-warm	q38	{"beam_policy": "waterfill", "beam_width": 2, "max_depth": 7}	latency_s	0.0088405419999944
2026-03-29T19:57:42+00:00	routing	turborepo	srt-warm	q38	{"beam_policy": "uniform", "beam_width": 2, "max_depth": 10}	ndcg@10	0.8616049109849462
2026-03-29T19:57:42+00:00	routing	turborepo	srt-warm	q38	{"beam_policy": "uniform", "beam_width": 2, "max_depth": 10}	latency_s	0.010135958999995864
2026-03-29T19:57:42+00:00	routing	turborepo	srt-warm	q38	{"beam_policy": "waterfill", "beam_width": 2, "max_depth": 10}	ndcg@10	0.5244551632082282
2026-03-29T19:57:42+00:00	routing	turborepo	srt-warm	q38	{"beam_policy": "waterfill", "beam_width": 2, "max_depth": 10}	latency_s	0.009106542000004936
2026-03-29T19:57:42+00:00	routing	turborepo	srt-warm	q38	{"beam_policy": "uniform", "beam_width": 3, "max_depth": 3}	ndcg@10	0.0
2026-03-29T19:57:42+00:00	routing	turborepo	srt-warm	q38	{"beam_policy": "uniform", "beam_width": 3, "max_depth": 3}	latency_s	0.009670832999994161
2026-03-29T19:57:42+00:00	routing	turborepo	srt-warm	q38	{"beam_policy": "waterfill", "beam_width": 3, "max_depth": 3}	ndcg@10	0.0
2026-03-29T19:57:42+00:00	routing	turborepo	srt-warm	q38	{"beam_policy": "waterfill", "beam_width": 3, "max_depth": 3}	latency_s	0.00914783400000374
2026-03-29T19:57:42+00:00	routing	turborepo	srt-warm	q38	{"beam_policy": "uniform", "beam_width": 3, "max_depth": 5}	ndcg@10	0.8616049109849462
2026-03-29T19:57:42+00:00	routing	turborepo	srt-warm	q38	{"beam_policy": "uniform", "beam_width": 3, "max_depth": 5}	latency_s	0.011280874999997081
2026-03-29T19:57:42+00:00	routing	turborepo	srt-warm	q38	{"beam_policy": "waterfill", "beam_width": 3, "max_depth": 5}	ndcg@10	0.8616049109849462
2026-03-29T19:57:42+00:00	routing	turborepo	srt-warm	q38	{"beam_policy": "waterfill", "beam_width": 3, "max_depth": 5}	latency_s	0.011163375000002418
2026-03-29T19:57:42+00:00	routing	turborepo	srt-warm	q38	{"beam_policy": "uniform", "beam_width": 3, "max_depth": 7}	ndcg@10	0.8616049109849462
2026-03-29T19:57:42+00:00	routing	turborepo	srt-warm	q38	{"beam_policy": "uniform", "beam_width": 3, "max_depth": 7}	latency_s	0.01082729199999477
2026-03-29T19:57:42+00:00	routing	turborepo	srt-warm	q38	{"beam_policy": "waterfill", "beam_width": 3, "max_depth": 7}	ndcg@10	0.8616049109849462
2026-03-29T19:57:42+00:00	routing	turborepo	srt-warm	q38	{"beam_policy": "waterfill", "beam_width": 3, "max_depth": 7}	latency_s	0.01097383399999785
2026-03-29T19:57:42+00:00	routing	turborepo	srt-warm	q38	{"beam_policy": "uniform", "beam_width": 3, "max_depth": 10}	ndcg@10	0.8616049109849462
2026-03-29T19:57:42+00:00	routing	turborepo	srt-warm	q38	{"beam_policy": "uniform", "beam_width": 3, "max_depth": 10}	latency_s	0.010843166999997322
2026-03-29T19:57:42+00:00	routing	turborepo	srt-warm	q38	{"beam_policy": "waterfill", "beam_width": 3, "max_depth": 10}	ndcg@10	0.8616049109849462
2026-03-29T19:57:42+00:00	routing	turborepo	srt-warm	q38	{"beam_policy": "waterfill", "beam_width": 3, "max_depth": 10}	latency_s	0.009875458999999864
2026-03-29T19:57:42+00:00	routing	turborepo	srt-warm	q38	{"beam_policy": "uniform", "beam_width": 5, "max_depth": 3}	ndcg@10	0.0
2026-03-29T19:57:42+00:00	routing	turborepo	srt-warm	q38	{"beam_policy": "uniform", "beam_width": 5, "max_depth": 3}	latency_s	0.009739916999997433
2026-03-29T19:57:42+00:00	routing	turborepo	srt-warm	q38	{"beam_policy": "waterfill", "beam_width": 5, "max_depth": 3}	ndcg@10	0.0
2026-03-29T19:57:42+00:00	routing	turborepo	srt-warm	q38	{"beam_policy": "waterfill", "beam_width": 5, "max_depth": 3}	latency_s	0.009568790999999521
2026-03-29T19:57:42+00:00	routing	turborepo	srt-warm	q38	{"beam_policy": "uniform", "beam_width": 5, "max_depth": 5}	ndcg@10	0.8575886805728234
2026-03-29T19:57:42+00:00	routing	turborepo	srt-warm	q38	{"beam_policy": "uniform", "beam_width": 5, "max_depth": 5}	latency_s	0.015483625000001666
2026-03-29T19:57:42+00:00	routing	turborepo	srt-warm	q38	{"beam_policy": "waterfill", "beam_width": 5, "max_depth": 5}	ndcg@10	0.8616049109849462
2026-03-29T19:57:42+00:00	routing	turborepo	srt-warm	q38	{"beam_policy": "waterfill", "beam_width": 5, "max_depth": 5}	latency_s	0.011004124999999476
2026-03-29T19:57:42+00:00	routing	turborepo	srt-warm	q38	{"beam_policy": "uniform", "beam_width": 5, "max_depth": 7}	ndcg@10	0.8575886805728234
2026-03-29T19:57:42+00:00	routing	turborepo	srt-warm	q38	{"beam_policy": "uniform", "beam_width": 5, "max_depth": 7}	latency_s	0.015672708000003865
2026-03-29T19:57:42+00:00	routing	turborepo	srt-warm	q38	{"beam_policy": "waterfill", "beam_width": 5, "max_depth": 7}	ndcg@10	0.8616049109849462
2026-03-29T19:57:42+00:00	routing	turborepo	srt-warm	q38	{"beam_policy": "waterfill", "beam_width": 5, "max_depth": 7}	latency_s	0.011516583999998886
2026-03-29T19:57:42+00:00	routing	turborepo	srt-warm	q38	{"beam_policy": "uniform", "beam_width": 5, "max_depth": 10}	ndcg@10	0.8575886805728234
2026-03-29T19:57:42+00:00	routing	turborepo	srt-warm	q38	{"beam_policy": "uniform", "beam_width": 5, "max_depth": 10}	latency_s	0.015156457999999873
2026-03-29T19:57:42+00:00	routing	turborepo	srt-warm	q38	{"beam_policy": "waterfill", "beam_width": 5, "max_depth": 10}	ndcg@10	0.8616049109849462
2026-03-29T19:57:42+00:00	routing	turborepo	srt-warm	q38	{"beam_policy": "waterfill", "beam_width": 5, "max_depth": 10}	latency_s	0.011116792000002818
2026-03-29T19:57:42+00:00	routing	turborepo	srt-warm	q38	{"beam_policy": "uniform", "beam_width": 7, "max_depth": 3}	ndcg@10	0.0
2026-03-29T19:57:42+00:00	routing	turborepo	srt-warm	q38	{"beam_policy": "uniform", "beam_width": 7, "max_depth": 3}	latency_s	0.010320000000000107
2026-03-29T19:57:42+00:00	routing	turborepo	srt-warm	q38	{"beam_policy": "waterfill", "beam_width": 7, "max_depth": 3}	ndcg@10	0.0
2026-03-29T19:57:42+00:00	routing	turborepo	srt-warm	q38	{"beam_policy": "waterfill", "beam_width": 7, "max_depth": 3}	latency_s	0.009763124999999206
2026-03-29T19:57:42+00:00	routing	turborepo	srt-warm	q38	{"beam_policy": "uniform", "beam_width": 7, "max_depth": 5}	ndcg@10	0.7866827448123422
2026-03-29T19:57:42+00:00	routing	turborepo	srt-warm	q38	{"beam_policy": "uniform", "beam_width": 7, "max_depth": 5}	latency_s	0.022242542000000753
2026-03-29T19:57:42+00:00	routing	turborepo	srt-warm	q38	{"beam_policy": "waterfill", "beam_width": 7, "max_depth": 5}	ndcg@10	0.8575886805728234
2026-03-29T19:57:42+00:00	routing	turborepo	srt-warm	q38	{"beam_policy": "waterfill", "beam_width": 7, "max_depth": 5}	latency_s	0.015601416999999174
2026-03-29T19:57:42+00:00	routing	turborepo	srt-warm	q38	{"beam_policy": "uniform", "beam_width": 7, "max_depth": 7}	ndcg@10	0.7866827448123422
2026-03-29T19:57:42+00:00	routing	turborepo	srt-warm	q38	{"beam_policy": "uniform", "beam_width": 7, "max_depth": 7}	latency_s	0.022522625000000573
2026-03-29T19:57:42+00:00	routing	turborepo	srt-warm	q38	{"beam_policy": "waterfill", "beam_width": 7, "max_depth": 7}	ndcg@10	0.8575886805728234
2026-03-29T19:57:42+00:00	routing	turborepo	srt-warm	q38	{"beam_policy": "waterfill", "beam_width": 7, "max_depth": 7}	latency_s	0.015467250000000377
2026-03-29T19:57:42+00:00	routing	turborepo	srt-warm	q38	{"beam_policy": "uniform", "beam_width": 7, "max_depth": 10}	ndcg@10	0.7866827448123422
2026-03-29T19:57:42+00:00	routing	turborepo	srt-warm	q38	{"beam_policy": "uniform", "beam_width": 7, "max_depth": 10}	latency_s	0.022445749999995712
2026-03-29T19:57:42+00:00	routing	turborepo	srt-warm	q38	{"beam_policy": "waterfill", "beam_width": 7, "max_depth": 10}	ndcg@10	0.8575886805728234
2026-03-29T19:57:42+00:00	routing	turborepo	srt-warm	q38	{"beam_policy": "waterfill", "beam_width": 7, "max_depth": 10}	latency_s	0.016292124999999658
2026-03-29T19:57:42+00:00	routing	turborepo	srt-warm	q38	{"beam_policy": "uniform", "beam_width": 10, "max_depth": 3}	ndcg@10	0.0
2026-03-29T19:57:42+00:00	routing	turborepo	srt-warm	q38	{"beam_policy": "uniform", "beam_width": 10, "max_depth": 3}	latency_s	0.020730417000002888
2026-03-29T19:57:42+00:00	routing	turborepo	srt-warm	q38	{"beam_policy": "waterfill", "beam_width": 10, "max_depth": 3}	ndcg@10	0.0
2026-03-29T19:57:42+00:00	routing	turborepo	srt-warm	q38	{"beam_policy": "waterfill", "beam_width": 10, "max_depth": 3}	latency_s	0.010854541999997025
2026-03-29T19:57:42+00:00	routing	turborepo	srt-warm	q38	{"beam_policy": "uniform", "beam_width": 10, "max_depth": 5}	ndcg@10	0.7866827448123422
2026-03-29T19:57:42+00:00	routing	turborepo	srt-warm	q38	{"beam_policy": "uniform", "beam_width": 10, "max_depth": 5}	latency_s	0.05872224999999531
2026-03-29T19:57:42+00:00	routing	turborepo	srt-warm	q38	{"beam_policy": "waterfill", "beam_width": 10, "max_depth": 5}	ndcg@10	0.7866827448123422
2026-03-29T19:57:42+00:00	routing	turborepo	srt-warm	q38	{"beam_policy": "waterfill", "beam_width": 10, "max_depth": 5}	latency_s	0.023428750000000775
2026-03-29T19:57:42+00:00	routing	turborepo	srt-warm	q38	{"beam_policy": "uniform", "beam_width": 10, "max_depth": 7}	ndcg@10	0.7503257077625674
2026-03-29T19:57:42+00:00	routing	turborepo	srt-warm	q38	{"beam_policy": "uniform", "beam_width": 10, "max_depth": 7}	latency_s	0.08043391700000058
2026-03-29T19:57:42+00:00	routing	turborepo	srt-warm	q38	{"beam_policy": "waterfill", "beam_width": 10, "max_depth": 7}	ndcg@10	0.7866827448123422
2026-03-29T19:57:42+00:00	routing	turborepo	srt-warm	q38	{"beam_policy": "waterfill", "beam_width": 10, "max_depth": 7}	latency_s	0.026208875000001797
2026-03-29T19:57:42+00:00	routing	turborepo	srt-warm	q38	{"beam_policy": "uniform", "beam_width": 10, "max_depth": 10}	ndcg@10	0.7503257077625674
2026-03-29T19:57:42+00:00	routing	turborepo	srt-warm	q38	{"beam_policy": "uniform", "beam_width": 10, "max_depth": 10}	latency_s	0.08188162500000118
2026-03-29T19:57:42+00:00	routing	turborepo	srt-warm	q38	{"beam_policy": "waterfill", "beam_width": 10, "max_depth": 10}	ndcg@10	0.7866827448123422
2026-03-29T19:57:42+00:00	routing	turborepo	srt-warm	q38	{"beam_policy": "waterfill", "beam_width": 10, "max_depth": 10}	latency_s	0.02351537499999523
2026-03-29T19:57:42+00:00	routing	turborepo	srt-warm	q39	{"beam_policy": "uniform", "beam_width": 2, "max_depth": 3}	ndcg@10	0.0
2026-03-29T19:57:42+00:00	routing	turborepo	srt-warm	q39	{"beam_policy": "uniform", "beam_width": 2, "max_depth": 3}	latency_s	0.008422416000001931
2026-03-29T19:57:42+00:00	routing	turborepo	srt-warm	q39	{"beam_policy": "waterfill", "beam_width": 2, "max_depth": 3}	ndcg@10	0.0
2026-03-29T19:57:42+00:00	routing	turborepo	srt-warm	q39	{"beam_policy": "waterfill", "beam_width": 2, "max_depth": 3}	latency_s	0.006447124999994003
2026-03-29T19:57:42+00:00	routing	turborepo	srt-warm	q39	{"beam_policy": "uniform", "beam_width": 2, "max_depth": 5}	ndcg@10	0.6651362944846629
2026-03-29T19:57:42+00:00	routing	turborepo	srt-warm	q39	{"beam_policy": "uniform", "beam_width": 2, "max_depth": 5}	latency_s	0.012492334000000938
2026-03-29T19:57:42+00:00	routing	turborepo	srt-warm	q39	{"beam_policy": "waterfill", "beam_width": 2, "max_depth": 5}	ndcg@10	0.0
2026-03-29T19:57:42+00:00	routing	turborepo	srt-warm	q39	{"beam_policy": "waterfill", "beam_width": 2, "max_depth": 5}	latency_s	0.00717308299999786
2026-03-29T19:57:42+00:00	routing	turborepo	srt-warm	q39	{"beam_policy": "uniform", "beam_width": 2, "max_depth": 7}	ndcg@10	0.6651362944846629
2026-03-29T19:57:42+00:00	routing	turborepo	srt-warm	q39	{"beam_policy": "uniform", "beam_width": 2, "max_depth": 7}	latency_s	0.012782083000004718
2026-03-29T19:57:42+00:00	routing	turborepo	srt-warm	q39	{"beam_policy": "waterfill", "beam_width": 2, "max_depth": 7}	ndcg@10	0.0
2026-03-29T19:57:42+00:00	routing	turborepo	srt-warm	q39	{"beam_policy": "waterfill", "beam_width": 2, "max_depth": 7}	latency_s	0.006103584000001661
2026-03-29T19:57:42+00:00	routing	turborepo	srt-warm	q39	{"beam_policy": "uniform", "beam_width": 2, "max_depth": 10}	ndcg@10	0.6651362944846629
2026-03-29T19:57:42+00:00	routing	turborepo	srt-warm	q39	{"beam_policy": "uniform", "beam_width": 2, "max_depth": 10}	latency_s	0.010231083000000751
2026-03-29T19:57:42+00:00	routing	turborepo	srt-warm	q39	{"beam_policy": "waterfill", "beam_width": 2, "max_depth": 10}	ndcg@10	0.0
2026-03-29T19:57:42+00:00	routing	turborepo	srt-warm	q39	{"beam_policy": "waterfill", "beam_width": 2, "max_depth": 10}	latency_s	0.005875875000000974
2026-03-29T19:57:42+00:00	routing	turborepo	srt-warm	q39	{"beam_policy": "uniform", "beam_width": 3, "max_depth": 3}	ndcg@10	0.0
2026-03-29T19:57:42+00:00	routing	turborepo	srt-warm	q39	{"beam_policy": "uniform", "beam_width": 3, "max_depth": 3}	latency_s	0.012816957999994827
2026-03-29T19:57:42+00:00	routing	turborepo	srt-warm	q39	{"beam_policy": "waterfill", "beam_width": 3, "max_depth": 3}	ndcg@10	0.0
2026-03-29T19:57:42+00:00	routing	turborepo	srt-warm	q39	{"beam_policy": "waterfill", "beam_width": 3, "max_depth": 3}	latency_s	0.008902042000002552
2026-03-29T19:57:42+00:00	routing	turborepo	srt-warm	q39	{"beam_policy": "uniform", "beam_width": 3, "max_depth": 5}	ndcg@10	0.6651362944846629
2026-03-29T19:57:42+00:00	routing	turborepo	srt-warm	q39	{"beam_policy": "uniform", "beam_width": 3, "max_depth": 5}	latency_s	0.011597999999999331
2026-03-29T19:57:43+00:00	routing	turborepo	srt-warm	q39	{"beam_policy": "waterfill", "beam_width": 3, "max_depth": 5}	ndcg@10	0.6651362944846629
2026-03-29T19:57:43+00:00	routing	turborepo	srt-warm	q39	{"beam_policy": "waterfill", "beam_width": 3, "max_depth": 5}	latency_s	0.009571042000004581
2026-03-29T19:57:43+00:00	routing	turborepo	srt-warm	q39	{"beam_policy": "uniform", "beam_width": 3, "max_depth": 7}	ndcg@10	0.6651362944846629
2026-03-29T19:57:43+00:00	routing	turborepo	srt-warm	q39	{"beam_policy": "uniform", "beam_width": 3, "max_depth": 7}	latency_s	0.01132124999999462
2026-03-29T19:57:43+00:00	routing	turborepo	srt-warm	q39	{"beam_policy": "waterfill", "beam_width": 3, "max_depth": 7}	ndcg@10	0.6651362944846629
2026-03-29T19:57:43+00:00	routing	turborepo	srt-warm	q39	{"beam_policy": "waterfill", "beam_width": 3, "max_depth": 7}	latency_s	0.010203540999995653
2026-03-29T19:57:43+00:00	routing	turborepo	srt-warm	q39	{"beam_policy": "uniform", "beam_width": 3, "max_depth": 10}	ndcg@10	0.6651362944846629
2026-03-29T19:57:43+00:00	routing	turborepo	srt-warm	q39	{"beam_policy": "uniform", "beam_width": 3, "max_depth": 10}	latency_s	0.011418458000001408
2026-03-29T19:57:43+00:00	routing	turborepo	srt-warm	q39	{"beam_policy": "waterfill", "beam_width": 3, "max_depth": 10}	ndcg@10	0.6651362944846629
2026-03-29T19:57:43+00:00	routing	turborepo	srt-warm	q39	{"beam_policy": "waterfill", "beam_width": 3, "max_depth": 10}	latency_s	0.009822791999994251
2026-03-29T19:57:43+00:00	routing	turborepo	srt-warm	q39	{"beam_policy": "uniform", "beam_width": 5, "max_depth": 3}	ndcg@10	0.0
2026-03-29T19:57:43+00:00	routing	turborepo	srt-warm	q39	{"beam_policy": "uniform", "beam_width": 5, "max_depth": 3}	latency_s	0.010241707999995242
2026-03-29T19:57:43+00:00	routing	turborepo	srt-warm	q39	{"beam_policy": "waterfill", "beam_width": 5, "max_depth": 3}	ndcg@10	0.0
2026-03-29T19:57:43+00:00	routing	turborepo	srt-warm	q39	{"beam_policy": "waterfill", "beam_width": 5, "max_depth": 3}	latency_s	0.009053749999999638
2026-03-29T19:57:43+00:00	routing	turborepo	srt-warm	q39	{"beam_policy": "uniform", "beam_width": 5, "max_depth": 5}	ndcg@10	0.8276058507502981
2026-03-29T19:57:43+00:00	routing	turborepo	srt-warm	q39	{"beam_policy": "uniform", "beam_width": 5, "max_depth": 5}	latency_s	0.014551875000002212
2026-03-29T19:57:43+00:00	routing	turborepo	srt-warm	q39	{"beam_policy": "waterfill", "beam_width": 5, "max_depth": 5}	ndcg@10	0.8276058507502981
2026-03-29T19:57:43+00:00	routing	turborepo	srt-warm	q39	{"beam_policy": "waterfill", "beam_width": 5, "max_depth": 5}	latency_s	0.012114708000005692
2026-03-29T19:57:43+00:00	routing	turborepo	srt-warm	q39	{"beam_policy": "uniform", "beam_width": 5, "max_depth": 7}	ndcg@10	0.8276058507502981
2026-03-29T19:57:43+00:00	routing	turborepo	srt-warm	q39	{"beam_policy": "uniform", "beam_width": 5, "max_depth": 7}	latency_s	0.014341041000001553
2026-03-29T19:57:43+00:00	routing	turborepo	srt-warm	q39	{"beam_policy": "waterfill", "beam_width": 5, "max_depth": 7}	ndcg@10	0.8276058507502981
2026-03-29T19:57:43+00:00	routing	turborepo	srt-warm	q39	{"beam_policy": "waterfill", "beam_width": 5, "max_depth": 7}	latency_s	0.013089833000002216
2026-03-29T19:57:43+00:00	routing	turborepo	srt-warm	q39	{"beam_policy": "uniform", "beam_width": 5, "max_depth": 10}	ndcg@10	0.8276058507502981
2026-03-29T19:57:43+00:00	routing	turborepo	srt-warm	q39	{"beam_policy": "uniform", "beam_width": 5, "max_depth": 10}	latency_s	0.014831916999995087
2026-03-29T19:57:43+00:00	routing	turborepo	srt-warm	q39	{"beam_policy": "waterfill", "beam_width": 5, "max_depth": 10}	ndcg@10	0.8276058507502981
2026-03-29T19:57:43+00:00	routing	turborepo	srt-warm	q39	{"beam_policy": "waterfill", "beam_width": 5, "max_depth": 10}	latency_s	0.012153666999999757
2026-03-29T19:57:43+00:00	routing	turborepo	srt-warm	q39	{"beam_policy": "uniform", "beam_width": 7, "max_depth": 3}	ndcg@10	0.0
2026-03-29T19:57:43+00:00	routing	turborepo	srt-warm	q39	{"beam_policy": "uniform", "beam_width": 7, "max_depth": 3}	latency_s	0.0119194589999978
2026-03-29T19:57:43+00:00	routing	turborepo	srt-warm	q39	{"beam_policy": "waterfill", "beam_width": 7, "max_depth": 3}	ndcg@10	0.0
2026-03-29T19:57:43+00:00	routing	turborepo	srt-warm	q39	{"beam_policy": "waterfill", "beam_width": 7, "max_depth": 3}	latency_s	0.009689833999999564
2026-03-29T19:57:43+00:00	routing	turborepo	srt-warm	q39	{"beam_policy": "uniform", "beam_width": 7, "max_depth": 5}	ndcg@10	0.8276058507502981
2026-03-29T19:57:43+00:00	routing	turborepo	srt-warm	q39	{"beam_policy": "uniform", "beam_width": 7, "max_depth": 5}	latency_s	0.022509666999994238
2026-03-29T19:57:43+00:00	routing	turborepo	srt-warm	q39	{"beam_policy": "waterfill", "beam_width": 7, "max_depth": 5}	ndcg@10	0.8276058507502981
2026-03-29T19:57:43+00:00	routing	turborepo	srt-warm	q39	{"beam_policy": "waterfill", "beam_width": 7, "max_depth": 5}	latency_s	0.014536833000001081
2026-03-29T19:57:43+00:00	routing	turborepo	srt-warm	q39	{"beam_policy": "uniform", "beam_width": 7, "max_depth": 7}	ndcg@10	0.8276058507502981
2026-03-29T19:57:43+00:00	routing	turborepo	srt-warm	q39	{"beam_policy": "uniform", "beam_width": 7, "max_depth": 7}	latency_s	0.033787500000002524
2026-03-29T19:57:43+00:00	routing	turborepo	srt-warm	q39	{"beam_policy": "waterfill", "beam_width": 7, "max_depth": 7}	ndcg@10	0.8276058507502981
2026-03-29T19:57:43+00:00	routing	turborepo	srt-warm	q39	{"beam_policy": "waterfill", "beam_width": 7, "max_depth": 7}	latency_s	0.014262333000004901
2026-03-29T19:57:43+00:00	routing	turborepo	srt-warm	q39	{"beam_policy": "uniform", "beam_width": 7, "max_depth": 10}	ndcg@10	0.8276058507502981
2026-03-29T19:57:43+00:00	routing	turborepo	srt-warm	q39	{"beam_policy": "uniform", "beam_width": 7, "max_depth": 10}	latency_s	0.03466491700000063
2026-03-29T19:57:43+00:00	routing	turborepo	srt-warm	q39	{"beam_policy": "waterfill", "beam_width": 7, "max_depth": 10}	ndcg@10	0.8276058507502981
2026-03-29T19:57:43+00:00	routing	turborepo	srt-warm	q39	{"beam_policy": "waterfill", "beam_width": 7, "max_depth": 10}	latency_s	0.014671042000003354
2026-03-29T19:57:43+00:00	routing	turborepo	srt-warm	q39	{"beam_policy": "uniform", "beam_width": 10, "max_depth": 3}	ndcg@10	0.0
2026-03-29T19:57:43+00:00	routing	turborepo	srt-warm	q39	{"beam_policy": "uniform", "beam_width": 10, "max_depth": 3}	latency_s	0.02038562500000296
2026-03-29T19:57:43+00:00	routing	turborepo	srt-warm	q39	{"beam_policy": "waterfill", "beam_width": 10, "max_depth": 3}	ndcg@10	0.0
2026-03-29T19:57:43+00:00	routing	turborepo	srt-warm	q39	{"beam_policy": "waterfill", "beam_width": 10, "max_depth": 3}	latency_s	0.011105582999995534
2026-03-29T19:57:43+00:00	routing	turborepo	srt-warm	q39	{"beam_policy": "uniform", "beam_width": 10, "max_depth": 5}	ndcg@10	0.8276058507502981
2026-03-29T19:57:43+00:00	routing	turborepo	srt-warm	q39	{"beam_policy": "uniform", "beam_width": 10, "max_depth": 5}	latency_s	0.05682866600000125
2026-03-29T19:57:43+00:00	routing	turborepo	srt-warm	q39	{"beam_policy": "waterfill", "beam_width": 10, "max_depth": 5}	ndcg@10	0.8276058507502981
2026-03-29T19:57:43+00:00	routing	turborepo	srt-warm	q39	{"beam_policy": "waterfill", "beam_width": 10, "max_depth": 5}	latency_s	0.024156499999996583
2026-03-29T19:57:43+00:00	routing	turborepo	srt-warm	q39	{"beam_policy": "uniform", "beam_width": 10, "max_depth": 7}	ndcg@10	0.8276058507502981
2026-03-29T19:57:43+00:00	routing	turborepo	srt-warm	q39	{"beam_policy": "uniform", "beam_width": 10, "max_depth": 7}	latency_s	0.07065187499999581
2026-03-29T19:57:43+00:00	routing	turborepo	srt-warm	q39	{"beam_policy": "waterfill", "beam_width": 10, "max_depth": 7}	ndcg@10	0.8276058507502981
2026-03-29T19:57:43+00:00	routing	turborepo	srt-warm	q39	{"beam_policy": "waterfill", "beam_width": 10, "max_depth": 7}	latency_s	0.034460207999998715
2026-03-29T19:57:43+00:00	routing	turborepo	srt-warm	q39	{"beam_policy": "uniform", "beam_width": 10, "max_depth": 10}	ndcg@10	0.8276058507502981
2026-03-29T19:57:43+00:00	routing	turborepo	srt-warm	q39	{"beam_policy": "uniform", "beam_width": 10, "max_depth": 10}	latency_s	0.0715965830000016
2026-03-29T19:57:43+00:00	routing	turborepo	srt-warm	q39	{"beam_policy": "waterfill", "beam_width": 10, "max_depth": 10}	ndcg@10	0.8276058507502981
2026-03-29T19:57:43+00:00	routing	turborepo	srt-warm	q39	{"beam_policy": "waterfill", "beam_width": 10, "max_depth": 10}	latency_s	0.03866970800000047
2026-03-29T19:57:43+00:00	routing	turborepo	srt-warm	q40	{"beam_policy": "uniform", "beam_width": 2, "max_depth": 3}	ndcg@10	0.0
2026-03-29T19:57:43+00:00	routing	turborepo	srt-warm	q40	{"beam_policy": "uniform", "beam_width": 2, "max_depth": 3}	latency_s	0.009618291999998974
2026-03-29T19:57:43+00:00	routing	turborepo	srt-warm	q40	{"beam_policy": "waterfill", "beam_width": 2, "max_depth": 3}	ndcg@10	0.0
2026-03-29T19:57:43+00:00	routing	turborepo	srt-warm	q40	{"beam_policy": "waterfill", "beam_width": 2, "max_depth": 3}	latency_s	0.009219916999995803
2026-03-29T19:57:43+00:00	routing	turborepo	srt-warm	q40	{"beam_policy": "uniform", "beam_width": 2, "max_depth": 5}	ndcg@10	0.3530673509902107
2026-03-29T19:57:43+00:00	routing	turborepo	srt-warm	q40	{"beam_policy": "uniform", "beam_width": 2, "max_depth": 5}	latency_s	0.00961033400000133
2026-03-29T19:57:43+00:00	routing	turborepo	srt-warm	q40	{"beam_policy": "waterfill", "beam_width": 2, "max_depth": 5}	ndcg@10	0.0
2026-03-29T19:57:43+00:00	routing	turborepo	srt-warm	q40	{"beam_policy": "waterfill", "beam_width": 2, "max_depth": 5}	latency_s	0.008301708000004737
2026-03-29T19:57:43+00:00	routing	turborepo	srt-warm	q40	{"beam_policy": "uniform", "beam_width": 2, "max_depth": 7}	ndcg@10	0.3530673509902107
2026-03-29T19:57:43+00:00	routing	turborepo	srt-warm	q40	{"beam_policy": "uniform", "beam_width": 2, "max_depth": 7}	latency_s	0.009309749999999894
2026-03-29T19:57:43+00:00	routing	turborepo	srt-warm	q40	{"beam_policy": "waterfill", "beam_width": 2, "max_depth": 7}	ndcg@10	0.0
2026-03-29T19:57:43+00:00	routing	turborepo	srt-warm	q40	{"beam_policy": "waterfill", "beam_width": 2, "max_depth": 7}	latency_s	0.00840408300000206
2026-03-29T19:57:43+00:00	routing	turborepo	srt-warm	q40	{"beam_policy": "uniform", "beam_width": 2, "max_depth": 10}	ndcg@10	0.3530673509902107
2026-03-29T19:57:43+00:00	routing	turborepo	srt-warm	q40	{"beam_policy": "uniform", "beam_width": 2, "max_depth": 10}	latency_s	0.009414917000000855
2026-03-29T19:57:43+00:00	routing	turborepo	srt-warm	q40	{"beam_policy": "waterfill", "beam_width": 2, "max_depth": 10}	ndcg@10	0.0
2026-03-29T19:57:43+00:00	routing	turborepo	srt-warm	q40	{"beam_policy": "waterfill", "beam_width": 2, "max_depth": 10}	latency_s	0.009627250000001197
2026-03-29T19:57:43+00:00	routing	turborepo	srt-warm	q40	{"beam_policy": "uniform", "beam_width": 3, "max_depth": 3}	ndcg@10	0.0
2026-03-29T19:57:43+00:00	routing	turborepo	srt-warm	q40	{"beam_policy": "uniform", "beam_width": 3, "max_depth": 3}	latency_s	0.009659584000004884
2026-03-29T19:57:43+00:00	routing	turborepo	srt-warm	q40	{"beam_policy": "waterfill", "beam_width": 3, "max_depth": 3}	ndcg@10	0.0
2026-03-29T19:57:43+00:00	routing	turborepo	srt-warm	q40	{"beam_policy": "waterfill", "beam_width": 3, "max_depth": 3}	latency_s	0.009233208000004822
2026-03-29T19:57:43+00:00	routing	turborepo	srt-warm	q40	{"beam_policy": "uniform", "beam_width": 3, "max_depth": 5}	ndcg@10	0.3530673509902107
2026-03-29T19:57:43+00:00	routing	turborepo	srt-warm	q40	{"beam_policy": "uniform", "beam_width": 3, "max_depth": 5}	latency_s	0.013682457999998121
2026-03-29T19:57:43+00:00	routing	turborepo	srt-warm	q40	{"beam_policy": "waterfill", "beam_width": 3, "max_depth": 5}	ndcg@10	0.3530673509902107
2026-03-29T19:57:43+00:00	routing	turborepo	srt-warm	q40	{"beam_policy": "waterfill", "beam_width": 3, "max_depth": 5}	latency_s	0.010298292000001652
2026-03-29T19:57:43+00:00	routing	turborepo	srt-warm	q40	{"beam_policy": "uniform", "beam_width": 3, "max_depth": 7}	ndcg@10	0.3530673509902107
2026-03-29T19:57:43+00:00	routing	turborepo	srt-warm	q40	{"beam_policy": "uniform", "beam_width": 3, "max_depth": 7}	latency_s	0.012426333000000511
2026-03-29T19:57:43+00:00	routing	turborepo	srt-warm	q40	{"beam_policy": "waterfill", "beam_width": 3, "max_depth": 7}	ndcg@10	0.3530673509902107
2026-03-29T19:57:43+00:00	routing	turborepo	srt-warm	q40	{"beam_policy": "waterfill", "beam_width": 3, "max_depth": 7}	latency_s	0.010937792000000002
2026-03-29T19:57:43+00:00	routing	turborepo	srt-warm	q40	{"beam_policy": "uniform", "beam_width": 3, "max_depth": 10}	ndcg@10	0.3530673509902107
2026-03-29T19:57:43+00:00	routing	turborepo	srt-warm	q40	{"beam_policy": "uniform", "beam_width": 3, "max_depth": 10}	latency_s	0.01341225000000179
2026-03-29T19:57:43+00:00	routing	turborepo	srt-warm	q40	{"beam_policy": "waterfill", "beam_width": 3, "max_depth": 10}	ndcg@10	0.3530673509902107
2026-03-29T19:57:43+00:00	routing	turborepo	srt-warm	q40	{"beam_policy": "waterfill", "beam_width": 3, "max_depth": 10}	latency_s	0.00942674999999582
2026-03-29T19:57:43+00:00	routing	turborepo	srt-warm	q40	{"beam_policy": "uniform", "beam_width": 5, "max_depth": 3}	ndcg@10	0.0
2026-03-29T19:57:43+00:00	routing	turborepo	srt-warm	q40	{"beam_policy": "uniform", "beam_width": 5, "max_depth": 3}	latency_s	0.010415666000000101
2026-03-29T19:57:43+00:00	routing	turborepo	srt-warm	q40	{"beam_policy": "waterfill", "beam_width": 5, "max_depth": 3}	ndcg@10	0.0
2026-03-29T19:57:43+00:00	routing	turborepo	srt-warm	q40	{"beam_policy": "waterfill", "beam_width": 5, "max_depth": 3}	latency_s	0.009846292000005974
2026-03-29T19:57:43+00:00	routing	turborepo	srt-warm	q40	{"beam_policy": "uniform", "beam_width": 5, "max_depth": 5}	ndcg@10	0.5395063739858038
2026-03-29T19:57:43+00:00	routing	turborepo	srt-warm	q40	{"beam_policy": "uniform", "beam_width": 5, "max_depth": 5}	latency_s	0.015046541999993224
2026-03-29T19:57:43+00:00	routing	turborepo	srt-warm	q40	{"beam_policy": "waterfill", "beam_width": 5, "max_depth": 5}	ndcg@10	0.3530673509902107
2026-03-29T19:57:43+00:00	routing	turborepo	srt-warm	q40	{"beam_policy": "waterfill", "beam_width": 5, "max_depth": 5}	latency_s	0.014839874999999836
2026-03-29T19:57:43+00:00	routing	turborepo	srt-warm	q40	{"beam_policy": "uniform", "beam_width": 5, "max_depth": 7}	ndcg@10	0.5395063739858038
2026-03-29T19:57:43+00:00	routing	turborepo	srt-warm	q40	{"beam_policy": "uniform", "beam_width": 5, "max_depth": 7}	latency_s	0.015189958999997089
2026-03-29T19:57:44+00:00	routing	turborepo	srt-warm	q40	{"beam_policy": "waterfill", "beam_width": 5, "max_depth": 7}	ndcg@10	0.3530673509902107
2026-03-29T19:57:44+00:00	routing	turborepo	srt-warm	q40	{"beam_policy": "waterfill", "beam_width": 5, "max_depth": 7}	latency_s	0.0145601250000027
2026-03-29T19:57:44+00:00	routing	turborepo	srt-warm	q40	{"beam_policy": "uniform", "beam_width": 5, "max_depth": 10}	ndcg@10	0.5395063739858038
2026-03-29T19:57:44+00:00	routing	turborepo	srt-warm	q40	{"beam_policy": "uniform", "beam_width": 5, "max_depth": 10}	latency_s	0.016412584000001118
2026-03-29T19:57:44+00:00	routing	turborepo	srt-warm	q40	{"beam_policy": "waterfill", "beam_width": 5, "max_depth": 10}	ndcg@10	0.3530673509902107
2026-03-29T19:57:44+00:00	routing	turborepo	srt-warm	q40	{"beam_policy": "waterfill", "beam_width": 5, "max_depth": 10}	latency_s	0.01509179199999977
2026-03-29T19:57:44+00:00	routing	turborepo	srt-warm	q40	{"beam_policy": "uniform", "beam_width": 7, "max_depth": 3}	ndcg@10	0.0
2026-03-29T19:57:44+00:00	routing	turborepo	srt-warm	q40	{"beam_policy": "uniform", "beam_width": 7, "max_depth": 3}	latency_s	0.01734700000000089
2026-03-29T19:57:44+00:00	routing	turborepo	srt-warm	q40	{"beam_policy": "waterfill", "beam_width": 7, "max_depth": 3}	ndcg@10	0.0
2026-03-29T19:57:44+00:00	routing	turborepo	srt-warm	q40	{"beam_policy": "waterfill", "beam_width": 7, "max_depth": 3}	latency_s	0.010676833999994528
2026-03-29T19:57:44+00:00	routing	turborepo	srt-warm	q40	{"beam_policy": "uniform", "beam_width": 7, "max_depth": 5}	ndcg@10	0.5395063739858038
2026-03-29T19:57:44+00:00	routing	turborepo	srt-warm	q40	{"beam_policy": "uniform", "beam_width": 7, "max_depth": 5}	latency_s	0.03140600000000404
2026-03-29T19:57:44+00:00	routing	turborepo	srt-warm	q40	{"beam_policy": "waterfill", "beam_width": 7, "max_depth": 5}	ndcg@10	0.5395063739858038
2026-03-29T19:57:44+00:00	routing	turborepo	srt-warm	q40	{"beam_policy": "waterfill", "beam_width": 7, "max_depth": 5}	latency_s	0.01540025000000611
2026-03-29T19:57:44+00:00	routing	turborepo	srt-warm	q40	{"beam_policy": "uniform", "beam_width": 7, "max_depth": 7}	ndcg@10	0.5395063739858038
2026-03-29T19:57:44+00:00	routing	turborepo	srt-warm	q40	{"beam_policy": "uniform", "beam_width": 7, "max_depth": 7}	latency_s	0.03241574999999841
2026-03-29T19:57:44+00:00	routing	turborepo	srt-warm	q40	{"beam_policy": "waterfill", "beam_width": 7, "max_depth": 7}	ndcg@10	0.5395063739858038
2026-03-29T19:57:44+00:00	routing	turborepo	srt-warm	q40	{"beam_policy": "waterfill", "beam_width": 7, "max_depth": 7}	latency_s	0.015973667000004355
2026-03-29T19:57:44+00:00	routing	turborepo	srt-warm	q40	{"beam_policy": "uniform", "beam_width": 7, "max_depth": 10}	ndcg@10	0.5395063739858038
2026-03-29T19:57:44+00:00	routing	turborepo	srt-warm	q40	{"beam_policy": "uniform", "beam_width": 7, "max_depth": 10}	latency_s	0.03356208399999616
2026-03-29T19:57:44+00:00	routing	turborepo	srt-warm	q40	{"beam_policy": "waterfill", "beam_width": 7, "max_depth": 10}	ndcg@10	0.5395063739858038
2026-03-29T19:57:44+00:00	routing	turborepo	srt-warm	q40	{"beam_policy": "waterfill", "beam_width": 7, "max_depth": 10}	latency_s	0.015384457999999768
2026-03-29T19:57:44+00:00	routing	turborepo	srt-warm	q40	{"beam_policy": "uniform", "beam_width": 10, "max_depth": 3}	ndcg@10	0.0
2026-03-29T19:57:44+00:00	routing	turborepo	srt-warm	q40	{"beam_policy": "uniform", "beam_width": 10, "max_depth": 3}	latency_s	0.020745708999996282
2026-03-29T19:57:44+00:00	routing	turborepo	srt-warm	q40	{"beam_policy": "waterfill", "beam_width": 10, "max_depth": 3}	ndcg@10	0.0
2026-03-29T19:57:44+00:00	routing	turborepo	srt-warm	q40	{"beam_policy": "waterfill", "beam_width": 10, "max_depth": 3}	latency_s	0.016704208000000165
2026-03-29T19:57:44+00:00	routing	turborepo	srt-warm	q40	{"beam_policy": "uniform", "beam_width": 10, "max_depth": 5}	ndcg@10	0.5295748980947746
2026-03-29T19:57:44+00:00	routing	turborepo	srt-warm	q40	{"beam_policy": "uniform", "beam_width": 10, "max_depth": 5}	latency_s	0.05151904099999882
2026-03-29T19:57:44+00:00	routing	turborepo	srt-warm	q40	{"beam_policy": "waterfill", "beam_width": 10, "max_depth": 5}	ndcg@10	0.5395063739858038
2026-03-29T19:57:44+00:00	routing	turborepo	srt-warm	q40	{"beam_policy": "waterfill", "beam_width": 10, "max_depth": 5}	latency_s	0.03206791600000258
2026-03-29T19:57:44+00:00	routing	turborepo	srt-warm	q40	{"beam_policy": "uniform", "beam_width": 10, "max_depth": 7}	ndcg@10	0.5295748980947746
2026-03-29T19:57:44+00:00	routing	turborepo	srt-warm	q40	{"beam_policy": "uniform", "beam_width": 10, "max_depth": 7}	latency_s	0.06854150000000203
2026-03-29T19:57:44+00:00	routing	turborepo	srt-warm	q40	{"beam_policy": "waterfill", "beam_width": 10, "max_depth": 7}	ndcg@10	0.5395063739858038
2026-03-29T19:57:44+00:00	routing	turborepo	srt-warm	q40	{"beam_policy": "waterfill", "beam_width": 10, "max_depth": 7}	latency_s	0.03346087499999584
2026-03-29T19:57:44+00:00	routing	turborepo	srt-warm	q40	{"beam_policy": "uniform", "beam_width": 10, "max_depth": 10}	ndcg@10	0.5295748980947746
2026-03-29T19:57:44+00:00	routing	turborepo	srt-warm	q40	{"beam_policy": "uniform", "beam_width": 10, "max_depth": 10}	latency_s	0.06925254100000444
2026-03-29T19:57:44+00:00	routing	turborepo	srt-warm	q40	{"beam_policy": "waterfill", "beam_width": 10, "max_depth": 10}	ndcg@10	0.5395063739858038
2026-03-29T19:57:44+00:00	routing	turborepo	srt-warm	q40	{"beam_policy": "waterfill", "beam_width": 10, "max_depth": 10}	latency_s	0.03284845799999658
