timestamp	phase	repo	system	query_id	control_json	metric	value
2026-03-29T19:03:04+00:00	routing	turborepo	srt-cold	q01	{"beam_policy": "uniform", "beam_width": 2, "max_depth": 3}	ndcg@10	0.0
2026-03-29T19:03:04+00:00	routing	turborepo	srt-cold	q01	{"beam_policy": "uniform", "beam_width": 2, "max_depth": 3}	latency_s	0.10184875000000002
2026-03-29T19:03:04+00:00	routing	turborepo	srt-cold	q01	{"beam_policy": "waterfill", "beam_width": 2, "max_depth": 3}	ndcg@10	0.0
2026-03-29T19:03:04+00:00	routing	turborepo	srt-cold	q01	{"beam_policy": "waterfill", "beam_width": 2, "max_depth": 3}	latency_s	0.09042154200000002
2026-03-29T19:03:04+00:00	routing	turborepo	srt-cold	q01	{"beam_policy": "uniform", "beam_width": 2, "max_depth": 5}	ndcg@10	0.6467429303328278
2026-03-29T19:03:04+00:00	routing	turborepo	srt-cold	q01	{"beam_policy": "uniform", "beam_width": 2, "max_depth": 5}	latency_s	0.08855474999999999
2026-03-29T19:03:04+00:00	routing	turborepo	srt-cold	q01	{"beam_policy": "waterfill", "beam_width": 2, "max_depth": 5}	ndcg@10	0.7341820784026079
2026-03-29T19:03:04+00:00	routing	turborepo	srt-cold	q01	{"beam_policy": "waterfill", "beam_width": 2, "max_depth": 5}	latency_s	0.08911470900000001
2026-03-29T19:03:04+00:00	routing	turborepo	srt-cold	q01	{"beam_policy": "uniform", "beam_width": 2, "max_depth": 7}	ndcg@10	0.6467429303328278
2026-03-29T19:03:04+00:00	routing	turborepo	srt-cold	q01	{"beam_policy": "uniform", "beam_width": 2, "max_depth": 7}	latency_s	0.09255387500000006
2026-03-29T19:03:04+00:00	routing	turborepo	srt-cold	q01	{"beam_policy": "waterfill", "beam_width": 2, "max_depth": 7}	ndcg@10	0.7341820784026079
2026-03-29T19:03:04+00:00	routing	turborepo	srt-cold	q01	{"beam_policy": "waterfill", "beam_width": 2, "max_depth": 7}	latency_s	0.09493266700000003
2026-03-29T19:03:04+00:00	routing	turborepo	srt-cold	q01	{"beam_policy": "uniform", "beam_width": 2, "max_depth": 10}	ndcg@10	0.6467429303328278
2026-03-29T19:03:04+00:00	routing	turborepo	srt-cold	q01	{"beam_policy": "uniform", "beam_width": 2, "max_depth": 10}	latency_s	0.09423045900000004
2026-03-29T19:03:04+00:00	routing	turborepo	srt-cold	q01	{"beam_policy": "waterfill", "beam_width": 2, "max_depth": 10}	ndcg@10	0.7341820784026079
2026-03-29T19:03:04+00:00	routing	turborepo	srt-cold	q01	{"beam_policy": "waterfill", "beam_width": 2, "max_depth": 10}	latency_s	0.08921445799999994
2026-03-29T19:03:04+00:00	routing	turborepo	srt-cold	q01	{"beam_policy": "uniform", "beam_width": 3, "max_depth": 3}	ndcg@10	0.0
2026-03-29T19:03:04+00:00	routing	turborepo	srt-cold	q01	{"beam_policy": "uniform", "beam_width": 3, "max_depth": 3}	latency_s	0.08752674999999999
2026-03-29T19:03:04+00:00	routing	turborepo	srt-cold	q01	{"beam_policy": "waterfill", "beam_width": 3, "max_depth": 3}	ndcg@10	0.0
2026-03-29T19:03:04+00:00	routing	turborepo	srt-cold	q01	{"beam_policy": "waterfill", "beam_width": 3, "max_depth": 3}	latency_s	0.08727787499999995
2026-03-29T19:03:04+00:00	routing	turborepo	srt-cold	q01	{"beam_policy": "uniform", "beam_width": 3, "max_depth": 5}	ndcg@10	0.6467429303328278
2026-03-29T19:03:04+00:00	routing	turborepo	srt-cold	q01	{"beam_policy": "uniform", "beam_width": 3, "max_depth": 5}	latency_s	0.0897792919999999
2026-03-29T19:03:05+00:00	routing	turborepo	srt-cold	q01	{"beam_policy": "waterfill", "beam_width": 3, "max_depth": 5}	ndcg@10	0.6467429303328278
2026-03-29T19:03:05+00:00	routing	turborepo	srt-cold	q01	{"beam_policy": "waterfill", "beam_width": 3, "max_depth": 5}	latency_s	0.09103079199999997
2026-03-29T19:03:05+00:00	routing	turborepo	srt-cold	q01	{"beam_policy": "uniform", "beam_width": 3, "max_depth": 7}	ndcg@10	0.6467429303328278
2026-03-29T19:03:05+00:00	routing	turborepo	srt-cold	q01	{"beam_policy": "uniform", "beam_width": 3, "max_depth": 7}	latency_s	0.08775412500000002
2026-03-29T19:03:05+00:00	routing	turborepo	srt-cold	q01	{"beam_policy": "waterfill", "beam_width": 3, "max_depth": 7}	ndcg@10	0.6467429303328278
2026-03-29T19:03:05+00:00	routing	turborepo	srt-cold	q01	{"beam_policy": "waterfill", "beam_width": 3, "max_depth": 7}	latency_s	0.0863435840000002
2026-03-29T19:03:05+00:00	routing	turborepo	srt-cold	q01	{"beam_policy": "uniform", "beam_width": 3, "max_depth": 10}	ndcg@10	0.6467429303328278
2026-03-29T19:03:05+00:00	routing	turborepo	srt-cold	q01	{"beam_policy": "uniform", "beam_width": 3, "max_depth": 10}	latency_s	0.08906174999999994
2026-03-29T19:03:05+00:00	routing	turborepo	srt-cold	q01	{"beam_policy": "waterfill", "beam_width": 3, "max_depth": 10}	ndcg@10	0.6467429303328278
2026-03-29T19:03:05+00:00	routing	turborepo	srt-cold	q01	{"beam_policy": "waterfill", "beam_width": 3, "max_depth": 10}	latency_s	0.08748916699999998
2026-03-29T19:03:05+00:00	routing	turborepo	srt-cold	q01	{"beam_policy": "uniform", "beam_width": 5, "max_depth": 3}	ndcg@10	0.0
2026-03-29T19:03:05+00:00	routing	turborepo	srt-cold	q01	{"beam_policy": "uniform", "beam_width": 5, "max_depth": 3}	latency_s	0.089029625
2026-03-29T19:03:05+00:00	routing	turborepo	srt-cold	q01	{"beam_policy": "waterfill", "beam_width": 5, "max_depth": 3}	ndcg@10	0.0
2026-03-29T19:03:05+00:00	routing	turborepo	srt-cold	q01	{"beam_policy": "waterfill", "beam_width": 5, "max_depth": 3}	latency_s	0.088443292
2026-03-29T19:03:05+00:00	routing	turborepo	srt-cold	q01	{"beam_policy": "uniform", "beam_width": 5, "max_depth": 5}	ndcg@10	0.6824849757840203
2026-03-29T19:03:05+00:00	routing	turborepo	srt-cold	q01	{"beam_policy": "uniform", "beam_width": 5, "max_depth": 5}	latency_s	0.09078312500000019
2026-03-29T19:03:05+00:00	routing	turborepo	srt-cold	q01	{"beam_policy": "waterfill", "beam_width": 5, "max_depth": 5}	ndcg@10	0.6824849757840203
2026-03-29T19:03:05+00:00	routing	turborepo	srt-cold	q01	{"beam_policy": "waterfill", "beam_width": 5, "max_depth": 5}	latency_s	0.08859745900000005
2026-03-29T19:03:05+00:00	routing	turborepo	srt-cold	q01	{"beam_policy": "uniform", "beam_width": 5, "max_depth": 7}	ndcg@10	0.6824849757840203
2026-03-29T19:03:05+00:00	routing	turborepo	srt-cold	q01	{"beam_policy": "uniform", "beam_width": 5, "max_depth": 7}	latency_s	0.09177287499999998
2026-03-29T19:03:05+00:00	routing	turborepo	srt-cold	q01	{"beam_policy": "waterfill", "beam_width": 5, "max_depth": 7}	ndcg@10	0.6824849757840203
2026-03-29T19:03:05+00:00	routing	turborepo	srt-cold	q01	{"beam_policy": "waterfill", "beam_width": 5, "max_depth": 7}	latency_s	0.08828254199999974
2026-03-29T19:03:06+00:00	routing	turborepo	srt-cold	q01	{"beam_policy": "uniform", "beam_width": 5, "max_depth": 10}	ndcg@10	0.6824849757840203
2026-03-29T19:03:06+00:00	routing	turborepo	srt-cold	q01	{"beam_policy": "uniform", "beam_width": 5, "max_depth": 10}	latency_s	0.09123054199999991
2026-03-29T19:03:06+00:00	routing	turborepo	srt-cold	q01	{"beam_policy": "waterfill", "beam_width": 5, "max_depth": 10}	ndcg@10	0.6824849757840203
2026-03-29T19:03:06+00:00	routing	turborepo	srt-cold	q01	{"beam_policy": "waterfill", "beam_width": 5, "max_depth": 10}	latency_s	0.0907846250000004
2026-03-29T19:03:06+00:00	routing	turborepo	srt-cold	q01	{"beam_policy": "uniform", "beam_width": 7, "max_depth": 3}	ndcg@10	0.0
2026-03-29T19:03:06+00:00	routing	turborepo	srt-cold	q01	{"beam_policy": "uniform", "beam_width": 7, "max_depth": 3}	latency_s	0.08904349999999983
2026-03-29T19:03:06+00:00	routing	turborepo	srt-cold	q01	{"beam_policy": "waterfill", "beam_width": 7, "max_depth": 3}	ndcg@10	0.0
2026-03-29T19:03:06+00:00	routing	turborepo	srt-cold	q01	{"beam_policy": "waterfill", "beam_width": 7, "max_depth": 3}	latency_s	0.09036574999999969
2026-03-29T19:03:06+00:00	routing	turborepo	srt-cold	q01	{"beam_policy": "uniform", "beam_width": 7, "max_depth": 5}	ndcg@10	0.6796535703322358
2026-03-29T19:03:06+00:00	routing	turborepo	srt-cold	q01	{"beam_policy": "uniform", "beam_width": 7, "max_depth": 5}	latency_s	0.11645762499999979
2026-03-29T19:03:06+00:00	routing	turborepo	srt-cold	q01	{"beam_policy": "waterfill", "beam_width": 7, "max_depth": 5}	ndcg@10	0.6824849757840203
2026-03-29T19:03:06+00:00	routing	turborepo	srt-cold	q01	{"beam_policy": "waterfill", "beam_width": 7, "max_depth": 5}	latency_s	0.0918000000000001
2026-03-29T19:03:06+00:00	routing	turborepo	srt-cold	q01	{"beam_policy": "uniform", "beam_width": 7, "max_depth": 7}	ndcg@10	0.6796535703322358
2026-03-29T19:03:06+00:00	routing	turborepo	srt-cold	q01	{"beam_policy": "uniform", "beam_width": 7, "max_depth": 7}	latency_s	0.12091841699999994
2026-03-29T19:03:06+00:00	routing	turborepo	srt-cold	q01	{"beam_policy": "waterfill", "beam_width": 7, "max_depth": 7}	ndcg@10	0.6824849757840203
2026-03-29T19:03:06+00:00	routing	turborepo	srt-cold	q01	{"beam_policy": "waterfill", "beam_width": 7, "max_depth": 7}	latency_s	0.0915072079999999
2026-03-29T19:03:06+00:00	routing	turborepo	srt-cold	q01	{"beam_policy": "uniform", "beam_width": 7, "max_depth": 10}	ndcg@10	0.6796535703322358
2026-03-29T19:03:06+00:00	routing	turborepo	srt-cold	q01	{"beam_policy": "uniform", "beam_width": 7, "max_depth": 10}	latency_s	0.12139391600000016
2026-03-29T19:03:06+00:00	routing	turborepo	srt-cold	q01	{"beam_policy": "waterfill", "beam_width": 7, "max_depth": 10}	ndcg@10	0.6824849757840203
2026-03-29T19:03:06+00:00	routing	turborepo	srt-cold	q01	{"beam_policy": "waterfill", "beam_width": 7, "max_depth": 10}	latency_s	0.0915906660000001
2026-03-29T19:03:07+00:00	routing	turborepo	srt-cold	q01	{"beam_policy": "uniform", "beam_width": 10, "max_depth": 3}	ndcg@10	0.0
2026-03-29T19:03:07+00:00	routing	turborepo	srt-cold	q01	{"beam_policy": "uniform", "beam_width": 10, "max_depth": 3}	latency_s	0.09799975000000005
2026-03-29T19:03:07+00:00	routing	turborepo	srt-cold	q01	{"beam_policy": "waterfill", "beam_width": 10, "max_depth": 3}	ndcg@10	0.0
2026-03-29T19:03:07+00:00	routing	turborepo	srt-cold	q01	{"beam_policy": "waterfill", "beam_width": 10, "max_depth": 3}	latency_s	0.08782695900000004
2026-03-29T19:03:07+00:00	routing	turborepo	srt-cold	q01	{"beam_policy": "uniform", "beam_width": 10, "max_depth": 5}	ndcg@10	0.6796535703322358
2026-03-29T19:03:07+00:00	routing	turborepo	srt-cold	q01	{"beam_policy": "uniform", "beam_width": 10, "max_depth": 5}	latency_s	0.11400341699999972
2026-03-29T19:03:07+00:00	routing	turborepo	srt-cold	q01	{"beam_policy": "waterfill", "beam_width": 10, "max_depth": 5}	ndcg@10	0.6796535703322358
2026-03-29T19:03:07+00:00	routing	turborepo	srt-cold	q01	{"beam_policy": "waterfill", "beam_width": 10, "max_depth": 5}	latency_s	0.10688520800000001
2026-03-29T19:03:07+00:00	routing	turborepo	srt-cold	q01	{"beam_policy": "uniform", "beam_width": 10, "max_depth": 7}	ndcg@10	0.6796535703322358
2026-03-29T19:03:07+00:00	routing	turborepo	srt-cold	q01	{"beam_policy": "uniform", "beam_width": 10, "max_depth": 7}	latency_s	0.12523054199999972
2026-03-29T19:03:07+00:00	routing	turborepo	srt-cold	q01	{"beam_policy": "waterfill", "beam_width": 10, "max_depth": 7}	ndcg@10	0.6796535703322358
2026-03-29T19:03:07+00:00	routing	turborepo	srt-cold	q01	{"beam_policy": "waterfill", "beam_width": 10, "max_depth": 7}	latency_s	0.11802691700000034
2026-03-29T19:03:07+00:00	routing	turborepo	srt-cold	q01	{"beam_policy": "uniform", "beam_width": 10, "max_depth": 10}	ndcg@10	0.6796535703322358
2026-03-29T19:03:07+00:00	routing	turborepo	srt-cold	q01	{"beam_policy": "uniform", "beam_width": 10, "max_depth": 10}	latency_s	0.12806716600000012
2026-03-29T19:03:07+00:00	routing	turborepo	srt-cold	q01	{"beam_policy": "waterfill", "beam_width": 10, "max_depth": 10}	ndcg@10	0.6796535703322358
2026-03-29T19:03:07+00:00	routing	turborepo	srt-cold	q01	{"beam_policy": "waterfill", "beam_width": 10, "max_depth": 10}	latency_s	0.11983495799999977
2026-03-29T19:03:08+00:00	routing	turborepo	srt-cold	q02	{"beam_policy": "uniform", "beam_width": 2, "max_depth": 3}	ndcg@10	0.0
2026-03-29T19:03:08+00:00	routing	turborepo	srt-cold	q02	{"beam_policy": "uniform", "beam_width": 2, "max_depth": 3}	latency_s	0.08905366699999995
2026-03-29T19:03:08+00:00	routing	turborepo	srt-cold	q02	{"beam_policy": "waterfill", "beam_width": 2, "max_depth": 3}	ndcg@10	0.0
2026-03-29T19:03:08+00:00	routing	turborepo	srt-cold	q02	{"beam_policy": "waterfill", "beam_width": 2, "max_depth": 3}	latency_s	0.08752912500000054
2026-03-29T19:03:08+00:00	routing	turborepo	srt-cold	q02	{"beam_policy": "uniform", "beam_width": 2, "max_depth": 5}	ndcg@10	0.8678171500675899
2026-03-29T19:03:08+00:00	routing	turborepo	srt-cold	q02	{"beam_policy": "uniform", "beam_width": 2, "max_depth": 5}	latency_s	0.0900814169999995
2026-03-29T19:03:08+00:00	routing	turborepo	srt-cold	q02	{"beam_policy": "waterfill", "beam_width": 2, "max_depth": 5}	ndcg@10	0.8678171500675899
2026-03-29T19:03:08+00:00	routing	turborepo	srt-cold	q02	{"beam_policy": "waterfill", "beam_width": 2, "max_depth": 5}	latency_s	0.09254045800000021
2026-03-29T19:03:08+00:00	routing	turborepo	srt-cold	q02	{"beam_policy": "uniform", "beam_width": 2, "max_depth": 7}	ndcg@10	0.8678171500675899
2026-03-29T19:03:08+00:00	routing	turborepo	srt-cold	q02	{"beam_policy": "uniform", "beam_width": 2, "max_depth": 7}	latency_s	0.0948066660000002
2026-03-29T19:03:08+00:00	routing	turborepo	srt-cold	q02	{"beam_policy": "waterfill", "beam_width": 2, "max_depth": 7}	ndcg@10	0.8678171500675899
2026-03-29T19:03:08+00:00	routing	turborepo	srt-cold	q02	{"beam_policy": "waterfill", "beam_width": 2, "max_depth": 7}	latency_s	0.09181624999999993
2026-03-29T19:03:08+00:00	routing	turborepo	srt-cold	q02	{"beam_policy": "uniform", "beam_width": 2, "max_depth": 10}	ndcg@10	0.8678171500675899
2026-03-29T19:03:08+00:00	routing	turborepo	srt-cold	q02	{"beam_policy": "uniform", "beam_width": 2, "max_depth": 10}	latency_s	0.09052795800000002
2026-03-29T19:03:08+00:00	routing	turborepo	srt-cold	q02	{"beam_policy": "waterfill", "beam_width": 2, "max_depth": 10}	ndcg@10	0.8678171500675899
2026-03-29T19:03:08+00:00	routing	turborepo	srt-cold	q02	{"beam_policy": "waterfill", "beam_width": 2, "max_depth": 10}	latency_s	0.09655841699999979
2026-03-29T19:03:08+00:00	routing	turborepo	srt-cold	q02	{"beam_policy": "uniform", "beam_width": 3, "max_depth": 3}	ndcg@10	0.0
2026-03-29T19:03:08+00:00	routing	turborepo	srt-cold	q02	{"beam_policy": "uniform", "beam_width": 3, "max_depth": 3}	latency_s	0.09482929200000001
2026-03-29T19:03:08+00:00	routing	turborepo	srt-cold	q02	{"beam_policy": "waterfill", "beam_width": 3, "max_depth": 3}	ndcg@10	0.0
2026-03-29T19:03:08+00:00	routing	turborepo	srt-cold	q02	{"beam_policy": "waterfill", "beam_width": 3, "max_depth": 3}	latency_s	0.0982481669999995
2026-03-29T19:03:08+00:00	routing	turborepo	srt-cold	q02	{"beam_policy": "uniform", "beam_width": 3, "max_depth": 5}	ndcg@10	0.9512553021449335
2026-03-29T19:03:08+00:00	routing	turborepo	srt-cold	q02	{"beam_policy": "uniform", "beam_width": 3, "max_depth": 5}	latency_s	0.1025202080000005
2026-03-29T19:03:09+00:00	routing	turborepo	srt-cold	q02	{"beam_policy": "waterfill", "beam_width": 3, "max_depth": 5}	ndcg@10	0.8678171500675899
2026-03-29T19:03:09+00:00	routing	turborepo	srt-cold	q02	{"beam_policy": "waterfill", "beam_width": 3, "max_depth": 5}	latency_s	0.09658554099999961
2026-03-29T19:03:09+00:00	routing	turborepo	srt-cold	q02	{"beam_policy": "uniform", "beam_width": 3, "max_depth": 7}	ndcg@10	0.9512553021449335
2026-03-29T19:03:09+00:00	routing	turborepo	srt-cold	q02	{"beam_policy": "uniform", "beam_width": 3, "max_depth": 7}	latency_s	0.10070933300000018
2026-03-29T19:03:09+00:00	routing	turborepo	srt-cold	q02	{"beam_policy": "waterfill", "beam_width": 3, "max_depth": 7}	ndcg@10	0.8678171500675899
2026-03-29T19:03:09+00:00	routing	turborepo	srt-cold	q02	{"beam_policy": "waterfill", "beam_width": 3, "max_depth": 7}	latency_s	0.09402312499999965
2026-03-29T19:03:09+00:00	routing	turborepo	srt-cold	q02	{"beam_policy": "uniform", "beam_width": 3, "max_depth": 10}	ndcg@10	0.9512553021449335
2026-03-29T19:03:09+00:00	routing	turborepo	srt-cold	q02	{"beam_policy": "uniform", "beam_width": 3, "max_depth": 10}	latency_s	0.09745729199999964
2026-03-29T19:03:09+00:00	routing	turborepo	srt-cold	q02	{"beam_policy": "waterfill", "beam_width": 3, "max_depth": 10}	ndcg@10	0.8678171500675899
2026-03-29T19:03:09+00:00	routing	turborepo	srt-cold	q02	{"beam_policy": "waterfill", "beam_width": 3, "max_depth": 10}	latency_s	0.09197445800000015
2026-03-29T19:03:09+00:00	routing	turborepo	srt-cold	q02	{"beam_policy": "uniform", "beam_width": 5, "max_depth": 3}	ndcg@10	0.0
2026-03-29T19:03:09+00:00	routing	turborepo	srt-cold	q02	{"beam_policy": "uniform", "beam_width": 5, "max_depth": 3}	latency_s	0.09525708299999991
2026-03-29T19:03:09+00:00	routing	turborepo	srt-cold	q02	{"beam_policy": "waterfill", "beam_width": 5, "max_depth": 3}	ndcg@10	0.0
2026-03-29T19:03:09+00:00	routing	turborepo	srt-cold	q02	{"beam_policy": "waterfill", "beam_width": 5, "max_depth": 3}	latency_s	0.09307012499999967
2026-03-29T19:03:09+00:00	routing	turborepo	srt-cold	q02	{"beam_policy": "uniform", "beam_width": 5, "max_depth": 5}	ndcg@10	0.8678171500675899
2026-03-29T19:03:09+00:00	routing	turborepo	srt-cold	q02	{"beam_policy": "uniform", "beam_width": 5, "max_depth": 5}	latency_s	0.10675524999999997
2026-03-29T19:03:09+00:00	routing	turborepo	srt-cold	q02	{"beam_policy": "waterfill", "beam_width": 5, "max_depth": 5}	ndcg@10	0.9479388498514388
2026-03-29T19:03:09+00:00	routing	turborepo	srt-cold	q02	{"beam_policy": "waterfill", "beam_width": 5, "max_depth": 5}	latency_s	0.0977690830000002
2026-03-29T19:03:09+00:00	routing	turborepo	srt-cold	q02	{"beam_policy": "uniform", "beam_width": 5, "max_depth": 7}	ndcg@10	0.8678171500675899
2026-03-29T19:03:09+00:00	routing	turborepo	srt-cold	q02	{"beam_policy": "uniform", "beam_width": 5, "max_depth": 7}	latency_s	0.10540241599999955
2026-03-29T19:03:10+00:00	routing	turborepo	srt-cold	q02	{"beam_policy": "waterfill", "beam_width": 5, "max_depth": 7}	ndcg@10	0.9479388498514388
2026-03-29T19:03:10+00:00	routing	turborepo	srt-cold	q02	{"beam_policy": "waterfill", "beam_width": 5, "max_depth": 7}	latency_s	0.10009645800000033
2026-03-29T19:03:10+00:00	routing	turborepo	srt-cold	q02	{"beam_policy": "uniform", "beam_width": 5, "max_depth": 10}	ndcg@10	0.8678171500675899
2026-03-29T19:03:10+00:00	routing	turborepo	srt-cold	q02	{"beam_policy": "uniform", "beam_width": 5, "max_depth": 10}	latency_s	0.10110979199999992
2026-03-29T19:03:10+00:00	routing	turborepo	srt-cold	q02	{"beam_policy": "waterfill", "beam_width": 5, "max_depth": 10}	ndcg@10	0.9479388498514388
2026-03-29T19:03:10+00:00	routing	turborepo	srt-cold	q02	{"beam_policy": "waterfill", "beam_width": 5, "max_depth": 10}	latency_s	0.09581224999999982
2026-03-29T19:03:10+00:00	routing	turborepo	srt-cold	q02	{"beam_policy": "uniform", "beam_width": 7, "max_depth": 3}	ndcg@10	0.0
2026-03-29T19:03:10+00:00	routing	turborepo	srt-cold	q02	{"beam_policy": "uniform", "beam_width": 7, "max_depth": 3}	latency_s	0.09058941700000034
2026-03-29T19:03:10+00:00	routing	turborepo	srt-cold	q02	{"beam_policy": "waterfill", "beam_width": 7, "max_depth": 3}	ndcg@10	0.0
2026-03-29T19:03:10+00:00	routing	turborepo	srt-cold	q02	{"beam_policy": "waterfill", "beam_width": 7, "max_depth": 3}	latency_s	0.0931404579999997
2026-03-29T19:03:10+00:00	routing	turborepo	srt-cold	q02	{"beam_policy": "uniform", "beam_width": 7, "max_depth": 5}	ndcg@10	0.8678171500675899
2026-03-29T19:03:10+00:00	routing	turborepo	srt-cold	q02	{"beam_policy": "uniform", "beam_width": 7, "max_depth": 5}	latency_s	0.10390937500000064
2026-03-29T19:03:10+00:00	routing	turborepo	srt-cold	q02	{"beam_policy": "waterfill", "beam_width": 7, "max_depth": 5}	ndcg@10	0.8678171500675899
2026-03-29T19:03:10+00:00	routing	turborepo	srt-cold	q02	{"beam_policy": "waterfill", "beam_width": 7, "max_depth": 5}	latency_s	0.09925033299999964
2026-03-29T19:03:10+00:00	routing	turborepo	srt-cold	q02	{"beam_policy": "uniform", "beam_width": 7, "max_depth": 7}	ndcg@10	0.8678171500675899
2026-03-29T19:03:10+00:00	routing	turborepo	srt-cold	q02	{"beam_policy": "uniform", "beam_width": 7, "max_depth": 7}	latency_s	0.10242124999999991
2026-03-29T19:03:10+00:00	routing	turborepo	srt-cold	q02	{"beam_policy": "waterfill", "beam_width": 7, "max_depth": 7}	ndcg@10	0.8678171500675899
2026-03-29T19:03:10+00:00	routing	turborepo	srt-cold	q02	{"beam_policy": "waterfill", "beam_width": 7, "max_depth": 7}	latency_s	0.10236120900000056
2026-03-29T19:03:10+00:00	routing	turborepo	srt-cold	q02	{"beam_policy": "uniform", "beam_width": 7, "max_depth": 10}	ndcg@10	0.8678171500675899
2026-03-29T19:03:10+00:00	routing	turborepo	srt-cold	q02	{"beam_policy": "uniform", "beam_width": 7, "max_depth": 10}	latency_s	0.10707908400000044
2026-03-29T19:03:11+00:00	routing	turborepo	srt-cold	q02	{"beam_policy": "waterfill", "beam_width": 7, "max_depth": 10}	ndcg@10	0.8678171500675899
2026-03-29T19:03:11+00:00	routing	turborepo	srt-cold	q02	{"beam_policy": "waterfill", "beam_width": 7, "max_depth": 10}	latency_s	0.1020473329999998
2026-03-29T19:03:11+00:00	routing	turborepo	srt-cold	q02	{"beam_policy": "uniform", "beam_width": 10, "max_depth": 3}	ndcg@10	0.0
2026-03-29T19:03:11+00:00	routing	turborepo	srt-cold	q02	{"beam_policy": "uniform", "beam_width": 10, "max_depth": 3}	latency_s	0.09954554100000035
2026-03-29T19:03:11+00:00	routing	turborepo	srt-cold	q02	{"beam_policy": "waterfill", "beam_width": 10, "max_depth": 3}	ndcg@10	0.0
2026-03-29T19:03:11+00:00	routing	turborepo	srt-cold	q02	{"beam_policy": "waterfill", "beam_width": 10, "max_depth": 3}	latency_s	0.09236566700000015
2026-03-29T19:03:11+00:00	routing	turborepo	srt-cold	q02	{"beam_policy": "uniform", "beam_width": 10, "max_depth": 5}	ndcg@10	0.8678171500675899
2026-03-29T19:03:11+00:00	routing	turborepo	srt-cold	q02	{"beam_policy": "uniform", "beam_width": 10, "max_depth": 5}	latency_s	0.12085795800000021
2026-03-29T19:03:11+00:00	routing	turborepo	srt-cold	q02	{"beam_policy": "waterfill", "beam_width": 10, "max_depth": 5}	ndcg@10	0.8678171500675899
2026-03-29T19:03:11+00:00	routing	turborepo	srt-cold	q02	{"beam_policy": "waterfill", "beam_width": 10, "max_depth": 5}	latency_s	0.10895941600000025
2026-03-29T19:03:11+00:00	routing	turborepo	srt-cold	q02	{"beam_policy": "uniform", "beam_width": 10, "max_depth": 7}	ndcg@10	0.8678171500675899
2026-03-29T19:03:11+00:00	routing	turborepo	srt-cold	q02	{"beam_policy": "uniform", "beam_width": 10, "max_depth": 7}	latency_s	0.13644904199999974
2026-03-29T19:03:11+00:00	routing	turborepo	srt-cold	q02	{"beam_policy": "waterfill", "beam_width": 10, "max_depth": 7}	ndcg@10	0.8678171500675899
2026-03-29T19:03:11+00:00	routing	turborepo	srt-cold	q02	{"beam_policy": "waterfill", "beam_width": 10, "max_depth": 7}	latency_s	0.10731379200000024
2026-03-29T19:03:11+00:00	routing	turborepo	srt-cold	q02	{"beam_policy": "uniform", "beam_width": 10, "max_depth": 10}	ndcg@10	0.8678171500675899
2026-03-29T19:03:11+00:00	routing	turborepo	srt-cold	q02	{"beam_policy": "uniform", "beam_width": 10, "max_depth": 10}	latency_s	0.13372341600000048
2026-03-29T19:03:12+00:00	routing	turborepo	srt-cold	q02	{"beam_policy": "waterfill", "beam_width": 10, "max_depth": 10}	ndcg@10	0.8678171500675899
2026-03-29T19:03:12+00:00	routing	turborepo	srt-cold	q02	{"beam_policy": "waterfill", "beam_width": 10, "max_depth": 10}	latency_s	0.1063603750000004
2026-03-29T19:03:12+00:00	routing	turborepo	srt-cold	q03	{"beam_policy": "uniform", "beam_width": 2, "max_depth": 3}	ndcg@10	0.0
2026-03-29T19:03:12+00:00	routing	turborepo	srt-cold	q03	{"beam_policy": "uniform", "beam_width": 2, "max_depth": 3}	latency_s	0.08845366699999957
2026-03-29T19:03:12+00:00	routing	turborepo	srt-cold	q03	{"beam_policy": "waterfill", "beam_width": 2, "max_depth": 3}	ndcg@10	0.0
2026-03-29T19:03:12+00:00	routing	turborepo	srt-cold	q03	{"beam_policy": "waterfill", "beam_width": 2, "max_depth": 3}	latency_s	0.08992716700000081
2026-03-29T19:03:12+00:00	routing	turborepo	srt-cold	q03	{"beam_policy": "uniform", "beam_width": 2, "max_depth": 5}	ndcg@10	0.0
2026-03-29T19:03:12+00:00	routing	turborepo	srt-cold	q03	{"beam_policy": "uniform", "beam_width": 2, "max_depth": 5}	latency_s	0.09071220800000113
2026-03-29T19:03:12+00:00	routing	turborepo	srt-cold	q03	{"beam_policy": "waterfill", "beam_width": 2, "max_depth": 5}	ndcg@10	0.0
2026-03-29T19:03:12+00:00	routing	turborepo	srt-cold	q03	{"beam_policy": "waterfill", "beam_width": 2, "max_depth": 5}	latency_s	0.08645354100000091
2026-03-29T19:03:12+00:00	routing	turborepo	srt-cold	q03	{"beam_policy": "uniform", "beam_width": 2, "max_depth": 7}	ndcg@10	0.0
2026-03-29T19:03:12+00:00	routing	turborepo	srt-cold	q03	{"beam_policy": "uniform", "beam_width": 2, "max_depth": 7}	latency_s	0.08769287500000011
2026-03-29T19:03:12+00:00	routing	turborepo	srt-cold	q03	{"beam_policy": "waterfill", "beam_width": 2, "max_depth": 7}	ndcg@10	0.0
2026-03-29T19:03:12+00:00	routing	turborepo	srt-cold	q03	{"beam_policy": "waterfill", "beam_width": 2, "max_depth": 7}	latency_s	0.09655650000000016
2026-03-29T19:03:12+00:00	routing	turborepo	srt-cold	q03	{"beam_policy": "uniform", "beam_width": 2, "max_depth": 10}	ndcg@10	0.0
2026-03-29T19:03:12+00:00	routing	turborepo	srt-cold	q03	{"beam_policy": "uniform", "beam_width": 2, "max_depth": 10}	latency_s	0.08726079100000028
2026-03-29T19:03:12+00:00	routing	turborepo	srt-cold	q03	{"beam_policy": "waterfill", "beam_width": 2, "max_depth": 10}	ndcg@10	0.0
2026-03-29T19:03:12+00:00	routing	turborepo	srt-cold	q03	{"beam_policy": "waterfill", "beam_width": 2, "max_depth": 10}	latency_s	0.09323879200000107
2026-03-29T19:03:12+00:00	routing	turborepo	srt-cold	q03	{"beam_policy": "uniform", "beam_width": 3, "max_depth": 3}	ndcg@10	0.0
2026-03-29T19:03:12+00:00	routing	turborepo	srt-cold	q03	{"beam_policy": "uniform", "beam_width": 3, "max_depth": 3}	latency_s	0.09124879200000002
2026-03-29T19:03:12+00:00	routing	turborepo	srt-cold	q03	{"beam_policy": "waterfill", "beam_width": 3, "max_depth": 3}	ndcg@10	0.0
2026-03-29T19:03:12+00:00	routing	turborepo	srt-cold	q03	{"beam_policy": "waterfill", "beam_width": 3, "max_depth": 3}	latency_s	0.08963095800000076
2026-03-29T19:03:12+00:00	routing	turborepo	srt-cold	q03	{"beam_policy": "uniform", "beam_width": 3, "max_depth": 5}	ndcg@10	0.0
2026-03-29T19:03:12+00:00	routing	turborepo	srt-cold	q03	{"beam_policy": "uniform", "beam_width": 3, "max_depth": 5}	latency_s	0.0911815409999992
2026-03-29T19:03:13+00:00	routing	turborepo	srt-cold	q03	{"beam_policy": "waterfill", "beam_width": 3, "max_depth": 5}	ndcg@10	0.0
2026-03-29T19:03:13+00:00	routing	turborepo	srt-cold	q03	{"beam_policy": "waterfill", "beam_width": 3, "max_depth": 5}	latency_s	0.0908631660000001
2026-03-29T19:03:13+00:00	routing	turborepo	srt-cold	q03	{"beam_policy": "uniform", "beam_width": 3, "max_depth": 7}	ndcg@10	0.0
2026-03-29T19:03:13+00:00	routing	turborepo	srt-cold	q03	{"beam_policy": "uniform", "beam_width": 3, "max_depth": 7}	latency_s	0.09249712499999951
2026-03-29T19:03:13+00:00	routing	turborepo	srt-cold	q03	{"beam_policy": "waterfill", "beam_width": 3, "max_depth": 7}	ndcg@10	0.0
2026-03-29T19:03:13+00:00	routing	turborepo	srt-cold	q03	{"beam_policy": "waterfill", "beam_width": 3, "max_depth": 7}	latency_s	0.08814170800000021
2026-03-29T19:03:13+00:00	routing	turborepo	srt-cold	q03	{"beam_policy": "uniform", "beam_width": 3, "max_depth": 10}	ndcg@10	0.0
2026-03-29T19:03:13+00:00	routing	turborepo	srt-cold	q03	{"beam_policy": "uniform", "beam_width": 3, "max_depth": 10}	latency_s	0.09161258399999994
2026-03-29T19:03:13+00:00	routing	turborepo	srt-cold	q03	{"beam_policy": "waterfill", "beam_width": 3, "max_depth": 10}	ndcg@10	0.0
2026-03-29T19:03:13+00:00	routing	turborepo	srt-cold	q03	{"beam_policy": "waterfill", "beam_width": 3, "max_depth": 10}	latency_s	0.09075212499999985
2026-03-29T19:03:13+00:00	routing	turborepo	srt-cold	q03	{"beam_policy": "uniform", "beam_width": 5, "max_depth": 3}	ndcg@10	0.0
2026-03-29T19:03:13+00:00	routing	turborepo	srt-cold	q03	{"beam_policy": "uniform", "beam_width": 5, "max_depth": 3}	latency_s	0.09568454200000076
2026-03-29T19:03:13+00:00	routing	turborepo	srt-cold	q03	{"beam_policy": "waterfill", "beam_width": 5, "max_depth": 3}	ndcg@10	0.0
2026-03-29T19:03:13+00:00	routing	turborepo	srt-cold	q03	{"beam_policy": "waterfill", "beam_width": 5, "max_depth": 3}	latency_s	0.09343129099999992
2026-03-29T19:03:13+00:00	routing	turborepo	srt-cold	q03	{"beam_policy": "uniform", "beam_width": 5, "max_depth": 5}	ndcg@10	0.8517171819727973
2026-03-29T19:03:13+00:00	routing	turborepo	srt-cold	q03	{"beam_policy": "uniform", "beam_width": 5, "max_depth": 5}	latency_s	0.11207608399999991
2026-03-29T19:03:13+00:00	routing	turborepo	srt-cold	q03	{"beam_policy": "waterfill", "beam_width": 5, "max_depth": 5}	ndcg@10	0.0
2026-03-29T19:03:13+00:00	routing	turborepo	srt-cold	q03	{"beam_policy": "waterfill", "beam_width": 5, "max_depth": 5}	latency_s	0.09160804199999895
2026-03-29T19:03:13+00:00	routing	turborepo	srt-cold	q03	{"beam_policy": "uniform", "beam_width": 5, "max_depth": 7}	ndcg@10	0.8517171819727973
2026-03-29T19:03:13+00:00	routing	turborepo	srt-cold	q03	{"beam_policy": "uniform", "beam_width": 5, "max_depth": 7}	latency_s	0.11717854099999947
2026-03-29T19:03:14+00:00	routing	turborepo	srt-cold	q03	{"beam_policy": "waterfill", "beam_width": 5, "max_depth": 7}	ndcg@10	0.0
2026-03-29T19:03:14+00:00	routing	turborepo	srt-cold	q03	{"beam_policy": "waterfill", "beam_width": 5, "max_depth": 7}	latency_s	0.09297966699999982
2026-03-29T19:03:14+00:00	routing	turborepo	srt-cold	q03	{"beam_policy": "uniform", "beam_width": 5, "max_depth": 10}	ndcg@10	0.8517171819727973
2026-03-29T19:03:14+00:00	routing	turborepo	srt-cold	q03	{"beam_policy": "uniform", "beam_width": 5, "max_depth": 10}	latency_s	0.117771458
2026-03-29T19:03:14+00:00	routing	turborepo	srt-cold	q03	{"beam_policy": "waterfill", "beam_width": 5, "max_depth": 10}	ndcg@10	0.0
2026-03-29T19:03:14+00:00	routing	turborepo	srt-cold	q03	{"beam_policy": "waterfill", "beam_width": 5, "max_depth": 10}	latency_s	0.09109108400000032
2026-03-29T19:03:14+00:00	routing	turborepo	srt-cold	q03	{"beam_policy": "uniform", "beam_width": 7, "max_depth": 3}	ndcg@10	0.0
2026-03-29T19:03:14+00:00	routing	turborepo	srt-cold	q03	{"beam_policy": "uniform", "beam_width": 7, "max_depth": 3}	latency_s	0.09737245799999883
2026-03-29T19:03:14+00:00	routing	turborepo	srt-cold	q03	{"beam_policy": "waterfill", "beam_width": 7, "max_depth": 3}	ndcg@10	0.0
2026-03-29T19:03:14+00:00	routing	turborepo	srt-cold	q03	{"beam_policy": "waterfill", "beam_width": 7, "max_depth": 3}	latency_s	0.09542470799999947
2026-03-29T19:03:14+00:00	routing	turborepo	srt-cold	q03	{"beam_policy": "uniform", "beam_width": 7, "max_depth": 5}	ndcg@10	0.8517171819727973
2026-03-29T19:03:14+00:00	routing	turborepo	srt-cold	q03	{"beam_policy": "uniform", "beam_width": 7, "max_depth": 5}	latency_s	0.11467520799999953
2026-03-29T19:03:14+00:00	routing	turborepo	srt-cold	q03	{"beam_policy": "waterfill", "beam_width": 7, "max_depth": 5}	ndcg@10	0.8517171819727973
2026-03-29T19:03:14+00:00	routing	turborepo	srt-cold	q03	{"beam_policy": "waterfill", "beam_width": 7, "max_depth": 5}	latency_s	0.11128995800000041
2026-03-29T19:03:14+00:00	routing	turborepo	srt-cold	q03	{"beam_policy": "uniform", "beam_width": 7, "max_depth": 7}	ndcg@10	0.8517171819727973
2026-03-29T19:03:14+00:00	routing	turborepo	srt-cold	q03	{"beam_policy": "uniform", "beam_width": 7, "max_depth": 7}	latency_s	0.1272514170000001
2026-03-29T19:03:14+00:00	routing	turborepo	srt-cold	q03	{"beam_policy": "waterfill", "beam_width": 7, "max_depth": 7}	ndcg@10	0.8517171819727973
2026-03-29T19:03:14+00:00	routing	turborepo	srt-cold	q03	{"beam_policy": "waterfill", "beam_width": 7, "max_depth": 7}	latency_s	0.12176516599999943
2026-03-29T19:03:15+00:00	routing	turborepo	srt-cold	q03	{"beam_policy": "uniform", "beam_width": 7, "max_depth": 10}	ndcg@10	0.8517171819727973
2026-03-29T19:03:15+00:00	routing	turborepo	srt-cold	q03	{"beam_policy": "uniform", "beam_width": 7, "max_depth": 10}	latency_s	0.12633554199999963
2026-03-29T19:03:15+00:00	routing	turborepo	srt-cold	q03	{"beam_policy": "waterfill", "beam_width": 7, "max_depth": 10}	ndcg@10	0.8517171819727973
2026-03-29T19:03:15+00:00	routing	turborepo	srt-cold	q03	{"beam_policy": "waterfill", "beam_width": 7, "max_depth": 10}	latency_s	0.11728870799999846
2026-03-29T19:03:15+00:00	routing	turborepo	srt-cold	q03	{"beam_policy": "uniform", "beam_width": 10, "max_depth": 3}	ndcg@10	0.0
2026-03-29T19:03:15+00:00	routing	turborepo	srt-cold	q03	{"beam_policy": "uniform", "beam_width": 10, "max_depth": 3}	latency_s	0.1026022090000005
2026-03-29T19:03:15+00:00	routing	turborepo	srt-cold	q03	{"beam_policy": "waterfill", "beam_width": 10, "max_depth": 3}	ndcg@10	0.0
2026-03-29T19:03:15+00:00	routing	turborepo	srt-cold	q03	{"beam_policy": "waterfill", "beam_width": 10, "max_depth": 3}	latency_s	0.0972748750000001
2026-03-29T19:03:15+00:00	routing	turborepo	srt-cold	q03	{"beam_policy": "uniform", "beam_width": 10, "max_depth": 5}	ndcg@10	0.8517171819727973
2026-03-29T19:03:15+00:00	routing	turborepo	srt-cold	q03	{"beam_policy": "uniform", "beam_width": 10, "max_depth": 5}	latency_s	0.130862209
2026-03-29T19:03:15+00:00	routing	turborepo	srt-cold	q03	{"beam_policy": "waterfill", "beam_width": 10, "max_depth": 5}	ndcg@10	0.8517171819727973
2026-03-29T19:03:15+00:00	routing	turborepo	srt-cold	q03	{"beam_policy": "waterfill", "beam_width": 10, "max_depth": 5}	latency_s	0.11571629200000011
2026-03-29T19:03:15+00:00	routing	turborepo	srt-cold	q03	{"beam_policy": "uniform", "beam_width": 10, "max_depth": 7}	ndcg@10	0.8517171819727973
2026-03-29T19:03:15+00:00	routing	turborepo	srt-cold	q03	{"beam_policy": "uniform", "beam_width": 10, "max_depth": 7}	latency_s	0.16726404099999925
2026-03-29T19:03:16+00:00	routing	turborepo	srt-cold	q03	{"beam_policy": "waterfill", "beam_width": 10, "max_depth": 7}	ndcg@10	0.8517171819727973
2026-03-29T19:03:16+00:00	routing	turborepo	srt-cold	q03	{"beam_policy": "waterfill", "beam_width": 10, "max_depth": 7}	latency_s	0.12823345799999863
2026-03-29T19:03:16+00:00	routing	turborepo	srt-cold	q03	{"beam_policy": "uniform", "beam_width": 10, "max_depth": 10}	ndcg@10	0.8517171819727973
2026-03-29T19:03:16+00:00	routing	turborepo	srt-cold	q03	{"beam_policy": "uniform", "beam_width": 10, "max_depth": 10}	latency_s	0.15995887500000094
2026-03-29T19:03:16+00:00	routing	turborepo	srt-cold	q03	{"beam_policy": "waterfill", "beam_width": 10, "max_depth": 10}	ndcg@10	0.8517171819727973
2026-03-29T19:03:16+00:00	routing	turborepo	srt-cold	q03	{"beam_policy": "waterfill", "beam_width": 10, "max_depth": 10}	latency_s	0.12462887499999908
2026-03-29T19:03:16+00:00	routing	turborepo	srt-cold	q04	{"beam_policy": "uniform", "beam_width": 2, "max_depth": 3}	ndcg@10	0.0
2026-03-29T19:03:16+00:00	routing	turborepo	srt-cold	q04	{"beam_policy": "uniform", "beam_width": 2, "max_depth": 3}	latency_s	0.09212474999999998
2026-03-29T19:03:16+00:00	routing	turborepo	srt-cold	q04	{"beam_policy": "waterfill", "beam_width": 2, "max_depth": 3}	ndcg@10	0.0
2026-03-29T19:03:16+00:00	routing	turborepo	srt-cold	q04	{"beam_policy": "waterfill", "beam_width": 2, "max_depth": 3}	latency_s	0.09310391699999876
2026-03-29T19:03:16+00:00	routing	turborepo	srt-cold	q04	{"beam_policy": "uniform", "beam_width": 2, "max_depth": 5}	ndcg@10	0.0
2026-03-29T19:03:16+00:00	routing	turborepo	srt-cold	q04	{"beam_policy": "uniform", "beam_width": 2, "max_depth": 5}	latency_s	0.09058291700000076
2026-03-29T19:03:16+00:00	routing	turborepo	srt-cold	q04	{"beam_policy": "waterfill", "beam_width": 2, "max_depth": 5}	ndcg@10	0.0
2026-03-29T19:03:16+00:00	routing	turborepo	srt-cold	q04	{"beam_policy": "waterfill", "beam_width": 2, "max_depth": 5}	latency_s	0.08911149999999957
2026-03-29T19:03:16+00:00	routing	turborepo	srt-cold	q04	{"beam_policy": "uniform", "beam_width": 2, "max_depth": 7}	ndcg@10	0.0
2026-03-29T19:03:16+00:00	routing	turborepo	srt-cold	q04	{"beam_policy": "uniform", "beam_width": 2, "max_depth": 7}	latency_s	0.08905770800000035
2026-03-29T19:03:16+00:00	routing	turborepo	srt-cold	q04	{"beam_policy": "waterfill", "beam_width": 2, "max_depth": 7}	ndcg@10	0.0
2026-03-29T19:03:16+00:00	routing	turborepo	srt-cold	q04	{"beam_policy": "waterfill", "beam_width": 2, "max_depth": 7}	latency_s	0.09087124999999929
2026-03-29T19:03:16+00:00	routing	turborepo	srt-cold	q04	{"beam_policy": "uniform", "beam_width": 2, "max_depth": 10}	ndcg@10	0.0
2026-03-29T19:03:16+00:00	routing	turborepo	srt-cold	q04	{"beam_policy": "uniform", "beam_width": 2, "max_depth": 10}	latency_s	0.08802400000000077
2026-03-29T19:03:17+00:00	routing	turborepo	srt-cold	q04	{"beam_policy": "waterfill", "beam_width": 2, "max_depth": 10}	ndcg@10	0.0
2026-03-29T19:03:17+00:00	routing	turborepo	srt-cold	q04	{"beam_policy": "waterfill", "beam_width": 2, "max_depth": 10}	latency_s	0.09240783400000119
2026-03-29T19:03:17+00:00	routing	turborepo	srt-cold	q04	{"beam_policy": "uniform", "beam_width": 3, "max_depth": 3}	ndcg@10	0.0
2026-03-29T19:03:17+00:00	routing	turborepo	srt-cold	q04	{"beam_policy": "uniform", "beam_width": 3, "max_depth": 3}	latency_s	0.08880695799999927
2026-03-29T19:03:17+00:00	routing	turborepo	srt-cold	q04	{"beam_policy": "waterfill", "beam_width": 3, "max_depth": 3}	ndcg@10	0.0
2026-03-29T19:03:17+00:00	routing	turborepo	srt-cold	q04	{"beam_policy": "waterfill", "beam_width": 3, "max_depth": 3}	latency_s	0.08693579100000015
2026-03-29T19:03:17+00:00	routing	turborepo	srt-cold	q04	{"beam_policy": "uniform", "beam_width": 3, "max_depth": 5}	ndcg@10	0.0
2026-03-29T19:03:17+00:00	routing	turborepo	srt-cold	q04	{"beam_policy": "uniform", "beam_width": 3, "max_depth": 5}	latency_s	0.08822487499999987
2026-03-29T19:03:17+00:00	routing	turborepo	srt-cold	q04	{"beam_policy": "waterfill", "beam_width": 3, "max_depth": 5}	ndcg@10	0.0
2026-03-29T19:03:17+00:00	routing	turborepo	srt-cold	q04	{"beam_policy": "waterfill", "beam_width": 3, "max_depth": 5}	latency_s	0.0898803749999999
2026-03-29T19:03:17+00:00	routing	turborepo	srt-cold	q04	{"beam_policy": "uniform", "beam_width": 3, "max_depth": 7}	ndcg@10	0.0
2026-03-29T19:03:17+00:00	routing	turborepo	srt-cold	q04	{"beam_policy": "uniform", "beam_width": 3, "max_depth": 7}	latency_s	0.08864191700000035
2026-03-29T19:03:17+00:00	routing	turborepo	srt-cold	q04	{"beam_policy": "waterfill", "beam_width": 3, "max_depth": 7}	ndcg@10	0.0
2026-03-29T19:03:17+00:00	routing	turborepo	srt-cold	q04	{"beam_policy": "waterfill", "beam_width": 3, "max_depth": 7}	latency_s	0.09501087499999983
2026-03-29T19:03:17+00:00	routing	turborepo	srt-cold	q04	{"beam_policy": "uniform", "beam_width": 3, "max_depth": 10}	ndcg@10	0.0
2026-03-29T19:03:17+00:00	routing	turborepo	srt-cold	q04	{"beam_policy": "uniform", "beam_width": 3, "max_depth": 10}	latency_s	0.09033562499999981
2026-03-29T19:03:17+00:00	routing	turborepo	srt-cold	q04	{"beam_policy": "waterfill", "beam_width": 3, "max_depth": 10}	ndcg@10	0.0
2026-03-29T19:03:17+00:00	routing	turborepo	srt-cold	q04	{"beam_policy": "waterfill", "beam_width": 3, "max_depth": 10}	latency_s	0.09394983400000001
2026-03-29T19:03:17+00:00	routing	turborepo	srt-cold	q04	{"beam_policy": "uniform", "beam_width": 5, "max_depth": 3}	ndcg@10	0.0
2026-03-29T19:03:17+00:00	routing	turborepo	srt-cold	q04	{"beam_policy": "uniform", "beam_width": 5, "max_depth": 3}	latency_s	0.09373420799999899
2026-03-29T19:03:17+00:00	routing	turborepo	srt-cold	q04	{"beam_policy": "waterfill", "beam_width": 5, "max_depth": 3}	ndcg@10	0.0
2026-03-29T19:03:17+00:00	routing	turborepo	srt-cold	q04	{"beam_policy": "waterfill", "beam_width": 5, "max_depth": 3}	latency_s	0.08744391699999987
2026-03-29T19:03:18+00:00	routing	turborepo	srt-cold	q04	{"beam_policy": "uniform", "beam_width": 5, "max_depth": 5}	ndcg@10	0.0
2026-03-29T19:03:18+00:00	routing	turborepo	srt-cold	q04	{"beam_policy": "uniform", "beam_width": 5, "max_depth": 5}	latency_s	0.09540133399999995
2026-03-29T19:03:18+00:00	routing	turborepo	srt-cold	q04	{"beam_policy": "waterfill", "beam_width": 5, "max_depth": 5}	ndcg@10	0.0
2026-03-29T19:03:18+00:00	routing	turborepo	srt-cold	q04	{"beam_policy": "waterfill", "beam_width": 5, "max_depth": 5}	latency_s	0.09244629199999999
2026-03-29T19:03:18+00:00	routing	turborepo	srt-cold	q04	{"beam_policy": "uniform", "beam_width": 5, "max_depth": 7}	ndcg@10	0.0
2026-03-29T19:03:18+00:00	routing	turborepo	srt-cold	q04	{"beam_policy": "uniform", "beam_width": 5, "max_depth": 7}	latency_s	0.09653737500000048
2026-03-29T19:03:18+00:00	routing	turborepo	srt-cold	q04	{"beam_policy": "waterfill", "beam_width": 5, "max_depth": 7}	ndcg@10	0.0
2026-03-29T19:03:18+00:00	routing	turborepo	srt-cold	q04	{"beam_policy": "waterfill", "beam_width": 5, "max_depth": 7}	latency_s	0.08772666700000009
2026-03-29T19:03:18+00:00	routing	turborepo	srt-cold	q04	{"beam_policy": "uniform", "beam_width": 5, "max_depth": 10}	ndcg@10	0.0
2026-03-29T19:03:18+00:00	routing	turborepo	srt-cold	q04	{"beam_policy": "uniform", "beam_width": 5, "max_depth": 10}	latency_s	0.09748291599999881
2026-03-29T19:03:18+00:00	routing	turborepo	srt-cold	q04	{"beam_policy": "waterfill", "beam_width": 5, "max_depth": 10}	ndcg@10	0.0
2026-03-29T19:03:18+00:00	routing	turborepo	srt-cold	q04	{"beam_policy": "waterfill", "beam_width": 5, "max_depth": 10}	latency_s	0.0905793329999991
2026-03-29T19:03:18+00:00	routing	turborepo	srt-cold	q04	{"beam_policy": "uniform", "beam_width": 7, "max_depth": 3}	ndcg@10	0.0
2026-03-29T19:03:18+00:00	routing	turborepo	srt-cold	q04	{"beam_policy": "uniform", "beam_width": 7, "max_depth": 3}	latency_s	0.10148920899999858
2026-03-29T19:03:18+00:00	routing	turborepo	srt-cold	q04	{"beam_policy": "waterfill", "beam_width": 7, "max_depth": 3}	ndcg@10	0.0
2026-03-29T19:03:18+00:00	routing	turborepo	srt-cold	q04	{"beam_policy": "waterfill", "beam_width": 7, "max_depth": 3}	latency_s	0.09168191699999895
2026-03-29T19:03:18+00:00	routing	turborepo	srt-cold	q04	{"beam_policy": "uniform", "beam_width": 7, "max_depth": 5}	ndcg@10	0.9580414003446834
2026-03-29T19:03:18+00:00	routing	turborepo	srt-cold	q04	{"beam_policy": "uniform", "beam_width": 7, "max_depth": 5}	latency_s	0.11552141599999999
2026-03-29T19:03:18+00:00	routing	turborepo	srt-cold	q04	{"beam_policy": "waterfill", "beam_width": 7, "max_depth": 5}	ndcg@10	0.0
2026-03-29T19:03:18+00:00	routing	turborepo	srt-cold	q04	{"beam_policy": "waterfill", "beam_width": 7, "max_depth": 5}	latency_s	0.09846929199999899
2026-03-29T19:03:19+00:00	routing	turborepo	srt-cold	q04	{"beam_policy": "uniform", "beam_width": 7, "max_depth": 7}	ndcg@10	0.9580414003446834
2026-03-29T19:03:19+00:00	routing	turborepo	srt-cold	q04	{"beam_policy": "uniform", "beam_width": 7, "max_depth": 7}	latency_s	0.11066212499999928
2026-03-29T19:03:19+00:00	routing	turborepo	srt-cold	q04	{"beam_policy": "waterfill", "beam_width": 7, "max_depth": 7}	ndcg@10	0.0
2026-03-29T19:03:19+00:00	routing	turborepo	srt-cold	q04	{"beam_policy": "waterfill", "beam_width": 7, "max_depth": 7}	latency_s	0.10050470800000078
2026-03-29T19:03:19+00:00	routing	turborepo	srt-cold	q04	{"beam_policy": "uniform", "beam_width": 7, "max_depth": 10}	ndcg@10	0.9580414003446834
2026-03-29T19:03:19+00:00	routing	turborepo	srt-cold	q04	{"beam_policy": "uniform", "beam_width": 7, "max_depth": 10}	latency_s	0.11179049999999968
2026-03-29T19:03:19+00:00	routing	turborepo	srt-cold	q04	{"beam_policy": "waterfill", "beam_width": 7, "max_depth": 10}	ndcg@10	0.0
2026-03-29T19:03:19+00:00	routing	turborepo	srt-cold	q04	{"beam_policy": "waterfill", "beam_width": 7, "max_depth": 10}	latency_s	0.09639420799999954
2026-03-29T19:03:19+00:00	routing	turborepo	srt-cold	q04	{"beam_policy": "uniform", "beam_width": 10, "max_depth": 3}	ndcg@10	0.0
2026-03-29T19:03:19+00:00	routing	turborepo	srt-cold	q04	{"beam_policy": "uniform", "beam_width": 10, "max_depth": 3}	latency_s	0.10426833300000027
2026-03-29T19:03:19+00:00	routing	turborepo	srt-cold	q04	{"beam_policy": "waterfill", "beam_width": 10, "max_depth": 3}	ndcg@10	0.0
2026-03-29T19:03:19+00:00	routing	turborepo	srt-cold	q04	{"beam_policy": "waterfill", "beam_width": 10, "max_depth": 3}	latency_s	0.09608729099999991
2026-03-29T19:03:19+00:00	routing	turborepo	srt-cold	q04	{"beam_policy": "uniform", "beam_width": 10, "max_depth": 5}	ndcg@10	0.9580414003446834
2026-03-29T19:03:19+00:00	routing	turborepo	srt-cold	q04	{"beam_policy": "uniform", "beam_width": 10, "max_depth": 5}	latency_s	0.1183844580000013
2026-03-29T19:03:19+00:00	routing	turborepo	srt-cold	q04	{"beam_policy": "waterfill", "beam_width": 10, "max_depth": 5}	ndcg@10	0.9580414003446834
2026-03-29T19:03:19+00:00	routing	turborepo	srt-cold	q04	{"beam_policy": "waterfill", "beam_width": 10, "max_depth": 5}	latency_s	0.11215604200000051
2026-03-29T19:03:19+00:00	routing	turborepo	srt-cold	q04	{"beam_policy": "uniform", "beam_width": 10, "max_depth": 7}	ndcg@10	0.9580414003446834
2026-03-29T19:03:19+00:00	routing	turborepo	srt-cold	q04	{"beam_policy": "uniform", "beam_width": 10, "max_depth": 7}	latency_s	0.11767349999999865
2026-03-29T19:03:20+00:00	routing	turborepo	srt-cold	q04	{"beam_policy": "waterfill", "beam_width": 10, "max_depth": 7}	ndcg@10	0.9580414003446834
2026-03-29T19:03:20+00:00	routing	turborepo	srt-cold	q04	{"beam_policy": "waterfill", "beam_width": 10, "max_depth": 7}	latency_s	0.1165642499999997
2026-03-29T19:03:20+00:00	routing	turborepo	srt-cold	q04	{"beam_policy": "uniform", "beam_width": 10, "max_depth": 10}	ndcg@10	0.9580414003446834
2026-03-29T19:03:20+00:00	routing	turborepo	srt-cold	q04	{"beam_policy": "uniform", "beam_width": 10, "max_depth": 10}	latency_s	0.11522579200000038
2026-03-29T19:03:20+00:00	routing	turborepo	srt-cold	q04	{"beam_policy": "waterfill", "beam_width": 10, "max_depth": 10}	ndcg@10	0.9580414003446834
2026-03-29T19:03:20+00:00	routing	turborepo	srt-cold	q04	{"beam_policy": "waterfill", "beam_width": 10, "max_depth": 10}	latency_s	0.10916304199999871
2026-03-29T19:03:20+00:00	routing	turborepo	srt-cold	q05	{"beam_policy": "uniform", "beam_width": 2, "max_depth": 3}	ndcg@10	0.0
2026-03-29T19:03:20+00:00	routing	turborepo	srt-cold	q05	{"beam_policy": "uniform", "beam_width": 2, "max_depth": 3}	latency_s	0.08855083400000296
2026-03-29T19:03:20+00:00	routing	turborepo	srt-cold	q05	{"beam_policy": "waterfill", "beam_width": 2, "max_depth": 3}	ndcg@10	0.0
2026-03-29T19:03:20+00:00	routing	turborepo	srt-cold	q05	{"beam_policy": "waterfill", "beam_width": 2, "max_depth": 3}	latency_s	0.08918983399999902
2026-03-29T19:03:20+00:00	routing	turborepo	srt-cold	q05	{"beam_policy": "uniform", "beam_width": 2, "max_depth": 5}	ndcg@10	0.0
2026-03-29T19:03:20+00:00	routing	turborepo	srt-cold	q05	{"beam_policy": "uniform", "beam_width": 2, "max_depth": 5}	latency_s	0.08885558300000085
2026-03-29T19:03:20+00:00	routing	turborepo	srt-cold	q05	{"beam_policy": "waterfill", "beam_width": 2, "max_depth": 5}	ndcg@10	0.0
2026-03-29T19:03:20+00:00	routing	turborepo	srt-cold	q05	{"beam_policy": "waterfill", "beam_width": 2, "max_depth": 5}	latency_s	0.08792929099999824
2026-03-29T19:03:20+00:00	routing	turborepo	srt-cold	q05	{"beam_policy": "uniform", "beam_width": 2, "max_depth": 7}	ndcg@10	0.0
2026-03-29T19:03:20+00:00	routing	turborepo	srt-cold	q05	{"beam_policy": "uniform", "beam_width": 2, "max_depth": 7}	latency_s	0.0916891669999984
2026-03-29T19:03:20+00:00	routing	turborepo	srt-cold	q05	{"beam_policy": "waterfill", "beam_width": 2, "max_depth": 7}	ndcg@10	0.0
2026-03-29T19:03:20+00:00	routing	turborepo	srt-cold	q05	{"beam_policy": "waterfill", "beam_width": 2, "max_depth": 7}	latency_s	0.09032812500000276
2026-03-29T19:03:20+00:00	routing	turborepo	srt-cold	q05	{"beam_policy": "uniform", "beam_width": 2, "max_depth": 10}	ndcg@10	0.0
2026-03-29T19:03:20+00:00	routing	turborepo	srt-cold	q05	{"beam_policy": "uniform", "beam_width": 2, "max_depth": 10}	latency_s	0.09126187500000071
2026-03-29T19:03:21+00:00	routing	turborepo	srt-cold	q05	{"beam_policy": "waterfill", "beam_width": 2, "max_depth": 10}	ndcg@10	0.0
2026-03-29T19:03:21+00:00	routing	turborepo	srt-cold	q05	{"beam_policy": "waterfill", "beam_width": 2, "max_depth": 10}	latency_s	0.09172716600000186
2026-03-29T19:03:21+00:00	routing	turborepo	srt-cold	q05	{"beam_policy": "uniform", "beam_width": 3, "max_depth": 3}	ndcg@10	0.0
2026-03-29T19:03:21+00:00	routing	turborepo	srt-cold	q05	{"beam_policy": "uniform", "beam_width": 3, "max_depth": 3}	latency_s	0.08788583299999786
2026-03-29T19:03:21+00:00	routing	turborepo	srt-cold	q05	{"beam_policy": "waterfill", "beam_width": 3, "max_depth": 3}	ndcg@10	0.0
2026-03-29T19:03:21+00:00	routing	turborepo	srt-cold	q05	{"beam_policy": "waterfill", "beam_width": 3, "max_depth": 3}	latency_s	0.0900964999999978
2026-03-29T19:03:21+00:00	routing	turborepo	srt-cold	q05	{"beam_policy": "uniform", "beam_width": 3, "max_depth": 5}	ndcg@10	0.0
2026-03-29T19:03:21+00:00	routing	turborepo	srt-cold	q05	{"beam_policy": "uniform", "beam_width": 3, "max_depth": 5}	latency_s	0.08742224999999948
2026-03-29T19:03:21+00:00	routing	turborepo	srt-cold	q05	{"beam_policy": "waterfill", "beam_width": 3, "max_depth": 5}	ndcg@10	0.0
2026-03-29T19:03:21+00:00	routing	turborepo	srt-cold	q05	{"beam_policy": "waterfill", "beam_width": 3, "max_depth": 5}	latency_s	0.09102741699999939
2026-03-29T19:03:21+00:00	routing	turborepo	srt-cold	q05	{"beam_policy": "uniform", "beam_width": 3, "max_depth": 7}	ndcg@10	0.0
2026-03-29T19:03:21+00:00	routing	turborepo	srt-cold	q05	{"beam_policy": "uniform", "beam_width": 3, "max_depth": 7}	latency_s	0.09144124999999903
2026-03-29T19:03:21+00:00	routing	turborepo	srt-cold	q05	{"beam_policy": "waterfill", "beam_width": 3, "max_depth": 7}	ndcg@10	0.0
2026-03-29T19:03:21+00:00	routing	turborepo	srt-cold	q05	{"beam_policy": "waterfill", "beam_width": 3, "max_depth": 7}	latency_s	0.08828049999999976
2026-03-29T19:03:21+00:00	routing	turborepo	srt-cold	q05	{"beam_policy": "uniform", "beam_width": 3, "max_depth": 10}	ndcg@10	0.0
2026-03-29T19:03:21+00:00	routing	turborepo	srt-cold	q05	{"beam_policy": "uniform", "beam_width": 3, "max_depth": 10}	latency_s	0.08837095900000236
2026-03-29T19:03:21+00:00	routing	turborepo	srt-cold	q05	{"beam_policy": "waterfill", "beam_width": 3, "max_depth": 10}	ndcg@10	0.0
2026-03-29T19:03:21+00:00	routing	turborepo	srt-cold	q05	{"beam_policy": "waterfill", "beam_width": 3, "max_depth": 10}	latency_s	0.08925945800000079
2026-03-29T19:03:21+00:00	routing	turborepo	srt-cold	q05	{"beam_policy": "uniform", "beam_width": 5, "max_depth": 3}	ndcg@10	0.0
2026-03-29T19:03:21+00:00	routing	turborepo	srt-cold	q05	{"beam_policy": "uniform", "beam_width": 5, "max_depth": 3}	latency_s	0.09366033399999907
2026-03-29T19:03:21+00:00	routing	turborepo	srt-cold	q05	{"beam_policy": "waterfill", "beam_width": 5, "max_depth": 3}	ndcg@10	0.0
2026-03-29T19:03:21+00:00	routing	turborepo	srt-cold	q05	{"beam_policy": "waterfill", "beam_width": 5, "max_depth": 3}	latency_s	0.09579191699999967
2026-03-29T19:03:22+00:00	routing	turborepo	srt-cold	q05	{"beam_policy": "uniform", "beam_width": 5, "max_depth": 5}	ndcg@10	0.0
2026-03-29T19:03:22+00:00	routing	turborepo	srt-cold	q05	{"beam_policy": "uniform", "beam_width": 5, "max_depth": 5}	latency_s	0.09922008300000229
2026-03-29T19:03:22+00:00	routing	turborepo	srt-cold	q05	{"beam_policy": "waterfill", "beam_width": 5, "max_depth": 5}	ndcg@10	0.0
2026-03-29T19:03:22+00:00	routing	turborepo	srt-cold	q05	{"beam_policy": "waterfill", "beam_width": 5, "max_depth": 5}	latency_s	0.09752262499999986
2026-03-29T19:03:22+00:00	routing	turborepo	srt-cold	q05	{"beam_policy": "uniform", "beam_width": 5, "max_depth": 7}	ndcg@10	0.0
2026-03-29T19:03:22+00:00	routing	turborepo	srt-cold	q05	{"beam_policy": "uniform", "beam_width": 5, "max_depth": 7}	latency_s	0.0972775420000005
2026-03-29T19:03:22+00:00	routing	turborepo	srt-cold	q05	{"beam_policy": "waterfill", "beam_width": 5, "max_depth": 7}	ndcg@10	0.0
2026-03-29T19:03:22+00:00	routing	turborepo	srt-cold	q05	{"beam_policy": "waterfill", "beam_width": 5, "max_depth": 7}	latency_s	0.09711212500000244
2026-03-29T19:03:22+00:00	routing	turborepo	srt-cold	q05	{"beam_policy": "uniform", "beam_width": 5, "max_depth": 10}	ndcg@10	0.0
2026-03-29T19:03:22+00:00	routing	turborepo	srt-cold	q05	{"beam_policy": "uniform", "beam_width": 5, "max_depth": 10}	latency_s	0.10240641600000089
2026-03-29T19:03:22+00:00	routing	turborepo	srt-cold	q05	{"beam_policy": "waterfill", "beam_width": 5, "max_depth": 10}	ndcg@10	0.0
2026-03-29T19:03:22+00:00	routing	turborepo	srt-cold	q05	{"beam_policy": "waterfill", "beam_width": 5, "max_depth": 10}	latency_s	0.09595366699999985
2026-03-29T19:03:22+00:00	routing	turborepo	srt-cold	q05	{"beam_policy": "uniform", "beam_width": 7, "max_depth": 3}	ndcg@10	0.0
2026-03-29T19:03:22+00:00	routing	turborepo	srt-cold	q05	{"beam_policy": "uniform", "beam_width": 7, "max_depth": 3}	latency_s	0.09822908399999974
2026-03-29T19:03:22+00:00	routing	turborepo	srt-cold	q05	{"beam_policy": "waterfill", "beam_width": 7, "max_depth": 3}	ndcg@10	0.0
2026-03-29T19:03:22+00:00	routing	turborepo	srt-cold	q05	{"beam_policy": "waterfill", "beam_width": 7, "max_depth": 3}	latency_s	0.09154725000000141
2026-03-29T19:03:22+00:00	routing	turborepo	srt-cold	q05	{"beam_policy": "uniform", "beam_width": 7, "max_depth": 5}	ndcg@10	0.47020199776783905
2026-03-29T19:03:22+00:00	routing	turborepo	srt-cold	q05	{"beam_policy": "uniform", "beam_width": 7, "max_depth": 5}	latency_s	0.11409620799999942
2026-03-29T19:03:22+00:00	routing	turborepo	srt-cold	q05	{"beam_policy": "waterfill", "beam_width": 7, "max_depth": 5}	ndcg@10	0.0
2026-03-29T19:03:22+00:00	routing	turborepo	srt-cold	q05	{"beam_policy": "waterfill", "beam_width": 7, "max_depth": 5}	latency_s	0.101820416999999
2026-03-29T19:03:23+00:00	routing	turborepo	srt-cold	q05	{"beam_policy": "uniform", "beam_width": 7, "max_depth": 7}	ndcg@10	0.47020199776783905
2026-03-29T19:03:23+00:00	routing	turborepo	srt-cold	q05	{"beam_policy": "uniform", "beam_width": 7, "max_depth": 7}	latency_s	0.11351320800000053
2026-03-29T19:03:23+00:00	routing	turborepo	srt-cold	q05	{"beam_policy": "waterfill", "beam_width": 7, "max_depth": 7}	ndcg@10	0.0
2026-03-29T19:03:23+00:00	routing	turborepo	srt-cold	q05	{"beam_policy": "waterfill", "beam_width": 7, "max_depth": 7}	latency_s	0.09867012500000172
2026-03-29T19:03:23+00:00	routing	turborepo	srt-cold	q05	{"beam_policy": "uniform", "beam_width": 7, "max_depth": 10}	ndcg@10	0.47020199776783905
2026-03-29T19:03:23+00:00	routing	turborepo	srt-cold	q05	{"beam_policy": "uniform", "beam_width": 7, "max_depth": 10}	latency_s	0.11244370900000078
2026-03-29T19:03:23+00:00	routing	turborepo	srt-cold	q05	{"beam_policy": "waterfill", "beam_width": 7, "max_depth": 10}	ndcg@10	0.0
2026-03-29T19:03:23+00:00	routing	turborepo	srt-cold	q05	{"beam_policy": "waterfill", "beam_width": 7, "max_depth": 10}	latency_s	0.10181137499999693
2026-03-29T19:03:23+00:00	routing	turborepo	srt-cold	q05	{"beam_policy": "uniform", "beam_width": 10, "max_depth": 3}	ndcg@10	0.0
2026-03-29T19:03:23+00:00	routing	turborepo	srt-cold	q05	{"beam_policy": "uniform", "beam_width": 10, "max_depth": 3}	latency_s	0.1055383749999983
2026-03-29T19:03:23+00:00	routing	turborepo	srt-cold	q05	{"beam_policy": "waterfill", "beam_width": 10, "max_depth": 3}	ndcg@10	0.0
2026-03-29T19:03:23+00:00	routing	turborepo	srt-cold	q05	{"beam_policy": "waterfill", "beam_width": 10, "max_depth": 3}	latency_s	0.09840683299999853
2026-03-29T19:03:23+00:00	routing	turborepo	srt-cold	q05	{"beam_policy": "uniform", "beam_width": 10, "max_depth": 5}	ndcg@10	0.47020199776783905
2026-03-29T19:03:23+00:00	routing	turborepo	srt-cold	q05	{"beam_policy": "uniform", "beam_width": 10, "max_depth": 5}	latency_s	0.13197749999999786
2026-03-29T19:03:23+00:00	routing	turborepo	srt-cold	q05	{"beam_policy": "waterfill", "beam_width": 10, "max_depth": 5}	ndcg@10	0.47020199776783905
2026-03-29T19:03:23+00:00	routing	turborepo	srt-cold	q05	{"beam_policy": "waterfill", "beam_width": 10, "max_depth": 5}	latency_s	0.11242770799999846
2026-03-29T19:03:24+00:00	routing	turborepo	srt-cold	q05	{"beam_policy": "uniform", "beam_width": 10, "max_depth": 7}	ndcg@10	0.47020199776783905
2026-03-29T19:03:24+00:00	routing	turborepo	srt-cold	q05	{"beam_policy": "uniform", "beam_width": 10, "max_depth": 7}	latency_s	0.14422029199999997
2026-03-29T19:03:24+00:00	routing	turborepo	srt-cold	q05	{"beam_policy": "waterfill", "beam_width": 10, "max_depth": 7}	ndcg@10	0.47020199776783905
2026-03-29T19:03:24+00:00	routing	turborepo	srt-cold	q05	{"beam_policy": "waterfill", "beam_width": 10, "max_depth": 7}	latency_s	0.11585662499999927
2026-03-29T19:03:24+00:00	routing	turborepo	srt-cold	q05	{"beam_policy": "uniform", "beam_width": 10, "max_depth": 10}	ndcg@10	0.47020199776783905
2026-03-29T19:03:24+00:00	routing	turborepo	srt-cold	q05	{"beam_policy": "uniform", "beam_width": 10, "max_depth": 10}	latency_s	0.14202112499999942
2026-03-29T19:03:24+00:00	routing	turborepo	srt-cold	q05	{"beam_policy": "waterfill", "beam_width": 10, "max_depth": 10}	ndcg@10	0.47020199776783905
2026-03-29T19:03:24+00:00	routing	turborepo	srt-cold	q05	{"beam_policy": "waterfill", "beam_width": 10, "max_depth": 10}	latency_s	0.11669708299999826
2026-03-29T19:03:24+00:00	routing	turborepo	srt-cold	q06	{"beam_policy": "uniform", "beam_width": 2, "max_depth": 3}	ndcg@10	0.0
2026-03-29T19:03:24+00:00	routing	turborepo	srt-cold	q06	{"beam_policy": "uniform", "beam_width": 2, "max_depth": 3}	latency_s	0.09312879199999813
2026-03-29T19:03:24+00:00	routing	turborepo	srt-cold	q06	{"beam_policy": "waterfill", "beam_width": 2, "max_depth": 3}	ndcg@10	0.0
2026-03-29T19:03:24+00:00	routing	turborepo	srt-cold	q06	{"beam_policy": "waterfill", "beam_width": 2, "max_depth": 3}	latency_s	0.09091633299999913
2026-03-29T19:03:24+00:00	routing	turborepo	srt-cold	q06	{"beam_policy": "uniform", "beam_width": 2, "max_depth": 5}	ndcg@10	0.0
2026-03-29T19:03:24+00:00	routing	turborepo	srt-cold	q06	{"beam_policy": "uniform", "beam_width": 2, "max_depth": 5}	latency_s	0.09443854200000246
2026-03-29T19:03:24+00:00	routing	turborepo	srt-cold	q06	{"beam_policy": "waterfill", "beam_width": 2, "max_depth": 5}	ndcg@10	0.7864386820782063
2026-03-29T19:03:24+00:00	routing	turborepo	srt-cold	q06	{"beam_policy": "waterfill", "beam_width": 2, "max_depth": 5}	latency_s	0.09192112500000249
2026-03-29T19:03:24+00:00	routing	turborepo	srt-cold	q06	{"beam_policy": "uniform", "beam_width": 2, "max_depth": 7}	ndcg@10	0.0
2026-03-29T19:03:24+00:00	routing	turborepo	srt-cold	q06	{"beam_policy": "uniform", "beam_width": 2, "max_depth": 7}	latency_s	0.09320687499999991
2026-03-29T19:03:25+00:00	routing	turborepo	srt-cold	q06	{"beam_policy": "waterfill", "beam_width": 2, "max_depth": 7}	ndcg@10	0.7864386820782063
2026-03-29T19:03:25+00:00	routing	turborepo	srt-cold	q06	{"beam_policy": "waterfill", "beam_width": 2, "max_depth": 7}	latency_s	0.09647170799999927
2026-03-29T19:03:25+00:00	routing	turborepo	srt-cold	q06	{"beam_policy": "uniform", "beam_width": 2, "max_depth": 10}	ndcg@10	0.0
2026-03-29T19:03:25+00:00	routing	turborepo	srt-cold	q06	{"beam_policy": "uniform", "beam_width": 2, "max_depth": 10}	latency_s	0.09291149999999959
2026-03-29T19:03:25+00:00	routing	turborepo	srt-cold	q06	{"beam_policy": "waterfill", "beam_width": 2, "max_depth": 10}	ndcg@10	0.7864386820782063
2026-03-29T19:03:25+00:00	routing	turborepo	srt-cold	q06	{"beam_policy": "waterfill", "beam_width": 2, "max_depth": 10}	latency_s	0.09427841700000172
2026-03-29T19:03:25+00:00	routing	turborepo	srt-cold	q06	{"beam_policy": "uniform", "beam_width": 3, "max_depth": 3}	ndcg@10	0.0
2026-03-29T19:03:25+00:00	routing	turborepo	srt-cold	q06	{"beam_policy": "uniform", "beam_width": 3, "max_depth": 3}	latency_s	0.09159879199999921
2026-03-29T19:03:25+00:00	routing	turborepo	srt-cold	q06	{"beam_policy": "waterfill", "beam_width": 3, "max_depth": 3}	ndcg@10	0.0
2026-03-29T19:03:25+00:00	routing	turborepo	srt-cold	q06	{"beam_policy": "waterfill", "beam_width": 3, "max_depth": 3}	latency_s	0.09461337500000155
2026-03-29T19:03:25+00:00	routing	turborepo	srt-cold	q06	{"beam_policy": "uniform", "beam_width": 3, "max_depth": 5}	ndcg@10	0.8825858394267849
2026-03-29T19:03:25+00:00	routing	turborepo	srt-cold	q06	{"beam_policy": "uniform", "beam_width": 3, "max_depth": 5}	latency_s	0.09378437499999848
2026-03-29T19:03:25+00:00	routing	turborepo	srt-cold	q06	{"beam_policy": "waterfill", "beam_width": 3, "max_depth": 5}	ndcg@10	0.7864386820782063
2026-03-29T19:03:25+00:00	routing	turborepo	srt-cold	q06	{"beam_policy": "waterfill", "beam_width": 3, "max_depth": 5}	latency_s	0.09133899999999784
2026-03-29T19:03:25+00:00	routing	turborepo	srt-cold	q06	{"beam_policy": "uniform", "beam_width": 3, "max_depth": 7}	ndcg@10	0.8825858394267849
2026-03-29T19:03:25+00:00	routing	turborepo	srt-cold	q06	{"beam_policy": "uniform", "beam_width": 3, "max_depth": 7}	latency_s	0.09417583300000132
2026-03-29T19:03:25+00:00	routing	turborepo	srt-cold	q06	{"beam_policy": "waterfill", "beam_width": 3, "max_depth": 7}	ndcg@10	0.7864386820782063
2026-03-29T19:03:25+00:00	routing	turborepo	srt-cold	q06	{"beam_policy": "waterfill", "beam_width": 3, "max_depth": 7}	latency_s	0.09417095799999942
2026-03-29T19:03:25+00:00	routing	turborepo	srt-cold	q06	{"beam_policy": "uniform", "beam_width": 3, "max_depth": 10}	ndcg@10	0.8825858394267849
2026-03-29T19:03:25+00:00	routing	turborepo	srt-cold	q06	{"beam_policy": "uniform", "beam_width": 3, "max_depth": 10}	latency_s	0.09514212500000241
2026-03-29T19:03:25+00:00	routing	turborepo	srt-cold	q06	{"beam_policy": "waterfill", "beam_width": 3, "max_depth": 10}	ndcg@10	0.7864386820782063
2026-03-29T19:03:25+00:00	routing	turborepo	srt-cold	q06	{"beam_policy": "waterfill", "beam_width": 3, "max_depth": 10}	latency_s	0.09248004099999818
2026-03-29T19:03:26+00:00	routing	turborepo	srt-cold	q06	{"beam_policy": "uniform", "beam_width": 5, "max_depth": 3}	ndcg@10	0.0
2026-03-29T19:03:26+00:00	routing	turborepo	srt-cold	q06	{"beam_policy": "uniform", "beam_width": 5, "max_depth": 3}	latency_s	0.09406329099999766
2026-03-29T19:03:26+00:00	routing	turborepo	srt-cold	q06	{"beam_policy": "waterfill", "beam_width": 5, "max_depth": 3}	ndcg@10	0.0
2026-03-29T19:03:26+00:00	routing	turborepo	srt-cold	q06	{"beam_policy": "waterfill", "beam_width": 5, "max_depth": 3}	latency_s	0.0926794589999993
2026-03-29T19:03:26+00:00	routing	turborepo	srt-cold	q06	{"beam_policy": "uniform", "beam_width": 5, "max_depth": 5}	ndcg@10	0.8787642368078041
2026-03-29T19:03:26+00:00	routing	turborepo	srt-cold	q06	{"beam_policy": "uniform", "beam_width": 5, "max_depth": 5}	latency_s	0.09442354200000125
2026-03-29T19:03:26+00:00	routing	turborepo	srt-cold	q06	{"beam_policy": "waterfill", "beam_width": 5, "max_depth": 5}	ndcg@10	0.8787642368078041
2026-03-29T19:03:26+00:00	routing	turborepo	srt-cold	q06	{"beam_policy": "waterfill", "beam_width": 5, "max_depth": 5}	latency_s	0.09742133399999986
2026-03-29T19:03:26+00:00	routing	turborepo	srt-cold	q06	{"beam_policy": "uniform", "beam_width": 5, "max_depth": 7}	ndcg@10	0.8787642368078041
2026-03-29T19:03:26+00:00	routing	turborepo	srt-cold	q06	{"beam_policy": "uniform", "beam_width": 5, "max_depth": 7}	latency_s	0.09444558299999883
2026-03-29T19:03:26+00:00	routing	turborepo	srt-cold	q06	{"beam_policy": "waterfill", "beam_width": 5, "max_depth": 7}	ndcg@10	0.8787642368078041
2026-03-29T19:03:26+00:00	routing	turborepo	srt-cold	q06	{"beam_policy": "waterfill", "beam_width": 5, "max_depth": 7}	latency_s	0.09783045800000068
2026-03-29T19:03:26+00:00	routing	turborepo	srt-cold	q06	{"beam_policy": "uniform", "beam_width": 5, "max_depth": 10}	ndcg@10	0.8787642368078041
2026-03-29T19:03:26+00:00	routing	turborepo	srt-cold	q06	{"beam_policy": "uniform", "beam_width": 5, "max_depth": 10}	latency_s	0.09466254199999824
2026-03-29T19:03:26+00:00	routing	turborepo	srt-cold	q06	{"beam_policy": "waterfill", "beam_width": 5, "max_depth": 10}	ndcg@10	0.8787642368078041
2026-03-29T19:03:26+00:00	routing	turborepo	srt-cold	q06	{"beam_policy": "waterfill", "beam_width": 5, "max_depth": 10}	latency_s	0.0967507079999983
2026-03-29T19:03:26+00:00	routing	turborepo	srt-cold	q06	{"beam_policy": "uniform", "beam_width": 7, "max_depth": 3}	ndcg@10	0.0
2026-03-29T19:03:26+00:00	routing	turborepo	srt-cold	q06	{"beam_policy": "uniform", "beam_width": 7, "max_depth": 3}	latency_s	0.09645241700000184
2026-03-29T19:03:26+00:00	routing	turborepo	srt-cold	q06	{"beam_policy": "waterfill", "beam_width": 7, "max_depth": 3}	ndcg@10	0.0
2026-03-29T19:03:26+00:00	routing	turborepo	srt-cold	q06	{"beam_policy": "waterfill", "beam_width": 7, "max_depth": 3}	latency_s	0.09106866700000182
2026-03-29T19:03:27+00:00	routing	turborepo	srt-cold	q06	{"beam_policy": "uniform", "beam_width": 7, "max_depth": 5}	ndcg@10	0.7864386820782063
2026-03-29T19:03:27+00:00	routing	turborepo	srt-cold	q06	{"beam_policy": "uniform", "beam_width": 7, "max_depth": 5}	latency_s	0.09707058299999716
2026-03-29T19:03:27+00:00	routing	turborepo	srt-cold	q06	{"beam_policy": "waterfill", "beam_width": 7, "max_depth": 5}	ndcg@10	0.8787642368078041
2026-03-29T19:03:27+00:00	routing	turborepo	srt-cold	q06	{"beam_policy": "waterfill", "beam_width": 7, "max_depth": 5}	latency_s	0.09681470800000014
2026-03-29T19:03:27+00:00	routing	turborepo	srt-cold	q06	{"beam_policy": "uniform", "beam_width": 7, "max_depth": 7}	ndcg@10	0.7864386820782063
2026-03-29T19:03:27+00:00	routing	turborepo	srt-cold	q06	{"beam_policy": "uniform", "beam_width": 7, "max_depth": 7}	latency_s	0.09522487499999954
2026-03-29T19:03:27+00:00	routing	turborepo	srt-cold	q06	{"beam_policy": "waterfill", "beam_width": 7, "max_depth": 7}	ndcg@10	0.8787642368078041
2026-03-29T19:03:27+00:00	routing	turborepo	srt-cold	q06	{"beam_policy": "waterfill", "beam_width": 7, "max_depth": 7}	latency_s	0.09306916600000292
2026-03-29T19:03:27+00:00	routing	turborepo	srt-cold	q06	{"beam_policy": "uniform", "beam_width": 7, "max_depth": 10}	ndcg@10	0.7864386820782063
2026-03-29T19:03:27+00:00	routing	turborepo	srt-cold	q06	{"beam_policy": "uniform", "beam_width": 7, "max_depth": 10}	latency_s	0.09603437499999856
2026-03-29T19:03:27+00:00	routing	turborepo	srt-cold	q06	{"beam_policy": "waterfill", "beam_width": 7, "max_depth": 10}	ndcg@10	0.8787642368078041
2026-03-29T19:03:27+00:00	routing	turborepo	srt-cold	q06	{"beam_policy": "waterfill", "beam_width": 7, "max_depth": 10}	latency_s	0.09873941699999733
2026-03-29T19:03:27+00:00	routing	turborepo	srt-cold	q06	{"beam_policy": "uniform", "beam_width": 10, "max_depth": 3}	ndcg@10	0.0
2026-03-29T19:03:27+00:00	routing	turborepo	srt-cold	q06	{"beam_policy": "uniform", "beam_width": 10, "max_depth": 3}	latency_s	0.09637154199999998
2026-03-29T19:03:27+00:00	routing	turborepo	srt-cold	q06	{"beam_policy": "waterfill", "beam_width": 10, "max_depth": 3}	ndcg@10	0.0
2026-03-29T19:03:27+00:00	routing	turborepo	srt-cold	q06	{"beam_policy": "waterfill", "beam_width": 10, "max_depth": 3}	latency_s	0.0963053330000001
2026-03-29T19:03:27+00:00	routing	turborepo	srt-cold	q06	{"beam_policy": "uniform", "beam_width": 10, "max_depth": 5}	ndcg@10	0.7864386820782063
2026-03-29T19:03:27+00:00	routing	turborepo	srt-cold	q06	{"beam_policy": "uniform", "beam_width": 10, "max_depth": 5}	latency_s	0.11073324999999912
2026-03-29T19:03:27+00:00	routing	turborepo	srt-cold	q06	{"beam_policy": "waterfill", "beam_width": 10, "max_depth": 5}	ndcg@10	0.7864386820782063
2026-03-29T19:03:27+00:00	routing	turborepo	srt-cold	q06	{"beam_policy": "waterfill", "beam_width": 10, "max_depth": 5}	latency_s	0.10379800000000117
2026-03-29T19:03:28+00:00	routing	turborepo	srt-cold	q06	{"beam_policy": "uniform", "beam_width": 10, "max_depth": 7}	ndcg@10	0.7864386820782063
2026-03-29T19:03:28+00:00	routing	turborepo	srt-cold	q06	{"beam_policy": "uniform", "beam_width": 10, "max_depth": 7}	latency_s	0.11272154099999909
2026-03-29T19:03:28+00:00	routing	turborepo	srt-cold	q06	{"beam_policy": "waterfill", "beam_width": 10, "max_depth": 7}	ndcg@10	0.7864386820782063
2026-03-29T19:03:28+00:00	routing	turborepo	srt-cold	q06	{"beam_policy": "waterfill", "beam_width": 10, "max_depth": 7}	latency_s	0.0979357080000014
2026-03-29T19:03:28+00:00	routing	turborepo	srt-cold	q06	{"beam_policy": "uniform", "beam_width": 10, "max_depth": 10}	ndcg@10	0.7864386820782063
2026-03-29T19:03:28+00:00	routing	turborepo	srt-cold	q06	{"beam_policy": "uniform", "beam_width": 10, "max_depth": 10}	latency_s	0.111460000000001
2026-03-29T19:03:28+00:00	routing	turborepo	srt-cold	q06	{"beam_policy": "waterfill", "beam_width": 10, "max_depth": 10}	ndcg@10	0.7864386820782063
2026-03-29T19:03:28+00:00	routing	turborepo	srt-cold	q06	{"beam_policy": "waterfill", "beam_width": 10, "max_depth": 10}	latency_s	0.09484887500000028
2026-03-29T19:03:28+00:00	routing	turborepo	srt-cold	q07	{"beam_policy": "uniform", "beam_width": 2, "max_depth": 3}	ndcg@10	0.045851828048001766
2026-03-29T19:03:28+00:00	routing	turborepo	srt-cold	q07	{"beam_policy": "uniform", "beam_width": 2, "max_depth": 3}	latency_s	0.09024774999999963
2026-03-29T19:03:28+00:00	routing	turborepo	srt-cold	q07	{"beam_policy": "waterfill", "beam_width": 2, "max_depth": 3}	ndcg@10	0.0
2026-03-29T19:03:28+00:00	routing	turborepo	srt-cold	q07	{"beam_policy": "waterfill", "beam_width": 2, "max_depth": 3}	latency_s	0.09289191699999932
2026-03-29T19:03:28+00:00	routing	turborepo	srt-cold	q07	{"beam_policy": "uniform", "beam_width": 2, "max_depth": 5}	ndcg@10	0.9182962342857363
2026-03-29T19:03:28+00:00	routing	turborepo	srt-cold	q07	{"beam_policy": "uniform", "beam_width": 2, "max_depth": 5}	latency_s	0.09149454199999951
2026-03-29T19:03:28+00:00	routing	turborepo	srt-cold	q07	{"beam_policy": "waterfill", "beam_width": 2, "max_depth": 5}	ndcg@10	0.9049495058460971
2026-03-29T19:03:28+00:00	routing	turborepo	srt-cold	q07	{"beam_policy": "waterfill", "beam_width": 2, "max_depth": 5}	latency_s	0.09115949999999984
2026-03-29T19:03:28+00:00	routing	turborepo	srt-cold	q07	{"beam_policy": "uniform", "beam_width": 2, "max_depth": 7}	ndcg@10	0.9182962342857363
2026-03-29T19:03:28+00:00	routing	turborepo	srt-cold	q07	{"beam_policy": "uniform", "beam_width": 2, "max_depth": 7}	latency_s	0.09193395799999848
2026-03-29T19:03:28+00:00	routing	turborepo	srt-cold	q07	{"beam_policy": "waterfill", "beam_width": 2, "max_depth": 7}	ndcg@10	0.9049495058460971
2026-03-29T19:03:28+00:00	routing	turborepo	srt-cold	q07	{"beam_policy": "waterfill", "beam_width": 2, "max_depth": 7}	latency_s	0.08980550000000065
2026-03-29T19:03:28+00:00	routing	turborepo	srt-cold	q07	{"beam_policy": "uniform", "beam_width": 2, "max_depth": 10}	ndcg@10	0.9182962342857363
2026-03-29T19:03:28+00:00	routing	turborepo	srt-cold	q07	{"beam_policy": "uniform", "beam_width": 2, "max_depth": 10}	latency_s	0.09126333300000056
2026-03-29T19:03:29+00:00	routing	turborepo	srt-cold	q07	{"beam_policy": "waterfill", "beam_width": 2, "max_depth": 10}	ndcg@10	0.9049495058460971
2026-03-29T19:03:29+00:00	routing	turborepo	srt-cold	q07	{"beam_policy": "waterfill", "beam_width": 2, "max_depth": 10}	latency_s	0.09146249999999867
2026-03-29T19:03:29+00:00	routing	turborepo	srt-cold	q07	{"beam_policy": "uniform", "beam_width": 3, "max_depth": 3}	ndcg@10	0.045851828048001766
2026-03-29T19:03:29+00:00	routing	turborepo	srt-cold	q07	{"beam_policy": "uniform", "beam_width": 3, "max_depth": 3}	latency_s	0.09119208299999926
2026-03-29T19:03:29+00:00	routing	turborepo	srt-cold	q07	{"beam_policy": "waterfill", "beam_width": 3, "max_depth": 3}	ndcg@10	0.045851828048001766
2026-03-29T19:03:29+00:00	routing	turborepo	srt-cold	q07	{"beam_policy": "waterfill", "beam_width": 3, "max_depth": 3}	latency_s	0.09011345900000123
2026-03-29T19:03:29+00:00	routing	turborepo	srt-cold	q07	{"beam_policy": "uniform", "beam_width": 3, "max_depth": 5}	ndcg@10	0.9148570708197291
2026-03-29T19:03:29+00:00	routing	turborepo	srt-cold	q07	{"beam_policy": "uniform", "beam_width": 3, "max_depth": 5}	latency_s	0.09212620799999982
2026-03-29T19:03:29+00:00	routing	turborepo	srt-cold	q07	{"beam_policy": "waterfill", "beam_width": 3, "max_depth": 5}	ndcg@10	0.9182962342857363
2026-03-29T19:03:29+00:00	routing	turborepo	srt-cold	q07	{"beam_policy": "waterfill", "beam_width": 3, "max_depth": 5}	latency_s	0.09111541600000095
2026-03-29T19:03:29+00:00	routing	turborepo	srt-cold	q07	{"beam_policy": "uniform", "beam_width": 3, "max_depth": 7}	ndcg@10	0.9148570708197291
2026-03-29T19:03:29+00:00	routing	turborepo	srt-cold	q07	{"beam_policy": "uniform", "beam_width": 3, "max_depth": 7}	latency_s	0.0928034170000025
2026-03-29T19:03:29+00:00	routing	turborepo	srt-cold	q07	{"beam_policy": "waterfill", "beam_width": 3, "max_depth": 7}	ndcg@10	0.9182962342857363
2026-03-29T19:03:29+00:00	routing	turborepo	srt-cold	q07	{"beam_policy": "waterfill", "beam_width": 3, "max_depth": 7}	latency_s	0.09269966699999799
2026-03-29T19:03:29+00:00	routing	turborepo	srt-cold	q07	{"beam_policy": "uniform", "beam_width": 3, "max_depth": 10}	ndcg@10	0.9148570708197291
2026-03-29T19:03:29+00:00	routing	turborepo	srt-cold	q07	{"beam_policy": "uniform", "beam_width": 3, "max_depth": 10}	latency_s	0.0919983749999993
2026-03-29T19:03:29+00:00	routing	turborepo	srt-cold	q07	{"beam_policy": "waterfill", "beam_width": 3, "max_depth": 10}	ndcg@10	0.9182962342857363
2026-03-29T19:03:29+00:00	routing	turborepo	srt-cold	q07	{"beam_policy": "waterfill", "beam_width": 3, "max_depth": 10}	latency_s	0.0954415829999995
2026-03-29T19:03:29+00:00	routing	turborepo	srt-cold	q07	{"beam_policy": "uniform", "beam_width": 5, "max_depth": 3}	ndcg@10	0.045851828048001766
2026-03-29T19:03:29+00:00	routing	turborepo	srt-cold	q07	{"beam_policy": "uniform", "beam_width": 5, "max_depth": 3}	latency_s	0.09192608400000069
2026-03-29T19:03:30+00:00	routing	turborepo	srt-cold	q07	{"beam_policy": "waterfill", "beam_width": 5, "max_depth": 3}	ndcg@10	0.045851828048001766
2026-03-29T19:03:30+00:00	routing	turborepo	srt-cold	q07	{"beam_policy": "waterfill", "beam_width": 5, "max_depth": 3}	latency_s	0.09309583399999966
2026-03-29T19:03:30+00:00	routing	turborepo	srt-cold	q07	{"beam_policy": "uniform", "beam_width": 5, "max_depth": 5}	ndcg@10	0.913583203280069
2026-03-29T19:03:30+00:00	routing	turborepo	srt-cold	q07	{"beam_policy": "uniform", "beam_width": 5, "max_depth": 5}	latency_s	0.09630970800000327
2026-03-29T19:03:30+00:00	routing	turborepo	srt-cold	q07	{"beam_policy": "waterfill", "beam_width": 5, "max_depth": 5}	ndcg@10	0.913583203280069
2026-03-29T19:03:30+00:00	routing	turborepo	srt-cold	q07	{"beam_policy": "waterfill", "beam_width": 5, "max_depth": 5}	latency_s	0.09633179200000086
2026-03-29T19:03:30+00:00	routing	turborepo	srt-cold	q07	{"beam_policy": "uniform", "beam_width": 5, "max_depth": 7}	ndcg@10	0.913583203280069
2026-03-29T19:03:30+00:00	routing	turborepo	srt-cold	q07	{"beam_policy": "uniform", "beam_width": 5, "max_depth": 7}	latency_s	0.09435004199999852
2026-03-29T19:03:30+00:00	routing	turborepo	srt-cold	q07	{"beam_policy": "waterfill", "beam_width": 5, "max_depth": 7}	ndcg@10	0.913583203280069
2026-03-29T19:03:30+00:00	routing	turborepo	srt-cold	q07	{"beam_policy": "waterfill", "beam_width": 5, "max_depth": 7}	latency_s	0.0958629170000016
2026-03-29T19:03:30+00:00	routing	turborepo	srt-cold	q07	{"beam_policy": "uniform", "beam_width": 5, "max_depth": 10}	ndcg@10	0.913583203280069
2026-03-29T19:03:30+00:00	routing	turborepo	srt-cold	q07	{"beam_policy": "uniform", "beam_width": 5, "max_depth": 10}	latency_s	0.09733666600000035
2026-03-29T19:03:30+00:00	routing	turborepo	srt-cold	q07	{"beam_policy": "waterfill", "beam_width": 5, "max_depth": 10}	ndcg@10	0.913583203280069
2026-03-29T19:03:30+00:00	routing	turborepo	srt-cold	q07	{"beam_policy": "waterfill", "beam_width": 5, "max_depth": 10}	latency_s	0.09503383399999876
2026-03-29T19:03:30+00:00	routing	turborepo	srt-cold	q07	{"beam_policy": "uniform", "beam_width": 7, "max_depth": 3}	ndcg@10	0.045851828048001766
2026-03-29T19:03:30+00:00	routing	turborepo	srt-cold	q07	{"beam_policy": "uniform", "beam_width": 7, "max_depth": 3}	latency_s	0.09584754200000134
2026-03-29T19:03:30+00:00	routing	turborepo	srt-cold	q07	{"beam_policy": "waterfill", "beam_width": 7, "max_depth": 3}	ndcg@10	0.045851828048001766
2026-03-29T19:03:30+00:00	routing	turborepo	srt-cold	q07	{"beam_policy": "waterfill", "beam_width": 7, "max_depth": 3}	latency_s	0.09354579100000038
2026-03-29T19:03:30+00:00	routing	turborepo	srt-cold	q07	{"beam_policy": "uniform", "beam_width": 7, "max_depth": 5}	ndcg@10	0.882808018370203
2026-03-29T19:03:30+00:00	routing	turborepo	srt-cold	q07	{"beam_policy": "uniform", "beam_width": 7, "max_depth": 5}	latency_s	0.10372208400000105
2026-03-29T19:03:30+00:00	routing	turborepo	srt-cold	q07	{"beam_policy": "waterfill", "beam_width": 7, "max_depth": 5}	ndcg@10	0.913583203280069
2026-03-29T19:03:30+00:00	routing	turborepo	srt-cold	q07	{"beam_policy": "waterfill", "beam_width": 7, "max_depth": 5}	latency_s	0.09459020799999962
2026-03-29T19:03:31+00:00	routing	turborepo	srt-cold	q07	{"beam_policy": "uniform", "beam_width": 7, "max_depth": 7}	ndcg@10	0.882808018370203
2026-03-29T19:03:31+00:00	routing	turborepo	srt-cold	q07	{"beam_policy": "uniform", "beam_width": 7, "max_depth": 7}	latency_s	0.1182112499999981
2026-03-29T19:03:31+00:00	routing	turborepo	srt-cold	q07	{"beam_policy": "waterfill", "beam_width": 7, "max_depth": 7}	ndcg@10	0.913583203280069
2026-03-29T19:03:31+00:00	routing	turborepo	srt-cold	q07	{"beam_policy": "waterfill", "beam_width": 7, "max_depth": 7}	latency_s	0.09521712500000135
2026-03-29T19:03:31+00:00	routing	turborepo	srt-cold	q07	{"beam_policy": "uniform", "beam_width": 7, "max_depth": 10}	ndcg@10	0.882808018370203
2026-03-29T19:03:31+00:00	routing	turborepo	srt-cold	q07	{"beam_policy": "uniform", "beam_width": 7, "max_depth": 10}	latency_s	0.11503933400000221
2026-03-29T19:03:31+00:00	routing	turborepo	srt-cold	q07	{"beam_policy": "waterfill", "beam_width": 7, "max_depth": 10}	ndcg@10	0.913583203280069
2026-03-29T19:03:31+00:00	routing	turborepo	srt-cold	q07	{"beam_policy": "waterfill", "beam_width": 7, "max_depth": 10}	latency_s	0.09588633299999927
2026-03-29T19:03:31+00:00	routing	turborepo	srt-cold	q07	{"beam_policy": "uniform", "beam_width": 10, "max_depth": 3}	ndcg@10	0.045851828048001766
2026-03-29T19:03:31+00:00	routing	turborepo	srt-cold	q07	{"beam_policy": "uniform", "beam_width": 10, "max_depth": 3}	latency_s	0.09738833300000138
2026-03-29T19:03:31+00:00	routing	turborepo	srt-cold	q07	{"beam_policy": "waterfill", "beam_width": 10, "max_depth": 3}	ndcg@10	0.045851828048001766
2026-03-29T19:03:31+00:00	routing	turborepo	srt-cold	q07	{"beam_policy": "waterfill", "beam_width": 10, "max_depth": 3}	latency_s	0.09493924999999948
2026-03-29T19:03:31+00:00	routing	turborepo	srt-cold	q07	{"beam_policy": "uniform", "beam_width": 10, "max_depth": 5}	ndcg@10	0.882808018370203
2026-03-29T19:03:31+00:00	routing	turborepo	srt-cold	q07	{"beam_policy": "uniform", "beam_width": 10, "max_depth": 5}	latency_s	0.13855366599999996
2026-03-29T19:03:31+00:00	routing	turborepo	srt-cold	q07	{"beam_policy": "waterfill", "beam_width": 10, "max_depth": 5}	ndcg@10	0.882808018370203
2026-03-29T19:03:31+00:00	routing	turborepo	srt-cold	q07	{"beam_policy": "waterfill", "beam_width": 10, "max_depth": 5}	latency_s	0.11363129200000088
2026-03-29T19:03:32+00:00	routing	turborepo	srt-cold	q07	{"beam_policy": "uniform", "beam_width": 10, "max_depth": 7}	ndcg@10	0.882808018370203
2026-03-29T19:03:32+00:00	routing	turborepo	srt-cold	q07	{"beam_policy": "uniform", "beam_width": 10, "max_depth": 7}	latency_s	0.14424341700000198
2026-03-29T19:03:32+00:00	routing	turborepo	srt-cold	q07	{"beam_policy": "waterfill", "beam_width": 10, "max_depth": 7}	ndcg@10	0.882808018370203
2026-03-29T19:03:32+00:00	routing	turborepo	srt-cold	q07	{"beam_policy": "waterfill", "beam_width": 10, "max_depth": 7}	latency_s	0.118392833999998
2026-03-29T19:03:32+00:00	routing	turborepo	srt-cold	q07	{"beam_policy": "uniform", "beam_width": 10, "max_depth": 10}	ndcg@10	0.882808018370203
2026-03-29T19:03:32+00:00	routing	turborepo	srt-cold	q07	{"beam_policy": "uniform", "beam_width": 10, "max_depth": 10}	latency_s	0.132706332999998
2026-03-29T19:03:32+00:00	routing	turborepo	srt-cold	q07	{"beam_policy": "waterfill", "beam_width": 10, "max_depth": 10}	ndcg@10	0.882808018370203
2026-03-29T19:03:32+00:00	routing	turborepo	srt-cold	q07	{"beam_policy": "waterfill", "beam_width": 10, "max_depth": 10}	latency_s	0.12106283399999995
2026-03-29T19:03:32+00:00	routing	turborepo	srt-cold	q08	{"beam_policy": "uniform", "beam_width": 2, "max_depth": 3}	ndcg@10	0.0
2026-03-29T19:03:32+00:00	routing	turborepo	srt-cold	q08	{"beam_policy": "uniform", "beam_width": 2, "max_depth": 3}	latency_s	0.09276445800000133
2026-03-29T19:03:32+00:00	routing	turborepo	srt-cold	q08	{"beam_policy": "waterfill", "beam_width": 2, "max_depth": 3}	ndcg@10	0.0
2026-03-29T19:03:32+00:00	routing	turborepo	srt-cold	q08	{"beam_policy": "waterfill", "beam_width": 2, "max_depth": 3}	latency_s	0.08890724999999833
2026-03-29T19:03:32+00:00	routing	turborepo	srt-cold	q08	{"beam_policy": "uniform", "beam_width": 2, "max_depth": 5}	ndcg@10	0.7035351153112575
2026-03-29T19:03:32+00:00	routing	turborepo	srt-cold	q08	{"beam_policy": "uniform", "beam_width": 2, "max_depth": 5}	latency_s	0.09241670799999824
2026-03-29T19:03:32+00:00	routing	turborepo	srt-cold	q08	{"beam_policy": "waterfill", "beam_width": 2, "max_depth": 5}	ndcg@10	0.7035351153112575
2026-03-29T19:03:32+00:00	routing	turborepo	srt-cold	q08	{"beam_policy": "waterfill", "beam_width": 2, "max_depth": 5}	latency_s	0.09171241600000002
2026-03-29T19:03:32+00:00	routing	turborepo	srt-cold	q08	{"beam_policy": "uniform", "beam_width": 2, "max_depth": 7}	ndcg@10	0.7035351153112575
2026-03-29T19:03:32+00:00	routing	turborepo	srt-cold	q08	{"beam_policy": "uniform", "beam_width": 2, "max_depth": 7}	latency_s	0.09157641600000233
2026-03-29T19:03:32+00:00	routing	turborepo	srt-cold	q08	{"beam_policy": "waterfill", "beam_width": 2, "max_depth": 7}	ndcg@10	0.7035351153112575
2026-03-29T19:03:32+00:00	routing	turborepo	srt-cold	q08	{"beam_policy": "waterfill", "beam_width": 2, "max_depth": 7}	latency_s	0.0931720829999989
2026-03-29T19:03:33+00:00	routing	turborepo	srt-cold	q08	{"beam_policy": "uniform", "beam_width": 2, "max_depth": 10}	ndcg@10	0.7035351153112575
2026-03-29T19:03:33+00:00	routing	turborepo	srt-cold	q08	{"beam_policy": "uniform", "beam_width": 2, "max_depth": 10}	latency_s	0.10492062499999832
2026-03-29T19:03:33+00:00	routing	turborepo	srt-cold	q08	{"beam_policy": "waterfill", "beam_width": 2, "max_depth": 10}	ndcg@10	0.7035351153112575
2026-03-29T19:03:33+00:00	routing	turborepo	srt-cold	q08	{"beam_policy": "waterfill", "beam_width": 2, "max_depth": 10}	latency_s	0.092774624999997
2026-03-29T19:03:33+00:00	routing	turborepo	srt-cold	q08	{"beam_policy": "uniform", "beam_width": 3, "max_depth": 3}	ndcg@10	0.0
2026-03-29T19:03:33+00:00	routing	turborepo	srt-cold	q08	{"beam_policy": "uniform", "beam_width": 3, "max_depth": 3}	latency_s	0.08850258300000036
2026-03-29T19:03:33+00:00	routing	turborepo	srt-cold	q08	{"beam_policy": "waterfill", "beam_width": 3, "max_depth": 3}	ndcg@10	0.0
2026-03-29T19:03:33+00:00	routing	turborepo	srt-cold	q08	{"beam_policy": "waterfill", "beam_width": 3, "max_depth": 3}	latency_s	0.09085637500000132
2026-03-29T19:03:33+00:00	routing	turborepo	srt-cold	q08	{"beam_policy": "uniform", "beam_width": 3, "max_depth": 5}	ndcg@10	0.7035351153112575
2026-03-29T19:03:33+00:00	routing	turborepo	srt-cold	q08	{"beam_policy": "uniform", "beam_width": 3, "max_depth": 5}	latency_s	0.0928876669999994
2026-03-29T19:03:33+00:00	routing	turborepo	srt-cold	q08	{"beam_policy": "waterfill", "beam_width": 3, "max_depth": 5}	ndcg@10	0.7035351153112575
2026-03-29T19:03:33+00:00	routing	turborepo	srt-cold	q08	{"beam_policy": "waterfill", "beam_width": 3, "max_depth": 5}	latency_s	0.09089337500000028
2026-03-29T19:03:33+00:00	routing	turborepo	srt-cold	q08	{"beam_policy": "uniform", "beam_width": 3, "max_depth": 7}	ndcg@10	0.7035351153112575
2026-03-29T19:03:33+00:00	routing	turborepo	srt-cold	q08	{"beam_policy": "uniform", "beam_width": 3, "max_depth": 7}	latency_s	0.09243316699999937
2026-03-29T19:03:33+00:00	routing	turborepo	srt-cold	q08	{"beam_policy": "waterfill", "beam_width": 3, "max_depth": 7}	ndcg@10	0.7035351153112575
2026-03-29T19:03:33+00:00	routing	turborepo	srt-cold	q08	{"beam_policy": "waterfill", "beam_width": 3, "max_depth": 7}	latency_s	0.0978833750000021
2026-03-29T19:03:33+00:00	routing	turborepo	srt-cold	q08	{"beam_policy": "uniform", "beam_width": 3, "max_depth": 10}	ndcg@10	0.7035351153112575
2026-03-29T19:03:33+00:00	routing	turborepo	srt-cold	q08	{"beam_policy": "uniform", "beam_width": 3, "max_depth": 10}	latency_s	0.09646995800000013
2026-03-29T19:03:33+00:00	routing	turborepo	srt-cold	q08	{"beam_policy": "waterfill", "beam_width": 3, "max_depth": 10}	ndcg@10	0.7035351153112575
2026-03-29T19:03:33+00:00	routing	turborepo	srt-cold	q08	{"beam_policy": "waterfill", "beam_width": 3, "max_depth": 10}	latency_s	0.09203270900000149
2026-03-29T19:03:34+00:00	routing	turborepo	srt-cold	q08	{"beam_policy": "uniform", "beam_width": 5, "max_depth": 3}	ndcg@10	0.0
2026-03-29T19:03:34+00:00	routing	turborepo	srt-cold	q08	{"beam_policy": "uniform", "beam_width": 5, "max_depth": 3}	latency_s	0.0978241670000024
2026-03-29T19:03:34+00:00	routing	turborepo	srt-cold	q08	{"beam_policy": "waterfill", "beam_width": 5, "max_depth": 3}	ndcg@10	0.0
2026-03-29T19:03:34+00:00	routing	turborepo	srt-cold	q08	{"beam_policy": "waterfill", "beam_width": 5, "max_depth": 3}	latency_s	0.09375895899999875
2026-03-29T19:03:34+00:00	routing	turborepo	srt-cold	q08	{"beam_policy": "uniform", "beam_width": 5, "max_depth": 5}	ndcg@10	0.6870739308105855
2026-03-29T19:03:34+00:00	routing	turborepo	srt-cold	q08	{"beam_policy": "uniform", "beam_width": 5, "max_depth": 5}	latency_s	0.09702862500000009
2026-03-29T19:03:34+00:00	routing	turborepo	srt-cold	q08	{"beam_policy": "waterfill", "beam_width": 5, "max_depth": 5}	ndcg@10	0.7008014178001641
2026-03-29T19:03:34+00:00	routing	turborepo	srt-cold	q08	{"beam_policy": "waterfill", "beam_width": 5, "max_depth": 5}	latency_s	0.09460516700000099
2026-03-29T19:03:34+00:00	routing	turborepo	srt-cold	q08	{"beam_policy": "uniform", "beam_width": 5, "max_depth": 7}	ndcg@10	0.6512776522440882
2026-03-29T19:03:34+00:00	routing	turborepo	srt-cold	q08	{"beam_policy": "uniform", "beam_width": 5, "max_depth": 7}	latency_s	0.10408404200000021
2026-03-29T19:03:34+00:00	routing	turborepo	srt-cold	q08	{"beam_policy": "waterfill", "beam_width": 5, "max_depth": 7}	ndcg@10	0.7008014178001641
2026-03-29T19:03:34+00:00	routing	turborepo	srt-cold	q08	{"beam_policy": "waterfill", "beam_width": 5, "max_depth": 7}	latency_s	0.09944241699999878
2026-03-29T19:03:34+00:00	routing	turborepo	srt-cold	q08	{"beam_policy": "uniform", "beam_width": 5, "max_depth": 10}	ndcg@10	0.6512776522440882
2026-03-29T19:03:34+00:00	routing	turborepo	srt-cold	q08	{"beam_policy": "uniform", "beam_width": 5, "max_depth": 10}	latency_s	0.10463395899999739
2026-03-29T19:03:34+00:00	routing	turborepo	srt-cold	q08	{"beam_policy": "waterfill", "beam_width": 5, "max_depth": 10}	ndcg@10	0.7008014178001641
2026-03-29T19:03:34+00:00	routing	turborepo	srt-cold	q08	{"beam_policy": "waterfill", "beam_width": 5, "max_depth": 10}	latency_s	0.09740183399999935
2026-03-29T19:03:34+00:00	routing	turborepo	srt-cold	q08	{"beam_policy": "uniform", "beam_width": 7, "max_depth": 3}	ndcg@10	0.0
2026-03-29T19:03:34+00:00	routing	turborepo	srt-cold	q08	{"beam_policy": "uniform", "beam_width": 7, "max_depth": 3}	latency_s	0.09629062500000174
2026-03-29T19:03:34+00:00	routing	turborepo	srt-cold	q08	{"beam_policy": "waterfill", "beam_width": 7, "max_depth": 3}	ndcg@10	0.0
2026-03-29T19:03:34+00:00	routing	turborepo	srt-cold	q08	{"beam_policy": "waterfill", "beam_width": 7, "max_depth": 3}	latency_s	0.09626537500000154
2026-03-29T19:03:35+00:00	routing	turborepo	srt-cold	q08	{"beam_policy": "uniform", "beam_width": 7, "max_depth": 5}	ndcg@10	0.6870739308105855
2026-03-29T19:03:35+00:00	routing	turborepo	srt-cold	q08	{"beam_policy": "uniform", "beam_width": 7, "max_depth": 5}	latency_s	0.10860145899999907
2026-03-29T19:03:35+00:00	routing	turborepo	srt-cold	q08	{"beam_policy": "waterfill", "beam_width": 7, "max_depth": 5}	ndcg@10	0.6870739308105855
2026-03-29T19:03:35+00:00	routing	turborepo	srt-cold	q08	{"beam_policy": "waterfill", "beam_width": 7, "max_depth": 5}	latency_s	0.09959070800000092
2026-03-29T19:03:35+00:00	routing	turborepo	srt-cold	q08	{"beam_policy": "uniform", "beam_width": 7, "max_depth": 7}	ndcg@10	0.6512776522440882
2026-03-29T19:03:35+00:00	routing	turborepo	srt-cold	q08	{"beam_policy": "uniform", "beam_width": 7, "max_depth": 7}	latency_s	0.11504349999999874
2026-03-29T19:03:35+00:00	routing	turborepo	srt-cold	q08	{"beam_policy": "waterfill", "beam_width": 7, "max_depth": 7}	ndcg@10	0.6512776522440882
2026-03-29T19:03:35+00:00	routing	turborepo	srt-cold	q08	{"beam_policy": "waterfill", "beam_width": 7, "max_depth": 7}	latency_s	0.10426166700000294
2026-03-29T19:03:35+00:00	routing	turborepo	srt-cold	q08	{"beam_policy": "uniform", "beam_width": 7, "max_depth": 10}	ndcg@10	0.6512776522440882
2026-03-29T19:03:35+00:00	routing	turborepo	srt-cold	q08	{"beam_policy": "uniform", "beam_width": 7, "max_depth": 10}	latency_s	0.11679383299999913
2026-03-29T19:03:35+00:00	routing	turborepo	srt-cold	q08	{"beam_policy": "waterfill", "beam_width": 7, "max_depth": 10}	ndcg@10	0.6512776522440882
2026-03-29T19:03:35+00:00	routing	turborepo	srt-cold	q08	{"beam_policy": "waterfill", "beam_width": 7, "max_depth": 10}	latency_s	0.10235087499999906
2026-03-29T19:03:35+00:00	routing	turborepo	srt-cold	q08	{"beam_policy": "uniform", "beam_width": 10, "max_depth": 3}	ndcg@10	0.0
2026-03-29T19:03:35+00:00	routing	turborepo	srt-cold	q08	{"beam_policy": "uniform", "beam_width": 10, "max_depth": 3}	latency_s	0.09910104099999728
2026-03-29T19:03:35+00:00	routing	turborepo	srt-cold	q08	{"beam_policy": "waterfill", "beam_width": 10, "max_depth": 3}	ndcg@10	0.0
2026-03-29T19:03:35+00:00	routing	turborepo	srt-cold	q08	{"beam_policy": "waterfill", "beam_width": 10, "max_depth": 3}	latency_s	0.09553679100000068
2026-03-29T19:03:35+00:00	routing	turborepo	srt-cold	q08	{"beam_policy": "uniform", "beam_width": 10, "max_depth": 5}	ndcg@10	0.6870739308105855
2026-03-29T19:03:35+00:00	routing	turborepo	srt-cold	q08	{"beam_policy": "uniform", "beam_width": 10, "max_depth": 5}	latency_s	0.11862566699999988
2026-03-29T19:03:36+00:00	routing	turborepo	srt-cold	q08	{"beam_policy": "waterfill", "beam_width": 10, "max_depth": 5}	ndcg@10	0.6870739308105855
2026-03-29T19:03:36+00:00	routing	turborepo	srt-cold	q08	{"beam_policy": "waterfill", "beam_width": 10, "max_depth": 5}	latency_s	0.10436274999999995
2026-03-29T19:03:36+00:00	routing	turborepo	srt-cold	q08	{"beam_policy": "uniform", "beam_width": 10, "max_depth": 7}	ndcg@10	0.6512776522440882
2026-03-29T19:03:36+00:00	routing	turborepo	srt-cold	q08	{"beam_policy": "uniform", "beam_width": 10, "max_depth": 7}	latency_s	0.13154300000000063
2026-03-29T19:03:36+00:00	routing	turborepo	srt-cold	q08	{"beam_policy": "waterfill", "beam_width": 10, "max_depth": 7}	ndcg@10	0.6512776522440882
2026-03-29T19:03:36+00:00	routing	turborepo	srt-cold	q08	{"beam_policy": "waterfill", "beam_width": 10, "max_depth": 7}	latency_s	0.11631354200000033
2026-03-29T19:03:36+00:00	routing	turborepo	srt-cold	q08	{"beam_policy": "uniform", "beam_width": 10, "max_depth": 10}	ndcg@10	0.6512776522440882
2026-03-29T19:03:36+00:00	routing	turborepo	srt-cold	q08	{"beam_policy": "uniform", "beam_width": 10, "max_depth": 10}	latency_s	0.13520083299999897
2026-03-29T19:03:36+00:00	routing	turborepo	srt-cold	q08	{"beam_policy": "waterfill", "beam_width": 10, "max_depth": 10}	ndcg@10	0.6512776522440882
2026-03-29T19:03:36+00:00	routing	turborepo	srt-cold	q08	{"beam_policy": "waterfill", "beam_width": 10, "max_depth": 10}	latency_s	0.11900975000000358
2026-03-29T19:03:36+00:00	routing	turborepo	srt-cold	q09	{"beam_policy": "uniform", "beam_width": 2, "max_depth": 3}	ndcg@10	0.0
2026-03-29T19:03:36+00:00	routing	turborepo	srt-cold	q09	{"beam_policy": "uniform", "beam_width": 2, "max_depth": 3}	latency_s	0.08969641599999534
2026-03-29T19:03:36+00:00	routing	turborepo	srt-cold	q09	{"beam_policy": "waterfill", "beam_width": 2, "max_depth": 3}	ndcg@10	0.0
2026-03-29T19:03:36+00:00	routing	turborepo	srt-cold	q09	{"beam_policy": "waterfill", "beam_width": 2, "max_depth": 3}	latency_s	0.08984687499999922
2026-03-29T19:03:36+00:00	routing	turborepo	srt-cold	q09	{"beam_policy": "uniform", "beam_width": 2, "max_depth": 5}	ndcg@10	0.6038384577491301
2026-03-29T19:03:36+00:00	routing	turborepo	srt-cold	q09	{"beam_policy": "uniform", "beam_width": 2, "max_depth": 5}	latency_s	0.09146870899999726
2026-03-29T19:03:36+00:00	routing	turborepo	srt-cold	q09	{"beam_policy": "waterfill", "beam_width": 2, "max_depth": 5}	ndcg@10	0.604546555421962
2026-03-29T19:03:36+00:00	routing	turborepo	srt-cold	q09	{"beam_policy": "waterfill", "beam_width": 2, "max_depth": 5}	latency_s	0.0928943750000002
2026-03-29T19:03:37+00:00	routing	turborepo	srt-cold	q09	{"beam_policy": "uniform", "beam_width": 2, "max_depth": 7}	ndcg@10	0.5666497561034882
2026-03-29T19:03:37+00:00	routing	turborepo	srt-cold	q09	{"beam_policy": "uniform", "beam_width": 2, "max_depth": 7}	latency_s	0.09221600000000052
2026-03-29T19:03:37+00:00	routing	turborepo	srt-cold	q09	{"beam_policy": "waterfill", "beam_width": 2, "max_depth": 7}	ndcg@10	0.604546555421962
2026-03-29T19:03:37+00:00	routing	turborepo	srt-cold	q09	{"beam_policy": "waterfill", "beam_width": 2, "max_depth": 7}	latency_s	0.09097183299999756
2026-03-29T19:03:37+00:00	routing	turborepo	srt-cold	q09	{"beam_policy": "uniform", "beam_width": 2, "max_depth": 10}	ndcg@10	0.5666497561034882
2026-03-29T19:03:37+00:00	routing	turborepo	srt-cold	q09	{"beam_policy": "uniform", "beam_width": 2, "max_depth": 10}	latency_s	0.0946869169999971
2026-03-29T19:03:37+00:00	routing	turborepo	srt-cold	q09	{"beam_policy": "waterfill", "beam_width": 2, "max_depth": 10}	ndcg@10	0.604546555421962
2026-03-29T19:03:37+00:00	routing	turborepo	srt-cold	q09	{"beam_policy": "waterfill", "beam_width": 2, "max_depth": 10}	latency_s	0.0939819999999969
2026-03-29T19:03:37+00:00	routing	turborepo	srt-cold	q09	{"beam_policy": "uniform", "beam_width": 3, "max_depth": 3}	ndcg@10	0.0
2026-03-29T19:03:37+00:00	routing	turborepo	srt-cold	q09	{"beam_policy": "uniform", "beam_width": 3, "max_depth": 3}	latency_s	0.09098137499999837
2026-03-29T19:03:37+00:00	routing	turborepo	srt-cold	q09	{"beam_policy": "waterfill", "beam_width": 3, "max_depth": 3}	ndcg@10	0.0
2026-03-29T19:03:37+00:00	routing	turborepo	srt-cold	q09	{"beam_policy": "waterfill", "beam_width": 3, "max_depth": 3}	latency_s	0.09131049999999874
2026-03-29T19:03:37+00:00	routing	turborepo	srt-cold	q09	{"beam_policy": "uniform", "beam_width": 3, "max_depth": 5}	ndcg@10	0.6038384577491301
2026-03-29T19:03:37+00:00	routing	turborepo	srt-cold	q09	{"beam_policy": "uniform", "beam_width": 3, "max_depth": 5}	latency_s	0.09481312500000172
2026-03-29T19:03:37+00:00	routing	turborepo	srt-cold	q09	{"beam_policy": "waterfill", "beam_width": 3, "max_depth": 5}	ndcg@10	0.6038384577491301
2026-03-29T19:03:37+00:00	routing	turborepo	srt-cold	q09	{"beam_policy": "waterfill", "beam_width": 3, "max_depth": 5}	latency_s	0.09711879099999976
2026-03-29T19:03:37+00:00	routing	turborepo	srt-cold	q09	{"beam_policy": "uniform", "beam_width": 3, "max_depth": 7}	ndcg@10	0.5666497561034882
2026-03-29T19:03:37+00:00	routing	turborepo	srt-cold	q09	{"beam_policy": "uniform", "beam_width": 3, "max_depth": 7}	latency_s	0.09519479200000092
2026-03-29T19:03:37+00:00	routing	turborepo	srt-cold	q09	{"beam_policy": "waterfill", "beam_width": 3, "max_depth": 7}	ndcg@10	0.5666497561034882
2026-03-29T19:03:37+00:00	routing	turborepo	srt-cold	q09	{"beam_policy": "waterfill", "beam_width": 3, "max_depth": 7}	latency_s	0.09276683299999888
2026-03-29T19:03:37+00:00	routing	turborepo	srt-cold	q09	{"beam_policy": "uniform", "beam_width": 3, "max_depth": 10}	ndcg@10	0.5666497561034882
2026-03-29T19:03:37+00:00	routing	turborepo	srt-cold	q09	{"beam_policy": "uniform", "beam_width": 3, "max_depth": 10}	latency_s	0.09427641700000322
2026-03-29T19:03:38+00:00	routing	turborepo	srt-cold	q09	{"beam_policy": "waterfill", "beam_width": 3, "max_depth": 10}	ndcg@10	0.5666497561034882
2026-03-29T19:03:38+00:00	routing	turborepo	srt-cold	q09	{"beam_policy": "waterfill", "beam_width": 3, "max_depth": 10}	latency_s	0.09249774999999971
2026-03-29T19:03:38+00:00	routing	turborepo	srt-cold	q09	{"beam_policy": "uniform", "beam_width": 5, "max_depth": 3}	ndcg@10	0.0
2026-03-29T19:03:38+00:00	routing	turborepo	srt-cold	q09	{"beam_policy": "uniform", "beam_width": 5, "max_depth": 3}	latency_s	0.09832958399999825
2026-03-29T19:03:38+00:00	routing	turborepo	srt-cold	q09	{"beam_policy": "waterfill", "beam_width": 5, "max_depth": 3}	ndcg@10	0.0
2026-03-29T19:03:38+00:00	routing	turborepo	srt-cold	q09	{"beam_policy": "waterfill", "beam_width": 5, "max_depth": 3}	latency_s	0.09121745899999922
2026-03-29T19:03:38+00:00	routing	turborepo	srt-cold	q09	{"beam_policy": "uniform", "beam_width": 5, "max_depth": 5}	ndcg@10	0.6038384577491301
2026-03-29T19:03:38+00:00	routing	turborepo	srt-cold	q09	{"beam_policy": "uniform", "beam_width": 5, "max_depth": 5}	latency_s	0.11571262500000046
2026-03-29T19:03:38+00:00	routing	turborepo	srt-cold	q09	{"beam_policy": "waterfill", "beam_width": 5, "max_depth": 5}	ndcg@10	0.6038384577491301
2026-03-29T19:03:38+00:00	routing	turborepo	srt-cold	q09	{"beam_policy": "waterfill", "beam_width": 5, "max_depth": 5}	latency_s	0.10561420799999865
2026-03-29T19:03:38+00:00	routing	turborepo	srt-cold	q09	{"beam_policy": "uniform", "beam_width": 5, "max_depth": 7}	ndcg@10	0.5666497561034882
2026-03-29T19:03:38+00:00	routing	turborepo	srt-cold	q09	{"beam_policy": "uniform", "beam_width": 5, "max_depth": 7}	latency_s	0.13719783300000188
2026-03-29T19:03:38+00:00	routing	turborepo	srt-cold	q09	{"beam_policy": "waterfill", "beam_width": 5, "max_depth": 7}	ndcg@10	0.5666497561034882
2026-03-29T19:03:38+00:00	routing	turborepo	srt-cold	q09	{"beam_policy": "waterfill", "beam_width": 5, "max_depth": 7}	latency_s	0.10471187499999957
2026-03-29T19:03:38+00:00	routing	turborepo	srt-cold	q09	{"beam_policy": "uniform", "beam_width": 5, "max_depth": 10}	ndcg@10	0.5666497561034882
2026-03-29T19:03:38+00:00	routing	turborepo	srt-cold	q09	{"beam_policy": "uniform", "beam_width": 5, "max_depth": 10}	latency_s	0.12811229100000077
2026-03-29T19:03:38+00:00	routing	turborepo	srt-cold	q09	{"beam_policy": "waterfill", "beam_width": 5, "max_depth": 10}	ndcg@10	0.5666497561034882
2026-03-29T19:03:38+00:00	routing	turborepo	srt-cold	q09	{"beam_policy": "waterfill", "beam_width": 5, "max_depth": 10}	latency_s	0.10169566700000132
2026-03-29T19:03:39+00:00	routing	turborepo	srt-cold	q09	{"beam_policy": "uniform", "beam_width": 7, "max_depth": 3}	ndcg@10	0.0
2026-03-29T19:03:39+00:00	routing	turborepo	srt-cold	q09	{"beam_policy": "uniform", "beam_width": 7, "max_depth": 3}	latency_s	0.10232062499999728
2026-03-29T19:03:39+00:00	routing	turborepo	srt-cold	q09	{"beam_policy": "waterfill", "beam_width": 7, "max_depth": 3}	ndcg@10	0.0
2026-03-29T19:03:39+00:00	routing	turborepo	srt-cold	q09	{"beam_policy": "waterfill", "beam_width": 7, "max_depth": 3}	latency_s	0.0938420000000022
2026-03-29T19:03:39+00:00	routing	turborepo	srt-cold	q09	{"beam_policy": "uniform", "beam_width": 7, "max_depth": 5}	ndcg@10	0.6038384577491301
2026-03-29T19:03:39+00:00	routing	turborepo	srt-cold	q09	{"beam_policy": "uniform", "beam_width": 7, "max_depth": 5}	latency_s	0.12423566699999355
2026-03-29T19:03:39+00:00	routing	turborepo	srt-cold	q09	{"beam_policy": "waterfill", "beam_width": 7, "max_depth": 5}	ndcg@10	0.6038384577491301
2026-03-29T19:03:39+00:00	routing	turborepo	srt-cold	q09	{"beam_policy": "waterfill", "beam_width": 7, "max_depth": 5}	latency_s	0.11569745799999964
2026-03-29T19:03:39+00:00	routing	turborepo	srt-cold	q09	{"beam_policy": "uniform", "beam_width": 7, "max_depth": 7}	ndcg@10	0.4014158874623092
2026-03-29T19:03:39+00:00	routing	turborepo	srt-cold	q09	{"beam_policy": "uniform", "beam_width": 7, "max_depth": 7}	latency_s	0.13842862499999598
2026-03-29T19:03:39+00:00	routing	turborepo	srt-cold	q09	{"beam_policy": "waterfill", "beam_width": 7, "max_depth": 7}	ndcg@10	0.5666497561034882
2026-03-29T19:03:39+00:00	routing	turborepo	srt-cold	q09	{"beam_policy": "waterfill", "beam_width": 7, "max_depth": 7}	latency_s	0.12740449999999726
2026-03-29T19:03:39+00:00	routing	turborepo	srt-cold	q09	{"beam_policy": "uniform", "beam_width": 7, "max_depth": 10}	ndcg@10	0.4014158874623092
2026-03-29T19:03:39+00:00	routing	turborepo	srt-cold	q09	{"beam_policy": "uniform", "beam_width": 7, "max_depth": 10}	latency_s	0.13882379199999662
2026-03-29T19:03:39+00:00	routing	turborepo	srt-cold	q09	{"beam_policy": "waterfill", "beam_width": 7, "max_depth": 10}	ndcg@10	0.5666497561034882
2026-03-29T19:03:39+00:00	routing	turborepo	srt-cold	q09	{"beam_policy": "waterfill", "beam_width": 7, "max_depth": 10}	latency_s	0.12566058299999838
2026-03-29T19:03:40+00:00	routing	turborepo	srt-cold	q09	{"beam_policy": "uniform", "beam_width": 10, "max_depth": 3}	ndcg@10	0.0
2026-03-29T19:03:40+00:00	routing	turborepo	srt-cold	q09	{"beam_policy": "uniform", "beam_width": 10, "max_depth": 3}	latency_s	0.09999662500000284
2026-03-29T19:03:40+00:00	routing	turborepo	srt-cold	q09	{"beam_policy": "waterfill", "beam_width": 10, "max_depth": 3}	ndcg@10	0.0
2026-03-29T19:03:40+00:00	routing	turborepo	srt-cold	q09	{"beam_policy": "waterfill", "beam_width": 10, "max_depth": 3}	latency_s	0.09761033300000577
2026-03-29T19:03:40+00:00	routing	turborepo	srt-cold	q09	{"beam_policy": "uniform", "beam_width": 10, "max_depth": 5}	ndcg@10	0.6038384577491301
2026-03-29T19:03:40+00:00	routing	turborepo	srt-cold	q09	{"beam_policy": "uniform", "beam_width": 10, "max_depth": 5}	latency_s	0.13173670799999826
2026-03-29T19:03:40+00:00	routing	turborepo	srt-cold	q09	{"beam_policy": "waterfill", "beam_width": 10, "max_depth": 5}	ndcg@10	0.6038384577491301
2026-03-29T19:03:40+00:00	routing	turborepo	srt-cold	q09	{"beam_policy": "waterfill", "beam_width": 10, "max_depth": 5}	latency_s	0.12620395799999784
2026-03-29T19:03:40+00:00	routing	turborepo	srt-cold	q09	{"beam_policy": "uniform", "beam_width": 10, "max_depth": 7}	ndcg@10	0.4014158874623092
2026-03-29T19:03:40+00:00	routing	turborepo	srt-cold	q09	{"beam_policy": "uniform", "beam_width": 10, "max_depth": 7}	latency_s	0.15528591600000397
2026-03-29T19:03:40+00:00	routing	turborepo	srt-cold	q09	{"beam_policy": "waterfill", "beam_width": 10, "max_depth": 7}	ndcg@10	0.4014158874623092
2026-03-29T19:03:40+00:00	routing	turborepo	srt-cold	q09	{"beam_policy": "waterfill", "beam_width": 10, "max_depth": 7}	latency_s	0.14013024999999857
2026-03-29T19:03:41+00:00	routing	turborepo	srt-cold	q09	{"beam_policy": "uniform", "beam_width": 10, "max_depth": 10}	ndcg@10	0.4014158874623092
2026-03-29T19:03:41+00:00	routing	turborepo	srt-cold	q09	{"beam_policy": "uniform", "beam_width": 10, "max_depth": 10}	latency_s	0.15524750000000154
2026-03-29T19:03:41+00:00	routing	turborepo	srt-cold	q09	{"beam_policy": "waterfill", "beam_width": 10, "max_depth": 10}	ndcg@10	0.4014158874623092
2026-03-29T19:03:41+00:00	routing	turborepo	srt-cold	q09	{"beam_policy": "waterfill", "beam_width": 10, "max_depth": 10}	latency_s	0.14105516699999754
2026-03-29T19:03:41+00:00	routing	turborepo	srt-cold	q10	{"beam_policy": "uniform", "beam_width": 2, "max_depth": 3}	ndcg@10	0.0
2026-03-29T19:03:41+00:00	routing	turborepo	srt-cold	q10	{"beam_policy": "uniform", "beam_width": 2, "max_depth": 3}	latency_s	0.08819000000000443
2026-03-29T19:03:41+00:00	routing	turborepo	srt-cold	q10	{"beam_policy": "waterfill", "beam_width": 2, "max_depth": 3}	ndcg@10	0.0
2026-03-29T19:03:41+00:00	routing	turborepo	srt-cold	q10	{"beam_policy": "waterfill", "beam_width": 2, "max_depth": 3}	latency_s	0.09110541700000141
2026-03-29T19:03:41+00:00	routing	turborepo	srt-cold	q10	{"beam_policy": "uniform", "beam_width": 2, "max_depth": 5}	ndcg@10	0.0
2026-03-29T19:03:41+00:00	routing	turborepo	srt-cold	q10	{"beam_policy": "uniform", "beam_width": 2, "max_depth": 5}	latency_s	0.09466029200000037
2026-03-29T19:03:41+00:00	routing	turborepo	srt-cold	q10	{"beam_policy": "waterfill", "beam_width": 2, "max_depth": 5}	ndcg@10	0.0
2026-03-29T19:03:41+00:00	routing	turborepo	srt-cold	q10	{"beam_policy": "waterfill", "beam_width": 2, "max_depth": 5}	latency_s	0.09709291699999767
2026-03-29T19:03:41+00:00	routing	turborepo	srt-cold	q10	{"beam_policy": "uniform", "beam_width": 2, "max_depth": 7}	ndcg@10	0.0
2026-03-29T19:03:41+00:00	routing	turborepo	srt-cold	q10	{"beam_policy": "uniform", "beam_width": 2, "max_depth": 7}	latency_s	0.09097825000000626
2026-03-29T19:03:41+00:00	routing	turborepo	srt-cold	q10	{"beam_policy": "waterfill", "beam_width": 2, "max_depth": 7}	ndcg@10	0.0
2026-03-29T19:03:41+00:00	routing	turborepo	srt-cold	q10	{"beam_policy": "waterfill", "beam_width": 2, "max_depth": 7}	latency_s	0.09423387499999336
2026-03-29T19:03:41+00:00	routing	turborepo	srt-cold	q10	{"beam_policy": "uniform", "beam_width": 2, "max_depth": 10}	ndcg@10	0.0
2026-03-29T19:03:41+00:00	routing	turborepo	srt-cold	q10	{"beam_policy": "uniform", "beam_width": 2, "max_depth": 10}	latency_s	0.09197212499999807
2026-03-29T19:03:41+00:00	routing	turborepo	srt-cold	q10	{"beam_policy": "waterfill", "beam_width": 2, "max_depth": 10}	ndcg@10	0.0
2026-03-29T19:03:41+00:00	routing	turborepo	srt-cold	q10	{"beam_policy": "waterfill", "beam_width": 2, "max_depth": 10}	latency_s	0.09330420899999581
2026-03-29T19:03:42+00:00	routing	turborepo	srt-cold	q10	{"beam_policy": "uniform", "beam_width": 3, "max_depth": 3}	ndcg@10	0.0
2026-03-29T19:03:42+00:00	routing	turborepo	srt-cold	q10	{"beam_policy": "uniform", "beam_width": 3, "max_depth": 3}	latency_s	0.09154479100000401
2026-03-29T19:03:42+00:00	routing	turborepo	srt-cold	q10	{"beam_policy": "waterfill", "beam_width": 3, "max_depth": 3}	ndcg@10	0.0
2026-03-29T19:03:42+00:00	routing	turborepo	srt-cold	q10	{"beam_policy": "waterfill", "beam_width": 3, "max_depth": 3}	latency_s	0.0908107919999992
2026-03-29T19:03:42+00:00	routing	turborepo	srt-cold	q10	{"beam_policy": "uniform", "beam_width": 3, "max_depth": 5}	ndcg@10	0.0
2026-03-29T19:03:42+00:00	routing	turborepo	srt-cold	q10	{"beam_policy": "uniform", "beam_width": 3, "max_depth": 5}	latency_s	0.09908595799999631
2026-03-29T19:03:42+00:00	routing	turborepo	srt-cold	q10	{"beam_policy": "waterfill", "beam_width": 3, "max_depth": 5}	ndcg@10	0.0
2026-03-29T19:03:42+00:00	routing	turborepo	srt-cold	q10	{"beam_policy": "waterfill", "beam_width": 3, "max_depth": 5}	latency_s	0.0926125420000048
2026-03-29T19:03:42+00:00	routing	turborepo	srt-cold	q10	{"beam_policy": "uniform", "beam_width": 3, "max_depth": 7}	ndcg@10	0.0
2026-03-29T19:03:42+00:00	routing	turborepo	srt-cold	q10	{"beam_policy": "uniform", "beam_width": 3, "max_depth": 7}	latency_s	0.09295341600000029
2026-03-29T19:03:42+00:00	routing	turborepo	srt-cold	q10	{"beam_policy": "waterfill", "beam_width": 3, "max_depth": 7}	ndcg@10	0.0
2026-03-29T19:03:42+00:00	routing	turborepo	srt-cold	q10	{"beam_policy": "waterfill", "beam_width": 3, "max_depth": 7}	latency_s	0.09295900000000046
2026-03-29T19:03:42+00:00	routing	turborepo	srt-cold	q10	{"beam_policy": "uniform", "beam_width": 3, "max_depth": 10}	ndcg@10	0.0
2026-03-29T19:03:42+00:00	routing	turborepo	srt-cold	q10	{"beam_policy": "uniform", "beam_width": 3, "max_depth": 10}	latency_s	0.0913484579999988
2026-03-29T19:03:42+00:00	routing	turborepo	srt-cold	q10	{"beam_policy": "waterfill", "beam_width": 3, "max_depth": 10}	ndcg@10	0.0
2026-03-29T19:03:42+00:00	routing	turborepo	srt-cold	q10	{"beam_policy": "waterfill", "beam_width": 3, "max_depth": 10}	latency_s	0.09406300000000556
2026-03-29T19:03:42+00:00	routing	turborepo	srt-cold	q10	{"beam_policy": "uniform", "beam_width": 5, "max_depth": 3}	ndcg@10	0.0
2026-03-29T19:03:42+00:00	routing	turborepo	srt-cold	q10	{"beam_policy": "uniform", "beam_width": 5, "max_depth": 3}	latency_s	0.0978265829999998
2026-03-29T19:03:42+00:00	routing	turborepo	srt-cold	q10	{"beam_policy": "waterfill", "beam_width": 5, "max_depth": 3}	ndcg@10	0.0
2026-03-29T19:03:42+00:00	routing	turborepo	srt-cold	q10	{"beam_policy": "waterfill", "beam_width": 5, "max_depth": 3}	latency_s	0.09154779200000007
2026-03-29T19:03:42+00:00	routing	turborepo	srt-cold	q10	{"beam_policy": "uniform", "beam_width": 5, "max_depth": 5}	ndcg@10	0.0
2026-03-29T19:03:42+00:00	routing	turborepo	srt-cold	q10	{"beam_policy": "uniform", "beam_width": 5, "max_depth": 5}	latency_s	0.10242749999999745
2026-03-29T19:03:43+00:00	routing	turborepo	srt-cold	q10	{"beam_policy": "waterfill", "beam_width": 5, "max_depth": 5}	ndcg@10	0.0
2026-03-29T19:03:43+00:00	routing	turborepo	srt-cold	q10	{"beam_policy": "waterfill", "beam_width": 5, "max_depth": 5}	latency_s	0.0970875410000005
2026-03-29T19:03:43+00:00	routing	turborepo	srt-cold	q10	{"beam_policy": "uniform", "beam_width": 5, "max_depth": 7}	ndcg@10	0.0
2026-03-29T19:03:43+00:00	routing	turborepo	srt-cold	q10	{"beam_policy": "uniform", "beam_width": 5, "max_depth": 7}	latency_s	0.10190458400000324
2026-03-29T19:03:43+00:00	routing	turborepo	srt-cold	q10	{"beam_policy": "waterfill", "beam_width": 5, "max_depth": 7}	ndcg@10	0.0
2026-03-29T19:03:43+00:00	routing	turborepo	srt-cold	q10	{"beam_policy": "waterfill", "beam_width": 5, "max_depth": 7}	latency_s	0.09209612499999764
2026-03-29T19:03:43+00:00	routing	turborepo	srt-cold	q10	{"beam_policy": "uniform", "beam_width": 5, "max_depth": 10}	ndcg@10	0.0
2026-03-29T19:03:43+00:00	routing	turborepo	srt-cold	q10	{"beam_policy": "uniform", "beam_width": 5, "max_depth": 10}	latency_s	0.09618220899999841
2026-03-29T19:03:43+00:00	routing	turborepo	srt-cold	q10	{"beam_policy": "waterfill", "beam_width": 5, "max_depth": 10}	ndcg@10	0.0
2026-03-29T19:03:43+00:00	routing	turborepo	srt-cold	q10	{"beam_policy": "waterfill", "beam_width": 5, "max_depth": 10}	latency_s	0.09457070799999912
2026-03-29T19:03:43+00:00	routing	turborepo	srt-cold	q10	{"beam_policy": "uniform", "beam_width": 7, "max_depth": 3}	ndcg@10	0.0
2026-03-29T19:03:43+00:00	routing	turborepo	srt-cold	q10	{"beam_policy": "uniform", "beam_width": 7, "max_depth": 3}	latency_s	0.09477266699999376
2026-03-29T19:03:43+00:00	routing	turborepo	srt-cold	q10	{"beam_policy": "waterfill", "beam_width": 7, "max_depth": 3}	ndcg@10	0.0
2026-03-29T19:03:43+00:00	routing	turborepo	srt-cold	q10	{"beam_policy": "waterfill", "beam_width": 7, "max_depth": 3}	latency_s	0.09338291699999957
2026-03-29T19:03:43+00:00	routing	turborepo	srt-cold	q10	{"beam_policy": "uniform", "beam_width": 7, "max_depth": 5}	ndcg@10	0.5528198385340013
2026-03-29T19:03:43+00:00	routing	turborepo	srt-cold	q10	{"beam_policy": "uniform", "beam_width": 7, "max_depth": 5}	latency_s	0.11582679099999638
2026-03-29T19:03:43+00:00	routing	turborepo	srt-cold	q10	{"beam_policy": "waterfill", "beam_width": 7, "max_depth": 5}	ndcg@10	0.0
2026-03-29T19:03:43+00:00	routing	turborepo	srt-cold	q10	{"beam_policy": "waterfill", "beam_width": 7, "max_depth": 5}	latency_s	0.10144045900000265
2026-03-29T19:03:43+00:00	routing	turborepo	srt-cold	q10	{"beam_policy": "uniform", "beam_width": 7, "max_depth": 7}	ndcg@10	0.544445487137289
2026-03-29T19:03:43+00:00	routing	turborepo	srt-cold	q10	{"beam_policy": "uniform", "beam_width": 7, "max_depth": 7}	latency_s	0.12314541599999984
2026-03-29T19:03:44+00:00	routing	turborepo	srt-cold	q10	{"beam_policy": "waterfill", "beam_width": 7, "max_depth": 7}	ndcg@10	0.0
2026-03-29T19:03:44+00:00	routing	turborepo	srt-cold	q10	{"beam_policy": "waterfill", "beam_width": 7, "max_depth": 7}	latency_s	0.09709562499999436
2026-03-29T19:03:44+00:00	routing	turborepo	srt-cold	q10	{"beam_policy": "uniform", "beam_width": 7, "max_depth": 10}	ndcg@10	0.544445487137289
2026-03-29T19:03:44+00:00	routing	turborepo	srt-cold	q10	{"beam_policy": "uniform", "beam_width": 7, "max_depth": 10}	latency_s	0.12264050000000282
2026-03-29T19:03:44+00:00	routing	turborepo	srt-cold	q10	{"beam_policy": "waterfill", "beam_width": 7, "max_depth": 10}	ndcg@10	0.0
2026-03-29T19:03:44+00:00	routing	turborepo	srt-cold	q10	{"beam_policy": "waterfill", "beam_width": 7, "max_depth": 10}	latency_s	0.09610183300000585
2026-03-29T19:03:44+00:00	routing	turborepo	srt-cold	q10	{"beam_policy": "uniform", "beam_width": 10, "max_depth": 3}	ndcg@10	0.0
2026-03-29T19:03:44+00:00	routing	turborepo	srt-cold	q10	{"beam_policy": "uniform", "beam_width": 10, "max_depth": 3}	latency_s	0.10179595800000385
2026-03-29T19:03:44+00:00	routing	turborepo	srt-cold	q10	{"beam_policy": "waterfill", "beam_width": 10, "max_depth": 3}	ndcg@10	0.0
2026-03-29T19:03:44+00:00	routing	turborepo	srt-cold	q10	{"beam_policy": "waterfill", "beam_width": 10, "max_depth": 3}	latency_s	0.09339654099999706
2026-03-29T19:03:44+00:00	routing	turborepo	srt-cold	q10	{"beam_policy": "uniform", "beam_width": 10, "max_depth": 5}	ndcg@10	0.5528198385340013
2026-03-29T19:03:44+00:00	routing	turborepo	srt-cold	q10	{"beam_policy": "uniform", "beam_width": 10, "max_depth": 5}	latency_s	0.13124929199999968
2026-03-29T19:03:44+00:00	routing	turborepo	srt-cold	q10	{"beam_policy": "waterfill", "beam_width": 10, "max_depth": 5}	ndcg@10	0.5528198385340013
2026-03-29T19:03:44+00:00	routing	turborepo	srt-cold	q10	{"beam_policy": "waterfill", "beam_width": 10, "max_depth": 5}	latency_s	0.1106924580000026
2026-03-29T19:03:44+00:00	routing	turborepo	srt-cold	q10	{"beam_policy": "uniform", "beam_width": 10, "max_depth": 7}	ndcg@10	0.544445487137289
2026-03-29T19:03:44+00:00	routing	turborepo	srt-cold	q10	{"beam_policy": "uniform", "beam_width": 10, "max_depth": 7}	latency_s	0.16467983399999753
2026-03-29T19:03:45+00:00	routing	turborepo	srt-cold	q10	{"beam_policy": "waterfill", "beam_width": 10, "max_depth": 7}	ndcg@10	0.544445487137289
2026-03-29T19:03:45+00:00	routing	turborepo	srt-cold	q10	{"beam_policy": "waterfill", "beam_width": 10, "max_depth": 7}	latency_s	0.12299933300000276
2026-03-29T19:03:45+00:00	routing	turborepo	srt-cold	q10	{"beam_policy": "uniform", "beam_width": 10, "max_depth": 10}	ndcg@10	0.544445487137289
2026-03-29T19:03:45+00:00	routing	turborepo	srt-cold	q10	{"beam_policy": "uniform", "beam_width": 10, "max_depth": 10}	latency_s	0.1493407910000002
2026-03-29T19:03:45+00:00	routing	turborepo	srt-cold	q10	{"beam_policy": "waterfill", "beam_width": 10, "max_depth": 10}	ndcg@10	0.544445487137289
2026-03-29T19:03:45+00:00	routing	turborepo	srt-cold	q10	{"beam_policy": "waterfill", "beam_width": 10, "max_depth": 10}	latency_s	0.1258743749999951
2026-03-29T19:03:45+00:00	routing	turborepo	srt-cold	q11	{"beam_policy": "uniform", "beam_width": 2, "max_depth": 3}	ndcg@10	0.0
2026-03-29T19:03:45+00:00	routing	turborepo	srt-cold	q11	{"beam_policy": "uniform", "beam_width": 2, "max_depth": 3}	latency_s	0.09256866599999825
2026-03-29T19:03:45+00:00	routing	turborepo	srt-cold	q11	{"beam_policy": "waterfill", "beam_width": 2, "max_depth": 3}	ndcg@10	0.0
2026-03-29T19:03:45+00:00	routing	turborepo	srt-cold	q11	{"beam_policy": "waterfill", "beam_width": 2, "max_depth": 3}	latency_s	0.09090058299999981
2026-03-29T19:03:45+00:00	routing	turborepo	srt-cold	q11	{"beam_policy": "uniform", "beam_width": 2, "max_depth": 5}	ndcg@10	0.09093333028617998
2026-03-29T19:03:45+00:00	routing	turborepo	srt-cold	q11	{"beam_policy": "uniform", "beam_width": 2, "max_depth": 5}	latency_s	0.09464533300000255
2026-03-29T19:03:45+00:00	routing	turborepo	srt-cold	q11	{"beam_policy": "waterfill", "beam_width": 2, "max_depth": 5}	ndcg@10	0.729759289538489
2026-03-29T19:03:45+00:00	routing	turborepo	srt-cold	q11	{"beam_policy": "waterfill", "beam_width": 2, "max_depth": 5}	latency_s	0.09232041599999974
2026-03-29T19:03:45+00:00	routing	turborepo	srt-cold	q11	{"beam_policy": "uniform", "beam_width": 2, "max_depth": 7}	ndcg@10	0.09093333028617998
2026-03-29T19:03:45+00:00	routing	turborepo	srt-cold	q11	{"beam_policy": "uniform", "beam_width": 2, "max_depth": 7}	latency_s	0.09531808300000222
2026-03-29T19:03:45+00:00	routing	turborepo	srt-cold	q11	{"beam_policy": "waterfill", "beam_width": 2, "max_depth": 7}	ndcg@10	0.729759289538489
2026-03-29T19:03:45+00:00	routing	turborepo	srt-cold	q11	{"beam_policy": "waterfill", "beam_width": 2, "max_depth": 7}	latency_s	0.09646324999999933
2026-03-29T19:03:46+00:00	routing	turborepo	srt-cold	q11	{"beam_policy": "uniform", "beam_width": 2, "max_depth": 10}	ndcg@10	0.09093333028617998
2026-03-29T19:03:46+00:00	routing	turborepo	srt-cold	q11	{"beam_policy": "uniform", "beam_width": 2, "max_depth": 10}	latency_s	0.09270070899999894
2026-03-29T19:03:46+00:00	routing	turborepo	srt-cold	q11	{"beam_policy": "waterfill", "beam_width": 2, "max_depth": 10}	ndcg@10	0.729759289538489
2026-03-29T19:03:46+00:00	routing	turborepo	srt-cold	q11	{"beam_policy": "waterfill", "beam_width": 2, "max_depth": 10}	latency_s	0.09533729199999641
2026-03-29T19:03:46+00:00	routing	turborepo	srt-cold	q11	{"beam_policy": "uniform", "beam_width": 3, "max_depth": 3}	ndcg@10	0.0
2026-03-29T19:03:46+00:00	routing	turborepo	srt-cold	q11	{"beam_policy": "uniform", "beam_width": 3, "max_depth": 3}	latency_s	0.09379516699999613
2026-03-29T19:03:46+00:00	routing	turborepo	srt-cold	q11	{"beam_policy": "waterfill", "beam_width": 3, "max_depth": 3}	ndcg@10	0.0
2026-03-29T19:03:46+00:00	routing	turborepo	srt-cold	q11	{"beam_policy": "waterfill", "beam_width": 3, "max_depth": 3}	latency_s	0.09267475000000047
2026-03-29T19:03:46+00:00	routing	turborepo	srt-cold	q11	{"beam_policy": "uniform", "beam_width": 3, "max_depth": 5}	ndcg@10	0.7226477789655257
2026-03-29T19:03:46+00:00	routing	turborepo	srt-cold	q11	{"beam_policy": "uniform", "beam_width": 3, "max_depth": 5}	latency_s	0.095568458999999
2026-03-29T19:03:46+00:00	routing	turborepo	srt-cold	q11	{"beam_policy": "waterfill", "beam_width": 3, "max_depth": 5}	ndcg@10	0.729759289538489
2026-03-29T19:03:46+00:00	routing	turborepo	srt-cold	q11	{"beam_policy": "waterfill", "beam_width": 3, "max_depth": 5}	latency_s	0.09312420900000262
2026-03-29T19:03:46+00:00	routing	turborepo	srt-cold	q11	{"beam_policy": "uniform", "beam_width": 3, "max_depth": 7}	ndcg@10	0.7226477789655257
2026-03-29T19:03:46+00:00	routing	turborepo	srt-cold	q11	{"beam_policy": "uniform", "beam_width": 3, "max_depth": 7}	latency_s	0.09893120899999985
2026-03-29T19:03:46+00:00	routing	turborepo	srt-cold	q11	{"beam_policy": "waterfill", "beam_width": 3, "max_depth": 7}	ndcg@10	0.729759289538489
2026-03-29T19:03:46+00:00	routing	turborepo	srt-cold	q11	{"beam_policy": "waterfill", "beam_width": 3, "max_depth": 7}	latency_s	0.09509499999999349
2026-03-29T19:03:46+00:00	routing	turborepo	srt-cold	q11	{"beam_policy": "uniform", "beam_width": 3, "max_depth": 10}	ndcg@10	0.7226477789655257
2026-03-29T19:03:46+00:00	routing	turborepo	srt-cold	q11	{"beam_policy": "uniform", "beam_width": 3, "max_depth": 10}	latency_s	0.09429466699999978
2026-03-29T19:03:46+00:00	routing	turborepo	srt-cold	q11	{"beam_policy": "waterfill", "beam_width": 3, "max_depth": 10}	ndcg@10	0.729759289538489
2026-03-29T19:03:46+00:00	routing	turborepo	srt-cold	q11	{"beam_policy": "waterfill", "beam_width": 3, "max_depth": 10}	latency_s	0.0936345829999965
2026-03-29T19:03:46+00:00	routing	turborepo	srt-cold	q11	{"beam_policy": "uniform", "beam_width": 5, "max_depth": 3}	ndcg@10	0.0
2026-03-29T19:03:46+00:00	routing	turborepo	srt-cold	q11	{"beam_policy": "uniform", "beam_width": 5, "max_depth": 3}	latency_s	0.09428695799999787
2026-03-29T19:03:47+00:00	routing	turborepo	srt-cold	q11	{"beam_policy": "waterfill", "beam_width": 5, "max_depth": 3}	ndcg@10	0.0
2026-03-29T19:03:47+00:00	routing	turborepo	srt-cold	q11	{"beam_policy": "waterfill", "beam_width": 5, "max_depth": 3}	latency_s	0.09326583299999669
2026-03-29T19:03:47+00:00	routing	turborepo	srt-cold	q11	{"beam_policy": "uniform", "beam_width": 5, "max_depth": 5}	ndcg@10	0.7226477789655257
2026-03-29T19:03:47+00:00	routing	turborepo	srt-cold	q11	{"beam_policy": "uniform", "beam_width": 5, "max_depth": 5}	latency_s	0.0990824169999982
2026-03-29T19:03:47+00:00	routing	turborepo	srt-cold	q11	{"beam_policy": "waterfill", "beam_width": 5, "max_depth": 5}	ndcg@10	0.7226477789655257
2026-03-29T19:03:47+00:00	routing	turborepo	srt-cold	q11	{"beam_policy": "waterfill", "beam_width": 5, "max_depth": 5}	latency_s	0.09644879199999679
2026-03-29T19:03:47+00:00	routing	turborepo	srt-cold	q11	{"beam_policy": "uniform", "beam_width": 5, "max_depth": 7}	ndcg@10	0.7167530003667713
2026-03-29T19:03:47+00:00	routing	turborepo	srt-cold	q11	{"beam_policy": "uniform", "beam_width": 5, "max_depth": 7}	latency_s	0.10751037500000393
2026-03-29T19:03:47+00:00	routing	turborepo	srt-cold	q11	{"beam_policy": "waterfill", "beam_width": 5, "max_depth": 7}	ndcg@10	0.7226477789655257
2026-03-29T19:03:47+00:00	routing	turborepo	srt-cold	q11	{"beam_policy": "waterfill", "beam_width": 5, "max_depth": 7}	latency_s	0.09430466599999932
2026-03-29T19:03:47+00:00	routing	turborepo	srt-cold	q11	{"beam_policy": "uniform", "beam_width": 5, "max_depth": 10}	ndcg@10	0.7167530003667713
2026-03-29T19:03:47+00:00	routing	turborepo	srt-cold	q11	{"beam_policy": "uniform", "beam_width": 5, "max_depth": 10}	latency_s	0.10549212499999783
2026-03-29T19:03:47+00:00	routing	turborepo	srt-cold	q11	{"beam_policy": "waterfill", "beam_width": 5, "max_depth": 10}	ndcg@10	0.7226477789655257
2026-03-29T19:03:47+00:00	routing	turborepo	srt-cold	q11	{"beam_policy": "waterfill", "beam_width": 5, "max_depth": 10}	latency_s	0.09307387500000175
2026-03-29T19:03:47+00:00	routing	turborepo	srt-cold	q11	{"beam_policy": "uniform", "beam_width": 7, "max_depth": 3}	ndcg@10	0.0
2026-03-29T19:03:47+00:00	routing	turborepo	srt-cold	q11	{"beam_policy": "uniform", "beam_width": 7, "max_depth": 3}	latency_s	0.09850270799999805
2026-03-29T19:03:47+00:00	routing	turborepo	srt-cold	q11	{"beam_policy": "waterfill", "beam_width": 7, "max_depth": 3}	ndcg@10	0.0
2026-03-29T19:03:47+00:00	routing	turborepo	srt-cold	q11	{"beam_policy": "waterfill", "beam_width": 7, "max_depth": 3}	latency_s	0.09296216600000662
2026-03-29T19:03:47+00:00	routing	turborepo	srt-cold	q11	{"beam_policy": "uniform", "beam_width": 7, "max_depth": 5}	ndcg@10	0.7226477789655257
2026-03-29T19:03:47+00:00	routing	turborepo	srt-cold	q11	{"beam_policy": "uniform", "beam_width": 7, "max_depth": 5}	latency_s	0.10140725000000117
2026-03-29T19:03:48+00:00	routing	turborepo	srt-cold	q11	{"beam_policy": "waterfill", "beam_width": 7, "max_depth": 5}	ndcg@10	0.7226477789655257
2026-03-29T19:03:48+00:00	routing	turborepo	srt-cold	q11	{"beam_policy": "waterfill", "beam_width": 7, "max_depth": 5}	latency_s	0.09934774999999973
2026-03-29T19:03:48+00:00	routing	turborepo	srt-cold	q11	{"beam_policy": "uniform", "beam_width": 7, "max_depth": 7}	ndcg@10	0.7167530003667713
2026-03-29T19:03:48+00:00	routing	turborepo	srt-cold	q11	{"beam_policy": "uniform", "beam_width": 7, "max_depth": 7}	latency_s	0.11230604100000363
2026-03-29T19:03:48+00:00	routing	turborepo	srt-cold	q11	{"beam_policy": "waterfill", "beam_width": 7, "max_depth": 7}	ndcg@10	0.7167530003667713
2026-03-29T19:03:48+00:00	routing	turborepo	srt-cold	q11	{"beam_policy": "waterfill", "beam_width": 7, "max_depth": 7}	latency_s	0.10395237499999865
2026-03-29T19:03:48+00:00	routing	turborepo	srt-cold	q11	{"beam_policy": "uniform", "beam_width": 7, "max_depth": 10}	ndcg@10	0.7167530003667713
2026-03-29T19:03:48+00:00	routing	turborepo	srt-cold	q11	{"beam_policy": "uniform", "beam_width": 7, "max_depth": 10}	latency_s	0.10981383299999692
2026-03-29T19:03:48+00:00	routing	turborepo	srt-cold	q11	{"beam_policy": "waterfill", "beam_width": 7, "max_depth": 10}	ndcg@10	0.7167530003667713
2026-03-29T19:03:48+00:00	routing	turborepo	srt-cold	q11	{"beam_policy": "waterfill", "beam_width": 7, "max_depth": 10}	latency_s	0.10492300000000654
2026-03-29T19:03:48+00:00	routing	turborepo	srt-cold	q11	{"beam_policy": "uniform", "beam_width": 10, "max_depth": 3}	ndcg@10	0.0
2026-03-29T19:03:48+00:00	routing	turborepo	srt-cold	q11	{"beam_policy": "uniform", "beam_width": 10, "max_depth": 3}	latency_s	0.10226570900000098
2026-03-29T19:03:48+00:00	routing	turborepo	srt-cold	q11	{"beam_policy": "waterfill", "beam_width": 10, "max_depth": 3}	ndcg@10	0.0
2026-03-29T19:03:48+00:00	routing	turborepo	srt-cold	q11	{"beam_policy": "waterfill", "beam_width": 10, "max_depth": 3}	latency_s	0.09422354200000171
2026-03-29T19:03:48+00:00	routing	turborepo	srt-cold	q11	{"beam_policy": "uniform", "beam_width": 10, "max_depth": 5}	ndcg@10	0.7167530003667713
2026-03-29T19:03:48+00:00	routing	turborepo	srt-cold	q11	{"beam_policy": "uniform", "beam_width": 10, "max_depth": 5}	latency_s	0.12385816700000163
2026-03-29T19:03:48+00:00	routing	turborepo	srt-cold	q11	{"beam_policy": "waterfill", "beam_width": 10, "max_depth": 5}	ndcg@10	0.7226477789655257
2026-03-29T19:03:48+00:00	routing	turborepo	srt-cold	q11	{"beam_policy": "waterfill", "beam_width": 10, "max_depth": 5}	latency_s	0.10776620899999756
2026-03-29T19:03:49+00:00	routing	turborepo	srt-cold	q11	{"beam_policy": "uniform", "beam_width": 10, "max_depth": 7}	ndcg@10	0.5743418816818793
2026-03-29T19:03:49+00:00	routing	turborepo	srt-cold	q11	{"beam_policy": "uniform", "beam_width": 10, "max_depth": 7}	latency_s	0.14168666700000188
2026-03-29T19:03:49+00:00	routing	turborepo	srt-cold	q11	{"beam_policy": "waterfill", "beam_width": 10, "max_depth": 7}	ndcg@10	0.7167530003667713
2026-03-29T19:03:49+00:00	routing	turborepo	srt-cold	q11	{"beam_policy": "waterfill", "beam_width": 10, "max_depth": 7}	latency_s	0.11054883300000284
2026-03-29T19:03:49+00:00	routing	turborepo	srt-cold	q11	{"beam_policy": "uniform", "beam_width": 10, "max_depth": 10}	ndcg@10	0.5743418816818793
2026-03-29T19:03:49+00:00	routing	turborepo	srt-cold	q11	{"beam_policy": "uniform", "beam_width": 10, "max_depth": 10}	latency_s	0.14211883299999784
2026-03-29T19:03:49+00:00	routing	turborepo	srt-cold	q11	{"beam_policy": "waterfill", "beam_width": 10, "max_depth": 10}	ndcg@10	0.7167530003667713
2026-03-29T19:03:49+00:00	routing	turborepo	srt-cold	q11	{"beam_policy": "waterfill", "beam_width": 10, "max_depth": 10}	latency_s	0.11177083300000135
2026-03-29T19:03:49+00:00	routing	turborepo	srt-cold	q12	{"beam_policy": "uniform", "beam_width": 2, "max_depth": 3}	ndcg@10	0.0
2026-03-29T19:03:49+00:00	routing	turborepo	srt-cold	q12	{"beam_policy": "uniform", "beam_width": 2, "max_depth": 3}	latency_s	0.09576487500000042
2026-03-29T19:03:49+00:00	routing	turborepo	srt-cold	q12	{"beam_policy": "waterfill", "beam_width": 2, "max_depth": 3}	ndcg@10	0.0
2026-03-29T19:03:49+00:00	routing	turborepo	srt-cold	q12	{"beam_policy": "waterfill", "beam_width": 2, "max_depth": 3}	latency_s	0.09387562500000257
2026-03-29T19:03:49+00:00	routing	turborepo	srt-cold	q12	{"beam_policy": "uniform", "beam_width": 2, "max_depth": 5}	ndcg@10	0.4800094558075716
2026-03-29T19:03:49+00:00	routing	turborepo	srt-cold	q12	{"beam_policy": "uniform", "beam_width": 2, "max_depth": 5}	latency_s	0.09626858299999697
2026-03-29T19:03:49+00:00	routing	turborepo	srt-cold	q12	{"beam_policy": "waterfill", "beam_width": 2, "max_depth": 5}	ndcg@10	0.4824447125923011
2026-03-29T19:03:49+00:00	routing	turborepo	srt-cold	q12	{"beam_policy": "waterfill", "beam_width": 2, "max_depth": 5}	latency_s	0.09721429199999676
2026-03-29T19:03:49+00:00	routing	turborepo	srt-cold	q12	{"beam_policy": "uniform", "beam_width": 2, "max_depth": 7}	ndcg@10	0.4800094558075716
2026-03-29T19:03:49+00:00	routing	turborepo	srt-cold	q12	{"beam_policy": "uniform", "beam_width": 2, "max_depth": 7}	latency_s	0.10009616600000015
2026-03-29T19:03:50+00:00	routing	turborepo	srt-cold	q12	{"beam_policy": "waterfill", "beam_width": 2, "max_depth": 7}	ndcg@10	0.4824447125923011
2026-03-29T19:03:50+00:00	routing	turborepo	srt-cold	q12	{"beam_policy": "waterfill", "beam_width": 2, "max_depth": 7}	latency_s	0.09765520799999905
2026-03-29T19:03:50+00:00	routing	turborepo	srt-cold	q12	{"beam_policy": "uniform", "beam_width": 2, "max_depth": 10}	ndcg@10	0.4800094558075716
2026-03-29T19:03:50+00:00	routing	turborepo	srt-cold	q12	{"beam_policy": "uniform", "beam_width": 2, "max_depth": 10}	latency_s	0.10032933299999769
2026-03-29T19:03:50+00:00	routing	turborepo	srt-cold	q12	{"beam_policy": "waterfill", "beam_width": 2, "max_depth": 10}	ndcg@10	0.4824447125923011
2026-03-29T19:03:50+00:00	routing	turborepo	srt-cold	q12	{"beam_policy": "waterfill", "beam_width": 2, "max_depth": 10}	latency_s	0.09739374999999484
2026-03-29T19:03:50+00:00	routing	turborepo	srt-cold	q12	{"beam_policy": "uniform", "beam_width": 3, "max_depth": 3}	ndcg@10	0.0
2026-03-29T19:03:50+00:00	routing	turborepo	srt-cold	q12	{"beam_policy": "uniform", "beam_width": 3, "max_depth": 3}	latency_s	0.09419579200000072
2026-03-29T19:03:50+00:00	routing	turborepo	srt-cold	q12	{"beam_policy": "waterfill", "beam_width": 3, "max_depth": 3}	ndcg@10	0.0
2026-03-29T19:03:50+00:00	routing	turborepo	srt-cold	q12	{"beam_policy": "waterfill", "beam_width": 3, "max_depth": 3}	latency_s	0.09534945800000116
2026-03-29T19:03:50+00:00	routing	turborepo	srt-cold	q12	{"beam_policy": "uniform", "beam_width": 3, "max_depth": 5}	ndcg@10	0.4800094558075716
2026-03-29T19:03:50+00:00	routing	turborepo	srt-cold	q12	{"beam_policy": "uniform", "beam_width": 3, "max_depth": 5}	latency_s	0.09669124999999923
2026-03-29T19:03:50+00:00	routing	turborepo	srt-cold	q12	{"beam_policy": "waterfill", "beam_width": 3, "max_depth": 5}	ndcg@10	0.4800094558075716
2026-03-29T19:03:50+00:00	routing	turborepo	srt-cold	q12	{"beam_policy": "waterfill", "beam_width": 3, "max_depth": 5}	latency_s	0.0991769999999974
2026-03-29T19:03:50+00:00	routing	turborepo	srt-cold	q12	{"beam_policy": "uniform", "beam_width": 3, "max_depth": 7}	ndcg@10	0.4800094558075716
2026-03-29T19:03:50+00:00	routing	turborepo	srt-cold	q12	{"beam_policy": "uniform", "beam_width": 3, "max_depth": 7}	latency_s	0.1094263750000053
2026-03-29T19:03:50+00:00	routing	turborepo	srt-cold	q12	{"beam_policy": "waterfill", "beam_width": 3, "max_depth": 7}	ndcg@10	0.4800094558075716
2026-03-29T19:03:50+00:00	routing	turborepo	srt-cold	q12	{"beam_policy": "waterfill", "beam_width": 3, "max_depth": 7}	latency_s	0.10145108300000061
2026-03-29T19:03:51+00:00	routing	turborepo	srt-cold	q12	{"beam_policy": "uniform", "beam_width": 3, "max_depth": 10}	ndcg@10	0.4800094558075716
2026-03-29T19:03:51+00:00	routing	turborepo	srt-cold	q12	{"beam_policy": "uniform", "beam_width": 3, "max_depth": 10}	latency_s	0.10735900000000242
2026-03-29T19:03:51+00:00	routing	turborepo	srt-cold	q12	{"beam_policy": "waterfill", "beam_width": 3, "max_depth": 10}	ndcg@10	0.4800094558075716
2026-03-29T19:03:51+00:00	routing	turborepo	srt-cold	q12	{"beam_policy": "waterfill", "beam_width": 3, "max_depth": 10}	latency_s	0.0971814170000016
2026-03-29T19:03:51+00:00	routing	turborepo	srt-cold	q12	{"beam_policy": "uniform", "beam_width": 5, "max_depth": 3}	ndcg@10	0.0
2026-03-29T19:03:51+00:00	routing	turborepo	srt-cold	q12	{"beam_policy": "uniform", "beam_width": 5, "max_depth": 3}	latency_s	0.09293345799999742
2026-03-29T19:03:51+00:00	routing	turborepo	srt-cold	q12	{"beam_policy": "waterfill", "beam_width": 5, "max_depth": 3}	ndcg@10	0.0
2026-03-29T19:03:51+00:00	routing	turborepo	srt-cold	q12	{"beam_policy": "waterfill", "beam_width": 5, "max_depth": 3}	latency_s	0.0961536659999993
2026-03-29T19:03:51+00:00	routing	turborepo	srt-cold	q12	{"beam_policy": "uniform", "beam_width": 5, "max_depth": 5}	ndcg@10	0.39476768271066054
2026-03-29T19:03:51+00:00	routing	turborepo	srt-cold	q12	{"beam_policy": "uniform", "beam_width": 5, "max_depth": 5}	latency_s	0.11474962499999464
2026-03-29T19:03:51+00:00	routing	turborepo	srt-cold	q12	{"beam_policy": "waterfill", "beam_width": 5, "max_depth": 5}	ndcg@10	0.4800094558075716
2026-03-29T19:03:51+00:00	routing	turborepo	srt-cold	q12	{"beam_policy": "waterfill", "beam_width": 5, "max_depth": 5}	latency_s	0.1072093750000036
2026-03-29T19:03:51+00:00	routing	turborepo	srt-cold	q12	{"beam_policy": "uniform", "beam_width": 5, "max_depth": 7}	ndcg@10	0.39476768271066054
2026-03-29T19:03:51+00:00	routing	turborepo	srt-cold	q12	{"beam_policy": "uniform", "beam_width": 5, "max_depth": 7}	latency_s	0.12669416600000005
2026-03-29T19:03:51+00:00	routing	turborepo	srt-cold	q12	{"beam_policy": "waterfill", "beam_width": 5, "max_depth": 7}	ndcg@10	0.4800094558075716
2026-03-29T19:03:51+00:00	routing	turborepo	srt-cold	q12	{"beam_policy": "waterfill", "beam_width": 5, "max_depth": 7}	latency_s	0.11201191699999669
2026-03-29T19:03:51+00:00	routing	turborepo	srt-cold	q12	{"beam_policy": "uniform", "beam_width": 5, "max_depth": 10}	ndcg@10	0.39476768271066054
2026-03-29T19:03:51+00:00	routing	turborepo	srt-cold	q12	{"beam_policy": "uniform", "beam_width": 5, "max_depth": 10}	latency_s	0.12160558299999735
2026-03-29T19:03:51+00:00	routing	turborepo	srt-cold	q12	{"beam_policy": "waterfill", "beam_width": 5, "max_depth": 10}	ndcg@10	0.4800094558075716
2026-03-29T19:03:51+00:00	routing	turborepo	srt-cold	q12	{"beam_policy": "waterfill", "beam_width": 5, "max_depth": 10}	latency_s	0.11150766600000139
2026-03-29T19:03:52+00:00	routing	turborepo	srt-cold	q12	{"beam_policy": "uniform", "beam_width": 7, "max_depth": 3}	ndcg@10	0.0
2026-03-29T19:03:52+00:00	routing	turborepo	srt-cold	q12	{"beam_policy": "uniform", "beam_width": 7, "max_depth": 3}	latency_s	0.09804912500000285
2026-03-29T19:03:52+00:00	routing	turborepo	srt-cold	q12	{"beam_policy": "waterfill", "beam_width": 7, "max_depth": 3}	ndcg@10	0.0
2026-03-29T19:03:52+00:00	routing	turborepo	srt-cold	q12	{"beam_policy": "waterfill", "beam_width": 7, "max_depth": 3}	latency_s	0.09234070800000183
2026-03-29T19:03:52+00:00	routing	turborepo	srt-cold	q12	{"beam_policy": "uniform", "beam_width": 7, "max_depth": 5}	ndcg@10	0.39476768271066054
2026-03-29T19:03:52+00:00	routing	turborepo	srt-cold	q12	{"beam_policy": "uniform", "beam_width": 7, "max_depth": 5}	latency_s	0.11679454100000441
2026-03-29T19:03:52+00:00	routing	turborepo	srt-cold	q12	{"beam_policy": "waterfill", "beam_width": 7, "max_depth": 5}	ndcg@10	0.39476768271066054
2026-03-29T19:03:52+00:00	routing	turborepo	srt-cold	q12	{"beam_policy": "waterfill", "beam_width": 7, "max_depth": 5}	latency_s	0.11021545799999899
2026-03-29T19:03:52+00:00	routing	turborepo	srt-cold	q12	{"beam_policy": "uniform", "beam_width": 7, "max_depth": 7}	ndcg@10	0.39476768271066054
2026-03-29T19:03:52+00:00	routing	turborepo	srt-cold	q12	{"beam_policy": "uniform", "beam_width": 7, "max_depth": 7}	latency_s	0.12973295799999818
2026-03-29T19:03:52+00:00	routing	turborepo	srt-cold	q12	{"beam_policy": "waterfill", "beam_width": 7, "max_depth": 7}	ndcg@10	0.39476768271066054
2026-03-29T19:03:52+00:00	routing	turborepo	srt-cold	q12	{"beam_policy": "waterfill", "beam_width": 7, "max_depth": 7}	latency_s	0.12535158400000057
2026-03-29T19:03:52+00:00	routing	turborepo	srt-cold	q12	{"beam_policy": "uniform", "beam_width": 7, "max_depth": 10}	ndcg@10	0.39476768271066054
2026-03-29T19:03:52+00:00	routing	turborepo	srt-cold	q12	{"beam_policy": "uniform", "beam_width": 7, "max_depth": 10}	latency_s	0.1299835829999978
2026-03-29T19:03:52+00:00	routing	turborepo	srt-cold	q12	{"beam_policy": "waterfill", "beam_width": 7, "max_depth": 10}	ndcg@10	0.39476768271066054
2026-03-29T19:03:52+00:00	routing	turborepo	srt-cold	q12	{"beam_policy": "waterfill", "beam_width": 7, "max_depth": 10}	latency_s	0.12133487499999518
2026-03-29T19:03:53+00:00	routing	turborepo	srt-cold	q12	{"beam_policy": "uniform", "beam_width": 10, "max_depth": 3}	ndcg@10	0.0
2026-03-29T19:03:53+00:00	routing	turborepo	srt-cold	q12	{"beam_policy": "uniform", "beam_width": 10, "max_depth": 3}	latency_s	0.10937658299999953
2026-03-29T19:03:53+00:00	routing	turborepo	srt-cold	q12	{"beam_policy": "waterfill", "beam_width": 10, "max_depth": 3}	ndcg@10	0.0
2026-03-29T19:03:53+00:00	routing	turborepo	srt-cold	q12	{"beam_policy": "waterfill", "beam_width": 10, "max_depth": 3}	latency_s	0.10112683300000214
2026-03-29T19:03:53+00:00	routing	turborepo	srt-cold	q12	{"beam_policy": "uniform", "beam_width": 10, "max_depth": 5}	ndcg@10	0.39476768271066054
2026-03-29T19:03:53+00:00	routing	turborepo	srt-cold	q12	{"beam_policy": "uniform", "beam_width": 10, "max_depth": 5}	latency_s	0.1430828750000046
2026-03-29T19:03:53+00:00	routing	turborepo	srt-cold	q12	{"beam_policy": "waterfill", "beam_width": 10, "max_depth": 5}	ndcg@10	0.39476768271066054
2026-03-29T19:03:53+00:00	routing	turborepo	srt-cold	q12	{"beam_policy": "waterfill", "beam_width": 10, "max_depth": 5}	latency_s	0.11742645799999707
2026-03-29T19:03:53+00:00	routing	turborepo	srt-cold	q12	{"beam_policy": "uniform", "beam_width": 10, "max_depth": 7}	ndcg@10	0.39476768271066054
2026-03-29T19:03:53+00:00	routing	turborepo	srt-cold	q12	{"beam_policy": "uniform", "beam_width": 10, "max_depth": 7}	latency_s	0.14848020800000228
2026-03-29T19:03:53+00:00	routing	turborepo	srt-cold	q12	{"beam_policy": "waterfill", "beam_width": 10, "max_depth": 7}	ndcg@10	0.39476768271066054
2026-03-29T19:03:53+00:00	routing	turborepo	srt-cold	q12	{"beam_policy": "waterfill", "beam_width": 10, "max_depth": 7}	latency_s	0.13258312499999647
2026-03-29T19:03:53+00:00	routing	turborepo	srt-cold	q12	{"beam_policy": "uniform", "beam_width": 10, "max_depth": 10}	ndcg@10	0.39476768271066054
2026-03-29T19:03:53+00:00	routing	turborepo	srt-cold	q12	{"beam_policy": "uniform", "beam_width": 10, "max_depth": 10}	latency_s	0.14891250000000156
2026-03-29T19:03:54+00:00	routing	turborepo	srt-cold	q12	{"beam_policy": "waterfill", "beam_width": 10, "max_depth": 10}	ndcg@10	0.39476768271066054
2026-03-29T19:03:54+00:00	routing	turborepo	srt-cold	q12	{"beam_policy": "waterfill", "beam_width": 10, "max_depth": 10}	latency_s	0.1332951670000071
2026-03-29T19:03:54+00:00	routing	turborepo	srt-cold	q13	{"beam_policy": "uniform", "beam_width": 2, "max_depth": 3}	ndcg@10	0.0
2026-03-29T19:03:54+00:00	routing	turborepo	srt-cold	q13	{"beam_policy": "uniform", "beam_width": 2, "max_depth": 3}	latency_s	0.09459670900000106
2026-03-29T19:03:54+00:00	routing	turborepo	srt-cold	q13	{"beam_policy": "waterfill", "beam_width": 2, "max_depth": 3}	ndcg@10	0.0
2026-03-29T19:03:54+00:00	routing	turborepo	srt-cold	q13	{"beam_policy": "waterfill", "beam_width": 2, "max_depth": 3}	latency_s	0.09300550000000385
2026-03-29T19:03:54+00:00	routing	turborepo	srt-cold	q13	{"beam_policy": "uniform", "beam_width": 2, "max_depth": 5}	ndcg@10	0.0
2026-03-29T19:03:54+00:00	routing	turborepo	srt-cold	q13	{"beam_policy": "uniform", "beam_width": 2, "max_depth": 5}	latency_s	0.08971454200000295
2026-03-29T19:03:54+00:00	routing	turborepo	srt-cold	q13	{"beam_policy": "waterfill", "beam_width": 2, "max_depth": 5}	ndcg@10	0.0
2026-03-29T19:03:54+00:00	routing	turborepo	srt-cold	q13	{"beam_policy": "waterfill", "beam_width": 2, "max_depth": 5}	latency_s	0.0936565829999978
2026-03-29T19:03:54+00:00	routing	turborepo	srt-cold	q13	{"beam_policy": "uniform", "beam_width": 2, "max_depth": 7}	ndcg@10	0.0
2026-03-29T19:03:54+00:00	routing	turborepo	srt-cold	q13	{"beam_policy": "uniform", "beam_width": 2, "max_depth": 7}	latency_s	0.09223591599999992
2026-03-29T19:03:54+00:00	routing	turborepo	srt-cold	q13	{"beam_policy": "waterfill", "beam_width": 2, "max_depth": 7}	ndcg@10	0.0
2026-03-29T19:03:54+00:00	routing	turborepo	srt-cold	q13	{"beam_policy": "waterfill", "beam_width": 2, "max_depth": 7}	latency_s	0.09275625000000076
2026-03-29T19:03:54+00:00	routing	turborepo	srt-cold	q13	{"beam_policy": "uniform", "beam_width": 2, "max_depth": 10}	ndcg@10	0.0
2026-03-29T19:03:54+00:00	routing	turborepo	srt-cold	q13	{"beam_policy": "uniform", "beam_width": 2, "max_depth": 10}	latency_s	0.09264191599999805
2026-03-29T19:03:54+00:00	routing	turborepo	srt-cold	q13	{"beam_policy": "waterfill", "beam_width": 2, "max_depth": 10}	ndcg@10	0.0
2026-03-29T19:03:54+00:00	routing	turborepo	srt-cold	q13	{"beam_policy": "waterfill", "beam_width": 2, "max_depth": 10}	latency_s	0.09162162499999482
2026-03-29T19:03:54+00:00	routing	turborepo	srt-cold	q13	{"beam_policy": "uniform", "beam_width": 3, "max_depth": 3}	ndcg@10	0.0
2026-03-29T19:03:54+00:00	routing	turborepo	srt-cold	q13	{"beam_policy": "uniform", "beam_width": 3, "max_depth": 3}	latency_s	0.09416533299999941
2026-03-29T19:03:55+00:00	routing	turborepo	srt-cold	q13	{"beam_policy": "waterfill", "beam_width": 3, "max_depth": 3}	ndcg@10	0.0
2026-03-29T19:03:55+00:00	routing	turborepo	srt-cold	q13	{"beam_policy": "waterfill", "beam_width": 3, "max_depth": 3}	latency_s	0.09246008399999539
2026-03-29T19:03:55+00:00	routing	turborepo	srt-cold	q13	{"beam_policy": "uniform", "beam_width": 3, "max_depth": 5}	ndcg@10	0.0
2026-03-29T19:03:55+00:00	routing	turborepo	srt-cold	q13	{"beam_policy": "uniform", "beam_width": 3, "max_depth": 5}	latency_s	0.09390445799999725
2026-03-29T19:03:55+00:00	routing	turborepo	srt-cold	q13	{"beam_policy": "waterfill", "beam_width": 3, "max_depth": 5}	ndcg@10	0.0
2026-03-29T19:03:55+00:00	routing	turborepo	srt-cold	q13	{"beam_policy": "waterfill", "beam_width": 3, "max_depth": 5}	latency_s	0.09181958300000304
2026-03-29T19:03:55+00:00	routing	turborepo	srt-cold	q13	{"beam_policy": "uniform", "beam_width": 3, "max_depth": 7}	ndcg@10	0.0
2026-03-29T19:03:55+00:00	routing	turborepo	srt-cold	q13	{"beam_policy": "uniform", "beam_width": 3, "max_depth": 7}	latency_s	0.09880620799999917
2026-03-29T19:03:55+00:00	routing	turborepo	srt-cold	q13	{"beam_policy": "waterfill", "beam_width": 3, "max_depth": 7}	ndcg@10	0.0
2026-03-29T19:03:55+00:00	routing	turborepo	srt-cold	q13	{"beam_policy": "waterfill", "beam_width": 3, "max_depth": 7}	latency_s	0.09123224999999735
2026-03-29T19:03:55+00:00	routing	turborepo	srt-cold	q13	{"beam_policy": "uniform", "beam_width": 3, "max_depth": 10}	ndcg@10	0.0
2026-03-29T19:03:55+00:00	routing	turborepo	srt-cold	q13	{"beam_policy": "uniform", "beam_width": 3, "max_depth": 10}	latency_s	0.09490745800000155
2026-03-29T19:03:55+00:00	routing	turborepo	srt-cold	q13	{"beam_policy": "waterfill", "beam_width": 3, "max_depth": 10}	ndcg@10	0.0
2026-03-29T19:03:55+00:00	routing	turborepo	srt-cold	q13	{"beam_policy": "waterfill", "beam_width": 3, "max_depth": 10}	latency_s	0.09689479200000051
2026-03-29T19:03:55+00:00	routing	turborepo	srt-cold	q13	{"beam_policy": "uniform", "beam_width": 5, "max_depth": 3}	ndcg@10	0.0
2026-03-29T19:03:55+00:00	routing	turborepo	srt-cold	q13	{"beam_policy": "uniform", "beam_width": 5, "max_depth": 3}	latency_s	0.09864104100000048
2026-03-29T19:03:55+00:00	routing	turborepo	srt-cold	q13	{"beam_policy": "waterfill", "beam_width": 5, "max_depth": 3}	ndcg@10	0.0
2026-03-29T19:03:55+00:00	routing	turborepo	srt-cold	q13	{"beam_policy": "waterfill", "beam_width": 5, "max_depth": 3}	latency_s	0.0965730839999992
2026-03-29T19:03:55+00:00	routing	turborepo	srt-cold	q13	{"beam_policy": "uniform", "beam_width": 5, "max_depth": 5}	ndcg@10	0.4865033125582941
2026-03-29T19:03:55+00:00	routing	turborepo	srt-cold	q13	{"beam_policy": "uniform", "beam_width": 5, "max_depth": 5}	latency_s	0.10755312500000258
2026-03-29T19:03:56+00:00	routing	turborepo	srt-cold	q13	{"beam_policy": "waterfill", "beam_width": 5, "max_depth": 5}	ndcg@10	0.4865033125582941
2026-03-29T19:03:56+00:00	routing	turborepo	srt-cold	q13	{"beam_policy": "waterfill", "beam_width": 5, "max_depth": 5}	latency_s	0.10437670900000029
2026-03-29T19:03:56+00:00	routing	turborepo	srt-cold	q13	{"beam_policy": "uniform", "beam_width": 5, "max_depth": 7}	ndcg@10	0.4865033125582941
2026-03-29T19:03:56+00:00	routing	turborepo	srt-cold	q13	{"beam_policy": "uniform", "beam_width": 5, "max_depth": 7}	latency_s	0.1171409170000004
2026-03-29T19:03:56+00:00	routing	turborepo	srt-cold	q13	{"beam_policy": "waterfill", "beam_width": 5, "max_depth": 7}	ndcg@10	0.4865033125582941
2026-03-29T19:03:56+00:00	routing	turborepo	srt-cold	q13	{"beam_policy": "waterfill", "beam_width": 5, "max_depth": 7}	latency_s	0.10690166599999884
2026-03-29T19:03:56+00:00	routing	turborepo	srt-cold	q13	{"beam_policy": "uniform", "beam_width": 5, "max_depth": 10}	ndcg@10	0.4865033125582941
2026-03-29T19:03:56+00:00	routing	turborepo	srt-cold	q13	{"beam_policy": "uniform", "beam_width": 5, "max_depth": 10}	latency_s	0.10985137500000519
2026-03-29T19:03:56+00:00	routing	turborepo	srt-cold	q13	{"beam_policy": "waterfill", "beam_width": 5, "max_depth": 10}	ndcg@10	0.4865033125582941
2026-03-29T19:03:56+00:00	routing	turborepo	srt-cold	q13	{"beam_policy": "waterfill", "beam_width": 5, "max_depth": 10}	latency_s	0.105399417000001
2026-03-29T19:03:56+00:00	routing	turborepo	srt-cold	q13	{"beam_policy": "uniform", "beam_width": 7, "max_depth": 3}	ndcg@10	0.0
2026-03-29T19:03:56+00:00	routing	turborepo	srt-cold	q13	{"beam_policy": "uniform", "beam_width": 7, "max_depth": 3}	latency_s	0.10665166700000128
2026-03-29T19:03:56+00:00	routing	turborepo	srt-cold	q13	{"beam_policy": "waterfill", "beam_width": 7, "max_depth": 3}	ndcg@10	0.0
2026-03-29T19:03:56+00:00	routing	turborepo	srt-cold	q13	{"beam_policy": "waterfill", "beam_width": 7, "max_depth": 3}	latency_s	0.09732383299999725
2026-03-29T19:03:56+00:00	routing	turborepo	srt-cold	q13	{"beam_policy": "uniform", "beam_width": 7, "max_depth": 5}	ndcg@10	0.4865033125582941
2026-03-29T19:03:56+00:00	routing	turborepo	srt-cold	q13	{"beam_policy": "uniform", "beam_width": 7, "max_depth": 5}	latency_s	0.12080320799999811
2026-03-29T19:03:56+00:00	routing	turborepo	srt-cold	q13	{"beam_policy": "waterfill", "beam_width": 7, "max_depth": 5}	ndcg@10	0.4865033125582941
2026-03-29T19:03:56+00:00	routing	turborepo	srt-cold	q13	{"beam_policy": "waterfill", "beam_width": 7, "max_depth": 5}	latency_s	0.1068972090000031
2026-03-29T19:03:57+00:00	routing	turborepo	srt-cold	q13	{"beam_policy": "uniform", "beam_width": 7, "max_depth": 7}	ndcg@10	0.4865033125582941
2026-03-29T19:03:57+00:00	routing	turborepo	srt-cold	q13	{"beam_policy": "uniform", "beam_width": 7, "max_depth": 7}	latency_s	0.1228327500000006
2026-03-29T19:03:57+00:00	routing	turborepo	srt-cold	q13	{"beam_policy": "waterfill", "beam_width": 7, "max_depth": 7}	ndcg@10	0.4865033125582941
2026-03-29T19:03:57+00:00	routing	turborepo	srt-cold	q13	{"beam_policy": "waterfill", "beam_width": 7, "max_depth": 7}	latency_s	0.11438770800000242
2026-03-29T19:03:57+00:00	routing	turborepo	srt-cold	q13	{"beam_policy": "uniform", "beam_width": 7, "max_depth": 10}	ndcg@10	0.4865033125582941
2026-03-29T19:03:57+00:00	routing	turborepo	srt-cold	q13	{"beam_policy": "uniform", "beam_width": 7, "max_depth": 10}	latency_s	0.12113841699999739
2026-03-29T19:03:57+00:00	routing	turborepo	srt-cold	q13	{"beam_policy": "waterfill", "beam_width": 7, "max_depth": 10}	ndcg@10	0.4865033125582941
2026-03-29T19:03:57+00:00	routing	turborepo	srt-cold	q13	{"beam_policy": "waterfill", "beam_width": 7, "max_depth": 10}	latency_s	0.1108060420000001
2026-03-29T19:03:57+00:00	routing	turborepo	srt-cold	q13	{"beam_policy": "uniform", "beam_width": 10, "max_depth": 3}	ndcg@10	0.0
2026-03-29T19:03:57+00:00	routing	turborepo	srt-cold	q13	{"beam_policy": "uniform", "beam_width": 10, "max_depth": 3}	latency_s	0.10250333300000136
2026-03-29T19:03:57+00:00	routing	turborepo	srt-cold	q13	{"beam_policy": "waterfill", "beam_width": 10, "max_depth": 3}	ndcg@10	0.0
2026-03-29T19:03:57+00:00	routing	turborepo	srt-cold	q13	{"beam_policy": "waterfill", "beam_width": 10, "max_depth": 3}	latency_s	0.10082270900000623
2026-03-29T19:03:57+00:00	routing	turborepo	srt-cold	q13	{"beam_policy": "uniform", "beam_width": 10, "max_depth": 5}	ndcg@10	0.4865033125582941
2026-03-29T19:03:57+00:00	routing	turborepo	srt-cold	q13	{"beam_policy": "uniform", "beam_width": 10, "max_depth": 5}	latency_s	0.12475274999999897
2026-03-29T19:03:57+00:00	routing	turborepo	srt-cold	q13	{"beam_policy": "waterfill", "beam_width": 10, "max_depth": 5}	ndcg@10	0.4865033125582941
2026-03-29T19:03:57+00:00	routing	turborepo	srt-cold	q13	{"beam_policy": "waterfill", "beam_width": 10, "max_depth": 5}	latency_s	0.11990724999999713
2026-03-29T19:03:57+00:00	routing	turborepo	srt-cold	q13	{"beam_policy": "uniform", "beam_width": 10, "max_depth": 7}	ndcg@10	0.4865033125582941
2026-03-29T19:03:57+00:00	routing	turborepo	srt-cold	q13	{"beam_policy": "uniform", "beam_width": 10, "max_depth": 7}	latency_s	0.12774908299999765
2026-03-29T19:03:58+00:00	routing	turborepo	srt-cold	q13	{"beam_policy": "waterfill", "beam_width": 10, "max_depth": 7}	ndcg@10	0.4865033125582941
2026-03-29T19:03:58+00:00	routing	turborepo	srt-cold	q13	{"beam_policy": "waterfill", "beam_width": 10, "max_depth": 7}	latency_s	0.1246913749999976
2026-03-29T19:03:58+00:00	routing	turborepo	srt-cold	q13	{"beam_policy": "uniform", "beam_width": 10, "max_depth": 10}	ndcg@10	0.4865033125582941
2026-03-29T19:03:58+00:00	routing	turborepo	srt-cold	q13	{"beam_policy": "uniform", "beam_width": 10, "max_depth": 10}	latency_s	0.12376483399999927
2026-03-29T19:03:58+00:00	routing	turborepo	srt-cold	q13	{"beam_policy": "waterfill", "beam_width": 10, "max_depth": 10}	ndcg@10	0.4865033125582941
2026-03-29T19:03:58+00:00	routing	turborepo	srt-cold	q13	{"beam_policy": "waterfill", "beam_width": 10, "max_depth": 10}	latency_s	0.11934279100000111
2026-03-29T19:03:58+00:00	routing	turborepo	srt-cold	q14	{"beam_policy": "uniform", "beam_width": 2, "max_depth": 3}	ndcg@10	0.0
2026-03-29T19:03:58+00:00	routing	turborepo	srt-cold	q14	{"beam_policy": "uniform", "beam_width": 2, "max_depth": 3}	latency_s	0.09675291699999633
2026-03-29T19:03:58+00:00	routing	turborepo	srt-cold	q14	{"beam_policy": "waterfill", "beam_width": 2, "max_depth": 3}	ndcg@10	0.0
2026-03-29T19:03:58+00:00	routing	turborepo	srt-cold	q14	{"beam_policy": "waterfill", "beam_width": 2, "max_depth": 3}	latency_s	0.09267316700000094
2026-03-29T19:03:58+00:00	routing	turborepo	srt-cold	q14	{"beam_policy": "uniform", "beam_width": 2, "max_depth": 5}	ndcg@10	0.0
2026-03-29T19:03:58+00:00	routing	turborepo	srt-cold	q14	{"beam_policy": "uniform", "beam_width": 2, "max_depth": 5}	latency_s	0.09333674999999886
2026-03-29T19:03:58+00:00	routing	turborepo	srt-cold	q14	{"beam_policy": "waterfill", "beam_width": 2, "max_depth": 5}	ndcg@10	0.0
2026-03-29T19:03:58+00:00	routing	turborepo	srt-cold	q14	{"beam_policy": "waterfill", "beam_width": 2, "max_depth": 5}	latency_s	0.09403633400000189
2026-03-29T19:03:58+00:00	routing	turborepo	srt-cold	q14	{"beam_policy": "uniform", "beam_width": 2, "max_depth": 7}	ndcg@10	0.0
2026-03-29T19:03:58+00:00	routing	turborepo	srt-cold	q14	{"beam_policy": "uniform", "beam_width": 2, "max_depth": 7}	latency_s	0.09217420800000298
2026-03-29T19:03:58+00:00	routing	turborepo	srt-cold	q14	{"beam_policy": "waterfill", "beam_width": 2, "max_depth": 7}	ndcg@10	0.0
2026-03-29T19:03:58+00:00	routing	turborepo	srt-cold	q14	{"beam_policy": "waterfill", "beam_width": 2, "max_depth": 7}	latency_s	0.09621212500000098
2026-03-29T19:03:59+00:00	routing	turborepo	srt-cold	q14	{"beam_policy": "uniform", "beam_width": 2, "max_depth": 10}	ndcg@10	0.0
2026-03-29T19:03:59+00:00	routing	turborepo	srt-cold	q14	{"beam_policy": "uniform", "beam_width": 2, "max_depth": 10}	latency_s	0.0916478749999996
2026-03-29T19:03:59+00:00	routing	turborepo	srt-cold	q14	{"beam_policy": "waterfill", "beam_width": 2, "max_depth": 10}	ndcg@10	0.0
2026-03-29T19:03:59+00:00	routing	turborepo	srt-cold	q14	{"beam_policy": "waterfill", "beam_width": 2, "max_depth": 10}	latency_s	0.09515558300000038
2026-03-29T19:03:59+00:00	routing	turborepo	srt-cold	q14	{"beam_policy": "uniform", "beam_width": 3, "max_depth": 3}	ndcg@10	0.0
2026-03-29T19:03:59+00:00	routing	turborepo	srt-cold	q14	{"beam_policy": "uniform", "beam_width": 3, "max_depth": 3}	latency_s	0.09251174999999989
2026-03-29T19:03:59+00:00	routing	turborepo	srt-cold	q14	{"beam_policy": "waterfill", "beam_width": 3, "max_depth": 3}	ndcg@10	0.0
2026-03-29T19:03:59+00:00	routing	turborepo	srt-cold	q14	{"beam_policy": "waterfill", "beam_width": 3, "max_depth": 3}	latency_s	0.09111475000000269
2026-03-29T19:03:59+00:00	routing	turborepo	srt-cold	q14	{"beam_policy": "uniform", "beam_width": 3, "max_depth": 5}	ndcg@10	0.0
2026-03-29T19:03:59+00:00	routing	turborepo	srt-cold	q14	{"beam_policy": "uniform", "beam_width": 3, "max_depth": 5}	latency_s	0.1086860420000022
2026-03-29T19:03:59+00:00	routing	turborepo	srt-cold	q14	{"beam_policy": "waterfill", "beam_width": 3, "max_depth": 5}	ndcg@10	0.0
2026-03-29T19:03:59+00:00	routing	turborepo	srt-cold	q14	{"beam_policy": "waterfill", "beam_width": 3, "max_depth": 5}	latency_s	0.09060716599999807
2026-03-29T19:03:59+00:00	routing	turborepo	srt-cold	q14	{"beam_policy": "uniform", "beam_width": 3, "max_depth": 7}	ndcg@10	0.0
2026-03-29T19:03:59+00:00	routing	turborepo	srt-cold	q14	{"beam_policy": "uniform", "beam_width": 3, "max_depth": 7}	latency_s	0.10677916599999548
2026-03-29T19:03:59+00:00	routing	turborepo	srt-cold	q14	{"beam_policy": "waterfill", "beam_width": 3, "max_depth": 7}	ndcg@10	0.0
2026-03-29T19:03:59+00:00	routing	turborepo	srt-cold	q14	{"beam_policy": "waterfill", "beam_width": 3, "max_depth": 7}	latency_s	0.09157054199999948
2026-03-29T19:03:59+00:00	routing	turborepo	srt-cold	q14	{"beam_policy": "uniform", "beam_width": 3, "max_depth": 10}	ndcg@10	0.0
2026-03-29T19:03:59+00:00	routing	turborepo	srt-cold	q14	{"beam_policy": "uniform", "beam_width": 3, "max_depth": 10}	latency_s	0.10537133399999732
2026-03-29T19:03:59+00:00	routing	turborepo	srt-cold	q14	{"beam_policy": "waterfill", "beam_width": 3, "max_depth": 10}	ndcg@10	0.0
2026-03-29T19:03:59+00:00	routing	turborepo	srt-cold	q14	{"beam_policy": "waterfill", "beam_width": 3, "max_depth": 10}	latency_s	0.09332754100000074
2026-03-29T19:04:00+00:00	routing	turborepo	srt-cold	q14	{"beam_policy": "uniform", "beam_width": 5, "max_depth": 3}	ndcg@10	0.0
2026-03-29T19:04:00+00:00	routing	turborepo	srt-cold	q14	{"beam_policy": "uniform", "beam_width": 5, "max_depth": 3}	latency_s	0.09216904200000187
2026-03-29T19:04:00+00:00	routing	turborepo	srt-cold	q14	{"beam_policy": "waterfill", "beam_width": 5, "max_depth": 3}	ndcg@10	0.0
2026-03-29T19:04:00+00:00	routing	turborepo	srt-cold	q14	{"beam_policy": "waterfill", "beam_width": 5, "max_depth": 3}	latency_s	0.09366216699999796
2026-03-29T19:04:00+00:00	routing	turborepo	srt-cold	q14	{"beam_policy": "uniform", "beam_width": 5, "max_depth": 5}	ndcg@10	0.0
2026-03-29T19:04:00+00:00	routing	turborepo	srt-cold	q14	{"beam_policy": "uniform", "beam_width": 5, "max_depth": 5}	latency_s	0.10853800000000291
2026-03-29T19:04:00+00:00	routing	turborepo	srt-cold	q14	{"beam_policy": "waterfill", "beam_width": 5, "max_depth": 5}	ndcg@10	0.0
2026-03-29T19:04:00+00:00	routing	turborepo	srt-cold	q14	{"beam_policy": "waterfill", "beam_width": 5, "max_depth": 5}	latency_s	0.10517850000000095
2026-03-29T19:04:00+00:00	routing	turborepo	srt-cold	q14	{"beam_policy": "uniform", "beam_width": 5, "max_depth": 7}	ndcg@10	0.0
2026-03-29T19:04:00+00:00	routing	turborepo	srt-cold	q14	{"beam_policy": "uniform", "beam_width": 5, "max_depth": 7}	latency_s	0.12269645800000006
2026-03-29T19:04:00+00:00	routing	turborepo	srt-cold	q14	{"beam_policy": "waterfill", "beam_width": 5, "max_depth": 7}	ndcg@10	0.0
2026-03-29T19:04:00+00:00	routing	turborepo	srt-cold	q14	{"beam_policy": "waterfill", "beam_width": 5, "max_depth": 7}	latency_s	0.10620737500000388
2026-03-29T19:04:00+00:00	routing	turborepo	srt-cold	q14	{"beam_policy": "uniform", "beam_width": 5, "max_depth": 10}	ndcg@10	0.0
2026-03-29T19:04:00+00:00	routing	turborepo	srt-cold	q14	{"beam_policy": "uniform", "beam_width": 5, "max_depth": 10}	latency_s	0.12247400000000397
2026-03-29T19:04:00+00:00	routing	turborepo	srt-cold	q14	{"beam_policy": "waterfill", "beam_width": 5, "max_depth": 10}	ndcg@10	0.0
2026-03-29T19:04:00+00:00	routing	turborepo	srt-cold	q14	{"beam_policy": "waterfill", "beam_width": 5, "max_depth": 10}	latency_s	0.10877391700000061
2026-03-29T19:04:00+00:00	routing	turborepo	srt-cold	q14	{"beam_policy": "uniform", "beam_width": 7, "max_depth": 3}	ndcg@10	0.0
2026-03-29T19:04:00+00:00	routing	turborepo	srt-cold	q14	{"beam_policy": "uniform", "beam_width": 7, "max_depth": 3}	latency_s	0.09969349999999366
2026-03-29T19:04:01+00:00	routing	turborepo	srt-cold	q14	{"beam_policy": "waterfill", "beam_width": 7, "max_depth": 3}	ndcg@10	0.0
2026-03-29T19:04:01+00:00	routing	turborepo	srt-cold	q14	{"beam_policy": "waterfill", "beam_width": 7, "max_depth": 3}	latency_s	0.09460220800000485
2026-03-29T19:04:01+00:00	routing	turborepo	srt-cold	q14	{"beam_policy": "uniform", "beam_width": 7, "max_depth": 5}	ndcg@10	0.0
2026-03-29T19:04:01+00:00	routing	turborepo	srt-cold	q14	{"beam_policy": "uniform", "beam_width": 7, "max_depth": 5}	latency_s	0.11535866699999531
2026-03-29T19:04:01+00:00	routing	turborepo	srt-cold	q14	{"beam_policy": "waterfill", "beam_width": 7, "max_depth": 5}	ndcg@10	0.0
2026-03-29T19:04:01+00:00	routing	turborepo	srt-cold	q14	{"beam_policy": "waterfill", "beam_width": 7, "max_depth": 5}	latency_s	0.10848870799999588
2026-03-29T19:04:01+00:00	routing	turborepo	srt-cold	q14	{"beam_policy": "uniform", "beam_width": 7, "max_depth": 7}	ndcg@10	0.0
2026-03-29T19:04:01+00:00	routing	turborepo	srt-cold	q14	{"beam_policy": "uniform", "beam_width": 7, "max_depth": 7}	latency_s	0.12612650000000514
2026-03-29T19:04:01+00:00	routing	turborepo	srt-cold	q14	{"beam_policy": "waterfill", "beam_width": 7, "max_depth": 7}	ndcg@10	0.0
2026-03-29T19:04:01+00:00	routing	turborepo	srt-cold	q14	{"beam_policy": "waterfill", "beam_width": 7, "max_depth": 7}	latency_s	0.11761049999999784
2026-03-29T19:04:01+00:00	routing	turborepo	srt-cold	q14	{"beam_policy": "uniform", "beam_width": 7, "max_depth": 10}	ndcg@10	0.0
2026-03-29T19:04:01+00:00	routing	turborepo	srt-cold	q14	{"beam_policy": "uniform", "beam_width": 7, "max_depth": 10}	latency_s	0.12852520799999922
2026-03-29T19:04:01+00:00	routing	turborepo	srt-cold	q14	{"beam_policy": "waterfill", "beam_width": 7, "max_depth": 10}	ndcg@10	0.0
2026-03-29T19:04:01+00:00	routing	turborepo	srt-cold	q14	{"beam_policy": "waterfill", "beam_width": 7, "max_depth": 10}	latency_s	0.12066966700000137
2026-03-29T19:04:01+00:00	routing	turborepo	srt-cold	q14	{"beam_policy": "uniform", "beam_width": 10, "max_depth": 3}	ndcg@10	0.0
2026-03-29T19:04:01+00:00	routing	turborepo	srt-cold	q14	{"beam_policy": "uniform", "beam_width": 10, "max_depth": 3}	latency_s	0.10417045899999522
2026-03-29T19:04:01+00:00	routing	turborepo	srt-cold	q14	{"beam_policy": "waterfill", "beam_width": 10, "max_depth": 3}	ndcg@10	0.0
2026-03-29T19:04:01+00:00	routing	turborepo	srt-cold	q14	{"beam_policy": "waterfill", "beam_width": 10, "max_depth": 3}	latency_s	0.0954749169999971
2026-03-29T19:04:02+00:00	routing	turborepo	srt-cold	q14	{"beam_policy": "uniform", "beam_width": 10, "max_depth": 5}	ndcg@10	0.0
2026-03-29T19:04:02+00:00	routing	turborepo	srt-cold	q14	{"beam_policy": "uniform", "beam_width": 10, "max_depth": 5}	latency_s	0.12126624999999791
2026-03-29T19:04:02+00:00	routing	turborepo	srt-cold	q14	{"beam_policy": "waterfill", "beam_width": 10, "max_depth": 5}	ndcg@10	0.0
2026-03-29T19:04:02+00:00	routing	turborepo	srt-cold	q14	{"beam_policy": "waterfill", "beam_width": 10, "max_depth": 5}	latency_s	0.11883000000000266
2026-03-29T19:04:02+00:00	routing	turborepo	srt-cold	q14	{"beam_policy": "uniform", "beam_width": 10, "max_depth": 7}	ndcg@10	0.0
2026-03-29T19:04:02+00:00	routing	turborepo	srt-cold	q14	{"beam_policy": "uniform", "beam_width": 10, "max_depth": 7}	latency_s	0.14487933299999867
2026-03-29T19:04:02+00:00	routing	turborepo	srt-cold	q14	{"beam_policy": "waterfill", "beam_width": 10, "max_depth": 7}	ndcg@10	0.0
2026-03-29T19:04:02+00:00	routing	turborepo	srt-cold	q14	{"beam_policy": "waterfill", "beam_width": 10, "max_depth": 7}	latency_s	0.12976658299999855
2026-03-29T19:04:02+00:00	routing	turborepo	srt-cold	q14	{"beam_policy": "uniform", "beam_width": 10, "max_depth": 10}	ndcg@10	0.0
2026-03-29T19:04:02+00:00	routing	turborepo	srt-cold	q14	{"beam_policy": "uniform", "beam_width": 10, "max_depth": 10}	latency_s	0.14163016700000242
2026-03-29T19:04:02+00:00	routing	turborepo	srt-cold	q14	{"beam_policy": "waterfill", "beam_width": 10, "max_depth": 10}	ndcg@10	0.0
2026-03-29T19:04:02+00:00	routing	turborepo	srt-cold	q14	{"beam_policy": "waterfill", "beam_width": 10, "max_depth": 10}	latency_s	0.13354249999999723
2026-03-29T19:04:02+00:00	routing	turborepo	srt-cold	q15	{"beam_policy": "uniform", "beam_width": 2, "max_depth": 3}	ndcg@10	0.0
2026-03-29T19:04:02+00:00	routing	turborepo	srt-cold	q15	{"beam_policy": "uniform", "beam_width": 2, "max_depth": 3}	latency_s	0.09616020800000058
2026-03-29T19:04:02+00:00	routing	turborepo	srt-cold	q15	{"beam_policy": "waterfill", "beam_width": 2, "max_depth": 3}	ndcg@10	0.0
2026-03-29T19:04:02+00:00	routing	turborepo	srt-cold	q15	{"beam_policy": "waterfill", "beam_width": 2, "max_depth": 3}	latency_s	0.09577695800000185
2026-03-29T19:04:03+00:00	routing	turborepo	srt-cold	q15	{"beam_policy": "uniform", "beam_width": 2, "max_depth": 5}	ndcg@10	0.4094543838032698
2026-03-29T19:04:03+00:00	routing	turborepo	srt-cold	q15	{"beam_policy": "uniform", "beam_width": 2, "max_depth": 5}	latency_s	0.09790612500000151
2026-03-29T19:04:03+00:00	routing	turborepo	srt-cold	q15	{"beam_policy": "waterfill", "beam_width": 2, "max_depth": 5}	ndcg@10	0.0
2026-03-29T19:04:03+00:00	routing	turborepo	srt-cold	q15	{"beam_policy": "waterfill", "beam_width": 2, "max_depth": 5}	latency_s	0.09373708300000061
2026-03-29T19:04:03+00:00	routing	turborepo	srt-cold	q15	{"beam_policy": "uniform", "beam_width": 2, "max_depth": 7}	ndcg@10	0.4094543838032698
2026-03-29T19:04:03+00:00	routing	turborepo	srt-cold	q15	{"beam_policy": "uniform", "beam_width": 2, "max_depth": 7}	latency_s	0.09507658300000088
2026-03-29T19:04:03+00:00	routing	turborepo	srt-cold	q15	{"beam_policy": "waterfill", "beam_width": 2, "max_depth": 7}	ndcg@10	0.0
2026-03-29T19:04:03+00:00	routing	turborepo	srt-cold	q15	{"beam_policy": "waterfill", "beam_width": 2, "max_depth": 7}	latency_s	0.0923104170000002
2026-03-29T19:04:03+00:00	routing	turborepo	srt-cold	q15	{"beam_policy": "uniform", "beam_width": 2, "max_depth": 10}	ndcg@10	0.4094543838032698
2026-03-29T19:04:03+00:00	routing	turborepo	srt-cold	q15	{"beam_policy": "uniform", "beam_width": 2, "max_depth": 10}	latency_s	0.0954945419999973
2026-03-29T19:04:03+00:00	routing	turborepo	srt-cold	q15	{"beam_policy": "waterfill", "beam_width": 2, "max_depth": 10}	ndcg@10	0.0
2026-03-29T19:04:03+00:00	routing	turborepo	srt-cold	q15	{"beam_policy": "waterfill", "beam_width": 2, "max_depth": 10}	latency_s	0.0907806669999971
2026-03-29T19:04:03+00:00	routing	turborepo	srt-cold	q15	{"beam_policy": "uniform", "beam_width": 3, "max_depth": 3}	ndcg@10	0.0
2026-03-29T19:04:03+00:00	routing	turborepo	srt-cold	q15	{"beam_policy": "uniform", "beam_width": 3, "max_depth": 3}	latency_s	0.09517887499999489
2026-03-29T19:04:03+00:00	routing	turborepo	srt-cold	q15	{"beam_policy": "waterfill", "beam_width": 3, "max_depth": 3}	ndcg@10	0.0
2026-03-29T19:04:03+00:00	routing	turborepo	srt-cold	q15	{"beam_policy": "waterfill", "beam_width": 3, "max_depth": 3}	latency_s	0.09355845900000048
2026-03-29T19:04:03+00:00	routing	turborepo	srt-cold	q15	{"beam_policy": "uniform", "beam_width": 3, "max_depth": 5}	ndcg@10	0.4094543838032698
2026-03-29T19:04:03+00:00	routing	turborepo	srt-cold	q15	{"beam_policy": "uniform", "beam_width": 3, "max_depth": 5}	latency_s	0.0970222079999985
2026-03-29T19:04:03+00:00	routing	turborepo	srt-cold	q15	{"beam_policy": "waterfill", "beam_width": 3, "max_depth": 5}	ndcg@10	0.4094543838032698
2026-03-29T19:04:03+00:00	routing	turborepo	srt-cold	q15	{"beam_policy": "waterfill", "beam_width": 3, "max_depth": 5}	latency_s	0.09803708300000125
2026-03-29T19:04:04+00:00	routing	turborepo	srt-cold	q15	{"beam_policy": "uniform", "beam_width": 3, "max_depth": 7}	ndcg@10	0.4094543838032698
2026-03-29T19:04:04+00:00	routing	turborepo	srt-cold	q15	{"beam_policy": "uniform", "beam_width": 3, "max_depth": 7}	latency_s	0.1031692090000007
2026-03-29T19:04:04+00:00	routing	turborepo	srt-cold	q15	{"beam_policy": "waterfill", "beam_width": 3, "max_depth": 7}	ndcg@10	0.4094543838032698
2026-03-29T19:04:04+00:00	routing	turborepo	srt-cold	q15	{"beam_policy": "waterfill", "beam_width": 3, "max_depth": 7}	latency_s	0.09253866699999946
2026-03-29T19:04:04+00:00	routing	turborepo	srt-cold	q15	{"beam_policy": "uniform", "beam_width": 3, "max_depth": 10}	ndcg@10	0.4094543838032698
2026-03-29T19:04:04+00:00	routing	turborepo	srt-cold	q15	{"beam_policy": "uniform", "beam_width": 3, "max_depth": 10}	latency_s	0.09736133300000205
2026-03-29T19:04:04+00:00	routing	turborepo	srt-cold	q15	{"beam_policy": "waterfill", "beam_width": 3, "max_depth": 10}	ndcg@10	0.4094543838032698
2026-03-29T19:04:04+00:00	routing	turborepo	srt-cold	q15	{"beam_policy": "waterfill", "beam_width": 3, "max_depth": 10}	latency_s	0.09264279199999947
2026-03-29T19:04:04+00:00	routing	turborepo	srt-cold	q15	{"beam_policy": "uniform", "beam_width": 5, "max_depth": 3}	ndcg@10	0.0
2026-03-29T19:04:04+00:00	routing	turborepo	srt-cold	q15	{"beam_policy": "uniform", "beam_width": 5, "max_depth": 3}	latency_s	0.09952291599999796
2026-03-29T19:04:04+00:00	routing	turborepo	srt-cold	q15	{"beam_policy": "waterfill", "beam_width": 5, "max_depth": 3}	ndcg@10	0.0
2026-03-29T19:04:04+00:00	routing	turborepo	srt-cold	q15	{"beam_policy": "waterfill", "beam_width": 5, "max_depth": 3}	latency_s	0.09420266699999758
2026-03-29T19:04:04+00:00	routing	turborepo	srt-cold	q15	{"beam_policy": "uniform", "beam_width": 5, "max_depth": 5}	ndcg@10	0.3477237584304432
2026-03-29T19:04:04+00:00	routing	turborepo	srt-cold	q15	{"beam_policy": "uniform", "beam_width": 5, "max_depth": 5}	latency_s	0.10588187500000146
2026-03-29T19:04:04+00:00	routing	turborepo	srt-cold	q15	{"beam_policy": "waterfill", "beam_width": 5, "max_depth": 5}	ndcg@10	0.4094543838032698
2026-03-29T19:04:04+00:00	routing	turborepo	srt-cold	q15	{"beam_policy": "waterfill", "beam_width": 5, "max_depth": 5}	latency_s	0.09558916600000344
2026-03-29T19:04:04+00:00	routing	turborepo	srt-cold	q15	{"beam_policy": "uniform", "beam_width": 5, "max_depth": 7}	ndcg@10	0.2883081186970472
2026-03-29T19:04:04+00:00	routing	turborepo	srt-cold	q15	{"beam_policy": "uniform", "beam_width": 5, "max_depth": 7}	latency_s	0.10834395799999896
2026-03-29T19:04:04+00:00	routing	turborepo	srt-cold	q15	{"beam_policy": "waterfill", "beam_width": 5, "max_depth": 7}	ndcg@10	0.4094543838032698
2026-03-29T19:04:04+00:00	routing	turborepo	srt-cold	q15	{"beam_policy": "waterfill", "beam_width": 5, "max_depth": 7}	latency_s	0.09480366700000076
2026-03-29T19:04:05+00:00	routing	turborepo	srt-cold	q15	{"beam_policy": "uniform", "beam_width": 5, "max_depth": 10}	ndcg@10	0.2883081186970472
2026-03-29T19:04:05+00:00	routing	turborepo	srt-cold	q15	{"beam_policy": "uniform", "beam_width": 5, "max_depth": 10}	latency_s	0.10718612499999836
2026-03-29T19:04:05+00:00	routing	turborepo	srt-cold	q15	{"beam_policy": "waterfill", "beam_width": 5, "max_depth": 10}	ndcg@10	0.4094543838032698
2026-03-29T19:04:05+00:00	routing	turborepo	srt-cold	q15	{"beam_policy": "waterfill", "beam_width": 5, "max_depth": 10}	latency_s	0.09509329200000138
2026-03-29T19:04:05+00:00	routing	turborepo	srt-cold	q15	{"beam_policy": "uniform", "beam_width": 7, "max_depth": 3}	ndcg@10	0.0
2026-03-29T19:04:05+00:00	routing	turborepo	srt-cold	q15	{"beam_policy": "uniform", "beam_width": 7, "max_depth": 3}	latency_s	0.10401537499999591
2026-03-29T19:04:05+00:00	routing	turborepo	srt-cold	q15	{"beam_policy": "waterfill", "beam_width": 7, "max_depth": 3}	ndcg@10	0.0
2026-03-29T19:04:05+00:00	routing	turborepo	srt-cold	q15	{"beam_policy": "waterfill", "beam_width": 7, "max_depth": 3}	latency_s	0.09753729199999839
2026-03-29T19:04:05+00:00	routing	turborepo	srt-cold	q15	{"beam_policy": "uniform", "beam_width": 7, "max_depth": 5}	ndcg@10	0.2393832281257532
2026-03-29T19:04:05+00:00	routing	turborepo	srt-cold	q15	{"beam_policy": "uniform", "beam_width": 7, "max_depth": 5}	latency_s	0.12113100000000543
2026-03-29T19:04:05+00:00	routing	turborepo	srt-cold	q15	{"beam_policy": "waterfill", "beam_width": 7, "max_depth": 5}	ndcg@10	0.3477237584304432
2026-03-29T19:04:05+00:00	routing	turborepo	srt-cold	q15	{"beam_policy": "waterfill", "beam_width": 7, "max_depth": 5}	latency_s	0.10176441600000175
2026-03-29T19:04:05+00:00	routing	turborepo	srt-cold	q15	{"beam_policy": "uniform", "beam_width": 7, "max_depth": 7}	ndcg@10	0.2393832281257532
2026-03-29T19:04:05+00:00	routing	turborepo	srt-cold	q15	{"beam_policy": "uniform", "beam_width": 7, "max_depth": 7}	latency_s	0.12123633400000244
2026-03-29T19:04:05+00:00	routing	turborepo	srt-cold	q15	{"beam_policy": "waterfill", "beam_width": 7, "max_depth": 7}	ndcg@10	0.2883081186970472
2026-03-29T19:04:05+00:00	routing	turborepo	srt-cold	q15	{"beam_policy": "waterfill", "beam_width": 7, "max_depth": 7}	latency_s	0.10867712499999982
2026-03-29T19:04:05+00:00	routing	turborepo	srt-cold	q15	{"beam_policy": "uniform", "beam_width": 7, "max_depth": 10}	ndcg@10	0.2393832281257532
2026-03-29T19:04:05+00:00	routing	turborepo	srt-cold	q15	{"beam_policy": "uniform", "beam_width": 7, "max_depth": 10}	latency_s	0.11792320800000056
2026-03-29T19:04:06+00:00	routing	turborepo	srt-cold	q15	{"beam_policy": "waterfill", "beam_width": 7, "max_depth": 10}	ndcg@10	0.2883081186970472
2026-03-29T19:04:06+00:00	routing	turborepo	srt-cold	q15	{"beam_policy": "waterfill", "beam_width": 7, "max_depth": 10}	latency_s	0.10705708399999736
2026-03-29T19:04:06+00:00	routing	turborepo	srt-cold	q15	{"beam_policy": "uniform", "beam_width": 10, "max_depth": 3}	ndcg@10	0.0
2026-03-29T19:04:06+00:00	routing	turborepo	srt-cold	q15	{"beam_policy": "uniform", "beam_width": 10, "max_depth": 3}	latency_s	0.10285345900000209
2026-03-29T19:04:06+00:00	routing	turborepo	srt-cold	q15	{"beam_policy": "waterfill", "beam_width": 10, "max_depth": 3}	ndcg@10	0.0
2026-03-29T19:04:06+00:00	routing	turborepo	srt-cold	q15	{"beam_policy": "waterfill", "beam_width": 10, "max_depth": 3}	latency_s	0.10235120800000175
2026-03-29T19:04:06+00:00	routing	turborepo	srt-cold	q15	{"beam_policy": "uniform", "beam_width": 10, "max_depth": 5}	ndcg@10	0.2393832281257532
2026-03-29T19:04:06+00:00	routing	turborepo	srt-cold	q15	{"beam_policy": "uniform", "beam_width": 10, "max_depth": 5}	latency_s	0.123568542000001
2026-03-29T19:04:06+00:00	routing	turborepo	srt-cold	q15	{"beam_policy": "waterfill", "beam_width": 10, "max_depth": 5}	ndcg@10	0.2393832281257532
2026-03-29T19:04:06+00:00	routing	turborepo	srt-cold	q15	{"beam_policy": "waterfill", "beam_width": 10, "max_depth": 5}	latency_s	0.11911466600000153
2026-03-29T19:04:06+00:00	routing	turborepo	srt-cold	q15	{"beam_policy": "uniform", "beam_width": 10, "max_depth": 7}	ndcg@10	0.2393832281257532
2026-03-29T19:04:06+00:00	routing	turborepo	srt-cold	q15	{"beam_policy": "uniform", "beam_width": 10, "max_depth": 7}	latency_s	0.1269330410000009
2026-03-29T19:04:06+00:00	routing	turborepo	srt-cold	q15	{"beam_policy": "waterfill", "beam_width": 10, "max_depth": 7}	ndcg@10	0.2393832281257532
2026-03-29T19:04:06+00:00	routing	turborepo	srt-cold	q15	{"beam_policy": "waterfill", "beam_width": 10, "max_depth": 7}	latency_s	0.12439620800000029
2026-03-29T19:04:06+00:00	routing	turborepo	srt-cold	q15	{"beam_policy": "uniform", "beam_width": 10, "max_depth": 10}	ndcg@10	0.2393832281257532
2026-03-29T19:04:06+00:00	routing	turborepo	srt-cold	q15	{"beam_policy": "uniform", "beam_width": 10, "max_depth": 10}	latency_s	0.12451758400000301
2026-03-29T19:04:07+00:00	routing	turborepo	srt-cold	q15	{"beam_policy": "waterfill", "beam_width": 10, "max_depth": 10}	ndcg@10	0.2393832281257532
2026-03-29T19:04:07+00:00	routing	turborepo	srt-cold	q15	{"beam_policy": "waterfill", "beam_width": 10, "max_depth": 10}	latency_s	0.11869654099999849
2026-03-29T19:04:07+00:00	routing	turborepo	srt-cold	q16	{"beam_policy": "uniform", "beam_width": 2, "max_depth": 3}	ndcg@10	0.0
2026-03-29T19:04:07+00:00	routing	turborepo	srt-cold	q16	{"beam_policy": "uniform", "beam_width": 2, "max_depth": 3}	latency_s	0.09568774999999619
2026-03-29T19:04:07+00:00	routing	turborepo	srt-cold	q16	{"beam_policy": "waterfill", "beam_width": 2, "max_depth": 3}	ndcg@10	0.0
2026-03-29T19:04:07+00:00	routing	turborepo	srt-cold	q16	{"beam_policy": "waterfill", "beam_width": 2, "max_depth": 3}	latency_s	0.0942192909999946
2026-03-29T19:04:07+00:00	routing	turborepo	srt-cold	q16	{"beam_policy": "uniform", "beam_width": 2, "max_depth": 5}	ndcg@10	0.0
2026-03-29T19:04:07+00:00	routing	turborepo	srt-cold	q16	{"beam_policy": "uniform", "beam_width": 2, "max_depth": 5}	latency_s	0.09123541700000004
2026-03-29T19:04:07+00:00	routing	turborepo	srt-cold	q16	{"beam_policy": "waterfill", "beam_width": 2, "max_depth": 5}	ndcg@10	0.0
2026-03-29T19:04:07+00:00	routing	turborepo	srt-cold	q16	{"beam_policy": "waterfill", "beam_width": 2, "max_depth": 5}	latency_s	0.09274695799999932
2026-03-29T19:04:07+00:00	routing	turborepo	srt-cold	q16	{"beam_policy": "uniform", "beam_width": 2, "max_depth": 7}	ndcg@10	0.0
2026-03-29T19:04:07+00:00	routing	turborepo	srt-cold	q16	{"beam_policy": "uniform", "beam_width": 2, "max_depth": 7}	latency_s	0.09506062500000212
2026-03-29T19:04:07+00:00	routing	turborepo	srt-cold	q16	{"beam_policy": "waterfill", "beam_width": 2, "max_depth": 7}	ndcg@10	0.0
2026-03-29T19:04:07+00:00	routing	turborepo	srt-cold	q16	{"beam_policy": "waterfill", "beam_width": 2, "max_depth": 7}	latency_s	0.09459633299999837
2026-03-29T19:04:07+00:00	routing	turborepo	srt-cold	q16	{"beam_policy": "uniform", "beam_width": 2, "max_depth": 10}	ndcg@10	0.0
2026-03-29T19:04:07+00:00	routing	turborepo	srt-cold	q16	{"beam_policy": "uniform", "beam_width": 2, "max_depth": 10}	latency_s	0.09482450000000142
2026-03-29T19:04:07+00:00	routing	turborepo	srt-cold	q16	{"beam_policy": "waterfill", "beam_width": 2, "max_depth": 10}	ndcg@10	0.0
2026-03-29T19:04:07+00:00	routing	turborepo	srt-cold	q16	{"beam_policy": "waterfill", "beam_width": 2, "max_depth": 10}	latency_s	0.0951935829999968
2026-03-29T19:04:07+00:00	routing	turborepo	srt-cold	q16	{"beam_policy": "uniform", "beam_width": 3, "max_depth": 3}	ndcg@10	0.0
2026-03-29T19:04:07+00:00	routing	turborepo	srt-cold	q16	{"beam_policy": "uniform", "beam_width": 3, "max_depth": 3}	latency_s	0.09106495900000056
2026-03-29T19:04:07+00:00	routing	turborepo	srt-cold	q16	{"beam_policy": "waterfill", "beam_width": 3, "max_depth": 3}	ndcg@10	0.0
2026-03-29T19:04:07+00:00	routing	turborepo	srt-cold	q16	{"beam_policy": "waterfill", "beam_width": 3, "max_depth": 3}	latency_s	0.09385783300000128
2026-03-29T19:04:08+00:00	routing	turborepo	srt-cold	q16	{"beam_policy": "uniform", "beam_width": 3, "max_depth": 5}	ndcg@10	0.0
2026-03-29T19:04:08+00:00	routing	turborepo	srt-cold	q16	{"beam_policy": "uniform", "beam_width": 3, "max_depth": 5}	latency_s	0.09731879199999582
2026-03-29T19:04:08+00:00	routing	turborepo	srt-cold	q16	{"beam_policy": "waterfill", "beam_width": 3, "max_depth": 5}	ndcg@10	0.0
2026-03-29T19:04:08+00:00	routing	turborepo	srt-cold	q16	{"beam_policy": "waterfill", "beam_width": 3, "max_depth": 5}	latency_s	0.09351383300000293
2026-03-29T19:04:08+00:00	routing	turborepo	srt-cold	q16	{"beam_policy": "uniform", "beam_width": 3, "max_depth": 7}	ndcg@10	0.0
2026-03-29T19:04:08+00:00	routing	turborepo	srt-cold	q16	{"beam_policy": "uniform", "beam_width": 3, "max_depth": 7}	latency_s	0.0934960829999909
2026-03-29T19:04:08+00:00	routing	turborepo	srt-cold	q16	{"beam_policy": "waterfill", "beam_width": 3, "max_depth": 7}	ndcg@10	0.0
2026-03-29T19:04:08+00:00	routing	turborepo	srt-cold	q16	{"beam_policy": "waterfill", "beam_width": 3, "max_depth": 7}	latency_s	0.09090483399999982
2026-03-29T19:04:08+00:00	routing	turborepo	srt-cold	q16	{"beam_policy": "uniform", "beam_width": 3, "max_depth": 10}	ndcg@10	0.0
2026-03-29T19:04:08+00:00	routing	turborepo	srt-cold	q16	{"beam_policy": "uniform", "beam_width": 3, "max_depth": 10}	latency_s	0.09174429200000134
2026-03-29T19:04:08+00:00	routing	turborepo	srt-cold	q16	{"beam_policy": "waterfill", "beam_width": 3, "max_depth": 10}	ndcg@10	0.0
2026-03-29T19:04:08+00:00	routing	turborepo	srt-cold	q16	{"beam_policy": "waterfill", "beam_width": 3, "max_depth": 10}	latency_s	0.09504658299999846
2026-03-29T19:04:08+00:00	routing	turborepo	srt-cold	q16	{"beam_policy": "uniform", "beam_width": 5, "max_depth": 3}	ndcg@10	0.0
2026-03-29T19:04:08+00:00	routing	turborepo	srt-cold	q16	{"beam_policy": "uniform", "beam_width": 5, "max_depth": 3}	latency_s	0.09366200000000902
2026-03-29T19:04:08+00:00	routing	turborepo	srt-cold	q16	{"beam_policy": "waterfill", "beam_width": 5, "max_depth": 3}	ndcg@10	0.0
2026-03-29T19:04:08+00:00	routing	turborepo	srt-cold	q16	{"beam_policy": "waterfill", "beam_width": 5, "max_depth": 3}	latency_s	0.09203008299999738
2026-03-29T19:04:08+00:00	routing	turborepo	srt-cold	q16	{"beam_policy": "uniform", "beam_width": 5, "max_depth": 5}	ndcg@10	0.0
2026-03-29T19:04:08+00:00	routing	turborepo	srt-cold	q16	{"beam_policy": "uniform", "beam_width": 5, "max_depth": 5}	latency_s	0.09698812499999576
2026-03-29T19:04:08+00:00	routing	turborepo	srt-cold	q16	{"beam_policy": "waterfill", "beam_width": 5, "max_depth": 5}	ndcg@10	0.0
2026-03-29T19:04:08+00:00	routing	turborepo	srt-cold	q16	{"beam_policy": "waterfill", "beam_width": 5, "max_depth": 5}	latency_s	0.10190324999999234
2026-03-29T19:04:09+00:00	routing	turborepo	srt-cold	q16	{"beam_policy": "uniform", "beam_width": 5, "max_depth": 7}	ndcg@10	0.0
2026-03-29T19:04:09+00:00	routing	turborepo	srt-cold	q16	{"beam_policy": "uniform", "beam_width": 5, "max_depth": 7}	latency_s	0.10281162500000107
2026-03-29T19:04:09+00:00	routing	turborepo	srt-cold	q16	{"beam_policy": "waterfill", "beam_width": 5, "max_depth": 7}	ndcg@10	0.0
2026-03-29T19:04:09+00:00	routing	turborepo	srt-cold	q16	{"beam_policy": "waterfill", "beam_width": 5, "max_depth": 7}	latency_s	0.10037054200000739
2026-03-29T19:04:09+00:00	routing	turborepo	srt-cold	q16	{"beam_policy": "uniform", "beam_width": 5, "max_depth": 10}	ndcg@10	0.0
2026-03-29T19:04:09+00:00	routing	turborepo	srt-cold	q16	{"beam_policy": "uniform", "beam_width": 5, "max_depth": 10}	latency_s	0.10029991699998675
2026-03-29T19:04:09+00:00	routing	turborepo	srt-cold	q16	{"beam_policy": "waterfill", "beam_width": 5, "max_depth": 10}	ndcg@10	0.0
2026-03-29T19:04:09+00:00	routing	turborepo	srt-cold	q16	{"beam_policy": "waterfill", "beam_width": 5, "max_depth": 10}	latency_s	0.09851258300000154
2026-03-29T19:04:09+00:00	routing	turborepo	srt-cold	q16	{"beam_policy": "uniform", "beam_width": 7, "max_depth": 3}	ndcg@10	0.0
2026-03-29T19:04:09+00:00	routing	turborepo	srt-cold	q16	{"beam_policy": "uniform", "beam_width": 7, "max_depth": 3}	latency_s	0.09546708300000262
2026-03-29T19:04:09+00:00	routing	turborepo	srt-cold	q16	{"beam_policy": "waterfill", "beam_width": 7, "max_depth": 3}	ndcg@10	0.0
2026-03-29T19:04:09+00:00	routing	turborepo	srt-cold	q16	{"beam_policy": "waterfill", "beam_width": 7, "max_depth": 3}	latency_s	0.09759512500001222
2026-03-29T19:04:09+00:00	routing	turborepo	srt-cold	q16	{"beam_policy": "uniform", "beam_width": 7, "max_depth": 5}	ndcg@10	0.0
2026-03-29T19:04:09+00:00	routing	turborepo	srt-cold	q16	{"beam_policy": "uniform", "beam_width": 7, "max_depth": 5}	latency_s	0.10768645800000343
2026-03-29T19:04:09+00:00	routing	turborepo	srt-cold	q16	{"beam_policy": "waterfill", "beam_width": 7, "max_depth": 5}	ndcg@10	0.0
2026-03-29T19:04:09+00:00	routing	turborepo	srt-cold	q16	{"beam_policy": "waterfill", "beam_width": 7, "max_depth": 5}	latency_s	0.10215695900001265
2026-03-29T19:04:09+00:00	routing	turborepo	srt-cold	q16	{"beam_policy": "uniform", "beam_width": 7, "max_depth": 7}	ndcg@10	0.0
2026-03-29T19:04:09+00:00	routing	turborepo	srt-cold	q16	{"beam_policy": "uniform", "beam_width": 7, "max_depth": 7}	latency_s	0.10504483299999379
2026-03-29T19:04:09+00:00	routing	turborepo	srt-cold	q16	{"beam_policy": "waterfill", "beam_width": 7, "max_depth": 7}	ndcg@10	0.0
2026-03-29T19:04:09+00:00	routing	turborepo	srt-cold	q16	{"beam_policy": "waterfill", "beam_width": 7, "max_depth": 7}	latency_s	0.09585837500000594
2026-03-29T19:04:10+00:00	routing	turborepo	srt-cold	q16	{"beam_policy": "uniform", "beam_width": 7, "max_depth": 10}	ndcg@10	0.0
2026-03-29T19:04:10+00:00	routing	turborepo	srt-cold	q16	{"beam_policy": "uniform", "beam_width": 7, "max_depth": 10}	latency_s	0.10325712499999895
2026-03-29T19:04:10+00:00	routing	turborepo	srt-cold	q16	{"beam_policy": "waterfill", "beam_width": 7, "max_depth": 10}	ndcg@10	0.0
2026-03-29T19:04:10+00:00	routing	turborepo	srt-cold	q16	{"beam_policy": "waterfill", "beam_width": 7, "max_depth": 10}	latency_s	0.09770791699999393
2026-03-29T19:04:10+00:00	routing	turborepo	srt-cold	q16	{"beam_policy": "uniform", "beam_width": 10, "max_depth": 3}	ndcg@10	0.0
2026-03-29T19:04:10+00:00	routing	turborepo	srt-cold	q16	{"beam_policy": "uniform", "beam_width": 10, "max_depth": 3}	latency_s	0.10496795799998893
2026-03-29T19:04:10+00:00	routing	turborepo	srt-cold	q16	{"beam_policy": "waterfill", "beam_width": 10, "max_depth": 3}	ndcg@10	0.0
2026-03-29T19:04:10+00:00	routing	turborepo	srt-cold	q16	{"beam_policy": "waterfill", "beam_width": 10, "max_depth": 3}	latency_s	0.0997201250000046
2026-03-29T19:04:10+00:00	routing	turborepo	srt-cold	q16	{"beam_policy": "uniform", "beam_width": 10, "max_depth": 5}	ndcg@10	0.0
2026-03-29T19:04:10+00:00	routing	turborepo	srt-cold	q16	{"beam_policy": "uniform", "beam_width": 10, "max_depth": 5}	latency_s	0.1304132500000037
2026-03-29T19:04:10+00:00	routing	turborepo	srt-cold	q16	{"beam_policy": "waterfill", "beam_width": 10, "max_depth": 5}	ndcg@10	0.0
2026-03-29T19:04:10+00:00	routing	turborepo	srt-cold	q16	{"beam_policy": "waterfill", "beam_width": 10, "max_depth": 5}	latency_s	0.1068251250000003
2026-03-29T19:04:10+00:00	routing	turborepo	srt-cold	q16	{"beam_policy": "uniform", "beam_width": 10, "max_depth": 7}	ndcg@10	0.0
2026-03-29T19:04:10+00:00	routing	turborepo	srt-cold	q16	{"beam_policy": "uniform", "beam_width": 10, "max_depth": 7}	latency_s	0.14473733399999844
2026-03-29T19:04:10+00:00	routing	turborepo	srt-cold	q16	{"beam_policy": "waterfill", "beam_width": 10, "max_depth": 7}	ndcg@10	0.0
2026-03-29T19:04:10+00:00	routing	turborepo	srt-cold	q16	{"beam_policy": "waterfill", "beam_width": 10, "max_depth": 7}	latency_s	0.10425104200000135
2026-03-29T19:04:11+00:00	routing	turborepo	srt-cold	q16	{"beam_policy": "uniform", "beam_width": 10, "max_depth": 10}	ndcg@10	0.0
2026-03-29T19:04:11+00:00	routing	turborepo	srt-cold	q16	{"beam_policy": "uniform", "beam_width": 10, "max_depth": 10}	latency_s	0.14258974999999907
2026-03-29T19:04:11+00:00	routing	turborepo	srt-cold	q16	{"beam_policy": "waterfill", "beam_width": 10, "max_depth": 10}	ndcg@10	0.0
2026-03-29T19:04:11+00:00	routing	turborepo	srt-cold	q16	{"beam_policy": "waterfill", "beam_width": 10, "max_depth": 10}	latency_s	0.10895549999999332
2026-03-29T19:04:11+00:00	routing	turborepo	srt-cold	q17	{"beam_policy": "uniform", "beam_width": 2, "max_depth": 3}	ndcg@10	0.0
2026-03-29T19:04:11+00:00	routing	turborepo	srt-cold	q17	{"beam_policy": "uniform", "beam_width": 2, "max_depth": 3}	latency_s	0.09154195799999343
2026-03-29T19:04:11+00:00	routing	turborepo	srt-cold	q17	{"beam_policy": "waterfill", "beam_width": 2, "max_depth": 3}	ndcg@10	0.0
2026-03-29T19:04:11+00:00	routing	turborepo	srt-cold	q17	{"beam_policy": "waterfill", "beam_width": 2, "max_depth": 3}	latency_s	0.09234637500000531
2026-03-29T19:04:11+00:00	routing	turborepo	srt-cold	q17	{"beam_policy": "uniform", "beam_width": 2, "max_depth": 5}	ndcg@10	0.6309015148106042
2026-03-29T19:04:11+00:00	routing	turborepo	srt-cold	q17	{"beam_policy": "uniform", "beam_width": 2, "max_depth": 5}	latency_s	0.09671904199998949
2026-03-29T19:04:11+00:00	routing	turborepo	srt-cold	q17	{"beam_policy": "waterfill", "beam_width": 2, "max_depth": 5}	ndcg@10	0.6394712885097369
2026-03-29T19:04:11+00:00	routing	turborepo	srt-cold	q17	{"beam_policy": "waterfill", "beam_width": 2, "max_depth": 5}	latency_s	0.09558095900000296
2026-03-29T19:04:11+00:00	routing	turborepo	srt-cold	q17	{"beam_policy": "uniform", "beam_width": 2, "max_depth": 7}	ndcg@10	0.6239784957877976
2026-03-29T19:04:11+00:00	routing	turborepo	srt-cold	q17	{"beam_policy": "uniform", "beam_width": 2, "max_depth": 7}	latency_s	0.10490879099999972
2026-03-29T19:04:11+00:00	routing	turborepo	srt-cold	q17	{"beam_policy": "waterfill", "beam_width": 2, "max_depth": 7}	ndcg@10	0.6309015148106042
2026-03-29T19:04:11+00:00	routing	turborepo	srt-cold	q17	{"beam_policy": "waterfill", "beam_width": 2, "max_depth": 7}	latency_s	0.10000799999998833
2026-03-29T19:04:11+00:00	routing	turborepo	srt-cold	q17	{"beam_policy": "uniform", "beam_width": 2, "max_depth": 10}	ndcg@10	0.6239784957877976
2026-03-29T19:04:11+00:00	routing	turborepo	srt-cold	q17	{"beam_policy": "uniform", "beam_width": 2, "max_depth": 10}	latency_s	0.09940666700001088
2026-03-29T19:04:11+00:00	routing	turborepo	srt-cold	q17	{"beam_policy": "waterfill", "beam_width": 2, "max_depth": 10}	ndcg@10	0.6309015148106042
2026-03-29T19:04:11+00:00	routing	turborepo	srt-cold	q17	{"beam_policy": "waterfill", "beam_width": 2, "max_depth": 10}	latency_s	0.09598633400000267
2026-03-29T19:04:12+00:00	routing	turborepo	srt-cold	q17	{"beam_policy": "uniform", "beam_width": 3, "max_depth": 3}	ndcg@10	0.0
2026-03-29T19:04:12+00:00	routing	turborepo	srt-cold	q17	{"beam_policy": "uniform", "beam_width": 3, "max_depth": 3}	latency_s	0.09325874999998973
2026-03-29T19:04:12+00:00	routing	turborepo	srt-cold	q17	{"beam_policy": "waterfill", "beam_width": 3, "max_depth": 3}	ndcg@10	0.0
2026-03-29T19:04:12+00:00	routing	turborepo	srt-cold	q17	{"beam_policy": "waterfill", "beam_width": 3, "max_depth": 3}	latency_s	0.09067566600000987
2026-03-29T19:04:12+00:00	routing	turborepo	srt-cold	q17	{"beam_policy": "uniform", "beam_width": 3, "max_depth": 5}	ndcg@10	0.6239784957877976
2026-03-29T19:04:12+00:00	routing	turborepo	srt-cold	q17	{"beam_policy": "uniform", "beam_width": 3, "max_depth": 5}	latency_s	0.09659062500000459
2026-03-29T19:04:12+00:00	routing	turborepo	srt-cold	q17	{"beam_policy": "waterfill", "beam_width": 3, "max_depth": 5}	ndcg@10	0.6309015148106042
2026-03-29T19:04:12+00:00	routing	turborepo	srt-cold	q17	{"beam_policy": "waterfill", "beam_width": 3, "max_depth": 5}	latency_s	0.09630787500000793
2026-03-29T19:04:12+00:00	routing	turborepo	srt-cold	q17	{"beam_policy": "uniform", "beam_width": 3, "max_depth": 7}	ndcg@10	0.6182399590935599
2026-03-29T19:04:12+00:00	routing	turborepo	srt-cold	q17	{"beam_policy": "uniform", "beam_width": 3, "max_depth": 7}	latency_s	0.10218162500000005
2026-03-29T19:04:12+00:00	routing	turborepo	srt-cold	q17	{"beam_policy": "waterfill", "beam_width": 3, "max_depth": 7}	ndcg@10	0.6239784957877976
2026-03-29T19:04:12+00:00	routing	turborepo	srt-cold	q17	{"beam_policy": "waterfill", "beam_width": 3, "max_depth": 7}	latency_s	0.10076700000000471
2026-03-29T19:04:12+00:00	routing	turborepo	srt-cold	q17	{"beam_policy": "uniform", "beam_width": 3, "max_depth": 10}	ndcg@10	0.6182399590935599
2026-03-29T19:04:12+00:00	routing	turborepo	srt-cold	q17	{"beam_policy": "uniform", "beam_width": 3, "max_depth": 10}	latency_s	0.10290991600000154
2026-03-29T19:04:12+00:00	routing	turborepo	srt-cold	q17	{"beam_policy": "waterfill", "beam_width": 3, "max_depth": 10}	ndcg@10	0.6239784957877976
2026-03-29T19:04:12+00:00	routing	turborepo	srt-cold	q17	{"beam_policy": "waterfill", "beam_width": 3, "max_depth": 10}	latency_s	0.10102162500000134
2026-03-29T19:04:12+00:00	routing	turborepo	srt-cold	q17	{"beam_policy": "uniform", "beam_width": 5, "max_depth": 3}	ndcg@10	0.0
2026-03-29T19:04:12+00:00	routing	turborepo	srt-cold	q17	{"beam_policy": "uniform", "beam_width": 5, "max_depth": 3}	latency_s	0.09485504200000605
2026-03-29T19:04:12+00:00	routing	turborepo	srt-cold	q17	{"beam_policy": "waterfill", "beam_width": 5, "max_depth": 3}	ndcg@10	0.0
2026-03-29T19:04:12+00:00	routing	turborepo	srt-cold	q17	{"beam_policy": "waterfill", "beam_width": 5, "max_depth": 3}	latency_s	0.0909769170000061
2026-03-29T19:04:13+00:00	routing	turborepo	srt-cold	q17	{"beam_policy": "uniform", "beam_width": 5, "max_depth": 5}	ndcg@10	0.302596096856603
2026-03-29T19:04:13+00:00	routing	turborepo	srt-cold	q17	{"beam_policy": "uniform", "beam_width": 5, "max_depth": 5}	latency_s	0.10934283400000311
2026-03-29T19:04:13+00:00	routing	turborepo	srt-cold	q17	{"beam_policy": "waterfill", "beam_width": 5, "max_depth": 5}	ndcg@10	0.302596096856603
2026-03-29T19:04:13+00:00	routing	turborepo	srt-cold	q17	{"beam_policy": "waterfill", "beam_width": 5, "max_depth": 5}	latency_s	0.10379941600000109
2026-03-29T19:04:13+00:00	routing	turborepo	srt-cold	q17	{"beam_policy": "uniform", "beam_width": 5, "max_depth": 7}	ndcg@10	0.302596096856603
2026-03-29T19:04:13+00:00	routing	turborepo	srt-cold	q17	{"beam_policy": "uniform", "beam_width": 5, "max_depth": 7}	latency_s	0.11650025000000142
2026-03-29T19:04:13+00:00	routing	turborepo	srt-cold	q17	{"beam_policy": "waterfill", "beam_width": 5, "max_depth": 7}	ndcg@10	0.302596096856603
2026-03-29T19:04:13+00:00	routing	turborepo	srt-cold	q17	{"beam_policy": "waterfill", "beam_width": 5, "max_depth": 7}	latency_s	0.11088412500001255
2026-03-29T19:04:13+00:00	routing	turborepo	srt-cold	q17	{"beam_policy": "uniform", "beam_width": 5, "max_depth": 10}	ndcg@10	0.302596096856603
2026-03-29T19:04:13+00:00	routing	turborepo	srt-cold	q17	{"beam_policy": "uniform", "beam_width": 5, "max_depth": 10}	latency_s	0.12157245800000283
2026-03-29T19:04:13+00:00	routing	turborepo	srt-cold	q17	{"beam_policy": "waterfill", "beam_width": 5, "max_depth": 10}	ndcg@10	0.302596096856603
2026-03-29T19:04:13+00:00	routing	turborepo	srt-cold	q17	{"beam_policy": "waterfill", "beam_width": 5, "max_depth": 10}	latency_s	0.11081441700000028
2026-03-29T19:04:13+00:00	routing	turborepo	srt-cold	q17	{"beam_policy": "uniform", "beam_width": 7, "max_depth": 3}	ndcg@10	0.0
2026-03-29T19:04:13+00:00	routing	turborepo	srt-cold	q17	{"beam_policy": "uniform", "beam_width": 7, "max_depth": 3}	latency_s	0.09823191699999256
2026-03-29T19:04:13+00:00	routing	turborepo	srt-cold	q17	{"beam_policy": "waterfill", "beam_width": 7, "max_depth": 3}	ndcg@10	0.0
2026-03-29T19:04:13+00:00	routing	turborepo	srt-cold	q17	{"beam_policy": "waterfill", "beam_width": 7, "max_depth": 3}	latency_s	0.09324537499999508
2026-03-29T19:04:13+00:00	routing	turborepo	srt-cold	q17	{"beam_policy": "uniform", "beam_width": 7, "max_depth": 5}	ndcg@10	0.302596096856603
2026-03-29T19:04:13+00:00	routing	turborepo	srt-cold	q17	{"beam_policy": "uniform", "beam_width": 7, "max_depth": 5}	latency_s	0.12451825000000838
2026-03-29T19:04:14+00:00	routing	turborepo	srt-cold	q17	{"beam_policy": "waterfill", "beam_width": 7, "max_depth": 5}	ndcg@10	0.302596096856603
2026-03-29T19:04:14+00:00	routing	turborepo	srt-cold	q17	{"beam_policy": "waterfill", "beam_width": 7, "max_depth": 5}	latency_s	0.1153465419999975
2026-03-29T19:04:14+00:00	routing	turborepo	srt-cold	q17	{"beam_policy": "uniform", "beam_width": 7, "max_depth": 7}	ndcg@10	0.302596096856603
2026-03-29T19:04:14+00:00	routing	turborepo	srt-cold	q17	{"beam_policy": "uniform", "beam_width": 7, "max_depth": 7}	latency_s	0.1384507909999968
2026-03-29T19:04:14+00:00	routing	turborepo	srt-cold	q17	{"beam_policy": "waterfill", "beam_width": 7, "max_depth": 7}	ndcg@10	0.302596096856603
2026-03-29T19:04:14+00:00	routing	turborepo	srt-cold	q17	{"beam_policy": "waterfill", "beam_width": 7, "max_depth": 7}	latency_s	0.12132033299999989
2026-03-29T19:04:14+00:00	routing	turborepo	srt-cold	q17	{"beam_policy": "uniform", "beam_width": 7, "max_depth": 10}	ndcg@10	0.302596096856603
2026-03-29T19:04:14+00:00	routing	turborepo	srt-cold	q17	{"beam_policy": "uniform", "beam_width": 7, "max_depth": 10}	latency_s	0.14292808399999046
2026-03-29T19:04:14+00:00	routing	turborepo	srt-cold	q17	{"beam_policy": "waterfill", "beam_width": 7, "max_depth": 10}	ndcg@10	0.302596096856603
2026-03-29T19:04:14+00:00	routing	turborepo	srt-cold	q17	{"beam_policy": "waterfill", "beam_width": 7, "max_depth": 10}	latency_s	0.11759691700000019
2026-03-29T19:04:14+00:00	routing	turborepo	srt-cold	q17	{"beam_policy": "uniform", "beam_width": 10, "max_depth": 3}	ndcg@10	0.0
2026-03-29T19:04:14+00:00	routing	turborepo	srt-cold	q17	{"beam_policy": "uniform", "beam_width": 10, "max_depth": 3}	latency_s	0.10643216600000471
2026-03-29T19:04:14+00:00	routing	turborepo	srt-cold	q17	{"beam_policy": "waterfill", "beam_width": 10, "max_depth": 3}	ndcg@10	0.0
2026-03-29T19:04:14+00:00	routing	turborepo	srt-cold	q17	{"beam_policy": "waterfill", "beam_width": 10, "max_depth": 3}	latency_s	0.09966295899999977
2026-03-29T19:04:14+00:00	routing	turborepo	srt-cold	q17	{"beam_policy": "uniform", "beam_width": 10, "max_depth": 5}	ndcg@10	0.302596096856603
2026-03-29T19:04:14+00:00	routing	turborepo	srt-cold	q17	{"beam_policy": "uniform", "beam_width": 10, "max_depth": 5}	latency_s	0.13222637499998768
2026-03-29T19:04:15+00:00	routing	turborepo	srt-cold	q17	{"beam_policy": "waterfill", "beam_width": 10, "max_depth": 5}	ndcg@10	0.302596096856603
2026-03-29T19:04:15+00:00	routing	turborepo	srt-cold	q17	{"beam_policy": "waterfill", "beam_width": 10, "max_depth": 5}	latency_s	0.1319372499999929
2026-03-29T19:04:15+00:00	routing	turborepo	srt-cold	q17	{"beam_policy": "uniform", "beam_width": 10, "max_depth": 7}	ndcg@10	0.302596096856603
2026-03-29T19:04:15+00:00	routing	turborepo	srt-cold	q17	{"beam_policy": "uniform", "beam_width": 10, "max_depth": 7}	latency_s	0.14623379200000386
2026-03-29T19:04:15+00:00	routing	turborepo	srt-cold	q17	{"beam_policy": "waterfill", "beam_width": 10, "max_depth": 7}	ndcg@10	0.302596096856603
2026-03-29T19:04:15+00:00	routing	turborepo	srt-cold	q17	{"beam_policy": "waterfill", "beam_width": 10, "max_depth": 7}	latency_s	0.14084750000000668
2026-03-29T19:04:15+00:00	routing	turborepo	srt-cold	q17	{"beam_policy": "uniform", "beam_width": 10, "max_depth": 10}	ndcg@10	0.302596096856603
2026-03-29T19:04:15+00:00	routing	turborepo	srt-cold	q17	{"beam_policy": "uniform", "beam_width": 10, "max_depth": 10}	latency_s	0.15301945900000646
2026-03-29T19:04:15+00:00	routing	turborepo	srt-cold	q17	{"beam_policy": "waterfill", "beam_width": 10, "max_depth": 10}	ndcg@10	0.302596096856603
2026-03-29T19:04:15+00:00	routing	turborepo	srt-cold	q17	{"beam_policy": "waterfill", "beam_width": 10, "max_depth": 10}	latency_s	0.14608866700000078
2026-03-29T19:04:15+00:00	routing	turborepo	srt-cold	q18	{"beam_policy": "uniform", "beam_width": 2, "max_depth": 3}	ndcg@10	0.0
2026-03-29T19:04:15+00:00	routing	turborepo	srt-cold	q18	{"beam_policy": "uniform", "beam_width": 2, "max_depth": 3}	latency_s	0.09102441699999986
2026-03-29T19:04:15+00:00	routing	turborepo	srt-cold	q18	{"beam_policy": "waterfill", "beam_width": 2, "max_depth": 3}	ndcg@10	0.0
2026-03-29T19:04:15+00:00	routing	turborepo	srt-cold	q18	{"beam_policy": "waterfill", "beam_width": 2, "max_depth": 3}	latency_s	0.08937220800000034
2026-03-29T19:04:16+00:00	routing	turborepo	srt-cold	q18	{"beam_policy": "uniform", "beam_width": 2, "max_depth": 5}	ndcg@10	0.2065539701415984
2026-03-29T19:04:16+00:00	routing	turborepo	srt-cold	q18	{"beam_policy": "uniform", "beam_width": 2, "max_depth": 5}	latency_s	0.09326591699999653
2026-03-29T19:04:16+00:00	routing	turborepo	srt-cold	q18	{"beam_policy": "waterfill", "beam_width": 2, "max_depth": 5}	ndcg@10	0.2065539701415984
2026-03-29T19:04:16+00:00	routing	turborepo	srt-cold	q18	{"beam_policy": "waterfill", "beam_width": 2, "max_depth": 5}	latency_s	0.09245370899999727
2026-03-29T19:04:16+00:00	routing	turborepo	srt-cold	q18	{"beam_policy": "uniform", "beam_width": 2, "max_depth": 7}	ndcg@10	0.2065539701415984
2026-03-29T19:04:16+00:00	routing	turborepo	srt-cold	q18	{"beam_policy": "uniform", "beam_width": 2, "max_depth": 7}	latency_s	0.0906659999999988
2026-03-29T19:04:16+00:00	routing	turborepo	srt-cold	q18	{"beam_policy": "waterfill", "beam_width": 2, "max_depth": 7}	ndcg@10	0.2065539701415984
2026-03-29T19:04:16+00:00	routing	turborepo	srt-cold	q18	{"beam_policy": "waterfill", "beam_width": 2, "max_depth": 7}	latency_s	0.09143454100001236
2026-03-29T19:04:16+00:00	routing	turborepo	srt-cold	q18	{"beam_policy": "uniform", "beam_width": 2, "max_depth": 10}	ndcg@10	0.2065539701415984
2026-03-29T19:04:16+00:00	routing	turborepo	srt-cold	q18	{"beam_policy": "uniform", "beam_width": 2, "max_depth": 10}	latency_s	0.09170337499999448
2026-03-29T19:04:16+00:00	routing	turborepo	srt-cold	q18	{"beam_policy": "waterfill", "beam_width": 2, "max_depth": 10}	ndcg@10	0.2065539701415984
2026-03-29T19:04:16+00:00	routing	turborepo	srt-cold	q18	{"beam_policy": "waterfill", "beam_width": 2, "max_depth": 10}	latency_s	0.0898447079999869
2026-03-29T19:04:16+00:00	routing	turborepo	srt-cold	q18	{"beam_policy": "uniform", "beam_width": 3, "max_depth": 3}	ndcg@10	0.0
2026-03-29T19:04:16+00:00	routing	turborepo	srt-cold	q18	{"beam_policy": "uniform", "beam_width": 3, "max_depth": 3}	latency_s	0.09161366600000065
2026-03-29T19:04:16+00:00	routing	turborepo	srt-cold	q18	{"beam_policy": "waterfill", "beam_width": 3, "max_depth": 3}	ndcg@10	0.0
2026-03-29T19:04:16+00:00	routing	turborepo	srt-cold	q18	{"beam_policy": "waterfill", "beam_width": 3, "max_depth": 3}	latency_s	0.09250637499999925
2026-03-29T19:04:16+00:00	routing	turborepo	srt-cold	q18	{"beam_policy": "uniform", "beam_width": 3, "max_depth": 5}	ndcg@10	0.2065539701415984
2026-03-29T19:04:16+00:00	routing	turborepo	srt-cold	q18	{"beam_policy": "uniform", "beam_width": 3, "max_depth": 5}	latency_s	0.101298958000001
2026-03-29T19:04:16+00:00	routing	turborepo	srt-cold	q18	{"beam_policy": "waterfill", "beam_width": 3, "max_depth": 5}	ndcg@10	0.2065539701415984
2026-03-29T19:04:16+00:00	routing	turborepo	srt-cold	q18	{"beam_policy": "waterfill", "beam_width": 3, "max_depth": 5}	latency_s	0.09479462499999158
2026-03-29T19:04:17+00:00	routing	turborepo	srt-cold	q18	{"beam_policy": "uniform", "beam_width": 3, "max_depth": 7}	ndcg@10	0.2065539701415984
2026-03-29T19:04:17+00:00	routing	turborepo	srt-cold	q18	{"beam_policy": "uniform", "beam_width": 3, "max_depth": 7}	latency_s	0.10746766600000512
2026-03-29T19:04:17+00:00	routing	turborepo	srt-cold	q18	{"beam_policy": "waterfill", "beam_width": 3, "max_depth": 7}	ndcg@10	0.2065539701415984
2026-03-29T19:04:17+00:00	routing	turborepo	srt-cold	q18	{"beam_policy": "waterfill", "beam_width": 3, "max_depth": 7}	latency_s	0.09786783299999513
2026-03-29T19:04:17+00:00	routing	turborepo	srt-cold	q18	{"beam_policy": "uniform", "beam_width": 3, "max_depth": 10}	ndcg@10	0.2065539701415984
2026-03-29T19:04:17+00:00	routing	turborepo	srt-cold	q18	{"beam_policy": "uniform", "beam_width": 3, "max_depth": 10}	latency_s	0.10154341599999839
2026-03-29T19:04:17+00:00	routing	turborepo	srt-cold	q18	{"beam_policy": "waterfill", "beam_width": 3, "max_depth": 10}	ndcg@10	0.2065539701415984
2026-03-29T19:04:17+00:00	routing	turborepo	srt-cold	q18	{"beam_policy": "waterfill", "beam_width": 3, "max_depth": 10}	latency_s	0.0951798330000031
2026-03-29T19:04:17+00:00	routing	turborepo	srt-cold	q18	{"beam_policy": "uniform", "beam_width": 5, "max_depth": 3}	ndcg@10	0.0
2026-03-29T19:04:17+00:00	routing	turborepo	srt-cold	q18	{"beam_policy": "uniform", "beam_width": 5, "max_depth": 3}	latency_s	0.10055883300000801
2026-03-29T19:04:17+00:00	routing	turborepo	srt-cold	q18	{"beam_policy": "waterfill", "beam_width": 5, "max_depth": 3}	ndcg@10	0.0
2026-03-29T19:04:17+00:00	routing	turborepo	srt-cold	q18	{"beam_policy": "waterfill", "beam_width": 5, "max_depth": 3}	latency_s	0.09570133399999747
2026-03-29T19:04:17+00:00	routing	turborepo	srt-cold	q18	{"beam_policy": "uniform", "beam_width": 5, "max_depth": 5}	ndcg@10	0.1512980484283015
2026-03-29T19:04:17+00:00	routing	turborepo	srt-cold	q18	{"beam_policy": "uniform", "beam_width": 5, "max_depth": 5}	latency_s	0.11785358299999871
2026-03-29T19:04:17+00:00	routing	turborepo	srt-cold	q18	{"beam_policy": "waterfill", "beam_width": 5, "max_depth": 5}	ndcg@10	0.2065539701415984
2026-03-29T19:04:17+00:00	routing	turborepo	srt-cold	q18	{"beam_policy": "waterfill", "beam_width": 5, "max_depth": 5}	latency_s	0.1052578749999924
2026-03-29T19:04:17+00:00	routing	turborepo	srt-cold	q18	{"beam_policy": "uniform", "beam_width": 5, "max_depth": 7}	ndcg@10	0.1512980484283015
2026-03-29T19:04:17+00:00	routing	turborepo	srt-cold	q18	{"beam_policy": "uniform", "beam_width": 5, "max_depth": 7}	latency_s	0.11619033300000581
2026-03-29T19:04:17+00:00	routing	turborepo	srt-cold	q18	{"beam_policy": "waterfill", "beam_width": 5, "max_depth": 7}	ndcg@10	0.2065539701415984
2026-03-29T19:04:17+00:00	routing	turborepo	srt-cold	q18	{"beam_policy": "waterfill", "beam_width": 5, "max_depth": 7}	latency_s	0.11082670899999414
2026-03-29T19:04:18+00:00	routing	turborepo	srt-cold	q18	{"beam_policy": "uniform", "beam_width": 5, "max_depth": 10}	ndcg@10	0.1512980484283015
2026-03-29T19:04:18+00:00	routing	turborepo	srt-cold	q18	{"beam_policy": "uniform", "beam_width": 5, "max_depth": 10}	latency_s	0.11582974999998896
2026-03-29T19:04:18+00:00	routing	turborepo	srt-cold	q18	{"beam_policy": "waterfill", "beam_width": 5, "max_depth": 10}	ndcg@10	0.2065539701415984
2026-03-29T19:04:18+00:00	routing	turborepo	srt-cold	q18	{"beam_policy": "waterfill", "beam_width": 5, "max_depth": 10}	latency_s	0.11094229200000427
2026-03-29T19:04:18+00:00	routing	turborepo	srt-cold	q18	{"beam_policy": "uniform", "beam_width": 7, "max_depth": 3}	ndcg@10	0.0
2026-03-29T19:04:18+00:00	routing	turborepo	srt-cold	q18	{"beam_policy": "uniform", "beam_width": 7, "max_depth": 3}	latency_s	0.09958208400000501
2026-03-29T19:04:18+00:00	routing	turborepo	srt-cold	q18	{"beam_policy": "waterfill", "beam_width": 7, "max_depth": 3}	ndcg@10	0.0
2026-03-29T19:04:18+00:00	routing	turborepo	srt-cold	q18	{"beam_policy": "waterfill", "beam_width": 7, "max_depth": 3}	latency_s	0.0958127090000005
2026-03-29T19:04:18+00:00	routing	turborepo	srt-cold	q18	{"beam_policy": "uniform", "beam_width": 7, "max_depth": 5}	ndcg@10	0.23289815946617995
2026-03-29T19:04:18+00:00	routing	turborepo	srt-cold	q18	{"beam_policy": "uniform", "beam_width": 7, "max_depth": 5}	latency_s	0.13096308400000112
2026-03-29T19:04:18+00:00	routing	turborepo	srt-cold	q18	{"beam_policy": "waterfill", "beam_width": 7, "max_depth": 5}	ndcg@10	0.1512980484283015
2026-03-29T19:04:18+00:00	routing	turborepo	srt-cold	q18	{"beam_policy": "waterfill", "beam_width": 7, "max_depth": 5}	latency_s	0.10980145800000685
2026-03-29T19:04:18+00:00	routing	turborepo	srt-cold	q18	{"beam_policy": "uniform", "beam_width": 7, "max_depth": 7}	ndcg@10	0.23289815946617995
2026-03-29T19:04:18+00:00	routing	turborepo	srt-cold	q18	{"beam_policy": "uniform", "beam_width": 7, "max_depth": 7}	latency_s	0.14437866699999802
2026-03-29T19:04:18+00:00	routing	turborepo	srt-cold	q18	{"beam_policy": "waterfill", "beam_width": 7, "max_depth": 7}	ndcg@10	0.1512980484283015
2026-03-29T19:04:18+00:00	routing	turborepo	srt-cold	q18	{"beam_policy": "waterfill", "beam_width": 7, "max_depth": 7}	latency_s	0.11792045900000403
2026-03-29T19:04:19+00:00	routing	turborepo	srt-cold	q18	{"beam_policy": "uniform", "beam_width": 7, "max_depth": 10}	ndcg@10	0.23289815946617995
2026-03-29T19:04:19+00:00	routing	turborepo	srt-cold	q18	{"beam_policy": "uniform", "beam_width": 7, "max_depth": 10}	latency_s	0.13856137500000898
2026-03-29T19:04:19+00:00	routing	turborepo	srt-cold	q18	{"beam_policy": "waterfill", "beam_width": 7, "max_depth": 10}	ndcg@10	0.1512980484283015
2026-03-29T19:04:19+00:00	routing	turborepo	srt-cold	q18	{"beam_policy": "waterfill", "beam_width": 7, "max_depth": 10}	latency_s	0.11685883299999489
2026-03-29T19:04:19+00:00	routing	turborepo	srt-cold	q18	{"beam_policy": "uniform", "beam_width": 10, "max_depth": 3}	ndcg@10	0.0
2026-03-29T19:04:19+00:00	routing	turborepo	srt-cold	q18	{"beam_policy": "uniform", "beam_width": 10, "max_depth": 3}	latency_s	0.10063683299999582
2026-03-29T19:04:19+00:00	routing	turborepo	srt-cold	q18	{"beam_policy": "waterfill", "beam_width": 10, "max_depth": 3}	ndcg@10	0.0
2026-03-29T19:04:19+00:00	routing	turborepo	srt-cold	q18	{"beam_policy": "waterfill", "beam_width": 10, "max_depth": 3}	latency_s	0.09720454200000006
2026-03-29T19:04:19+00:00	routing	turborepo	srt-cold	q18	{"beam_policy": "uniform", "beam_width": 10, "max_depth": 5}	ndcg@10	0.23289815946617995
2026-03-29T19:04:19+00:00	routing	turborepo	srt-cold	q18	{"beam_policy": "uniform", "beam_width": 10, "max_depth": 5}	latency_s	0.13010249999999246
2026-03-29T19:04:19+00:00	routing	turborepo	srt-cold	q18	{"beam_policy": "waterfill", "beam_width": 10, "max_depth": 5}	ndcg@10	0.23289815946617995
2026-03-29T19:04:19+00:00	routing	turborepo	srt-cold	q18	{"beam_policy": "waterfill", "beam_width": 10, "max_depth": 5}	latency_s	0.1231012920000012
2026-03-29T19:04:19+00:00	routing	turborepo	srt-cold	q18	{"beam_policy": "uniform", "beam_width": 10, "max_depth": 7}	ndcg@10	0.23289815946617995
2026-03-29T19:04:19+00:00	routing	turborepo	srt-cold	q18	{"beam_policy": "uniform", "beam_width": 10, "max_depth": 7}	latency_s	0.16675133300000766
2026-03-29T19:04:20+00:00	routing	turborepo	srt-cold	q18	{"beam_policy": "waterfill", "beam_width": 10, "max_depth": 7}	ndcg@10	0.23289815946617995
2026-03-29T19:04:20+00:00	routing	turborepo	srt-cold	q18	{"beam_policy": "waterfill", "beam_width": 10, "max_depth": 7}	latency_s	0.1432204999999982
2026-03-29T19:04:20+00:00	routing	turborepo	srt-cold	q18	{"beam_policy": "uniform", "beam_width": 10, "max_depth": 10}	ndcg@10	0.23289815946617995
2026-03-29T19:04:20+00:00	routing	turborepo	srt-cold	q18	{"beam_policy": "uniform", "beam_width": 10, "max_depth": 10}	latency_s	0.15919033299999796
2026-03-29T19:04:20+00:00	routing	turborepo	srt-cold	q18	{"beam_policy": "waterfill", "beam_width": 10, "max_depth": 10}	ndcg@10	0.23289815946617995
2026-03-29T19:04:20+00:00	routing	turborepo	srt-cold	q18	{"beam_policy": "waterfill", "beam_width": 10, "max_depth": 10}	latency_s	0.14072966700000222
2026-03-29T19:04:20+00:00	routing	turborepo	srt-cold	q19	{"beam_policy": "uniform", "beam_width": 2, "max_depth": 3}	ndcg@10	0.0
2026-03-29T19:04:20+00:00	routing	turborepo	srt-cold	q19	{"beam_policy": "uniform", "beam_width": 2, "max_depth": 3}	latency_s	0.09357445899999561
2026-03-29T19:04:20+00:00	routing	turborepo	srt-cold	q19	{"beam_policy": "waterfill", "beam_width": 2, "max_depth": 3}	ndcg@10	0.0
2026-03-29T19:04:20+00:00	routing	turborepo	srt-cold	q19	{"beam_policy": "waterfill", "beam_width": 2, "max_depth": 3}	latency_s	0.09215383299999758
2026-03-29T19:04:20+00:00	routing	turborepo	srt-cold	q19	{"beam_policy": "uniform", "beam_width": 2, "max_depth": 5}	ndcg@10	0.855349530090474
2026-03-29T19:04:20+00:00	routing	turborepo	srt-cold	q19	{"beam_policy": "uniform", "beam_width": 2, "max_depth": 5}	latency_s	0.10005437499999914
2026-03-29T19:04:20+00:00	routing	turborepo	srt-cold	q19	{"beam_policy": "waterfill", "beam_width": 2, "max_depth": 5}	ndcg@10	0.855349530090474
2026-03-29T19:04:20+00:00	routing	turborepo	srt-cold	q19	{"beam_policy": "waterfill", "beam_width": 2, "max_depth": 5}	latency_s	0.09437066699999264
2026-03-29T19:04:20+00:00	routing	turborepo	srt-cold	q19	{"beam_policy": "uniform", "beam_width": 2, "max_depth": 7}	ndcg@10	0.855349530090474
2026-03-29T19:04:20+00:00	routing	turborepo	srt-cold	q19	{"beam_policy": "uniform", "beam_width": 2, "max_depth": 7}	latency_s	0.09874479100000144
2026-03-29T19:04:20+00:00	routing	turborepo	srt-cold	q19	{"beam_policy": "waterfill", "beam_width": 2, "max_depth": 7}	ndcg@10	0.855349530090474
2026-03-29T19:04:20+00:00	routing	turborepo	srt-cold	q19	{"beam_policy": "waterfill", "beam_width": 2, "max_depth": 7}	latency_s	0.09336862500001075
2026-03-29T19:04:21+00:00	routing	turborepo	srt-cold	q19	{"beam_policy": "uniform", "beam_width": 2, "max_depth": 10}	ndcg@10	0.855349530090474
2026-03-29T19:04:21+00:00	routing	turborepo	srt-cold	q19	{"beam_policy": "uniform", "beam_width": 2, "max_depth": 10}	latency_s	0.09838016700000196
2026-03-29T19:04:21+00:00	routing	turborepo	srt-cold	q19	{"beam_policy": "waterfill", "beam_width": 2, "max_depth": 10}	ndcg@10	0.855349530090474
2026-03-29T19:04:21+00:00	routing	turborepo	srt-cold	q19	{"beam_policy": "waterfill", "beam_width": 2, "max_depth": 10}	latency_s	0.09434020800000553
2026-03-29T19:04:21+00:00	routing	turborepo	srt-cold	q19	{"beam_policy": "uniform", "beam_width": 3, "max_depth": 3}	ndcg@10	0.0
2026-03-29T19:04:21+00:00	routing	turborepo	srt-cold	q19	{"beam_policy": "uniform", "beam_width": 3, "max_depth": 3}	latency_s	0.0966808749999899
2026-03-29T19:04:21+00:00	routing	turborepo	srt-cold	q19	{"beam_policy": "waterfill", "beam_width": 3, "max_depth": 3}	ndcg@10	0.0
2026-03-29T19:04:21+00:00	routing	turborepo	srt-cold	q19	{"beam_policy": "waterfill", "beam_width": 3, "max_depth": 3}	latency_s	0.09338991700001031
2026-03-29T19:04:21+00:00	routing	turborepo	srt-cold	q19	{"beam_policy": "uniform", "beam_width": 3, "max_depth": 5}	ndcg@10	0.855349530090474
2026-03-29T19:04:21+00:00	routing	turborepo	srt-cold	q19	{"beam_policy": "uniform", "beam_width": 3, "max_depth": 5}	latency_s	0.09995683399999677
2026-03-29T19:04:21+00:00	routing	turborepo	srt-cold	q19	{"beam_policy": "waterfill", "beam_width": 3, "max_depth": 5}	ndcg@10	0.855349530090474
2026-03-29T19:04:21+00:00	routing	turborepo	srt-cold	q19	{"beam_policy": "waterfill", "beam_width": 3, "max_depth": 5}	latency_s	0.09715774999999383
2026-03-29T19:04:21+00:00	routing	turborepo	srt-cold	q19	{"beam_policy": "uniform", "beam_width": 3, "max_depth": 7}	ndcg@10	0.855349530090474
2026-03-29T19:04:21+00:00	routing	turborepo	srt-cold	q19	{"beam_policy": "uniform", "beam_width": 3, "max_depth": 7}	latency_s	0.10116604200000268
2026-03-29T19:04:21+00:00	routing	turborepo	srt-cold	q19	{"beam_policy": "waterfill", "beam_width": 3, "max_depth": 7}	ndcg@10	0.855349530090474
2026-03-29T19:04:21+00:00	routing	turborepo	srt-cold	q19	{"beam_policy": "waterfill", "beam_width": 3, "max_depth": 7}	latency_s	0.10015245799999661
2026-03-29T19:04:21+00:00	routing	turborepo	srt-cold	q19	{"beam_policy": "uniform", "beam_width": 3, "max_depth": 10}	ndcg@10	0.855349530090474
2026-03-29T19:04:21+00:00	routing	turborepo	srt-cold	q19	{"beam_policy": "uniform", "beam_width": 3, "max_depth": 10}	latency_s	0.09816758399999514
2026-03-29T19:04:21+00:00	routing	turborepo	srt-cold	q19	{"beam_policy": "waterfill", "beam_width": 3, "max_depth": 10}	ndcg@10	0.855349530090474
2026-03-29T19:04:21+00:00	routing	turborepo	srt-cold	q19	{"beam_policy": "waterfill", "beam_width": 3, "max_depth": 10}	latency_s	0.09838145799999154
2026-03-29T19:04:22+00:00	routing	turborepo	srt-cold	q19	{"beam_policy": "uniform", "beam_width": 5, "max_depth": 3}	ndcg@10	0.0
2026-03-29T19:04:22+00:00	routing	turborepo	srt-cold	q19	{"beam_policy": "uniform", "beam_width": 5, "max_depth": 3}	latency_s	0.09525970900000402
2026-03-29T19:04:22+00:00	routing	turborepo	srt-cold	q19	{"beam_policy": "waterfill", "beam_width": 5, "max_depth": 3}	ndcg@10	0.0
2026-03-29T19:04:22+00:00	routing	turborepo	srt-cold	q19	{"beam_policy": "waterfill", "beam_width": 5, "max_depth": 3}	latency_s	0.09659416700000634
2026-03-29T19:04:22+00:00	routing	turborepo	srt-cold	q19	{"beam_policy": "uniform", "beam_width": 5, "max_depth": 5}	ndcg@10	0.855349530090474
2026-03-29T19:04:22+00:00	routing	turborepo	srt-cold	q19	{"beam_policy": "uniform", "beam_width": 5, "max_depth": 5}	latency_s	0.10675937499999577
2026-03-29T19:04:22+00:00	routing	turborepo	srt-cold	q19	{"beam_policy": "waterfill", "beam_width": 5, "max_depth": 5}	ndcg@10	0.855349530090474
2026-03-29T19:04:22+00:00	routing	turborepo	srt-cold	q19	{"beam_policy": "waterfill", "beam_width": 5, "max_depth": 5}	latency_s	0.09703704199999663
2026-03-29T19:04:22+00:00	routing	turborepo	srt-cold	q19	{"beam_policy": "uniform", "beam_width": 5, "max_depth": 7}	ndcg@10	0.855349530090474
2026-03-29T19:04:22+00:00	routing	turborepo	srt-cold	q19	{"beam_policy": "uniform", "beam_width": 5, "max_depth": 7}	latency_s	0.11177600000000609
2026-03-29T19:04:22+00:00	routing	turborepo	srt-cold	q19	{"beam_policy": "waterfill", "beam_width": 5, "max_depth": 7}	ndcg@10	0.855349530090474
2026-03-29T19:04:22+00:00	routing	turborepo	srt-cold	q19	{"beam_policy": "waterfill", "beam_width": 5, "max_depth": 7}	latency_s	0.10181674999999757
2026-03-29T19:04:22+00:00	routing	turborepo	srt-cold	q19	{"beam_policy": "uniform", "beam_width": 5, "max_depth": 10}	ndcg@10	0.855349530090474
2026-03-29T19:04:22+00:00	routing	turborepo	srt-cold	q19	{"beam_policy": "uniform", "beam_width": 5, "max_depth": 10}	latency_s	0.1119710419999933
2026-03-29T19:04:22+00:00	routing	turborepo	srt-cold	q19	{"beam_policy": "waterfill", "beam_width": 5, "max_depth": 10}	ndcg@10	0.855349530090474
2026-03-29T19:04:22+00:00	routing	turborepo	srt-cold	q19	{"beam_policy": "waterfill", "beam_width": 5, "max_depth": 10}	latency_s	0.10076766599999587
2026-03-29T19:04:22+00:00	routing	turborepo	srt-cold	q19	{"beam_policy": "uniform", "beam_width": 7, "max_depth": 3}	ndcg@10	0.0
2026-03-29T19:04:22+00:00	routing	turborepo	srt-cold	q19	{"beam_policy": "uniform", "beam_width": 7, "max_depth": 3}	latency_s	0.09635379200000216
2026-03-29T19:04:22+00:00	routing	turborepo	srt-cold	q19	{"beam_policy": "waterfill", "beam_width": 7, "max_depth": 3}	ndcg@10	0.0
2026-03-29T19:04:22+00:00	routing	turborepo	srt-cold	q19	{"beam_policy": "waterfill", "beam_width": 7, "max_depth": 3}	latency_s	0.0966947499999975
2026-03-29T19:04:23+00:00	routing	turborepo	srt-cold	q19	{"beam_policy": "uniform", "beam_width": 7, "max_depth": 5}	ndcg@10	0.855349530090474
2026-03-29T19:04:23+00:00	routing	turborepo	srt-cold	q19	{"beam_policy": "uniform", "beam_width": 7, "max_depth": 5}	latency_s	0.11173370800000271
2026-03-29T19:04:23+00:00	routing	turborepo	srt-cold	q19	{"beam_policy": "waterfill", "beam_width": 7, "max_depth": 5}	ndcg@10	0.855349530090474
2026-03-29T19:04:23+00:00	routing	turborepo	srt-cold	q19	{"beam_policy": "waterfill", "beam_width": 7, "max_depth": 5}	latency_s	0.10850004099999921
2026-03-29T19:04:23+00:00	routing	turborepo	srt-cold	q19	{"beam_policy": "uniform", "beam_width": 7, "max_depth": 7}	ndcg@10	0.855349530090474
2026-03-29T19:04:23+00:00	routing	turborepo	srt-cold	q19	{"beam_policy": "uniform", "beam_width": 7, "max_depth": 7}	latency_s	0.12147249999999588
2026-03-29T19:04:23+00:00	routing	turborepo	srt-cold	q19	{"beam_policy": "waterfill", "beam_width": 7, "max_depth": 7}	ndcg@10	0.855349530090474
2026-03-29T19:04:23+00:00	routing	turborepo	srt-cold	q19	{"beam_policy": "waterfill", "beam_width": 7, "max_depth": 7}	latency_s	0.11621495800000048
2026-03-29T19:04:23+00:00	routing	turborepo	srt-cold	q19	{"beam_policy": "uniform", "beam_width": 7, "max_depth": 10}	ndcg@10	0.855349530090474
2026-03-29T19:04:23+00:00	routing	turborepo	srt-cold	q19	{"beam_policy": "uniform", "beam_width": 7, "max_depth": 10}	latency_s	0.12407866700000625
2026-03-29T19:04:23+00:00	routing	turborepo	srt-cold	q19	{"beam_policy": "waterfill", "beam_width": 7, "max_depth": 10}	ndcg@10	0.855349530090474
2026-03-29T19:04:23+00:00	routing	turborepo	srt-cold	q19	{"beam_policy": "waterfill", "beam_width": 7, "max_depth": 10}	latency_s	0.1135235840000064
2026-03-29T19:04:23+00:00	routing	turborepo	srt-cold	q19	{"beam_policy": "uniform", "beam_width": 10, "max_depth": 3}	ndcg@10	0.0
2026-03-29T19:04:23+00:00	routing	turborepo	srt-cold	q19	{"beam_policy": "uniform", "beam_width": 10, "max_depth": 3}	latency_s	0.10279766700000437
2026-03-29T19:04:23+00:00	routing	turborepo	srt-cold	q19	{"beam_policy": "waterfill", "beam_width": 10, "max_depth": 3}	ndcg@10	0.0
2026-03-29T19:04:23+00:00	routing	turborepo	srt-cold	q19	{"beam_policy": "waterfill", "beam_width": 10, "max_depth": 3}	latency_s	0.10102245800000276
2026-03-29T19:04:23+00:00	routing	turborepo	srt-cold	q19	{"beam_policy": "uniform", "beam_width": 10, "max_depth": 5}	ndcg@10	0.855349530090474
2026-03-29T19:04:23+00:00	routing	turborepo	srt-cold	q19	{"beam_policy": "uniform", "beam_width": 10, "max_depth": 5}	latency_s	0.1250614589999941
2026-03-29T19:04:24+00:00	routing	turborepo	srt-cold	q19	{"beam_policy": "waterfill", "beam_width": 10, "max_depth": 5}	ndcg@10	0.855349530090474
2026-03-29T19:04:24+00:00	routing	turborepo	srt-cold	q19	{"beam_policy": "waterfill", "beam_width": 10, "max_depth": 5}	latency_s	0.11432258299998921
2026-03-29T19:04:24+00:00	routing	turborepo	srt-cold	q19	{"beam_policy": "uniform", "beam_width": 10, "max_depth": 7}	ndcg@10	0.855349530090474
2026-03-29T19:04:24+00:00	routing	turborepo	srt-cold	q19	{"beam_policy": "uniform", "beam_width": 10, "max_depth": 7}	latency_s	0.13379125000000158
2026-03-29T19:04:24+00:00	routing	turborepo	srt-cold	q19	{"beam_policy": "waterfill", "beam_width": 10, "max_depth": 7}	ndcg@10	0.855349530090474
2026-03-29T19:04:24+00:00	routing	turborepo	srt-cold	q19	{"beam_policy": "waterfill", "beam_width": 10, "max_depth": 7}	latency_s	0.12408200000000136
2026-03-29T19:04:24+00:00	routing	turborepo	srt-cold	q19	{"beam_policy": "uniform", "beam_width": 10, "max_depth": 10}	ndcg@10	0.855349530090474
2026-03-29T19:04:24+00:00	routing	turborepo	srt-cold	q19	{"beam_policy": "uniform", "beam_width": 10, "max_depth": 10}	latency_s	0.1343786669999929
2026-03-29T19:04:24+00:00	routing	turborepo	srt-cold	q19	{"beam_policy": "waterfill", "beam_width": 10, "max_depth": 10}	ndcg@10	0.855349530090474
2026-03-29T19:04:24+00:00	routing	turborepo	srt-cold	q19	{"beam_policy": "waterfill", "beam_width": 10, "max_depth": 10}	latency_s	0.12546404100000075
2026-03-29T19:04:24+00:00	routing	turborepo	srt-cold	q20	{"beam_policy": "uniform", "beam_width": 2, "max_depth": 3}	ndcg@10	0.024600657520340737
2026-03-29T19:04:24+00:00	routing	turborepo	srt-cold	q20	{"beam_policy": "uniform", "beam_width": 2, "max_depth": 3}	latency_s	0.09547675000000311
2026-03-29T19:04:24+00:00	routing	turborepo	srt-cold	q20	{"beam_policy": "waterfill", "beam_width": 2, "max_depth": 3}	ndcg@10	0.024600657520340737
2026-03-29T19:04:24+00:00	routing	turborepo	srt-cold	q20	{"beam_policy": "waterfill", "beam_width": 2, "max_depth": 3}	latency_s	0.09824891699999228
2026-03-29T19:04:24+00:00	routing	turborepo	srt-cold	q20	{"beam_policy": "uniform", "beam_width": 2, "max_depth": 5}	ndcg@10	0.0
2026-03-29T19:04:24+00:00	routing	turborepo	srt-cold	q20	{"beam_policy": "uniform", "beam_width": 2, "max_depth": 5}	latency_s	0.09785762500000317
2026-03-29T19:04:25+00:00	routing	turborepo	srt-cold	q20	{"beam_policy": "waterfill", "beam_width": 2, "max_depth": 5}	ndcg@10	0.0
2026-03-29T19:04:25+00:00	routing	turborepo	srt-cold	q20	{"beam_policy": "waterfill", "beam_width": 2, "max_depth": 5}	latency_s	0.09604958299999566
2026-03-29T19:04:25+00:00	routing	turborepo	srt-cold	q20	{"beam_policy": "uniform", "beam_width": 2, "max_depth": 7}	ndcg@10	0.0
2026-03-29T19:04:25+00:00	routing	turborepo	srt-cold	q20	{"beam_policy": "uniform", "beam_width": 2, "max_depth": 7}	latency_s	0.09991187500000365
2026-03-29T19:04:25+00:00	routing	turborepo	srt-cold	q20	{"beam_policy": "waterfill", "beam_width": 2, "max_depth": 7}	ndcg@10	0.0
2026-03-29T19:04:25+00:00	routing	turborepo	srt-cold	q20	{"beam_policy": "waterfill", "beam_width": 2, "max_depth": 7}	latency_s	0.09304445799999428
2026-03-29T19:04:25+00:00	routing	turborepo	srt-cold	q20	{"beam_policy": "uniform", "beam_width": 2, "max_depth": 10}	ndcg@10	0.0
2026-03-29T19:04:25+00:00	routing	turborepo	srt-cold	q20	{"beam_policy": "uniform", "beam_width": 2, "max_depth": 10}	latency_s	0.09647408400000757
2026-03-29T19:04:25+00:00	routing	turborepo	srt-cold	q20	{"beam_policy": "waterfill", "beam_width": 2, "max_depth": 10}	ndcg@10	0.0
2026-03-29T19:04:25+00:00	routing	turborepo	srt-cold	q20	{"beam_policy": "waterfill", "beam_width": 2, "max_depth": 10}	latency_s	0.09644862500000784
2026-03-29T19:04:25+00:00	routing	turborepo	srt-cold	q20	{"beam_policy": "uniform", "beam_width": 3, "max_depth": 3}	ndcg@10	0.02006097215367257
2026-03-29T19:04:25+00:00	routing	turborepo	srt-cold	q20	{"beam_policy": "uniform", "beam_width": 3, "max_depth": 3}	latency_s	0.09540712500000836
2026-03-29T19:04:25+00:00	routing	turborepo	srt-cold	q20	{"beam_policy": "waterfill", "beam_width": 3, "max_depth": 3}	ndcg@10	0.024600657520340737
2026-03-29T19:04:25+00:00	routing	turborepo	srt-cold	q20	{"beam_policy": "waterfill", "beam_width": 3, "max_depth": 3}	latency_s	0.0949557499999969
2026-03-29T19:04:25+00:00	routing	turborepo	srt-cold	q20	{"beam_policy": "uniform", "beam_width": 3, "max_depth": 5}	ndcg@10	0.17220460264238518
2026-03-29T19:04:25+00:00	routing	turborepo	srt-cold	q20	{"beam_policy": "uniform", "beam_width": 3, "max_depth": 5}	latency_s	0.10243779200000347
2026-03-29T19:04:25+00:00	routing	turborepo	srt-cold	q20	{"beam_policy": "waterfill", "beam_width": 3, "max_depth": 5}	ndcg@10	0.0
2026-03-29T19:04:25+00:00	routing	turborepo	srt-cold	q20	{"beam_policy": "waterfill", "beam_width": 3, "max_depth": 5}	latency_s	0.09605274999999835
2026-03-29T19:04:25+00:00	routing	turborepo	srt-cold	q20	{"beam_policy": "uniform", "beam_width": 3, "max_depth": 7}	ndcg@10	0.17220460264238518
2026-03-29T19:04:25+00:00	routing	turborepo	srt-cold	q20	{"beam_policy": "uniform", "beam_width": 3, "max_depth": 7}	latency_s	0.10043612500000165
2026-03-29T19:04:26+00:00	routing	turborepo	srt-cold	q20	{"beam_policy": "waterfill", "beam_width": 3, "max_depth": 7}	ndcg@10	0.0
2026-03-29T19:04:26+00:00	routing	turborepo	srt-cold	q20	{"beam_policy": "waterfill", "beam_width": 3, "max_depth": 7}	latency_s	0.09815020800000696
2026-03-29T19:04:26+00:00	routing	turborepo	srt-cold	q20	{"beam_policy": "uniform", "beam_width": 3, "max_depth": 10}	ndcg@10	0.17220460264238518
2026-03-29T19:04:26+00:00	routing	turborepo	srt-cold	q20	{"beam_policy": "uniform", "beam_width": 3, "max_depth": 10}	latency_s	0.09775066699999968
2026-03-29T19:04:26+00:00	routing	turborepo	srt-cold	q20	{"beam_policy": "waterfill", "beam_width": 3, "max_depth": 10}	ndcg@10	0.0
2026-03-29T19:04:26+00:00	routing	turborepo	srt-cold	q20	{"beam_policy": "waterfill", "beam_width": 3, "max_depth": 10}	latency_s	0.09659887499999797
2026-03-29T19:04:26+00:00	routing	turborepo	srt-cold	q20	{"beam_policy": "uniform", "beam_width": 5, "max_depth": 3}	ndcg@10	0.01914303240971293
2026-03-29T19:04:26+00:00	routing	turborepo	srt-cold	q20	{"beam_policy": "uniform", "beam_width": 5, "max_depth": 3}	latency_s	0.10214670799999226
2026-03-29T19:04:26+00:00	routing	turborepo	srt-cold	q20	{"beam_policy": "waterfill", "beam_width": 5, "max_depth": 3}	ndcg@10	0.02006097215367257
2026-03-29T19:04:26+00:00	routing	turborepo	srt-cold	q20	{"beam_policy": "waterfill", "beam_width": 5, "max_depth": 3}	latency_s	0.09559433299999398
2026-03-29T19:04:26+00:00	routing	turborepo	srt-cold	q20	{"beam_policy": "uniform", "beam_width": 5, "max_depth": 5}	ndcg@10	0.17220460264238518
2026-03-29T19:04:26+00:00	routing	turborepo	srt-cold	q20	{"beam_policy": "uniform", "beam_width": 5, "max_depth": 5}	latency_s	0.09878924999999583
2026-03-29T19:04:26+00:00	routing	turborepo	srt-cold	q20	{"beam_policy": "waterfill", "beam_width": 5, "max_depth": 5}	ndcg@10	0.17220460264238518
2026-03-29T19:04:26+00:00	routing	turborepo	srt-cold	q20	{"beam_policy": "waterfill", "beam_width": 5, "max_depth": 5}	latency_s	0.09797558399999673
2026-03-29T19:04:26+00:00	routing	turborepo	srt-cold	q20	{"beam_policy": "uniform", "beam_width": 5, "max_depth": 7}	ndcg@10	0.17220460264238518
2026-03-29T19:04:26+00:00	routing	turborepo	srt-cold	q20	{"beam_policy": "uniform", "beam_width": 5, "max_depth": 7}	latency_s	0.10197454200000777
2026-03-29T19:04:26+00:00	routing	turborepo	srt-cold	q20	{"beam_policy": "waterfill", "beam_width": 5, "max_depth": 7}	ndcg@10	0.17220460264238518
2026-03-29T19:04:26+00:00	routing	turborepo	srt-cold	q20	{"beam_policy": "waterfill", "beam_width": 5, "max_depth": 7}	latency_s	0.10291104199998813
2026-03-29T19:04:26+00:00	routing	turborepo	srt-cold	q20	{"beam_policy": "uniform", "beam_width": 5, "max_depth": 10}	ndcg@10	0.17220460264238518
2026-03-29T19:04:26+00:00	routing	turborepo	srt-cold	q20	{"beam_policy": "uniform", "beam_width": 5, "max_depth": 10}	latency_s	0.10237308399999279
2026-03-29T19:04:27+00:00	routing	turborepo	srt-cold	q20	{"beam_policy": "waterfill", "beam_width": 5, "max_depth": 10}	ndcg@10	0.17220460264238518
2026-03-29T19:04:27+00:00	routing	turborepo	srt-cold	q20	{"beam_policy": "waterfill", "beam_width": 5, "max_depth": 10}	latency_s	0.09914158300000508
2026-03-29T19:04:27+00:00	routing	turborepo	srt-cold	q20	{"beam_policy": "uniform", "beam_width": 7, "max_depth": 3}	ndcg@10	0.01914303240971293
2026-03-29T19:04:27+00:00	routing	turborepo	srt-cold	q20	{"beam_policy": "uniform", "beam_width": 7, "max_depth": 3}	latency_s	0.0956017910000071
2026-03-29T19:04:27+00:00	routing	turborepo	srt-cold	q20	{"beam_policy": "waterfill", "beam_width": 7, "max_depth": 3}	ndcg@10	0.01914303240971293
2026-03-29T19:04:27+00:00	routing	turborepo	srt-cold	q20	{"beam_policy": "waterfill", "beam_width": 7, "max_depth": 3}	latency_s	0.09338483300000178
2026-03-29T19:04:27+00:00	routing	turborepo	srt-cold	q20	{"beam_policy": "uniform", "beam_width": 7, "max_depth": 5}	ndcg@10	0.17220460264238518
2026-03-29T19:04:27+00:00	routing	turborepo	srt-cold	q20	{"beam_policy": "uniform", "beam_width": 7, "max_depth": 5}	latency_s	0.10810766699999874
2026-03-29T19:04:27+00:00	routing	turborepo	srt-cold	q20	{"beam_policy": "waterfill", "beam_width": 7, "max_depth": 5}	ndcg@10	0.17220460264238518
2026-03-29T19:04:27+00:00	routing	turborepo	srt-cold	q20	{"beam_policy": "waterfill", "beam_width": 7, "max_depth": 5}	latency_s	0.09976983299999631
2026-03-29T19:04:27+00:00	routing	turborepo	srt-cold	q20	{"beam_policy": "uniform", "beam_width": 7, "max_depth": 7}	ndcg@10	0.17220460264238518
2026-03-29T19:04:27+00:00	routing	turborepo	srt-cold	q20	{"beam_policy": "uniform", "beam_width": 7, "max_depth": 7}	latency_s	0.10678554100000781
2026-03-29T19:04:27+00:00	routing	turborepo	srt-cold	q20	{"beam_policy": "waterfill", "beam_width": 7, "max_depth": 7}	ndcg@10	0.17220460264238518
2026-03-29T19:04:27+00:00	routing	turborepo	srt-cold	q20	{"beam_policy": "waterfill", "beam_width": 7, "max_depth": 7}	latency_s	0.1033523339999931
2026-03-29T19:04:27+00:00	routing	turborepo	srt-cold	q20	{"beam_policy": "uniform", "beam_width": 7, "max_depth": 10}	ndcg@10	0.17220460264238518
2026-03-29T19:04:27+00:00	routing	turborepo	srt-cold	q20	{"beam_policy": "uniform", "beam_width": 7, "max_depth": 10}	latency_s	0.10403170800000794
2026-03-29T19:04:27+00:00	routing	turborepo	srt-cold	q20	{"beam_policy": "waterfill", "beam_width": 7, "max_depth": 10}	ndcg@10	0.17220460264238518
2026-03-29T19:04:27+00:00	routing	turborepo	srt-cold	q20	{"beam_policy": "waterfill", "beam_width": 7, "max_depth": 10}	latency_s	0.1036682089999914
2026-03-29T19:04:27+00:00	routing	turborepo	srt-cold	q20	{"beam_policy": "uniform", "beam_width": 10, "max_depth": 3}	ndcg@10	0.01838214602669733
2026-03-29T19:04:27+00:00	routing	turborepo	srt-cold	q20	{"beam_policy": "uniform", "beam_width": 10, "max_depth": 3}	latency_s	0.10522495800000797
2026-03-29T19:04:28+00:00	routing	turborepo	srt-cold	q20	{"beam_policy": "waterfill", "beam_width": 10, "max_depth": 3}	ndcg@10	0.01914303240971293
2026-03-29T19:04:28+00:00	routing	turborepo	srt-cold	q20	{"beam_policy": "waterfill", "beam_width": 10, "max_depth": 3}	latency_s	0.09403562500000362
2026-03-29T19:04:28+00:00	routing	turborepo	srt-cold	q20	{"beam_policy": "uniform", "beam_width": 10, "max_depth": 5}	ndcg@10	0.17220460264238518
2026-03-29T19:04:28+00:00	routing	turborepo	srt-cold	q20	{"beam_policy": "uniform", "beam_width": 10, "max_depth": 5}	latency_s	0.12550387500000681
2026-03-29T19:04:28+00:00	routing	turborepo	srt-cold	q20	{"beam_policy": "waterfill", "beam_width": 10, "max_depth": 5}	ndcg@10	0.17220460264238518
2026-03-29T19:04:28+00:00	routing	turborepo	srt-cold	q20	{"beam_policy": "waterfill", "beam_width": 10, "max_depth": 5}	latency_s	0.1032665000000037
2026-03-29T19:04:28+00:00	routing	turborepo	srt-cold	q20	{"beam_policy": "uniform", "beam_width": 10, "max_depth": 7}	ndcg@10	0.17220460264238518
2026-03-29T19:04:28+00:00	routing	turborepo	srt-cold	q20	{"beam_policy": "uniform", "beam_width": 10, "max_depth": 7}	latency_s	0.13257770799999946
2026-03-29T19:04:28+00:00	routing	turborepo	srt-cold	q20	{"beam_policy": "waterfill", "beam_width": 10, "max_depth": 7}	ndcg@10	0.17220460264238518
2026-03-29T19:04:28+00:00	routing	turborepo	srt-cold	q20	{"beam_policy": "waterfill", "beam_width": 10, "max_depth": 7}	latency_s	0.10040599999999245
2026-03-29T19:04:28+00:00	routing	turborepo	srt-cold	q20	{"beam_policy": "uniform", "beam_width": 10, "max_depth": 10}	ndcg@10	0.17220460264238518
2026-03-29T19:04:28+00:00	routing	turborepo	srt-cold	q20	{"beam_policy": "uniform", "beam_width": 10, "max_depth": 10}	latency_s	0.13723799999999642
2026-03-29T19:04:28+00:00	routing	turborepo	srt-cold	q20	{"beam_policy": "waterfill", "beam_width": 10, "max_depth": 10}	ndcg@10	0.17220460264238518
2026-03-29T19:04:28+00:00	routing	turborepo	srt-cold	q20	{"beam_policy": "waterfill", "beam_width": 10, "max_depth": 10}	latency_s	0.10257879200000275
