timestamp	phase	repo	system	query_id	control_json	metric	value
2026-03-29T20:23:43+00:00	routing	turborepo	srt-warm	q01	{"beam_policy": "uniform", "beam_width": 2, "max_depth": 3}	ndcg@10	0.0
2026-03-29T20:23:43+00:00	routing	turborepo	srt-warm	q01	{"beam_policy": "uniform", "beam_width": 2, "max_depth": 3}	latency_s	0.009306499999999662
2026-03-29T20:23:43+00:00	routing	turborepo	srt-warm	q01	{"beam_policy": "waterfill", "beam_width": 2, "max_depth": 3}	ndcg@10	0.0
2026-03-29T20:23:43+00:00	routing	turborepo	srt-warm	q01	{"beam_policy": "waterfill", "beam_width": 2, "max_depth": 3}	latency_s	0.007429416000000355
2026-03-29T20:23:43+00:00	routing	turborepo	srt-warm	q01	{"beam_policy": "uniform", "beam_width": 2, "max_depth": 5}	ndcg@10	0.6467429303328278
2026-03-29T20:23:43+00:00	routing	turborepo	srt-warm	q01	{"beam_policy": "uniform", "beam_width": 2, "max_depth": 5}	latency_s	0.00775454100000017
2026-03-29T20:23:43+00:00	routing	turborepo	srt-warm	q01	{"beam_policy": "waterfill", "beam_width": 2, "max_depth": 5}	ndcg@10	0.7341820784026079
2026-03-29T20:23:43+00:00	routing	turborepo	srt-warm	q01	{"beam_policy": "waterfill", "beam_width": 2, "max_depth": 5}	latency_s	0.007909082999999928
2026-03-29T20:23:43+00:00	routing	turborepo	srt-warm	q01	{"beam_policy": "uniform", "beam_width": 2, "max_depth": 7}	ndcg@10	0.6467429303328278
2026-03-29T20:23:43+00:00	routing	turborepo	srt-warm	q01	{"beam_policy": "uniform", "beam_width": 2, "max_depth": 7}	latency_s	0.008379417
2026-03-29T20:23:43+00:00	routing	turborepo	srt-warm	q01	{"beam_policy": "waterfill", "beam_width": 2, "max_depth": 7}	ndcg@10	0.7341820784026079
2026-03-29T20:23:43+00:00	routing	turborepo	srt-warm	q01	{"beam_policy": "waterfill", "beam_width": 2, "max_depth": 7}	latency_s	0.008774209000000255
2026-03-29T20:23:43+00:00	routing	turborepo	srt-warm	q01	{"beam_policy": "uniform", "beam_width": 2, "max_depth": 10}	ndcg@10	0.6467429303328278
2026-03-29T20:23:43+00:00	routing	turborepo	srt-warm	q01	{"beam_policy": "uniform", "beam_width": 2, "max_depth": 10}	latency_s	0.008173207999999654
2026-03-29T20:23:43+00:00	routing	turborepo	srt-warm	q01	{"beam_policy": "waterfill", "beam_width": 2, "max_depth": 10}	ndcg@10	0.7341820784026079
2026-03-29T20:23:43+00:00	routing	turborepo	srt-warm	q01	{"beam_policy": "waterfill", "beam_width": 2, "max_depth": 10}	latency_s	0.006329291000000126
2026-03-29T20:23:43+00:00	routing	turborepo	srt-warm	q01	{"beam_policy": "uniform", "beam_width": 3, "max_depth": 3}	ndcg@10	0.0
2026-03-29T20:23:43+00:00	routing	turborepo	srt-warm	q01	{"beam_policy": "uniform", "beam_width": 3, "max_depth": 3}	latency_s	0.0066962090000002306
2026-03-29T20:23:43+00:00	routing	turborepo	srt-warm	q01	{"beam_policy": "waterfill", "beam_width": 3, "max_depth": 3}	ndcg@10	0.0
2026-03-29T20:23:43+00:00	routing	turborepo	srt-warm	q01	{"beam_policy": "waterfill", "beam_width": 3, "max_depth": 3}	latency_s	0.007109667000000375
2026-03-29T20:23:43+00:00	routing	turborepo	srt-warm	q01	{"beam_policy": "uniform", "beam_width": 3, "max_depth": 5}	ndcg@10	0.6467429303328278
2026-03-29T20:23:43+00:00	routing	turborepo	srt-warm	q01	{"beam_policy": "uniform", "beam_width": 3, "max_depth": 5}	latency_s	0.011641624999999767
2026-03-29T20:23:43+00:00	routing	turborepo	srt-warm	q01	{"beam_policy": "waterfill", "beam_width": 3, "max_depth": 5}	ndcg@10	0.6467429303328278
2026-03-29T20:23:43+00:00	routing	turborepo	srt-warm	q01	{"beam_policy": "waterfill", "beam_width": 3, "max_depth": 5}	latency_s	0.00861825000000005
2026-03-29T20:23:43+00:00	routing	turborepo	srt-warm	q01	{"beam_policy": "uniform", "beam_width": 3, "max_depth": 7}	ndcg@10	0.6467429303328278
2026-03-29T20:23:43+00:00	routing	turborepo	srt-warm	q01	{"beam_policy": "uniform", "beam_width": 3, "max_depth": 7}	latency_s	0.007438250000000313
2026-03-29T20:23:44+00:00	routing	turborepo	srt-warm	q01	{"beam_policy": "waterfill", "beam_width": 3, "max_depth": 7}	ndcg@10	0.6467429303328278
2026-03-29T20:23:44+00:00	routing	turborepo	srt-warm	q01	{"beam_policy": "waterfill", "beam_width": 3, "max_depth": 7}	latency_s	0.007099540999999654
2026-03-29T20:23:44+00:00	routing	turborepo	srt-warm	q01	{"beam_policy": "uniform", "beam_width": 3, "max_depth": 10}	ndcg@10	0.6467429303328278
2026-03-29T20:23:44+00:00	routing	turborepo	srt-warm	q01	{"beam_policy": "uniform", "beam_width": 3, "max_depth": 10}	latency_s	0.007548708000000293
2026-03-29T20:23:44+00:00	routing	turborepo	srt-warm	q01	{"beam_policy": "waterfill", "beam_width": 3, "max_depth": 10}	ndcg@10	0.6467429303328278
2026-03-29T20:23:44+00:00	routing	turborepo	srt-warm	q01	{"beam_policy": "waterfill", "beam_width": 3, "max_depth": 10}	latency_s	0.007237083999999783
2026-03-29T20:23:44+00:00	routing	turborepo	srt-warm	q01	{"beam_policy": "uniform", "beam_width": 5, "max_depth": 3}	ndcg@10	0.0
2026-03-29T20:23:44+00:00	routing	turborepo	srt-warm	q01	{"beam_policy": "uniform", "beam_width": 5, "max_depth": 3}	latency_s	0.009120874999999806
2026-03-29T20:23:44+00:00	routing	turborepo	srt-warm	q01	{"beam_policy": "waterfill", "beam_width": 5, "max_depth": 3}	ndcg@10	0.0
2026-03-29T20:23:44+00:00	routing	turborepo	srt-warm	q01	{"beam_policy": "waterfill", "beam_width": 5, "max_depth": 3}	latency_s	0.010297875000000012
2026-03-29T20:23:44+00:00	routing	turborepo	srt-warm	q01	{"beam_policy": "uniform", "beam_width": 5, "max_depth": 5}	ndcg@10	0.6824849757840203
2026-03-29T20:23:44+00:00	routing	turborepo	srt-warm	q01	{"beam_policy": "uniform", "beam_width": 5, "max_depth": 5}	latency_s	0.011720125000000081
2026-03-29T20:23:44+00:00	routing	turborepo	srt-warm	q01	{"beam_policy": "waterfill", "beam_width": 5, "max_depth": 5}	ndcg@10	0.6824849757840203
2026-03-29T20:23:44+00:00	routing	turborepo	srt-warm	q01	{"beam_policy": "waterfill", "beam_width": 5, "max_depth": 5}	latency_s	0.007973333999999888
2026-03-29T20:23:44+00:00	routing	turborepo	srt-warm	q01	{"beam_policy": "uniform", "beam_width": 5, "max_depth": 7}	ndcg@10	0.6824849757840203
2026-03-29T20:23:44+00:00	routing	turborepo	srt-warm	q01	{"beam_policy": "uniform", "beam_width": 5, "max_depth": 7}	latency_s	0.010338292000000138
2026-03-29T20:23:44+00:00	routing	turborepo	srt-warm	q01	{"beam_policy": "waterfill", "beam_width": 5, "max_depth": 7}	ndcg@10	0.6824849757840203
2026-03-29T20:23:44+00:00	routing	turborepo	srt-warm	q01	{"beam_policy": "waterfill", "beam_width": 5, "max_depth": 7}	latency_s	0.008440333000000244
2026-03-29T20:23:44+00:00	routing	turborepo	srt-warm	q01	{"beam_policy": "uniform", "beam_width": 5, "max_depth": 10}	ndcg@10	0.6824849757840203
2026-03-29T20:23:44+00:00	routing	turborepo	srt-warm	q01	{"beam_policy": "uniform", "beam_width": 5, "max_depth": 10}	latency_s	0.010530375000000092
2026-03-29T20:23:44+00:00	routing	turborepo	srt-warm	q01	{"beam_policy": "waterfill", "beam_width": 5, "max_depth": 10}	ndcg@10	0.6824849757840203
2026-03-29T20:23:44+00:00	routing	turborepo	srt-warm	q01	{"beam_policy": "waterfill", "beam_width": 5, "max_depth": 10}	latency_s	0.008920040999999657
2026-03-29T20:23:44+00:00	routing	turborepo	srt-warm	q01	{"beam_policy": "uniform", "beam_width": 7, "max_depth": 3}	ndcg@10	0.0
2026-03-29T20:23:44+00:00	routing	turborepo	srt-warm	q01	{"beam_policy": "uniform", "beam_width": 7, "max_depth": 3}	latency_s	0.011906041000000034
2026-03-29T20:23:44+00:00	routing	turborepo	srt-warm	q01	{"beam_policy": "waterfill", "beam_width": 7, "max_depth": 3}	ndcg@10	0.0
2026-03-29T20:23:44+00:00	routing	turborepo	srt-warm	q01	{"beam_policy": "waterfill", "beam_width": 7, "max_depth": 3}	latency_s	0.008954499999999754
2026-03-29T20:23:44+00:00	routing	turborepo	srt-warm	q01	{"beam_policy": "uniform", "beam_width": 7, "max_depth": 5}	ndcg@10	0.6796535703322358
2026-03-29T20:23:44+00:00	routing	turborepo	srt-warm	q01	{"beam_policy": "uniform", "beam_width": 7, "max_depth": 5}	latency_s	0.03265016700000034
2026-03-29T20:23:44+00:00	routing	turborepo	srt-warm	q01	{"beam_policy": "waterfill", "beam_width": 7, "max_depth": 5}	ndcg@10	0.6824849757840203
2026-03-29T20:23:44+00:00	routing	turborepo	srt-warm	q01	{"beam_policy": "waterfill", "beam_width": 7, "max_depth": 5}	latency_s	0.010675041999999912
2026-03-29T20:23:44+00:00	routing	turborepo	srt-warm	q01	{"beam_policy": "uniform", "beam_width": 7, "max_depth": 7}	ndcg@10	0.6796535703322358
2026-03-29T20:23:44+00:00	routing	turborepo	srt-warm	q01	{"beam_policy": "uniform", "beam_width": 7, "max_depth": 7}	latency_s	0.04324854199999972
2026-03-29T20:23:44+00:00	routing	turborepo	srt-warm	q01	{"beam_policy": "waterfill", "beam_width": 7, "max_depth": 7}	ndcg@10	0.6824849757840203
2026-03-29T20:23:44+00:00	routing	turborepo	srt-warm	q01	{"beam_policy": "waterfill", "beam_width": 7, "max_depth": 7}	latency_s	0.010523665999999654
2026-03-29T20:23:44+00:00	routing	turborepo	srt-warm	q01	{"beam_policy": "uniform", "beam_width": 7, "max_depth": 10}	ndcg@10	0.6796535703322358
2026-03-29T20:23:44+00:00	routing	turborepo	srt-warm	q01	{"beam_policy": "uniform", "beam_width": 7, "max_depth": 10}	latency_s	0.039843208999999824
2026-03-29T20:23:44+00:00	routing	turborepo	srt-warm	q01	{"beam_policy": "waterfill", "beam_width": 7, "max_depth": 10}	ndcg@10	0.6824849757840203
2026-03-29T20:23:44+00:00	routing	turborepo	srt-warm	q01	{"beam_policy": "waterfill", "beam_width": 7, "max_depth": 10}	latency_s	0.010709832999999946
2026-03-29T20:23:44+00:00	routing	turborepo	srt-warm	q01	{"beam_policy": "uniform", "beam_width": 10, "max_depth": 3}	ndcg@10	0.0
2026-03-29T20:23:44+00:00	routing	turborepo	srt-warm	q01	{"beam_policy": "uniform", "beam_width": 10, "max_depth": 3}	latency_s	0.017058833999999745
2026-03-29T20:23:44+00:00	routing	turborepo	srt-warm	q01	{"beam_policy": "waterfill", "beam_width": 10, "max_depth": 3}	ndcg@10	0.0
2026-03-29T20:23:44+00:00	routing	turborepo	srt-warm	q01	{"beam_policy": "waterfill", "beam_width": 10, "max_depth": 3}	latency_s	0.009096041999999915
2026-03-29T20:23:44+00:00	routing	turborepo	srt-warm	q01	{"beam_policy": "uniform", "beam_width": 10, "max_depth": 5}	ndcg@10	0.6796535703322358
2026-03-29T20:23:44+00:00	routing	turborepo	srt-warm	q01	{"beam_policy": "uniform", "beam_width": 10, "max_depth": 5}	latency_s	0.03451554200000029
2026-03-29T20:23:44+00:00	routing	turborepo	srt-warm	q01	{"beam_policy": "waterfill", "beam_width": 10, "max_depth": 5}	ndcg@10	0.6796535703322358
2026-03-29T20:23:44+00:00	routing	turborepo	srt-warm	q01	{"beam_policy": "waterfill", "beam_width": 10, "max_depth": 5}	latency_s	0.0290772920000002
2026-03-29T20:23:44+00:00	routing	turborepo	srt-warm	q01	{"beam_policy": "uniform", "beam_width": 10, "max_depth": 7}	ndcg@10	0.6796535703322358
2026-03-29T20:23:44+00:00	routing	turborepo	srt-warm	q01	{"beam_policy": "uniform", "beam_width": 10, "max_depth": 7}	latency_s	0.047216125000000275
2026-03-29T20:23:44+00:00	routing	turborepo	srt-warm	q01	{"beam_policy": "waterfill", "beam_width": 10, "max_depth": 7}	ndcg@10	0.6796535703322358
2026-03-29T20:23:44+00:00	routing	turborepo	srt-warm	q01	{"beam_policy": "waterfill", "beam_width": 10, "max_depth": 7}	latency_s	0.03837575000000015
2026-03-29T20:23:44+00:00	routing	turborepo	srt-warm	q01	{"beam_policy": "uniform", "beam_width": 10, "max_depth": 10}	ndcg@10	0.6796535703322358
2026-03-29T20:23:44+00:00	routing	turborepo	srt-warm	q01	{"beam_policy": "uniform", "beam_width": 10, "max_depth": 10}	latency_s	0.04587695799999958
2026-03-29T20:23:44+00:00	routing	turborepo	srt-warm	q01	{"beam_policy": "waterfill", "beam_width": 10, "max_depth": 10}	ndcg@10	0.6796535703322358
2026-03-29T20:23:44+00:00	routing	turborepo	srt-warm	q01	{"beam_policy": "waterfill", "beam_width": 10, "max_depth": 10}	latency_s	0.03996004200000014
2026-03-29T20:23:44+00:00	routing	turborepo	srt-warm	q02	{"beam_policy": "uniform", "beam_width": 2, "max_depth": 3}	ndcg@10	0.0
2026-03-29T20:23:44+00:00	routing	turborepo	srt-warm	q02	{"beam_policy": "uniform", "beam_width": 2, "max_depth": 3}	latency_s	0.008870041000000217
2026-03-29T20:23:44+00:00	routing	turborepo	srt-warm	q02	{"beam_policy": "waterfill", "beam_width": 2, "max_depth": 3}	ndcg@10	0.0
2026-03-29T20:23:44+00:00	routing	turborepo	srt-warm	q02	{"beam_policy": "waterfill", "beam_width": 2, "max_depth": 3}	latency_s	0.00809237499999993
2026-03-29T20:23:44+00:00	routing	turborepo	srt-warm	q02	{"beam_policy": "uniform", "beam_width": 2, "max_depth": 5}	ndcg@10	0.8678171500675899
2026-03-29T20:23:44+00:00	routing	turborepo	srt-warm	q02	{"beam_policy": "uniform", "beam_width": 2, "max_depth": 5}	latency_s	0.013554500000000136
2026-03-29T20:23:44+00:00	routing	turborepo	srt-warm	q02	{"beam_policy": "waterfill", "beam_width": 2, "max_depth": 5}	ndcg@10	0.8678171500675899
2026-03-29T20:23:44+00:00	routing	turborepo	srt-warm	q02	{"beam_policy": "waterfill", "beam_width": 2, "max_depth": 5}	latency_s	0.007710374999999825
2026-03-29T20:23:44+00:00	routing	turborepo	srt-warm	q02	{"beam_policy": "uniform", "beam_width": 2, "max_depth": 7}	ndcg@10	0.8678171500675899
2026-03-29T20:23:44+00:00	routing	turborepo	srt-warm	q02	{"beam_policy": "uniform", "beam_width": 2, "max_depth": 7}	latency_s	0.00843020800000005
2026-03-29T20:23:44+00:00	routing	turborepo	srt-warm	q02	{"beam_policy": "waterfill", "beam_width": 2, "max_depth": 7}	ndcg@10	0.8678171500675899
2026-03-29T20:23:44+00:00	routing	turborepo	srt-warm	q02	{"beam_policy": "waterfill", "beam_width": 2, "max_depth": 7}	latency_s	0.008342749999999732
2026-03-29T20:23:44+00:00	routing	turborepo	srt-warm	q02	{"beam_policy": "uniform", "beam_width": 2, "max_depth": 10}	ndcg@10	0.8678171500675899
2026-03-29T20:23:44+00:00	routing	turborepo	srt-warm	q02	{"beam_policy": "uniform", "beam_width": 2, "max_depth": 10}	latency_s	0.009445958999999782
2026-03-29T20:23:44+00:00	routing	turborepo	srt-warm	q02	{"beam_policy": "waterfill", "beam_width": 2, "max_depth": 10}	ndcg@10	0.8678171500675899
2026-03-29T20:23:44+00:00	routing	turborepo	srt-warm	q02	{"beam_policy": "waterfill", "beam_width": 2, "max_depth": 10}	latency_s	0.00957891600000016
2026-03-29T20:23:44+00:00	routing	turborepo	srt-warm	q02	{"beam_policy": "uniform", "beam_width": 3, "max_depth": 3}	ndcg@10	0.0
2026-03-29T20:23:44+00:00	routing	turborepo	srt-warm	q02	{"beam_policy": "uniform", "beam_width": 3, "max_depth": 3}	latency_s	0.00904108300000006
2026-03-29T20:23:44+00:00	routing	turborepo	srt-warm	q02	{"beam_policy": "waterfill", "beam_width": 3, "max_depth": 3}	ndcg@10	0.0
2026-03-29T20:23:44+00:00	routing	turborepo	srt-warm	q02	{"beam_policy": "waterfill", "beam_width": 3, "max_depth": 3}	latency_s	0.00780137500000011
2026-03-29T20:23:44+00:00	routing	turborepo	srt-warm	q02	{"beam_policy": "uniform", "beam_width": 3, "max_depth": 5}	ndcg@10	0.9512553021449335
2026-03-29T20:23:44+00:00	routing	turborepo	srt-warm	q02	{"beam_policy": "uniform", "beam_width": 3, "max_depth": 5}	latency_s	0.011750916
2026-03-29T20:23:44+00:00	routing	turborepo	srt-warm	q02	{"beam_policy": "waterfill", "beam_width": 3, "max_depth": 5}	ndcg@10	0.8678171500675899
2026-03-29T20:23:44+00:00	routing	turborepo	srt-warm	q02	{"beam_policy": "waterfill", "beam_width": 3, "max_depth": 5}	latency_s	0.01289008299999983
2026-03-29T20:23:44+00:00	routing	turborepo	srt-warm	q02	{"beam_policy": "uniform", "beam_width": 3, "max_depth": 7}	ndcg@10	0.9512553021449335
2026-03-29T20:23:44+00:00	routing	turborepo	srt-warm	q02	{"beam_policy": "uniform", "beam_width": 3, "max_depth": 7}	latency_s	0.011959041999999975
2026-03-29T20:23:44+00:00	routing	turborepo	srt-warm	q02	{"beam_policy": "waterfill", "beam_width": 3, "max_depth": 7}	ndcg@10	0.8678171500675899
2026-03-29T20:23:44+00:00	routing	turborepo	srt-warm	q02	{"beam_policy": "waterfill", "beam_width": 3, "max_depth": 7}	latency_s	0.009136750000000138
2026-03-29T20:23:44+00:00	routing	turborepo	srt-warm	q02	{"beam_policy": "uniform", "beam_width": 3, "max_depth": 10}	ndcg@10	0.9512553021449335
2026-03-29T20:23:44+00:00	routing	turborepo	srt-warm	q02	{"beam_policy": "uniform", "beam_width": 3, "max_depth": 10}	latency_s	0.018094667000000175
2026-03-29T20:23:44+00:00	routing	turborepo	srt-warm	q02	{"beam_policy": "waterfill", "beam_width": 3, "max_depth": 10}	ndcg@10	0.8678171500675899
2026-03-29T20:23:44+00:00	routing	turborepo	srt-warm	q02	{"beam_policy": "waterfill", "beam_width": 3, "max_depth": 10}	latency_s	0.010255082999999665
2026-03-29T20:23:44+00:00	routing	turborepo	srt-warm	q02	{"beam_policy": "uniform", "beam_width": 5, "max_depth": 3}	ndcg@10	0.0
2026-03-29T20:23:44+00:00	routing	turborepo	srt-warm	q02	{"beam_policy": "uniform", "beam_width": 5, "max_depth": 3}	latency_s	0.014134292000000492
2026-03-29T20:23:44+00:00	routing	turborepo	srt-warm	q02	{"beam_policy": "waterfill", "beam_width": 5, "max_depth": 3}	ndcg@10	0.0
2026-03-29T20:23:44+00:00	routing	turborepo	srt-warm	q02	{"beam_policy": "waterfill", "beam_width": 5, "max_depth": 3}	latency_s	0.010346583999999659
2026-03-29T20:23:44+00:00	routing	turborepo	srt-warm	q02	{"beam_policy": "uniform", "beam_width": 5, "max_depth": 5}	ndcg@10	0.8678171500675899
2026-03-29T20:23:44+00:00	routing	turborepo	srt-warm	q02	{"beam_policy": "uniform", "beam_width": 5, "max_depth": 5}	latency_s	0.023423166000000606
2026-03-29T20:23:44+00:00	routing	turborepo	srt-warm	q02	{"beam_policy": "waterfill", "beam_width": 5, "max_depth": 5}	ndcg@10	0.9479388498514388
2026-03-29T20:23:44+00:00	routing	turborepo	srt-warm	q02	{"beam_policy": "waterfill", "beam_width": 5, "max_depth": 5}	latency_s	0.015491374999999863
2026-03-29T20:23:44+00:00	routing	turborepo	srt-warm	q02	{"beam_policy": "uniform", "beam_width": 5, "max_depth": 7}	ndcg@10	0.8678171500675899
2026-03-29T20:23:44+00:00	routing	turborepo	srt-warm	q02	{"beam_policy": "uniform", "beam_width": 5, "max_depth": 7}	latency_s	0.019912999999999847
2026-03-29T20:23:44+00:00	routing	turborepo	srt-warm	q02	{"beam_policy": "waterfill", "beam_width": 5, "max_depth": 7}	ndcg@10	0.9479388498514388
2026-03-29T20:23:44+00:00	routing	turborepo	srt-warm	q02	{"beam_policy": "waterfill", "beam_width": 5, "max_depth": 7}	latency_s	0.013248458000000518
2026-03-29T20:23:44+00:00	routing	turborepo	srt-warm	q02	{"beam_policy": "uniform", "beam_width": 5, "max_depth": 10}	ndcg@10	0.8678171500675899
2026-03-29T20:23:44+00:00	routing	turborepo	srt-warm	q02	{"beam_policy": "uniform", "beam_width": 5, "max_depth": 10}	latency_s	0.021591958000000133
2026-03-29T20:23:44+00:00	routing	turborepo	srt-warm	q02	{"beam_policy": "waterfill", "beam_width": 5, "max_depth": 10}	ndcg@10	0.9479388498514388
2026-03-29T20:23:44+00:00	routing	turborepo	srt-warm	q02	{"beam_policy": "waterfill", "beam_width": 5, "max_depth": 10}	latency_s	0.018072250000000345
2026-03-29T20:23:44+00:00	routing	turborepo	srt-warm	q02	{"beam_policy": "uniform", "beam_width": 7, "max_depth": 3}	ndcg@10	0.0
2026-03-29T20:23:44+00:00	routing	turborepo	srt-warm	q02	{"beam_policy": "uniform", "beam_width": 7, "max_depth": 3}	latency_s	0.010120624999999883
2026-03-29T20:23:44+00:00	routing	turborepo	srt-warm	q02	{"beam_policy": "waterfill", "beam_width": 7, "max_depth": 3}	ndcg@10	0.0
2026-03-29T20:23:44+00:00	routing	turborepo	srt-warm	q02	{"beam_policy": "waterfill", "beam_width": 7, "max_depth": 3}	latency_s	0.013220165999999978
2026-03-29T20:23:44+00:00	routing	turborepo	srt-warm	q02	{"beam_policy": "uniform", "beam_width": 7, "max_depth": 5}	ndcg@10	0.8678171500675899
2026-03-29T20:23:44+00:00	routing	turborepo	srt-warm	q02	{"beam_policy": "uniform", "beam_width": 7, "max_depth": 5}	latency_s	0.024397582999999834
2026-03-29T20:23:44+00:00	routing	turborepo	srt-warm	q02	{"beam_policy": "waterfill", "beam_width": 7, "max_depth": 5}	ndcg@10	0.8678171500675899
2026-03-29T20:23:44+00:00	routing	turborepo	srt-warm	q02	{"beam_policy": "waterfill", "beam_width": 7, "max_depth": 5}	latency_s	0.020742209000000678
2026-03-29T20:23:44+00:00	routing	turborepo	srt-warm	q02	{"beam_policy": "uniform", "beam_width": 7, "max_depth": 7}	ndcg@10	0.8678171500675899
2026-03-29T20:23:44+00:00	routing	turborepo	srt-warm	q02	{"beam_policy": "uniform", "beam_width": 7, "max_depth": 7}	latency_s	0.021150499999999184
2026-03-29T20:23:45+00:00	routing	turborepo	srt-warm	q02	{"beam_policy": "waterfill", "beam_width": 7, "max_depth": 7}	ndcg@10	0.8678171500675899
2026-03-29T20:23:45+00:00	routing	turborepo	srt-warm	q02	{"beam_policy": "waterfill", "beam_width": 7, "max_depth": 7}	latency_s	0.02069079099999982
2026-03-29T20:23:45+00:00	routing	turborepo	srt-warm	q02	{"beam_policy": "uniform", "beam_width": 7, "max_depth": 10}	ndcg@10	0.8678171500675899
2026-03-29T20:23:45+00:00	routing	turborepo	srt-warm	q02	{"beam_policy": "uniform", "beam_width": 7, "max_depth": 10}	latency_s	0.0215479580000002
2026-03-29T20:23:45+00:00	routing	turborepo	srt-warm	q02	{"beam_policy": "waterfill", "beam_width": 7, "max_depth": 10}	ndcg@10	0.8678171500675899
2026-03-29T20:23:45+00:00	routing	turborepo	srt-warm	q02	{"beam_policy": "waterfill", "beam_width": 7, "max_depth": 10}	latency_s	0.0184359590000005
2026-03-29T20:23:45+00:00	routing	turborepo	srt-warm	q02	{"beam_policy": "uniform", "beam_width": 10, "max_depth": 3}	ndcg@10	0.0
2026-03-29T20:23:45+00:00	routing	turborepo	srt-warm	q02	{"beam_policy": "uniform", "beam_width": 10, "max_depth": 3}	latency_s	0.015407290999999823
2026-03-29T20:23:45+00:00	routing	turborepo	srt-warm	q02	{"beam_policy": "waterfill", "beam_width": 10, "max_depth": 3}	ndcg@10	0.0
2026-03-29T20:23:45+00:00	routing	turborepo	srt-warm	q02	{"beam_policy": "waterfill", "beam_width": 10, "max_depth": 3}	latency_s	0.011422332999999618
2026-03-29T20:23:45+00:00	routing	turborepo	srt-warm	q02	{"beam_policy": "uniform", "beam_width": 10, "max_depth": 5}	ndcg@10	0.8678171500675899
2026-03-29T20:23:45+00:00	routing	turborepo	srt-warm	q02	{"beam_policy": "uniform", "beam_width": 10, "max_depth": 5}	latency_s	0.03806779100000046
2026-03-29T20:23:45+00:00	routing	turborepo	srt-warm	q02	{"beam_policy": "waterfill", "beam_width": 10, "max_depth": 5}	ndcg@10	0.8678171500675899
2026-03-29T20:23:45+00:00	routing	turborepo	srt-warm	q02	{"beam_policy": "waterfill", "beam_width": 10, "max_depth": 5}	latency_s	0.024221958999999238
2026-03-29T20:23:45+00:00	routing	turborepo	srt-warm	q02	{"beam_policy": "uniform", "beam_width": 10, "max_depth": 7}	ndcg@10	0.8678171500675899
2026-03-29T20:23:45+00:00	routing	turborepo	srt-warm	q02	{"beam_policy": "uniform", "beam_width": 10, "max_depth": 7}	latency_s	0.04766799999999982
2026-03-29T20:23:45+00:00	routing	turborepo	srt-warm	q02	{"beam_policy": "waterfill", "beam_width": 10, "max_depth": 7}	ndcg@10	0.8678171500675899
2026-03-29T20:23:45+00:00	routing	turborepo	srt-warm	q02	{"beam_policy": "waterfill", "beam_width": 10, "max_depth": 7}	latency_s	0.02436291600000029
2026-03-29T20:23:45+00:00	routing	turborepo	srt-warm	q02	{"beam_policy": "uniform", "beam_width": 10, "max_depth": 10}	ndcg@10	0.8678171500675899
2026-03-29T20:23:45+00:00	routing	turborepo	srt-warm	q02	{"beam_policy": "uniform", "beam_width": 10, "max_depth": 10}	latency_s	0.04955750000000059
2026-03-29T20:23:45+00:00	routing	turborepo	srt-warm	q02	{"beam_policy": "waterfill", "beam_width": 10, "max_depth": 10}	ndcg@10	0.8678171500675899
2026-03-29T20:23:45+00:00	routing	turborepo	srt-warm	q02	{"beam_policy": "waterfill", "beam_width": 10, "max_depth": 10}	latency_s	0.021508875000000316
2026-03-29T20:23:45+00:00	routing	turborepo	srt-warm	q03	{"beam_policy": "uniform", "beam_width": 2, "max_depth": 3}	ndcg@10	0.0
2026-03-29T20:23:45+00:00	routing	turborepo	srt-warm	q03	{"beam_policy": "uniform", "beam_width": 2, "max_depth": 3}	latency_s	0.007844540999999872
2026-03-29T20:23:45+00:00	routing	turborepo	srt-warm	q03	{"beam_policy": "waterfill", "beam_width": 2, "max_depth": 3}	ndcg@10	0.0
2026-03-29T20:23:45+00:00	routing	turborepo	srt-warm	q03	{"beam_policy": "waterfill", "beam_width": 2, "max_depth": 3}	latency_s	0.008272583000000111
2026-03-29T20:23:45+00:00	routing	turborepo	srt-warm	q03	{"beam_policy": "uniform", "beam_width": 2, "max_depth": 5}	ndcg@10	0.0
2026-03-29T20:23:45+00:00	routing	turborepo	srt-warm	q03	{"beam_policy": "uniform", "beam_width": 2, "max_depth": 5}	latency_s	0.008105000000000473
2026-03-29T20:23:45+00:00	routing	turborepo	srt-warm	q03	{"beam_policy": "waterfill", "beam_width": 2, "max_depth": 5}	ndcg@10	0.0
2026-03-29T20:23:45+00:00	routing	turborepo	srt-warm	q03	{"beam_policy": "waterfill", "beam_width": 2, "max_depth": 5}	latency_s	0.006099208000000189
2026-03-29T20:23:45+00:00	routing	turborepo	srt-warm	q03	{"beam_policy": "uniform", "beam_width": 2, "max_depth": 7}	ndcg@10	0.0
2026-03-29T20:23:45+00:00	routing	turborepo	srt-warm	q03	{"beam_policy": "uniform", "beam_width": 2, "max_depth": 7}	latency_s	0.006718874999999791
2026-03-29T20:23:45+00:00	routing	turborepo	srt-warm	q03	{"beam_policy": "waterfill", "beam_width": 2, "max_depth": 7}	ndcg@10	0.0
2026-03-29T20:23:45+00:00	routing	turborepo	srt-warm	q03	{"beam_policy": "waterfill", "beam_width": 2, "max_depth": 7}	latency_s	0.006501042000000012
2026-03-29T20:23:45+00:00	routing	turborepo	srt-warm	q03	{"beam_policy": "uniform", "beam_width": 2, "max_depth": 10}	ndcg@10	0.0
2026-03-29T20:23:45+00:00	routing	turborepo	srt-warm	q03	{"beam_policy": "uniform", "beam_width": 2, "max_depth": 10}	latency_s	0.005699500000000413
2026-03-29T20:23:45+00:00	routing	turborepo	srt-warm	q03	{"beam_policy": "waterfill", "beam_width": 2, "max_depth": 10}	ndcg@10	0.0
2026-03-29T20:23:45+00:00	routing	turborepo	srt-warm	q03	{"beam_policy": "waterfill", "beam_width": 2, "max_depth": 10}	latency_s	0.007333415999999815
2026-03-29T20:23:45+00:00	routing	turborepo	srt-warm	q03	{"beam_policy": "uniform", "beam_width": 3, "max_depth": 3}	ndcg@10	0.0
2026-03-29T20:23:45+00:00	routing	turborepo	srt-warm	q03	{"beam_policy": "uniform", "beam_width": 3, "max_depth": 3}	latency_s	0.008999832999999846
2026-03-29T20:23:45+00:00	routing	turborepo	srt-warm	q03	{"beam_policy": "waterfill", "beam_width": 3, "max_depth": 3}	ndcg@10	0.0
2026-03-29T20:23:45+00:00	routing	turborepo	srt-warm	q03	{"beam_policy": "waterfill", "beam_width": 3, "max_depth": 3}	latency_s	0.006151208000000352
2026-03-29T20:23:45+00:00	routing	turborepo	srt-warm	q03	{"beam_policy": "uniform", "beam_width": 3, "max_depth": 5}	ndcg@10	0.0
2026-03-29T20:23:45+00:00	routing	turborepo	srt-warm	q03	{"beam_policy": "uniform", "beam_width": 3, "max_depth": 5}	latency_s	0.010177958999999959
2026-03-29T20:23:45+00:00	routing	turborepo	srt-warm	q03	{"beam_policy": "waterfill", "beam_width": 3, "max_depth": 5}	ndcg@10	0.0
2026-03-29T20:23:45+00:00	routing	turborepo	srt-warm	q03	{"beam_policy": "waterfill", "beam_width": 3, "max_depth": 5}	latency_s	0.00689770899999953
2026-03-29T20:23:45+00:00	routing	turborepo	srt-warm	q03	{"beam_policy": "uniform", "beam_width": 3, "max_depth": 7}	ndcg@10	0.0
2026-03-29T20:23:45+00:00	routing	turborepo	srt-warm	q03	{"beam_policy": "uniform", "beam_width": 3, "max_depth": 7}	latency_s	0.007992290999999874
2026-03-29T20:23:45+00:00	routing	turborepo	srt-warm	q03	{"beam_policy": "waterfill", "beam_width": 3, "max_depth": 7}	ndcg@10	0.0
2026-03-29T20:23:45+00:00	routing	turborepo	srt-warm	q03	{"beam_policy": "waterfill", "beam_width": 3, "max_depth": 7}	latency_s	0.007909416999999586
2026-03-29T20:23:45+00:00	routing	turborepo	srt-warm	q03	{"beam_policy": "uniform", "beam_width": 3, "max_depth": 10}	ndcg@10	0.0
2026-03-29T20:23:45+00:00	routing	turborepo	srt-warm	q03	{"beam_policy": "uniform", "beam_width": 3, "max_depth": 10}	latency_s	0.007083500000000242
2026-03-29T20:23:45+00:00	routing	turborepo	srt-warm	q03	{"beam_policy": "waterfill", "beam_width": 3, "max_depth": 10}	ndcg@10	0.0
2026-03-29T20:23:45+00:00	routing	turborepo	srt-warm	q03	{"beam_policy": "waterfill", "beam_width": 3, "max_depth": 10}	latency_s	0.006751541999999944
2026-03-29T20:23:45+00:00	routing	turborepo	srt-warm	q03	{"beam_policy": "uniform", "beam_width": 5, "max_depth": 3}	ndcg@10	0.0
2026-03-29T20:23:45+00:00	routing	turborepo	srt-warm	q03	{"beam_policy": "uniform", "beam_width": 5, "max_depth": 3}	latency_s	0.014178874999999813
2026-03-29T20:23:45+00:00	routing	turborepo	srt-warm	q03	{"beam_policy": "waterfill", "beam_width": 5, "max_depth": 3}	ndcg@10	0.0
2026-03-29T20:23:45+00:00	routing	turborepo	srt-warm	q03	{"beam_policy": "waterfill", "beam_width": 5, "max_depth": 3}	latency_s	0.00778516699999976
2026-03-29T20:23:45+00:00	routing	turborepo	srt-warm	q03	{"beam_policy": "uniform", "beam_width": 5, "max_depth": 5}	ndcg@10	0.8517171819727973
2026-03-29T20:23:45+00:00	routing	turborepo	srt-warm	q03	{"beam_policy": "uniform", "beam_width": 5, "max_depth": 5}	latency_s	0.02876795799999954
2026-03-29T20:23:45+00:00	routing	turborepo	srt-warm	q03	{"beam_policy": "waterfill", "beam_width": 5, "max_depth": 5}	ndcg@10	0.0
2026-03-29T20:23:45+00:00	routing	turborepo	srt-warm	q03	{"beam_policy": "waterfill", "beam_width": 5, "max_depth": 5}	latency_s	0.0074329579999998785
2026-03-29T20:23:45+00:00	routing	turborepo	srt-warm	q03	{"beam_policy": "uniform", "beam_width": 5, "max_depth": 7}	ndcg@10	0.8517171819727973
2026-03-29T20:23:45+00:00	routing	turborepo	srt-warm	q03	{"beam_policy": "uniform", "beam_width": 5, "max_depth": 7}	latency_s	0.03547266700000051
2026-03-29T20:23:45+00:00	routing	turborepo	srt-warm	q03	{"beam_policy": "waterfill", "beam_width": 5, "max_depth": 7}	ndcg@10	0.0
2026-03-29T20:23:45+00:00	routing	turborepo	srt-warm	q03	{"beam_policy": "waterfill", "beam_width": 5, "max_depth": 7}	latency_s	0.008373959000000042
2026-03-29T20:23:45+00:00	routing	turborepo	srt-warm	q03	{"beam_policy": "uniform", "beam_width": 5, "max_depth": 10}	ndcg@10	0.8517171819727973
2026-03-29T20:23:45+00:00	routing	turborepo	srt-warm	q03	{"beam_policy": "uniform", "beam_width": 5, "max_depth": 10}	latency_s	0.03534545900000019
2026-03-29T20:23:45+00:00	routing	turborepo	srt-warm	q03	{"beam_policy": "waterfill", "beam_width": 5, "max_depth": 10}	ndcg@10	0.0
2026-03-29T20:23:45+00:00	routing	turborepo	srt-warm	q03	{"beam_policy": "waterfill", "beam_width": 5, "max_depth": 10}	latency_s	0.011812958000000151
2026-03-29T20:23:45+00:00	routing	turborepo	srt-warm	q03	{"beam_policy": "uniform", "beam_width": 7, "max_depth": 3}	ndcg@10	0.0
2026-03-29T20:23:45+00:00	routing	turborepo	srt-warm	q03	{"beam_policy": "uniform", "beam_width": 7, "max_depth": 3}	latency_s	0.014571083999999956
2026-03-29T20:23:45+00:00	routing	turborepo	srt-warm	q03	{"beam_policy": "waterfill", "beam_width": 7, "max_depth": 3}	ndcg@10	0.0
2026-03-29T20:23:45+00:00	routing	turborepo	srt-warm	q03	{"beam_policy": "waterfill", "beam_width": 7, "max_depth": 3}	latency_s	0.010978542000000147
2026-03-29T20:23:45+00:00	routing	turborepo	srt-warm	q03	{"beam_policy": "uniform", "beam_width": 7, "max_depth": 5}	ndcg@10	0.8517171819727973
2026-03-29T20:23:45+00:00	routing	turborepo	srt-warm	q03	{"beam_policy": "uniform", "beam_width": 7, "max_depth": 5}	latency_s	0.030859583999999884
2026-03-29T20:23:45+00:00	routing	turborepo	srt-warm	q03	{"beam_policy": "waterfill", "beam_width": 7, "max_depth": 5}	ndcg@10	0.8517171819727973
2026-03-29T20:23:45+00:00	routing	turborepo	srt-warm	q03	{"beam_policy": "waterfill", "beam_width": 7, "max_depth": 5}	latency_s	0.027648166999999724
2026-03-29T20:23:45+00:00	routing	turborepo	srt-warm	q03	{"beam_policy": "uniform", "beam_width": 7, "max_depth": 7}	ndcg@10	0.8517171819727973
2026-03-29T20:23:45+00:00	routing	turborepo	srt-warm	q03	{"beam_policy": "uniform", "beam_width": 7, "max_depth": 7}	latency_s	0.04312741600000081
2026-03-29T20:23:45+00:00	routing	turborepo	srt-warm	q03	{"beam_policy": "waterfill", "beam_width": 7, "max_depth": 7}	ndcg@10	0.8517171819727973
2026-03-29T20:23:45+00:00	routing	turborepo	srt-warm	q03	{"beam_policy": "waterfill", "beam_width": 7, "max_depth": 7}	latency_s	0.03680974999999975
2026-03-29T20:23:45+00:00	routing	turborepo	srt-warm	q03	{"beam_policy": "uniform", "beam_width": 7, "max_depth": 10}	ndcg@10	0.8517171819727973
2026-03-29T20:23:45+00:00	routing	turborepo	srt-warm	q03	{"beam_policy": "uniform", "beam_width": 7, "max_depth": 10}	latency_s	0.04207733400000002
2026-03-29T20:23:45+00:00	routing	turborepo	srt-warm	q03	{"beam_policy": "waterfill", "beam_width": 7, "max_depth": 10}	ndcg@10	0.8517171819727973
2026-03-29T20:23:45+00:00	routing	turborepo	srt-warm	q03	{"beam_policy": "waterfill", "beam_width": 7, "max_depth": 10}	latency_s	0.03451087499999961
2026-03-29T20:23:45+00:00	routing	turborepo	srt-warm	q03	{"beam_policy": "uniform", "beam_width": 10, "max_depth": 3}	ndcg@10	0.0
2026-03-29T20:23:45+00:00	routing	turborepo	srt-warm	q03	{"beam_policy": "uniform", "beam_width": 10, "max_depth": 3}	latency_s	0.020134999999999792
2026-03-29T20:23:45+00:00	routing	turborepo	srt-warm	q03	{"beam_policy": "waterfill", "beam_width": 10, "max_depth": 3}	ndcg@10	0.0
2026-03-29T20:23:45+00:00	routing	turborepo	srt-warm	q03	{"beam_policy": "waterfill", "beam_width": 10, "max_depth": 3}	latency_s	0.012656541999999327
2026-03-29T20:23:45+00:00	routing	turborepo	srt-warm	q03	{"beam_policy": "uniform", "beam_width": 10, "max_depth": 5}	ndcg@10	0.8517171819727973
2026-03-29T20:23:45+00:00	routing	turborepo	srt-warm	q03	{"beam_policy": "uniform", "beam_width": 10, "max_depth": 5}	latency_s	0.04997250000000086
2026-03-29T20:23:46+00:00	routing	turborepo	srt-warm	q03	{"beam_policy": "waterfill", "beam_width": 10, "max_depth": 5}	ndcg@10	0.8517171819727973
2026-03-29T20:23:46+00:00	routing	turborepo	srt-warm	q03	{"beam_policy": "waterfill", "beam_width": 10, "max_depth": 5}	latency_s	0.030706709000000387
2026-03-29T20:23:46+00:00	routing	turborepo	srt-warm	q03	{"beam_policy": "uniform", "beam_width": 10, "max_depth": 7}	ndcg@10	0.8517171819727973
2026-03-29T20:23:46+00:00	routing	turborepo	srt-warm	q03	{"beam_policy": "uniform", "beam_width": 10, "max_depth": 7}	latency_s	0.08321983300000024
2026-03-29T20:23:46+00:00	routing	turborepo	srt-warm	q03	{"beam_policy": "waterfill", "beam_width": 10, "max_depth": 7}	ndcg@10	0.8517171819727973
2026-03-29T20:23:46+00:00	routing	turborepo	srt-warm	q03	{"beam_policy": "waterfill", "beam_width": 10, "max_depth": 7}	latency_s	0.041516082999999426
2026-03-29T20:23:46+00:00	routing	turborepo	srt-warm	q03	{"beam_policy": "uniform", "beam_width": 10, "max_depth": 10}	ndcg@10	0.8517171819727973
2026-03-29T20:23:46+00:00	routing	turborepo	srt-warm	q03	{"beam_policy": "uniform", "beam_width": 10, "max_depth": 10}	latency_s	0.07849412499999975
2026-03-29T20:23:46+00:00	routing	turborepo	srt-warm	q03	{"beam_policy": "waterfill", "beam_width": 10, "max_depth": 10}	ndcg@10	0.8517171819727973
2026-03-29T20:23:46+00:00	routing	turborepo	srt-warm	q03	{"beam_policy": "waterfill", "beam_width": 10, "max_depth": 10}	latency_s	0.04438691699999975
2026-03-29T20:23:46+00:00	routing	turborepo	srt-warm	q04	{"beam_policy": "uniform", "beam_width": 2, "max_depth": 3}	ndcg@10	0.0
2026-03-29T20:23:46+00:00	routing	turborepo	srt-warm	q04	{"beam_policy": "uniform", "beam_width": 2, "max_depth": 3}	latency_s	0.0051488330000006854
2026-03-29T20:23:46+00:00	routing	turborepo	srt-warm	q04	{"beam_policy": "waterfill", "beam_width": 2, "max_depth": 3}	ndcg@10	0.0
2026-03-29T20:23:46+00:00	routing	turborepo	srt-warm	q04	{"beam_policy": "waterfill", "beam_width": 2, "max_depth": 3}	latency_s	0.007982333000000175
2026-03-29T20:23:46+00:00	routing	turborepo	srt-warm	q04	{"beam_policy": "uniform", "beam_width": 2, "max_depth": 5}	ndcg@10	0.0
2026-03-29T20:23:46+00:00	routing	turborepo	srt-warm	q04	{"beam_policy": "uniform", "beam_width": 2, "max_depth": 5}	latency_s	0.007812416000000155
2026-03-29T20:23:46+00:00	routing	turborepo	srt-warm	q04	{"beam_policy": "waterfill", "beam_width": 2, "max_depth": 5}	ndcg@10	0.0
2026-03-29T20:23:46+00:00	routing	turborepo	srt-warm	q04	{"beam_policy": "waterfill", "beam_width": 2, "max_depth": 5}	latency_s	0.005957165999999958
2026-03-29T20:23:46+00:00	routing	turborepo	srt-warm	q04	{"beam_policy": "uniform", "beam_width": 2, "max_depth": 7}	ndcg@10	0.0
2026-03-29T20:23:46+00:00	routing	turborepo	srt-warm	q04	{"beam_policy": "uniform", "beam_width": 2, "max_depth": 7}	latency_s	0.007488375000000325
2026-03-29T20:23:46+00:00	routing	turborepo	srt-warm	q04	{"beam_policy": "waterfill", "beam_width": 2, "max_depth": 7}	ndcg@10	0.0
2026-03-29T20:23:46+00:00	routing	turborepo	srt-warm	q04	{"beam_policy": "waterfill", "beam_width": 2, "max_depth": 7}	latency_s	0.0059090419999998645
2026-03-29T20:23:46+00:00	routing	turborepo	srt-warm	q04	{"beam_policy": "uniform", "beam_width": 2, "max_depth": 10}	ndcg@10	0.0
2026-03-29T20:23:46+00:00	routing	turborepo	srt-warm	q04	{"beam_policy": "uniform", "beam_width": 2, "max_depth": 10}	latency_s	0.005089749999999782
2026-03-29T20:23:46+00:00	routing	turborepo	srt-warm	q04	{"beam_policy": "waterfill", "beam_width": 2, "max_depth": 10}	ndcg@10	0.0
2026-03-29T20:23:46+00:00	routing	turborepo	srt-warm	q04	{"beam_policy": "waterfill", "beam_width": 2, "max_depth": 10}	latency_s	0.007801666999999846
2026-03-29T20:23:46+00:00	routing	turborepo	srt-warm	q04	{"beam_policy": "uniform", "beam_width": 3, "max_depth": 3}	ndcg@10	0.0
2026-03-29T20:23:46+00:00	routing	turborepo	srt-warm	q04	{"beam_policy": "uniform", "beam_width": 3, "max_depth": 3}	latency_s	0.006142124999999332
2026-03-29T20:23:46+00:00	routing	turborepo	srt-warm	q04	{"beam_policy": "waterfill", "beam_width": 3, "max_depth": 3}	ndcg@10	0.0
2026-03-29T20:23:46+00:00	routing	turborepo	srt-warm	q04	{"beam_policy": "waterfill", "beam_width": 3, "max_depth": 3}	latency_s	0.0075045420000003915
2026-03-29T20:23:46+00:00	routing	turborepo	srt-warm	q04	{"beam_policy": "uniform", "beam_width": 3, "max_depth": 5}	ndcg@10	0.0
2026-03-29T20:23:46+00:00	routing	turborepo	srt-warm	q04	{"beam_policy": "uniform", "beam_width": 3, "max_depth": 5}	latency_s	0.009285957999999539
2026-03-29T20:23:46+00:00	routing	turborepo	srt-warm	q04	{"beam_policy": "waterfill", "beam_width": 3, "max_depth": 5}	ndcg@10	0.0
2026-03-29T20:23:46+00:00	routing	turborepo	srt-warm	q04	{"beam_policy": "waterfill", "beam_width": 3, "max_depth": 5}	latency_s	0.008725124999999778
2026-03-29T20:23:46+00:00	routing	turborepo	srt-warm	q04	{"beam_policy": "uniform", "beam_width": 3, "max_depth": 7}	ndcg@10	0.0
2026-03-29T20:23:46+00:00	routing	turborepo	srt-warm	q04	{"beam_policy": "uniform", "beam_width": 3, "max_depth": 7}	latency_s	0.010142666000000133
2026-03-29T20:23:46+00:00	routing	turborepo	srt-warm	q04	{"beam_policy": "waterfill", "beam_width": 3, "max_depth": 7}	ndcg@10	0.0
2026-03-29T20:23:46+00:00	routing	turborepo	srt-warm	q04	{"beam_policy": "waterfill", "beam_width": 3, "max_depth": 7}	latency_s	0.007575499999999735
2026-03-29T20:23:46+00:00	routing	turborepo	srt-warm	q04	{"beam_policy": "uniform", "beam_width": 3, "max_depth": 10}	ndcg@10	0.0
2026-03-29T20:23:46+00:00	routing	turborepo	srt-warm	q04	{"beam_policy": "uniform", "beam_width": 3, "max_depth": 10}	latency_s	0.006459500000000062
2026-03-29T20:23:46+00:00	routing	turborepo	srt-warm	q04	{"beam_policy": "waterfill", "beam_width": 3, "max_depth": 10}	ndcg@10	0.0
2026-03-29T20:23:46+00:00	routing	turborepo	srt-warm	q04	{"beam_policy": "waterfill", "beam_width": 3, "max_depth": 10}	latency_s	0.006402000000000463
2026-03-29T20:23:46+00:00	routing	turborepo	srt-warm	q04	{"beam_policy": "uniform", "beam_width": 5, "max_depth": 3}	ndcg@10	0.0
2026-03-29T20:23:46+00:00	routing	turborepo	srt-warm	q04	{"beam_policy": "uniform", "beam_width": 5, "max_depth": 3}	latency_s	0.011384249999999874
2026-03-29T20:23:46+00:00	routing	turborepo	srt-warm	q04	{"beam_policy": "waterfill", "beam_width": 5, "max_depth": 3}	ndcg@10	0.0
2026-03-29T20:23:46+00:00	routing	turborepo	srt-warm	q04	{"beam_policy": "waterfill", "beam_width": 5, "max_depth": 3}	latency_s	0.008619666999999609
2026-03-29T20:23:46+00:00	routing	turborepo	srt-warm	q04	{"beam_policy": "uniform", "beam_width": 5, "max_depth": 5}	ndcg@10	0.0
2026-03-29T20:23:46+00:00	routing	turborepo	srt-warm	q04	{"beam_policy": "uniform", "beam_width": 5, "max_depth": 5}	latency_s	0.012650165999999352
2026-03-29T20:23:46+00:00	routing	turborepo	srt-warm	q04	{"beam_policy": "waterfill", "beam_width": 5, "max_depth": 5}	ndcg@10	0.0
2026-03-29T20:23:46+00:00	routing	turborepo	srt-warm	q04	{"beam_policy": "waterfill", "beam_width": 5, "max_depth": 5}	latency_s	0.006753374999999728
2026-03-29T20:23:46+00:00	routing	turborepo	srt-warm	q04	{"beam_policy": "uniform", "beam_width": 5, "max_depth": 7}	ndcg@10	0.0
2026-03-29T20:23:46+00:00	routing	turborepo	srt-warm	q04	{"beam_policy": "uniform", "beam_width": 5, "max_depth": 7}	latency_s	0.014000957999999564
2026-03-29T20:23:46+00:00	routing	turborepo	srt-warm	q04	{"beam_policy": "waterfill", "beam_width": 5, "max_depth": 7}	ndcg@10	0.0
2026-03-29T20:23:46+00:00	routing	turborepo	srt-warm	q04	{"beam_policy": "waterfill", "beam_width": 5, "max_depth": 7}	latency_s	0.007521332999999686
2026-03-29T20:23:46+00:00	routing	turborepo	srt-warm	q04	{"beam_policy": "uniform", "beam_width": 5, "max_depth": 10}	ndcg@10	0.0
2026-03-29T20:23:46+00:00	routing	turborepo	srt-warm	q04	{"beam_policy": "uniform", "beam_width": 5, "max_depth": 10}	latency_s	0.012859875000000187
2026-03-29T20:23:46+00:00	routing	turborepo	srt-warm	q04	{"beam_policy": "waterfill", "beam_width": 5, "max_depth": 10}	ndcg@10	0.0
2026-03-29T20:23:46+00:00	routing	turborepo	srt-warm	q04	{"beam_policy": "waterfill", "beam_width": 5, "max_depth": 10}	latency_s	0.005990874999999285
2026-03-29T20:23:46+00:00	routing	turborepo	srt-warm	q04	{"beam_policy": "uniform", "beam_width": 7, "max_depth": 3}	ndcg@10	0.0
2026-03-29T20:23:46+00:00	routing	turborepo	srt-warm	q04	{"beam_policy": "uniform", "beam_width": 7, "max_depth": 3}	latency_s	0.014710457999999704
2026-03-29T20:23:46+00:00	routing	turborepo	srt-warm	q04	{"beam_policy": "waterfill", "beam_width": 7, "max_depth": 3}	ndcg@10	0.0
2026-03-29T20:23:46+00:00	routing	turborepo	srt-warm	q04	{"beam_policy": "waterfill", "beam_width": 7, "max_depth": 3}	latency_s	0.00744058400000025
2026-03-29T20:23:46+00:00	routing	turborepo	srt-warm	q04	{"beam_policy": "uniform", "beam_width": 7, "max_depth": 5}	ndcg@10	0.9580414003446834
2026-03-29T20:23:46+00:00	routing	turborepo	srt-warm	q04	{"beam_policy": "uniform", "beam_width": 7, "max_depth": 5}	latency_s	0.02540795799999973
2026-03-29T20:23:46+00:00	routing	turborepo	srt-warm	q04	{"beam_policy": "waterfill", "beam_width": 7, "max_depth": 5}	ndcg@10	0.0
2026-03-29T20:23:46+00:00	routing	turborepo	srt-warm	q04	{"beam_policy": "waterfill", "beam_width": 7, "max_depth": 5}	latency_s	0.01734124999999942
2026-03-29T20:23:46+00:00	routing	turborepo	srt-warm	q04	{"beam_policy": "uniform", "beam_width": 7, "max_depth": 7}	ndcg@10	0.9580414003446834
2026-03-29T20:23:46+00:00	routing	turborepo	srt-warm	q04	{"beam_policy": "uniform", "beam_width": 7, "max_depth": 7}	latency_s	0.027393208000000335
2026-03-29T20:23:46+00:00	routing	turborepo	srt-warm	q04	{"beam_policy": "waterfill", "beam_width": 7, "max_depth": 7}	ndcg@10	0.0
2026-03-29T20:23:46+00:00	routing	turborepo	srt-warm	q04	{"beam_policy": "waterfill", "beam_width": 7, "max_depth": 7}	latency_s	0.015996541000000697
2026-03-29T20:23:46+00:00	routing	turborepo	srt-warm	q04	{"beam_policy": "uniform", "beam_width": 7, "max_depth": 10}	ndcg@10	0.9580414003446834
2026-03-29T20:23:46+00:00	routing	turborepo	srt-warm	q04	{"beam_policy": "uniform", "beam_width": 7, "max_depth": 10}	latency_s	0.02714220799999989
2026-03-29T20:23:46+00:00	routing	turborepo	srt-warm	q04	{"beam_policy": "waterfill", "beam_width": 7, "max_depth": 10}	ndcg@10	0.0
2026-03-29T20:23:46+00:00	routing	turborepo	srt-warm	q04	{"beam_policy": "waterfill", "beam_width": 7, "max_depth": 10}	latency_s	0.013549624999999565
2026-03-29T20:23:46+00:00	routing	turborepo	srt-warm	q04	{"beam_policy": "uniform", "beam_width": 10, "max_depth": 3}	ndcg@10	0.0
2026-03-29T20:23:46+00:00	routing	turborepo	srt-warm	q04	{"beam_policy": "uniform", "beam_width": 10, "max_depth": 3}	latency_s	0.017554083000000276
2026-03-29T20:23:46+00:00	routing	turborepo	srt-warm	q04	{"beam_policy": "waterfill", "beam_width": 10, "max_depth": 3}	ndcg@10	0.0
2026-03-29T20:23:46+00:00	routing	turborepo	srt-warm	q04	{"beam_policy": "waterfill", "beam_width": 10, "max_depth": 3}	latency_s	0.013223917000000363
2026-03-29T20:23:46+00:00	routing	turborepo	srt-warm	q04	{"beam_policy": "uniform", "beam_width": 10, "max_depth": 5}	ndcg@10	0.9580414003446834
2026-03-29T20:23:46+00:00	routing	turborepo	srt-warm	q04	{"beam_policy": "uniform", "beam_width": 10, "max_depth": 5}	latency_s	0.03289504199999982
2026-03-29T20:23:46+00:00	routing	turborepo	srt-warm	q04	{"beam_policy": "waterfill", "beam_width": 10, "max_depth": 5}	ndcg@10	0.9580414003446834
2026-03-29T20:23:46+00:00	routing	turborepo	srt-warm	q04	{"beam_policy": "waterfill", "beam_width": 10, "max_depth": 5}	latency_s	0.030268999999999657
2026-03-29T20:23:46+00:00	routing	turborepo	srt-warm	q04	{"beam_policy": "uniform", "beam_width": 10, "max_depth": 7}	ndcg@10	0.9580414003446834
2026-03-29T20:23:46+00:00	routing	turborepo	srt-warm	q04	{"beam_policy": "uniform", "beam_width": 10, "max_depth": 7}	latency_s	0.03613879200000003
2026-03-29T20:23:46+00:00	routing	turborepo	srt-warm	q04	{"beam_policy": "waterfill", "beam_width": 10, "max_depth": 7}	ndcg@10	0.9580414003446834
2026-03-29T20:23:46+00:00	routing	turborepo	srt-warm	q04	{"beam_policy": "waterfill", "beam_width": 10, "max_depth": 7}	latency_s	0.03705187499999951
2026-03-29T20:23:46+00:00	routing	turborepo	srt-warm	q04	{"beam_policy": "uniform", "beam_width": 10, "max_depth": 10}	ndcg@10	0.9580414003446834
2026-03-29T20:23:46+00:00	routing	turborepo	srt-warm	q04	{"beam_policy": "uniform", "beam_width": 10, "max_depth": 10}	latency_s	0.038839459000000076
2026-03-29T20:23:46+00:00	routing	turborepo	srt-warm	q04	{"beam_policy": "waterfill", "beam_width": 10, "max_depth": 10}	ndcg@10	0.9580414003446834
2026-03-29T20:23:46+00:00	routing	turborepo	srt-warm	q04	{"beam_policy": "waterfill", "beam_width": 10, "max_depth": 10}	latency_s	0.026936749999999954
2026-03-29T20:23:46+00:00	routing	turborepo	srt-warm	q05	{"beam_policy": "uniform", "beam_width": 2, "max_depth": 3}	ndcg@10	0.0
2026-03-29T20:23:46+00:00	routing	turborepo	srt-warm	q05	{"beam_policy": "uniform", "beam_width": 2, "max_depth": 3}	latency_s	0.006133583000000442
2026-03-29T20:23:46+00:00	routing	turborepo	srt-warm	q05	{"beam_policy": "waterfill", "beam_width": 2, "max_depth": 3}	ndcg@10	0.0
2026-03-29T20:23:46+00:00	routing	turborepo	srt-warm	q05	{"beam_policy": "waterfill", "beam_width": 2, "max_depth": 3}	latency_s	0.005297999999999803
2026-03-29T20:23:47+00:00	routing	turborepo	srt-warm	q05	{"beam_policy": "uniform", "beam_width": 2, "max_depth": 5}	ndcg@10	0.0
2026-03-29T20:23:47+00:00	routing	turborepo	srt-warm	q05	{"beam_policy": "uniform", "beam_width": 2, "max_depth": 5}	latency_s	0.008741790999999388
2026-03-29T20:23:47+00:00	routing	turborepo	srt-warm	q05	{"beam_policy": "waterfill", "beam_width": 2, "max_depth": 5}	ndcg@10	0.0
2026-03-29T20:23:47+00:00	routing	turborepo	srt-warm	q05	{"beam_policy": "waterfill", "beam_width": 2, "max_depth": 5}	latency_s	0.007104292000000179
2026-03-29T20:23:47+00:00	routing	turborepo	srt-warm	q05	{"beam_policy": "uniform", "beam_width": 2, "max_depth": 7}	ndcg@10	0.0
2026-03-29T20:23:47+00:00	routing	turborepo	srt-warm	q05	{"beam_policy": "uniform", "beam_width": 2, "max_depth": 7}	latency_s	0.007456334000000453
2026-03-29T20:23:47+00:00	routing	turborepo	srt-warm	q05	{"beam_policy": "waterfill", "beam_width": 2, "max_depth": 7}	ndcg@10	0.0
2026-03-29T20:23:47+00:00	routing	turborepo	srt-warm	q05	{"beam_policy": "waterfill", "beam_width": 2, "max_depth": 7}	latency_s	0.00663608300000007
2026-03-29T20:23:47+00:00	routing	turborepo	srt-warm	q05	{"beam_policy": "uniform", "beam_width": 2, "max_depth": 10}	ndcg@10	0.0
2026-03-29T20:23:47+00:00	routing	turborepo	srt-warm	q05	{"beam_policy": "uniform", "beam_width": 2, "max_depth": 10}	latency_s	0.00600075000000011
2026-03-29T20:23:47+00:00	routing	turborepo	srt-warm	q05	{"beam_policy": "waterfill", "beam_width": 2, "max_depth": 10}	ndcg@10	0.0
2026-03-29T20:23:47+00:00	routing	turborepo	srt-warm	q05	{"beam_policy": "waterfill", "beam_width": 2, "max_depth": 10}	latency_s	0.007160833000000366
2026-03-29T20:23:47+00:00	routing	turborepo	srt-warm	q05	{"beam_policy": "uniform", "beam_width": 3, "max_depth": 3}	ndcg@10	0.0
2026-03-29T20:23:47+00:00	routing	turborepo	srt-warm	q05	{"beam_policy": "uniform", "beam_width": 3, "max_depth": 3}	latency_s	0.006073374999999714
2026-03-29T20:23:47+00:00	routing	turborepo	srt-warm	q05	{"beam_policy": "waterfill", "beam_width": 3, "max_depth": 3}	ndcg@10	0.0
2026-03-29T20:23:47+00:00	routing	turborepo	srt-warm	q05	{"beam_policy": "waterfill", "beam_width": 3, "max_depth": 3}	latency_s	0.009155040999999642
2026-03-29T20:23:47+00:00	routing	turborepo	srt-warm	q05	{"beam_policy": "uniform", "beam_width": 3, "max_depth": 5}	ndcg@10	0.0
2026-03-29T20:23:47+00:00	routing	turborepo	srt-warm	q05	{"beam_policy": "uniform", "beam_width": 3, "max_depth": 5}	latency_s	0.005022958999999716
2026-03-29T20:23:47+00:00	routing	turborepo	srt-warm	q05	{"beam_policy": "waterfill", "beam_width": 3, "max_depth": 5}	ndcg@10	0.0
2026-03-29T20:23:47+00:00	routing	turborepo	srt-warm	q05	{"beam_policy": "waterfill", "beam_width": 3, "max_depth": 5}	latency_s	0.0072689580000000475
2026-03-29T20:23:47+00:00	routing	turborepo	srt-warm	q05	{"beam_policy": "uniform", "beam_width": 3, "max_depth": 7}	ndcg@10	0.0
2026-03-29T20:23:47+00:00	routing	turborepo	srt-warm	q05	{"beam_policy": "uniform", "beam_width": 3, "max_depth": 7}	latency_s	0.007689832999999702
2026-03-29T20:23:47+00:00	routing	turborepo	srt-warm	q05	{"beam_policy": "waterfill", "beam_width": 3, "max_depth": 7}	ndcg@10	0.0
2026-03-29T20:23:47+00:00	routing	turborepo	srt-warm	q05	{"beam_policy": "waterfill", "beam_width": 3, "max_depth": 7}	latency_s	0.008560375000000064
2026-03-29T20:23:47+00:00	routing	turborepo	srt-warm	q05	{"beam_policy": "uniform", "beam_width": 3, "max_depth": 10}	ndcg@10	0.0
2026-03-29T20:23:47+00:00	routing	turborepo	srt-warm	q05	{"beam_policy": "uniform", "beam_width": 3, "max_depth": 10}	latency_s	0.008952250000000106
2026-03-29T20:23:47+00:00	routing	turborepo	srt-warm	q05	{"beam_policy": "waterfill", "beam_width": 3, "max_depth": 10}	ndcg@10	0.0
2026-03-29T20:23:47+00:00	routing	turborepo	srt-warm	q05	{"beam_policy": "waterfill", "beam_width": 3, "max_depth": 10}	latency_s	0.00827212499999952
2026-03-29T20:23:47+00:00	routing	turborepo	srt-warm	q05	{"beam_policy": "uniform", "beam_width": 5, "max_depth": 3}	ndcg@10	0.0
2026-03-29T20:23:47+00:00	routing	turborepo	srt-warm	q05	{"beam_policy": "uniform", "beam_width": 5, "max_depth": 3}	latency_s	0.011415500000000023
2026-03-29T20:23:47+00:00	routing	turborepo	srt-warm	q05	{"beam_policy": "waterfill", "beam_width": 5, "max_depth": 3}	ndcg@10	0.0
2026-03-29T20:23:47+00:00	routing	turborepo	srt-warm	q05	{"beam_policy": "waterfill", "beam_width": 5, "max_depth": 3}	latency_s	0.008687915999999518
2026-03-29T20:23:47+00:00	routing	turborepo	srt-warm	q05	{"beam_policy": "uniform", "beam_width": 5, "max_depth": 5}	ndcg@10	0.0
2026-03-29T20:23:47+00:00	routing	turborepo	srt-warm	q05	{"beam_policy": "uniform", "beam_width": 5, "max_depth": 5}	latency_s	0.015882624999999706
2026-03-29T20:23:47+00:00	routing	turborepo	srt-warm	q05	{"beam_policy": "waterfill", "beam_width": 5, "max_depth": 5}	ndcg@10	0.0
2026-03-29T20:23:47+00:00	routing	turborepo	srt-warm	q05	{"beam_policy": "waterfill", "beam_width": 5, "max_depth": 5}	latency_s	0.011764541999999878
2026-03-29T20:23:47+00:00	routing	turborepo	srt-warm	q05	{"beam_policy": "uniform", "beam_width": 5, "max_depth": 7}	ndcg@10	0.0
2026-03-29T20:23:47+00:00	routing	turborepo	srt-warm	q05	{"beam_policy": "uniform", "beam_width": 5, "max_depth": 7}	latency_s	0.01775608300000009
2026-03-29T20:23:47+00:00	routing	turborepo	srt-warm	q05	{"beam_policy": "waterfill", "beam_width": 5, "max_depth": 7}	ndcg@10	0.0
2026-03-29T20:23:47+00:00	routing	turborepo	srt-warm	q05	{"beam_policy": "waterfill", "beam_width": 5, "max_depth": 7}	latency_s	0.01467966700000023
2026-03-29T20:23:47+00:00	routing	turborepo	srt-warm	q05	{"beam_policy": "uniform", "beam_width": 5, "max_depth": 10}	ndcg@10	0.0
2026-03-29T20:23:47+00:00	routing	turborepo	srt-warm	q05	{"beam_policy": "uniform", "beam_width": 5, "max_depth": 10}	latency_s	0.01710479099999951
2026-03-29T20:23:47+00:00	routing	turborepo	srt-warm	q05	{"beam_policy": "waterfill", "beam_width": 5, "max_depth": 10}	ndcg@10	0.0
2026-03-29T20:23:47+00:00	routing	turborepo	srt-warm	q05	{"beam_policy": "waterfill", "beam_width": 5, "max_depth": 10}	latency_s	0.012412915999999719
2026-03-29T20:23:47+00:00	routing	turborepo	srt-warm	q05	{"beam_policy": "uniform", "beam_width": 7, "max_depth": 3}	ndcg@10	0.0
2026-03-29T20:23:47+00:00	routing	turborepo	srt-warm	q05	{"beam_policy": "uniform", "beam_width": 7, "max_depth": 3}	latency_s	0.014921874999999751
2026-03-29T20:23:47+00:00	routing	turborepo	srt-warm	q05	{"beam_policy": "waterfill", "beam_width": 7, "max_depth": 3}	ndcg@10	0.0
2026-03-29T20:23:47+00:00	routing	turborepo	srt-warm	q05	{"beam_policy": "waterfill", "beam_width": 7, "max_depth": 3}	latency_s	0.010328125000000021
2026-03-29T20:23:47+00:00	routing	turborepo	srt-warm	q05	{"beam_policy": "uniform", "beam_width": 7, "max_depth": 5}	ndcg@10	0.47020199776783905
2026-03-29T20:23:47+00:00	routing	turborepo	srt-warm	q05	{"beam_policy": "uniform", "beam_width": 7, "max_depth": 5}	latency_s	0.0299992919999994
2026-03-29T20:23:47+00:00	routing	turborepo	srt-warm	q05	{"beam_policy": "waterfill", "beam_width": 7, "max_depth": 5}	ndcg@10	0.0
2026-03-29T20:23:47+00:00	routing	turborepo	srt-warm	q05	{"beam_policy": "waterfill", "beam_width": 7, "max_depth": 5}	latency_s	0.015953707999999622
2026-03-29T20:23:47+00:00	routing	turborepo	srt-warm	q05	{"beam_policy": "uniform", "beam_width": 7, "max_depth": 7}	ndcg@10	0.47020199776783905
2026-03-29T20:23:47+00:00	routing	turborepo	srt-warm	q05	{"beam_policy": "uniform", "beam_width": 7, "max_depth": 7}	latency_s	0.029495875000000282
2026-03-29T20:23:47+00:00	routing	turborepo	srt-warm	q05	{"beam_policy": "waterfill", "beam_width": 7, "max_depth": 7}	ndcg@10	0.0
2026-03-29T20:23:47+00:00	routing	turborepo	srt-warm	q05	{"beam_policy": "waterfill", "beam_width": 7, "max_depth": 7}	latency_s	0.01622699999999977
2026-03-29T20:23:47+00:00	routing	turborepo	srt-warm	q05	{"beam_policy": "uniform", "beam_width": 7, "max_depth": 10}	ndcg@10	0.47020199776783905
2026-03-29T20:23:47+00:00	routing	turborepo	srt-warm	q05	{"beam_policy": "uniform", "beam_width": 7, "max_depth": 10}	latency_s	0.030597875000000663
2026-03-29T20:23:47+00:00	routing	turborepo	srt-warm	q05	{"beam_policy": "waterfill", "beam_width": 7, "max_depth": 10}	ndcg@10	0.0
2026-03-29T20:23:47+00:00	routing	turborepo	srt-warm	q05	{"beam_policy": "waterfill", "beam_width": 7, "max_depth": 10}	latency_s	0.01781270800000012
2026-03-29T20:23:47+00:00	routing	turborepo	srt-warm	q05	{"beam_policy": "uniform", "beam_width": 10, "max_depth": 3}	ndcg@10	0.0
2026-03-29T20:23:47+00:00	routing	turborepo	srt-warm	q05	{"beam_policy": "uniform", "beam_width": 10, "max_depth": 3}	latency_s	0.018808208999999465
2026-03-29T20:23:47+00:00	routing	turborepo	srt-warm	q05	{"beam_policy": "waterfill", "beam_width": 10, "max_depth": 3}	ndcg@10	0.0
2026-03-29T20:23:47+00:00	routing	turborepo	srt-warm	q05	{"beam_policy": "waterfill", "beam_width": 10, "max_depth": 3}	latency_s	0.015133166999999226
2026-03-29T20:23:47+00:00	routing	turborepo	srt-warm	q05	{"beam_policy": "uniform", "beam_width": 10, "max_depth": 5}	ndcg@10	0.47020199776783905
2026-03-29T20:23:47+00:00	routing	turborepo	srt-warm	q05	{"beam_policy": "uniform", "beam_width": 10, "max_depth": 5}	latency_s	0.04632912499999975
2026-03-29T20:23:47+00:00	routing	turborepo	srt-warm	q05	{"beam_policy": "waterfill", "beam_width": 10, "max_depth": 5}	ndcg@10	0.47020199776783905
2026-03-29T20:23:47+00:00	routing	turborepo	srt-warm	q05	{"beam_policy": "waterfill", "beam_width": 10, "max_depth": 5}	latency_s	0.03222587499999996
2026-03-29T20:23:47+00:00	routing	turborepo	srt-warm	q05	{"beam_policy": "uniform", "beam_width": 10, "max_depth": 7}	ndcg@10	0.47020199776783905
2026-03-29T20:23:47+00:00	routing	turborepo	srt-warm	q05	{"beam_policy": "uniform", "beam_width": 10, "max_depth": 7}	latency_s	0.05903479200000028
2026-03-29T20:23:47+00:00	routing	turborepo	srt-warm	q05	{"beam_policy": "waterfill", "beam_width": 10, "max_depth": 7}	ndcg@10	0.47020199776783905
2026-03-29T20:23:47+00:00	routing	turborepo	srt-warm	q05	{"beam_policy": "waterfill", "beam_width": 10, "max_depth": 7}	latency_s	0.030114082999999958
2026-03-29T20:23:47+00:00	routing	turborepo	srt-warm	q05	{"beam_policy": "uniform", "beam_width": 10, "max_depth": 10}	ndcg@10	0.47020199776783905
2026-03-29T20:23:47+00:00	routing	turborepo	srt-warm	q05	{"beam_policy": "uniform", "beam_width": 10, "max_depth": 10}	latency_s	0.05902350000000034
2026-03-29T20:23:47+00:00	routing	turborepo	srt-warm	q05	{"beam_policy": "waterfill", "beam_width": 10, "max_depth": 10}	ndcg@10	0.47020199776783905
2026-03-29T20:23:47+00:00	routing	turborepo	srt-warm	q05	{"beam_policy": "waterfill", "beam_width": 10, "max_depth": 10}	latency_s	0.03182195900000018
2026-03-29T20:23:47+00:00	routing	turborepo	srt-warm	q06	{"beam_policy": "uniform", "beam_width": 2, "max_depth": 3}	ndcg@10	0.0
2026-03-29T20:23:47+00:00	routing	turborepo	srt-warm	q06	{"beam_policy": "uniform", "beam_width": 2, "max_depth": 3}	latency_s	0.010043834000000196
2026-03-29T20:23:47+00:00	routing	turborepo	srt-warm	q06	{"beam_policy": "waterfill", "beam_width": 2, "max_depth": 3}	ndcg@10	0.0
2026-03-29T20:23:47+00:00	routing	turborepo	srt-warm	q06	{"beam_policy": "waterfill", "beam_width": 2, "max_depth": 3}	latency_s	0.007423874999999747
2026-03-29T20:23:47+00:00	routing	turborepo	srt-warm	q06	{"beam_policy": "uniform", "beam_width": 2, "max_depth": 5}	ndcg@10	0.0
2026-03-29T20:23:47+00:00	routing	turborepo	srt-warm	q06	{"beam_policy": "uniform", "beam_width": 2, "max_depth": 5}	latency_s	0.009804124999999608
2026-03-29T20:23:47+00:00	routing	turborepo	srt-warm	q06	{"beam_policy": "waterfill", "beam_width": 2, "max_depth": 5}	ndcg@10	0.7864386820782063
2026-03-29T20:23:47+00:00	routing	turborepo	srt-warm	q06	{"beam_policy": "waterfill", "beam_width": 2, "max_depth": 5}	latency_s	0.007228000000000456
2026-03-29T20:23:47+00:00	routing	turborepo	srt-warm	q06	{"beam_policy": "uniform", "beam_width": 2, "max_depth": 7}	ndcg@10	0.0
2026-03-29T20:23:47+00:00	routing	turborepo	srt-warm	q06	{"beam_policy": "uniform", "beam_width": 2, "max_depth": 7}	latency_s	0.008927625000000106
2026-03-29T20:23:47+00:00	routing	turborepo	srt-warm	q06	{"beam_policy": "waterfill", "beam_width": 2, "max_depth": 7}	ndcg@10	0.7864386820782063
2026-03-29T20:23:47+00:00	routing	turborepo	srt-warm	q06	{"beam_policy": "waterfill", "beam_width": 2, "max_depth": 7}	latency_s	0.008826583999999471
2026-03-29T20:23:47+00:00	routing	turborepo	srt-warm	q06	{"beam_policy": "uniform", "beam_width": 2, "max_depth": 10}	ndcg@10	0.0
2026-03-29T20:23:47+00:00	routing	turborepo	srt-warm	q06	{"beam_policy": "uniform", "beam_width": 2, "max_depth": 10}	latency_s	0.0073969580000001756
2026-03-29T20:23:47+00:00	routing	turborepo	srt-warm	q06	{"beam_policy": "waterfill", "beam_width": 2, "max_depth": 10}	ndcg@10	0.7864386820782063
2026-03-29T20:23:47+00:00	routing	turborepo	srt-warm	q06	{"beam_policy": "waterfill", "beam_width": 2, "max_depth": 10}	latency_s	0.008585500000000579
2026-03-29T20:23:47+00:00	routing	turborepo	srt-warm	q06	{"beam_policy": "uniform", "beam_width": 3, "max_depth": 3}	ndcg@10	0.0
2026-03-29T20:23:47+00:00	routing	turborepo	srt-warm	q06	{"beam_policy": "uniform", "beam_width": 3, "max_depth": 3}	latency_s	0.007795707999999735
2026-03-29T20:23:47+00:00	routing	turborepo	srt-warm	q06	{"beam_policy": "waterfill", "beam_width": 3, "max_depth": 3}	ndcg@10	0.0
2026-03-29T20:23:47+00:00	routing	turborepo	srt-warm	q06	{"beam_policy": "waterfill", "beam_width": 3, "max_depth": 3}	latency_s	0.00916554199999986
2026-03-29T20:23:47+00:00	routing	turborepo	srt-warm	q06	{"beam_policy": "uniform", "beam_width": 3, "max_depth": 5}	ndcg@10	0.8825858394267849
2026-03-29T20:23:47+00:00	routing	turborepo	srt-warm	q06	{"beam_policy": "uniform", "beam_width": 3, "max_depth": 5}	latency_s	0.01007324999999959
2026-03-29T20:23:47+00:00	routing	turborepo	srt-warm	q06	{"beam_policy": "waterfill", "beam_width": 3, "max_depth": 5}	ndcg@10	0.7864386820782063
2026-03-29T20:23:47+00:00	routing	turborepo	srt-warm	q06	{"beam_policy": "waterfill", "beam_width": 3, "max_depth": 5}	latency_s	0.008035916999999948
2026-03-29T20:23:47+00:00	routing	turborepo	srt-warm	q06	{"beam_policy": "uniform", "beam_width": 3, "max_depth": 7}	ndcg@10	0.8825858394267849
2026-03-29T20:23:47+00:00	routing	turborepo	srt-warm	q06	{"beam_policy": "uniform", "beam_width": 3, "max_depth": 7}	latency_s	0.008655957999999409
2026-03-29T20:23:47+00:00	routing	turborepo	srt-warm	q06	{"beam_policy": "waterfill", "beam_width": 3, "max_depth": 7}	ndcg@10	0.7864386820782063
2026-03-29T20:23:47+00:00	routing	turborepo	srt-warm	q06	{"beam_policy": "waterfill", "beam_width": 3, "max_depth": 7}	latency_s	0.00934420799999991
2026-03-29T20:23:47+00:00	routing	turborepo	srt-warm	q06	{"beam_policy": "uniform", "beam_width": 3, "max_depth": 10}	ndcg@10	0.8825858394267849
2026-03-29T20:23:47+00:00	routing	turborepo	srt-warm	q06	{"beam_policy": "uniform", "beam_width": 3, "max_depth": 10}	latency_s	0.009693207999999842
2026-03-29T20:23:47+00:00	routing	turborepo	srt-warm	q06	{"beam_policy": "waterfill", "beam_width": 3, "max_depth": 10}	ndcg@10	0.7864386820782063
2026-03-29T20:23:47+00:00	routing	turborepo	srt-warm	q06	{"beam_policy": "waterfill", "beam_width": 3, "max_depth": 10}	latency_s	0.007673875000000052
2026-03-29T20:23:47+00:00	routing	turborepo	srt-warm	q06	{"beam_policy": "uniform", "beam_width": 5, "max_depth": 3}	ndcg@10	0.0
2026-03-29T20:23:47+00:00	routing	turborepo	srt-warm	q06	{"beam_policy": "uniform", "beam_width": 5, "max_depth": 3}	latency_s	0.009307500000000246
2026-03-29T20:23:47+00:00	routing	turborepo	srt-warm	q06	{"beam_policy": "waterfill", "beam_width": 5, "max_depth": 3}	ndcg@10	0.0
2026-03-29T20:23:47+00:00	routing	turborepo	srt-warm	q06	{"beam_policy": "waterfill", "beam_width": 5, "max_depth": 3}	latency_s	0.007539999999999658
2026-03-29T20:23:47+00:00	routing	turborepo	srt-warm	q06	{"beam_policy": "uniform", "beam_width": 5, "max_depth": 5}	ndcg@10	0.8787642368078041
2026-03-29T20:23:47+00:00	routing	turborepo	srt-warm	q06	{"beam_policy": "uniform", "beam_width": 5, "max_depth": 5}	latency_s	0.012904374999999746
2026-03-29T20:23:47+00:00	routing	turborepo	srt-warm	q06	{"beam_policy": "waterfill", "beam_width": 5, "max_depth": 5}	ndcg@10	0.8787642368078041
2026-03-29T20:23:47+00:00	routing	turborepo	srt-warm	q06	{"beam_policy": "waterfill", "beam_width": 5, "max_depth": 5}	latency_s	0.011339374999999485
2026-03-29T20:23:47+00:00	routing	turborepo	srt-warm	q06	{"beam_policy": "uniform", "beam_width": 5, "max_depth": 7}	ndcg@10	0.8787642368078041
2026-03-29T20:23:47+00:00	routing	turborepo	srt-warm	q06	{"beam_policy": "uniform", "beam_width": 5, "max_depth": 7}	latency_s	0.011383874999999932
2026-03-29T20:23:47+00:00	routing	turborepo	srt-warm	q06	{"beam_policy": "waterfill", "beam_width": 5, "max_depth": 7}	ndcg@10	0.8787642368078041
2026-03-29T20:23:47+00:00	routing	turborepo	srt-warm	q06	{"beam_policy": "waterfill", "beam_width": 5, "max_depth": 7}	latency_s	0.010847374999999992
2026-03-29T20:23:47+00:00	routing	turborepo	srt-warm	q06	{"beam_policy": "uniform", "beam_width": 5, "max_depth": 10}	ndcg@10	0.8787642368078041
2026-03-29T20:23:47+00:00	routing	turborepo	srt-warm	q06	{"beam_policy": "uniform", "beam_width": 5, "max_depth": 10}	latency_s	0.012075291999999571
2026-03-29T20:23:48+00:00	routing	turborepo	srt-warm	q06	{"beam_policy": "waterfill", "beam_width": 5, "max_depth": 10}	ndcg@10	0.8787642368078041
2026-03-29T20:23:48+00:00	routing	turborepo	srt-warm	q06	{"beam_policy": "waterfill", "beam_width": 5, "max_depth": 10}	latency_s	0.012228499999999976
2026-03-29T20:23:48+00:00	routing	turborepo	srt-warm	q06	{"beam_policy": "uniform", "beam_width": 7, "max_depth": 3}	ndcg@10	0.0
2026-03-29T20:23:48+00:00	routing	turborepo	srt-warm	q06	{"beam_policy": "uniform", "beam_width": 7, "max_depth": 3}	latency_s	0.013675708000000064
2026-03-29T20:23:48+00:00	routing	turborepo	srt-warm	q06	{"beam_policy": "waterfill", "beam_width": 7, "max_depth": 3}	ndcg@10	0.0
2026-03-29T20:23:48+00:00	routing	turborepo	srt-warm	q06	{"beam_policy": "waterfill", "beam_width": 7, "max_depth": 3}	latency_s	0.010093832999999997
2026-03-29T20:23:48+00:00	routing	turborepo	srt-warm	q06	{"beam_policy": "uniform", "beam_width": 7, "max_depth": 5}	ndcg@10	0.7864386820782063
2026-03-29T20:23:48+00:00	routing	turborepo	srt-warm	q06	{"beam_policy": "uniform", "beam_width": 7, "max_depth": 5}	latency_s	0.019107709000000028
2026-03-29T20:23:48+00:00	routing	turborepo	srt-warm	q06	{"beam_policy": "waterfill", "beam_width": 7, "max_depth": 5}	ndcg@10	0.8787642368078041
2026-03-29T20:23:48+00:00	routing	turborepo	srt-warm	q06	{"beam_policy": "waterfill", "beam_width": 7, "max_depth": 5}	latency_s	0.010433124999999599
2026-03-29T20:23:48+00:00	routing	turborepo	srt-warm	q06	{"beam_policy": "uniform", "beam_width": 7, "max_depth": 7}	ndcg@10	0.7864386820782063
2026-03-29T20:23:48+00:00	routing	turborepo	srt-warm	q06	{"beam_policy": "uniform", "beam_width": 7, "max_depth": 7}	latency_s	0.014255291999999642
2026-03-29T20:23:48+00:00	routing	turborepo	srt-warm	q06	{"beam_policy": "waterfill", "beam_width": 7, "max_depth": 7}	ndcg@10	0.8787642368078041
2026-03-29T20:23:48+00:00	routing	turborepo	srt-warm	q06	{"beam_policy": "waterfill", "beam_width": 7, "max_depth": 7}	latency_s	0.010796709000000071
2026-03-29T20:23:48+00:00	routing	turborepo	srt-warm	q06	{"beam_policy": "uniform", "beam_width": 7, "max_depth": 10}	ndcg@10	0.7864386820782063
2026-03-29T20:23:48+00:00	routing	turborepo	srt-warm	q06	{"beam_policy": "uniform", "beam_width": 7, "max_depth": 10}	latency_s	0.014769249999999623
2026-03-29T20:23:48+00:00	routing	turborepo	srt-warm	q06	{"beam_policy": "waterfill", "beam_width": 7, "max_depth": 10}	ndcg@10	0.8787642368078041
2026-03-29T20:23:48+00:00	routing	turborepo	srt-warm	q06	{"beam_policy": "waterfill", "beam_width": 7, "max_depth": 10}	latency_s	0.013302792000000174
2026-03-29T20:23:48+00:00	routing	turborepo	srt-warm	q06	{"beam_policy": "uniform", "beam_width": 10, "max_depth": 3}	ndcg@10	0.0
2026-03-29T20:23:48+00:00	routing	turborepo	srt-warm	q06	{"beam_policy": "uniform", "beam_width": 10, "max_depth": 3}	latency_s	0.015058041999999716
2026-03-29T20:23:48+00:00	routing	turborepo	srt-warm	q06	{"beam_policy": "waterfill", "beam_width": 10, "max_depth": 3}	ndcg@10	0.0
2026-03-29T20:23:48+00:00	routing	turborepo	srt-warm	q06	{"beam_policy": "waterfill", "beam_width": 10, "max_depth": 3}	latency_s	0.010372540999999735
2026-03-29T20:23:48+00:00	routing	turborepo	srt-warm	q06	{"beam_policy": "uniform", "beam_width": 10, "max_depth": 5}	ndcg@10	0.7864386820782063
2026-03-29T20:23:48+00:00	routing	turborepo	srt-warm	q06	{"beam_policy": "uniform", "beam_width": 10, "max_depth": 5}	latency_s	0.032077999999999385
2026-03-29T20:23:48+00:00	routing	turborepo	srt-warm	q06	{"beam_policy": "waterfill", "beam_width": 10, "max_depth": 5}	ndcg@10	0.7864386820782063
2026-03-29T20:23:48+00:00	routing	turborepo	srt-warm	q06	{"beam_policy": "waterfill", "beam_width": 10, "max_depth": 5}	latency_s	0.016662584000000535
2026-03-29T20:23:48+00:00	routing	turborepo	srt-warm	q06	{"beam_policy": "uniform", "beam_width": 10, "max_depth": 7}	ndcg@10	0.7864386820782063
2026-03-29T20:23:48+00:00	routing	turborepo	srt-warm	q06	{"beam_policy": "uniform", "beam_width": 10, "max_depth": 7}	latency_s	0.026762792000000424
2026-03-29T20:23:48+00:00	routing	turborepo	srt-warm	q06	{"beam_policy": "waterfill", "beam_width": 10, "max_depth": 7}	ndcg@10	0.7864386820782063
2026-03-29T20:23:48+00:00	routing	turborepo	srt-warm	q06	{"beam_policy": "waterfill", "beam_width": 10, "max_depth": 7}	latency_s	0.014169957999999205
2026-03-29T20:23:48+00:00	routing	turborepo	srt-warm	q06	{"beam_policy": "uniform", "beam_width": 10, "max_depth": 10}	ndcg@10	0.7864386820782063
2026-03-29T20:23:48+00:00	routing	turborepo	srt-warm	q06	{"beam_policy": "uniform", "beam_width": 10, "max_depth": 10}	latency_s	0.02502004199999952
2026-03-29T20:23:48+00:00	routing	turborepo	srt-warm	q06	{"beam_policy": "waterfill", "beam_width": 10, "max_depth": 10}	ndcg@10	0.7864386820782063
2026-03-29T20:23:48+00:00	routing	turborepo	srt-warm	q06	{"beam_policy": "waterfill", "beam_width": 10, "max_depth": 10}	latency_s	0.014667249999999576
2026-03-29T20:23:48+00:00	routing	turborepo	srt-warm	q07	{"beam_policy": "uniform", "beam_width": 2, "max_depth": 3}	ndcg@10	0.045851828048001766
2026-03-29T20:23:48+00:00	routing	turborepo	srt-warm	q07	{"beam_policy": "uniform", "beam_width": 2, "max_depth": 3}	latency_s	0.007950667000000244
2026-03-29T20:23:48+00:00	routing	turborepo	srt-warm	q07	{"beam_policy": "waterfill", "beam_width": 2, "max_depth": 3}	ndcg@10	0.0
2026-03-29T20:23:48+00:00	routing	turborepo	srt-warm	q07	{"beam_policy": "waterfill", "beam_width": 2, "max_depth": 3}	latency_s	0.006115999999999566
2026-03-29T20:23:48+00:00	routing	turborepo	srt-warm	q07	{"beam_policy": "uniform", "beam_width": 2, "max_depth": 5}	ndcg@10	0.9182962342857363
2026-03-29T20:23:48+00:00	routing	turborepo	srt-warm	q07	{"beam_policy": "uniform", "beam_width": 2, "max_depth": 5}	latency_s	0.007234459000000193
2026-03-29T20:23:48+00:00	routing	turborepo	srt-warm	q07	{"beam_policy": "waterfill", "beam_width": 2, "max_depth": 5}	ndcg@10	0.9049495058460971
2026-03-29T20:23:48+00:00	routing	turborepo	srt-warm	q07	{"beam_policy": "waterfill", "beam_width": 2, "max_depth": 5}	latency_s	0.007475208000000677
2026-03-29T20:23:48+00:00	routing	turborepo	srt-warm	q07	{"beam_policy": "uniform", "beam_width": 2, "max_depth": 7}	ndcg@10	0.9182962342857363
2026-03-29T20:23:48+00:00	routing	turborepo	srt-warm	q07	{"beam_policy": "uniform", "beam_width": 2, "max_depth": 7}	latency_s	0.00812783299999964
2026-03-29T20:23:48+00:00	routing	turborepo	srt-warm	q07	{"beam_policy": "waterfill", "beam_width": 2, "max_depth": 7}	ndcg@10	0.9049495058460971
2026-03-29T20:23:48+00:00	routing	turborepo	srt-warm	q07	{"beam_policy": "waterfill", "beam_width": 2, "max_depth": 7}	latency_s	0.007019791000000275
2026-03-29T20:23:48+00:00	routing	turborepo	srt-warm	q07	{"beam_policy": "uniform", "beam_width": 2, "max_depth": 10}	ndcg@10	0.9182962342857363
2026-03-29T20:23:48+00:00	routing	turborepo	srt-warm	q07	{"beam_policy": "uniform", "beam_width": 2, "max_depth": 10}	latency_s	0.00776291699999998
2026-03-29T20:23:48+00:00	routing	turborepo	srt-warm	q07	{"beam_policy": "waterfill", "beam_width": 2, "max_depth": 10}	ndcg@10	0.9049495058460971
2026-03-29T20:23:48+00:00	routing	turborepo	srt-warm	q07	{"beam_policy": "waterfill", "beam_width": 2, "max_depth": 10}	latency_s	0.008529082999999993
2026-03-29T20:23:48+00:00	routing	turborepo	srt-warm	q07	{"beam_policy": "uniform", "beam_width": 3, "max_depth": 3}	ndcg@10	0.045851828048001766
2026-03-29T20:23:48+00:00	routing	turborepo	srt-warm	q07	{"beam_policy": "uniform", "beam_width": 3, "max_depth": 3}	latency_s	0.006991042000000114
2026-03-29T20:23:48+00:00	routing	turborepo	srt-warm	q07	{"beam_policy": "waterfill", "beam_width": 3, "max_depth": 3}	ndcg@10	0.045851828048001766
2026-03-29T20:23:48+00:00	routing	turborepo	srt-warm	q07	{"beam_policy": "waterfill", "beam_width": 3, "max_depth": 3}	latency_s	0.007452125000000365
2026-03-29T20:23:48+00:00	routing	turborepo	srt-warm	q07	{"beam_policy": "uniform", "beam_width": 3, "max_depth": 5}	ndcg@10	0.9148570708197291
2026-03-29T20:23:48+00:00	routing	turborepo	srt-warm	q07	{"beam_policy": "uniform", "beam_width": 3, "max_depth": 5}	latency_s	0.009402875000000144
2026-03-29T20:23:48+00:00	routing	turborepo	srt-warm	q07	{"beam_policy": "waterfill", "beam_width": 3, "max_depth": 5}	ndcg@10	0.9182962342857363
2026-03-29T20:23:48+00:00	routing	turborepo	srt-warm	q07	{"beam_policy": "waterfill", "beam_width": 3, "max_depth": 5}	latency_s	0.00841949999999958
2026-03-29T20:23:48+00:00	routing	turborepo	srt-warm	q07	{"beam_policy": "uniform", "beam_width": 3, "max_depth": 7}	ndcg@10	0.9148570708197291
2026-03-29T20:23:48+00:00	routing	turborepo	srt-warm	q07	{"beam_policy": "uniform", "beam_width": 3, "max_depth": 7}	latency_s	0.009412332999999329
2026-03-29T20:23:48+00:00	routing	turborepo	srt-warm	q07	{"beam_policy": "waterfill", "beam_width": 3, "max_depth": 7}	ndcg@10	0.9182962342857363
2026-03-29T20:23:48+00:00	routing	turborepo	srt-warm	q07	{"beam_policy": "waterfill", "beam_width": 3, "max_depth": 7}	latency_s	0.007759250000000328
2026-03-29T20:23:48+00:00	routing	turborepo	srt-warm	q07	{"beam_policy": "uniform", "beam_width": 3, "max_depth": 10}	ndcg@10	0.9148570708197291
2026-03-29T20:23:48+00:00	routing	turborepo	srt-warm	q07	{"beam_policy": "uniform", "beam_width": 3, "max_depth": 10}	latency_s	0.00878904200000008
2026-03-29T20:23:48+00:00	routing	turborepo	srt-warm	q07	{"beam_policy": "waterfill", "beam_width": 3, "max_depth": 10}	ndcg@10	0.9182962342857363
2026-03-29T20:23:48+00:00	routing	turborepo	srt-warm	q07	{"beam_policy": "waterfill", "beam_width": 3, "max_depth": 10}	latency_s	0.007342083000000166
2026-03-29T20:23:48+00:00	routing	turborepo	srt-warm	q07	{"beam_policy": "uniform", "beam_width": 5, "max_depth": 3}	ndcg@10	0.045851828048001766
2026-03-29T20:23:48+00:00	routing	turborepo	srt-warm	q07	{"beam_policy": "uniform", "beam_width": 5, "max_depth": 3}	latency_s	0.0079106659999999
2026-03-29T20:23:48+00:00	routing	turborepo	srt-warm	q07	{"beam_policy": "waterfill", "beam_width": 5, "max_depth": 3}	ndcg@10	0.045851828048001766
2026-03-29T20:23:48+00:00	routing	turborepo	srt-warm	q07	{"beam_policy": "waterfill", "beam_width": 5, "max_depth": 3}	latency_s	0.007258000000000209
2026-03-29T20:23:48+00:00	routing	turborepo	srt-warm	q07	{"beam_policy": "uniform", "beam_width": 5, "max_depth": 5}	ndcg@10	0.913583203280069
2026-03-29T20:23:48+00:00	routing	turborepo	srt-warm	q07	{"beam_policy": "uniform", "beam_width": 5, "max_depth": 5}	latency_s	0.012504457999999552
2026-03-29T20:23:48+00:00	routing	turborepo	srt-warm	q07	{"beam_policy": "waterfill", "beam_width": 5, "max_depth": 5}	ndcg@10	0.913583203280069
2026-03-29T20:23:48+00:00	routing	turborepo	srt-warm	q07	{"beam_policy": "waterfill", "beam_width": 5, "max_depth": 5}	latency_s	0.010425457999999388
2026-03-29T20:23:48+00:00	routing	turborepo	srt-warm	q07	{"beam_policy": "uniform", "beam_width": 5, "max_depth": 7}	ndcg@10	0.913583203280069
2026-03-29T20:23:48+00:00	routing	turborepo	srt-warm	q07	{"beam_policy": "uniform", "beam_width": 5, "max_depth": 7}	latency_s	0.012413833000000096
2026-03-29T20:23:48+00:00	routing	turborepo	srt-warm	q07	{"beam_policy": "waterfill", "beam_width": 5, "max_depth": 7}	ndcg@10	0.913583203280069
2026-03-29T20:23:48+00:00	routing	turborepo	srt-warm	q07	{"beam_policy": "waterfill", "beam_width": 5, "max_depth": 7}	latency_s	0.010206874999999727
2026-03-29T20:23:48+00:00	routing	turborepo	srt-warm	q07	{"beam_policy": "uniform", "beam_width": 5, "max_depth": 10}	ndcg@10	0.913583203280069
2026-03-29T20:23:48+00:00	routing	turborepo	srt-warm	q07	{"beam_policy": "uniform", "beam_width": 5, "max_depth": 10}	latency_s	0.011251875000000133
2026-03-29T20:23:48+00:00	routing	turborepo	srt-warm	q07	{"beam_policy": "waterfill", "beam_width": 5, "max_depth": 10}	ndcg@10	0.913583203280069
2026-03-29T20:23:48+00:00	routing	turborepo	srt-warm	q07	{"beam_policy": "waterfill", "beam_width": 5, "max_depth": 10}	latency_s	0.011570749999999741
2026-03-29T20:23:48+00:00	routing	turborepo	srt-warm	q07	{"beam_policy": "uniform", "beam_width": 7, "max_depth": 3}	ndcg@10	0.045851828048001766
2026-03-29T20:23:48+00:00	routing	turborepo	srt-warm	q07	{"beam_policy": "uniform", "beam_width": 7, "max_depth": 3}	latency_s	0.009000499999999967
2026-03-29T20:23:48+00:00	routing	turborepo	srt-warm	q07	{"beam_policy": "waterfill", "beam_width": 7, "max_depth": 3}	ndcg@10	0.045851828048001766
2026-03-29T20:23:48+00:00	routing	turborepo	srt-warm	q07	{"beam_policy": "waterfill", "beam_width": 7, "max_depth": 3}	latency_s	0.007475042000000265
2026-03-29T20:23:48+00:00	routing	turborepo	srt-warm	q07	{"beam_policy": "uniform", "beam_width": 7, "max_depth": 5}	ndcg@10	0.882808018370203
2026-03-29T20:23:48+00:00	routing	turborepo	srt-warm	q07	{"beam_policy": "uniform", "beam_width": 7, "max_depth": 5}	latency_s	0.022003041999999695
2026-03-29T20:23:48+00:00	routing	turborepo	srt-warm	q07	{"beam_policy": "waterfill", "beam_width": 7, "max_depth": 5}	ndcg@10	0.913583203280069
2026-03-29T20:23:48+00:00	routing	turborepo	srt-warm	q07	{"beam_policy": "waterfill", "beam_width": 7, "max_depth": 5}	latency_s	0.011501749999999866
2026-03-29T20:23:48+00:00	routing	turborepo	srt-warm	q07	{"beam_policy": "uniform", "beam_width": 7, "max_depth": 7}	ndcg@10	0.882808018370203
2026-03-29T20:23:48+00:00	routing	turborepo	srt-warm	q07	{"beam_policy": "uniform", "beam_width": 7, "max_depth": 7}	latency_s	0.030270207999999243
2026-03-29T20:23:48+00:00	routing	turborepo	srt-warm	q07	{"beam_policy": "waterfill", "beam_width": 7, "max_depth": 7}	ndcg@10	0.913583203280069
2026-03-29T20:23:48+00:00	routing	turborepo	srt-warm	q07	{"beam_policy": "waterfill", "beam_width": 7, "max_depth": 7}	latency_s	0.0126973330000002
2026-03-29T20:23:48+00:00	routing	turborepo	srt-warm	q07	{"beam_policy": "uniform", "beam_width": 7, "max_depth": 10}	ndcg@10	0.882808018370203
2026-03-29T20:23:48+00:00	routing	turborepo	srt-warm	q07	{"beam_policy": "uniform", "beam_width": 7, "max_depth": 10}	latency_s	0.03311141599999967
2026-03-29T20:23:48+00:00	routing	turborepo	srt-warm	q07	{"beam_policy": "waterfill", "beam_width": 7, "max_depth": 10}	ndcg@10	0.913583203280069
2026-03-29T20:23:48+00:00	routing	turborepo	srt-warm	q07	{"beam_policy": "waterfill", "beam_width": 7, "max_depth": 10}	latency_s	0.01243795800000047
2026-03-29T20:23:48+00:00	routing	turborepo	srt-warm	q07	{"beam_policy": "uniform", "beam_width": 10, "max_depth": 3}	ndcg@10	0.045851828048001766
2026-03-29T20:23:48+00:00	routing	turborepo	srt-warm	q07	{"beam_policy": "uniform", "beam_width": 10, "max_depth": 3}	latency_s	0.013857834000000402
2026-03-29T20:23:48+00:00	routing	turborepo	srt-warm	q07	{"beam_policy": "waterfill", "beam_width": 10, "max_depth": 3}	ndcg@10	0.045851828048001766
2026-03-29T20:23:48+00:00	routing	turborepo	srt-warm	q07	{"beam_policy": "waterfill", "beam_width": 10, "max_depth": 3}	latency_s	0.010016624999999557
2026-03-29T20:23:48+00:00	routing	turborepo	srt-warm	q07	{"beam_policy": "uniform", "beam_width": 10, "max_depth": 5}	ndcg@10	0.882808018370203
2026-03-29T20:23:48+00:00	routing	turborepo	srt-warm	q07	{"beam_policy": "uniform", "beam_width": 10, "max_depth": 5}	latency_s	0.037376916999999565
2026-03-29T20:23:48+00:00	routing	turborepo	srt-warm	q07	{"beam_policy": "waterfill", "beam_width": 10, "max_depth": 5}	ndcg@10	0.882808018370203
2026-03-29T20:23:48+00:00	routing	turborepo	srt-warm	q07	{"beam_policy": "waterfill", "beam_width": 10, "max_depth": 5}	latency_s	0.02657670900000042
2026-03-29T20:23:48+00:00	routing	turborepo	srt-warm	q07	{"beam_policy": "uniform", "beam_width": 10, "max_depth": 7}	ndcg@10	0.882808018370203
2026-03-29T20:23:48+00:00	routing	turborepo	srt-warm	q07	{"beam_policy": "uniform", "beam_width": 10, "max_depth": 7}	latency_s	0.05109429200000015
2026-03-29T20:23:48+00:00	routing	turborepo	srt-warm	q07	{"beam_policy": "waterfill", "beam_width": 10, "max_depth": 7}	ndcg@10	0.882808018370203
2026-03-29T20:23:48+00:00	routing	turborepo	srt-warm	q07	{"beam_policy": "waterfill", "beam_width": 10, "max_depth": 7}	latency_s	0.03828970799999887
2026-03-29T20:23:48+00:00	routing	turborepo	srt-warm	q07	{"beam_policy": "uniform", "beam_width": 10, "max_depth": 10}	ndcg@10	0.882808018370203
2026-03-29T20:23:48+00:00	routing	turborepo	srt-warm	q07	{"beam_policy": "uniform", "beam_width": 10, "max_depth": 10}	latency_s	0.051202250000001115
2026-03-29T20:23:48+00:00	routing	turborepo	srt-warm	q07	{"beam_policy": "waterfill", "beam_width": 10, "max_depth": 10}	ndcg@10	0.882808018370203
2026-03-29T20:23:48+00:00	routing	turborepo	srt-warm	q07	{"beam_policy": "waterfill", "beam_width": 10, "max_depth": 10}	latency_s	0.03886691599999992
2026-03-29T20:23:48+00:00	routing	turborepo	srt-warm	q08	{"beam_policy": "uniform", "beam_width": 2, "max_depth": 3}	ndcg@10	0.0
2026-03-29T20:23:48+00:00	routing	turborepo	srt-warm	q08	{"beam_policy": "uniform", "beam_width": 2, "max_depth": 3}	latency_s	0.009637042000001372
2026-03-29T20:23:48+00:00	routing	turborepo	srt-warm	q08	{"beam_policy": "waterfill", "beam_width": 2, "max_depth": 3}	ndcg@10	0.0
2026-03-29T20:23:48+00:00	routing	turborepo	srt-warm	q08	{"beam_policy": "waterfill", "beam_width": 2, "max_depth": 3}	latency_s	0.00830070900000024
2026-03-29T20:23:48+00:00	routing	turborepo	srt-warm	q08	{"beam_policy": "uniform", "beam_width": 2, "max_depth": 5}	ndcg@10	0.7035351153112575
2026-03-29T20:23:48+00:00	routing	turborepo	srt-warm	q08	{"beam_policy": "uniform", "beam_width": 2, "max_depth": 5}	latency_s	0.011748209000000287
2026-03-29T20:23:49+00:00	routing	turborepo	srt-warm	q08	{"beam_policy": "waterfill", "beam_width": 2, "max_depth": 5}	ndcg@10	0.7035351153112575
2026-03-29T20:23:49+00:00	routing	turborepo	srt-warm	q08	{"beam_policy": "waterfill", "beam_width": 2, "max_depth": 5}	latency_s	0.009045333000001321
2026-03-29T20:23:49+00:00	routing	turborepo	srt-warm	q08	{"beam_policy": "uniform", "beam_width": 2, "max_depth": 7}	ndcg@10	0.7035351153112575
2026-03-29T20:23:49+00:00	routing	turborepo	srt-warm	q08	{"beam_policy": "uniform", "beam_width": 2, "max_depth": 7}	latency_s	0.012871667000000642
2026-03-29T20:23:49+00:00	routing	turborepo	srt-warm	q08	{"beam_policy": "waterfill", "beam_width": 2, "max_depth": 7}	ndcg@10	0.7035351153112575
2026-03-29T20:23:49+00:00	routing	turborepo	srt-warm	q08	{"beam_policy": "waterfill", "beam_width": 2, "max_depth": 7}	latency_s	0.008946208000001121
2026-03-29T20:23:49+00:00	routing	turborepo	srt-warm	q08	{"beam_policy": "uniform", "beam_width": 2, "max_depth": 10}	ndcg@10	0.7035351153112575
2026-03-29T20:23:49+00:00	routing	turborepo	srt-warm	q08	{"beam_policy": "uniform", "beam_width": 2, "max_depth": 10}	latency_s	0.00869279100000142
2026-03-29T20:23:49+00:00	routing	turborepo	srt-warm	q08	{"beam_policy": "waterfill", "beam_width": 2, "max_depth": 10}	ndcg@10	0.7035351153112575
2026-03-29T20:23:49+00:00	routing	turborepo	srt-warm	q08	{"beam_policy": "waterfill", "beam_width": 2, "max_depth": 10}	latency_s	0.008005750000000589
2026-03-29T20:23:49+00:00	routing	turborepo	srt-warm	q08	{"beam_policy": "uniform", "beam_width": 3, "max_depth": 3}	ndcg@10	0.0
2026-03-29T20:23:49+00:00	routing	turborepo	srt-warm	q08	{"beam_policy": "uniform", "beam_width": 3, "max_depth": 3}	latency_s	0.007142124999999666
2026-03-29T20:23:49+00:00	routing	turborepo	srt-warm	q08	{"beam_policy": "waterfill", "beam_width": 3, "max_depth": 3}	ndcg@10	0.0
2026-03-29T20:23:49+00:00	routing	turborepo	srt-warm	q08	{"beam_policy": "waterfill", "beam_width": 3, "max_depth": 3}	latency_s	0.007111625000000288
2026-03-29T20:23:49+00:00	routing	turborepo	srt-warm	q08	{"beam_policy": "uniform", "beam_width": 3, "max_depth": 5}	ndcg@10	0.7035351153112575
2026-03-29T20:23:49+00:00	routing	turborepo	srt-warm	q08	{"beam_policy": "uniform", "beam_width": 3, "max_depth": 5}	latency_s	0.010853125000000574
2026-03-29T20:23:49+00:00	routing	turborepo	srt-warm	q08	{"beam_policy": "waterfill", "beam_width": 3, "max_depth": 5}	ndcg@10	0.7035351153112575
2026-03-29T20:23:49+00:00	routing	turborepo	srt-warm	q08	{"beam_policy": "waterfill", "beam_width": 3, "max_depth": 5}	latency_s	0.009634000000000142
2026-03-29T20:23:49+00:00	routing	turborepo	srt-warm	q08	{"beam_policy": "uniform", "beam_width": 3, "max_depth": 7}	ndcg@10	0.7035351153112575
2026-03-29T20:23:49+00:00	routing	turborepo	srt-warm	q08	{"beam_policy": "uniform", "beam_width": 3, "max_depth": 7}	latency_s	0.010353040999998342
2026-03-29T20:23:49+00:00	routing	turborepo	srt-warm	q08	{"beam_policy": "waterfill", "beam_width": 3, "max_depth": 7}	ndcg@10	0.7035351153112575
2026-03-29T20:23:49+00:00	routing	turborepo	srt-warm	q08	{"beam_policy": "waterfill", "beam_width": 3, "max_depth": 7}	latency_s	0.00850108300000052
2026-03-29T20:23:49+00:00	routing	turborepo	srt-warm	q08	{"beam_policy": "uniform", "beam_width": 3, "max_depth": 10}	ndcg@10	0.7035351153112575
2026-03-29T20:23:49+00:00	routing	turborepo	srt-warm	q08	{"beam_policy": "uniform", "beam_width": 3, "max_depth": 10}	latency_s	0.011766874999999288
2026-03-29T20:23:49+00:00	routing	turborepo	srt-warm	q08	{"beam_policy": "waterfill", "beam_width": 3, "max_depth": 10}	ndcg@10	0.7035351153112575
2026-03-29T20:23:49+00:00	routing	turborepo	srt-warm	q08	{"beam_policy": "waterfill", "beam_width": 3, "max_depth": 10}	latency_s	0.008560292000000302
2026-03-29T20:23:49+00:00	routing	turborepo	srt-warm	q08	{"beam_policy": "uniform", "beam_width": 5, "max_depth": 3}	ndcg@10	0.0
2026-03-29T20:23:49+00:00	routing	turborepo	srt-warm	q08	{"beam_policy": "uniform", "beam_width": 5, "max_depth": 3}	latency_s	0.009056333000000194
2026-03-29T20:23:49+00:00	routing	turborepo	srt-warm	q08	{"beam_policy": "waterfill", "beam_width": 5, "max_depth": 3}	ndcg@10	0.0
2026-03-29T20:23:49+00:00	routing	turborepo	srt-warm	q08	{"beam_policy": "waterfill", "beam_width": 5, "max_depth": 3}	latency_s	0.00803029199999905
2026-03-29T20:23:49+00:00	routing	turborepo	srt-warm	q08	{"beam_policy": "uniform", "beam_width": 5, "max_depth": 5}	ndcg@10	0.6870739308105855
2026-03-29T20:23:49+00:00	routing	turborepo	srt-warm	q08	{"beam_policy": "uniform", "beam_width": 5, "max_depth": 5}	latency_s	0.01495804199999995
2026-03-29T20:23:49+00:00	routing	turborepo	srt-warm	q08	{"beam_policy": "waterfill", "beam_width": 5, "max_depth": 5}	ndcg@10	0.7008014178001641
2026-03-29T20:23:49+00:00	routing	turborepo	srt-warm	q08	{"beam_policy": "waterfill", "beam_width": 5, "max_depth": 5}	latency_s	0.011639959000000033
2026-03-29T20:23:49+00:00	routing	turborepo	srt-warm	q08	{"beam_policy": "uniform", "beam_width": 5, "max_depth": 7}	ndcg@10	0.6512776522440882
2026-03-29T20:23:49+00:00	routing	turborepo	srt-warm	q08	{"beam_policy": "uniform", "beam_width": 5, "max_depth": 7}	latency_s	0.018999499999999614
2026-03-29T20:23:49+00:00	routing	turborepo	srt-warm	q08	{"beam_policy": "waterfill", "beam_width": 5, "max_depth": 7}	ndcg@10	0.7008014178001641
2026-03-29T20:23:49+00:00	routing	turborepo	srt-warm	q08	{"beam_policy": "waterfill", "beam_width": 5, "max_depth": 7}	latency_s	0.013093291000000562
2026-03-29T20:23:49+00:00	routing	turborepo	srt-warm	q08	{"beam_policy": "uniform", "beam_width": 5, "max_depth": 10}	ndcg@10	0.6512776522440882
2026-03-29T20:23:49+00:00	routing	turborepo	srt-warm	q08	{"beam_policy": "uniform", "beam_width": 5, "max_depth": 10}	latency_s	0.020671542000000542
2026-03-29T20:23:49+00:00	routing	turborepo	srt-warm	q08	{"beam_policy": "waterfill", "beam_width": 5, "max_depth": 10}	ndcg@10	0.7008014178001641
2026-03-29T20:23:49+00:00	routing	turborepo	srt-warm	q08	{"beam_policy": "waterfill", "beam_width": 5, "max_depth": 10}	latency_s	0.013501749999999646
2026-03-29T20:23:49+00:00	routing	turborepo	srt-warm	q08	{"beam_policy": "uniform", "beam_width": 7, "max_depth": 3}	ndcg@10	0.0
2026-03-29T20:23:49+00:00	routing	turborepo	srt-warm	q08	{"beam_policy": "uniform", "beam_width": 7, "max_depth": 3}	latency_s	0.009329000000001031
2026-03-29T20:23:49+00:00	routing	turborepo	srt-warm	q08	{"beam_policy": "waterfill", "beam_width": 7, "max_depth": 3}	ndcg@10	0.0
2026-03-29T20:23:49+00:00	routing	turborepo	srt-warm	q08	{"beam_policy": "waterfill", "beam_width": 7, "max_depth": 3}	latency_s	0.010265999999999664
2026-03-29T20:23:49+00:00	routing	turborepo	srt-warm	q08	{"beam_policy": "uniform", "beam_width": 7, "max_depth": 5}	ndcg@10	0.6870739308105855
2026-03-29T20:23:49+00:00	routing	turborepo	srt-warm	q08	{"beam_policy": "uniform", "beam_width": 7, "max_depth": 5}	latency_s	0.01922754199999943
2026-03-29T20:23:49+00:00	routing	turborepo	srt-warm	q08	{"beam_policy": "waterfill", "beam_width": 7, "max_depth": 5}	ndcg@10	0.6870739308105855
2026-03-29T20:23:49+00:00	routing	turborepo	srt-warm	q08	{"beam_policy": "waterfill", "beam_width": 7, "max_depth": 5}	latency_s	0.017895250000000473
2026-03-29T20:23:49+00:00	routing	turborepo	srt-warm	q08	{"beam_policy": "uniform", "beam_width": 7, "max_depth": 7}	ndcg@10	0.6512776522440882
2026-03-29T20:23:49+00:00	routing	turborepo	srt-warm	q08	{"beam_policy": "uniform", "beam_width": 7, "max_depth": 7}	latency_s	0.029515915999999365
2026-03-29T20:23:49+00:00	routing	turborepo	srt-warm	q08	{"beam_policy": "waterfill", "beam_width": 7, "max_depth": 7}	ndcg@10	0.6512776522440882
2026-03-29T20:23:49+00:00	routing	turborepo	srt-warm	q08	{"beam_policy": "waterfill", "beam_width": 7, "max_depth": 7}	latency_s	0.019460416000001146
2026-03-29T20:23:49+00:00	routing	turborepo	srt-warm	q08	{"beam_policy": "uniform", "beam_width": 7, "max_depth": 10}	ndcg@10	0.6512776522440882
2026-03-29T20:23:49+00:00	routing	turborepo	srt-warm	q08	{"beam_policy": "uniform", "beam_width": 7, "max_depth": 10}	latency_s	0.03434108299999927
2026-03-29T20:23:49+00:00	routing	turborepo	srt-warm	q08	{"beam_policy": "waterfill", "beam_width": 7, "max_depth": 10}	ndcg@10	0.6512776522440882
2026-03-29T20:23:49+00:00	routing	turborepo	srt-warm	q08	{"beam_policy": "waterfill", "beam_width": 7, "max_depth": 10}	latency_s	0.019458832999999842
2026-03-29T20:23:49+00:00	routing	turborepo	srt-warm	q08	{"beam_policy": "uniform", "beam_width": 10, "max_depth": 3}	ndcg@10	0.0
2026-03-29T20:23:49+00:00	routing	turborepo	srt-warm	q08	{"beam_policy": "uniform", "beam_width": 10, "max_depth": 3}	latency_s	0.01553091700000131
2026-03-29T20:23:49+00:00	routing	turborepo	srt-warm	q08	{"beam_policy": "waterfill", "beam_width": 10, "max_depth": 3}	ndcg@10	0.0
2026-03-29T20:23:49+00:00	routing	turborepo	srt-warm	q08	{"beam_policy": "waterfill", "beam_width": 10, "max_depth": 3}	latency_s	0.012621333000000234
2026-03-29T20:23:49+00:00	routing	turborepo	srt-warm	q08	{"beam_policy": "uniform", "beam_width": 10, "max_depth": 5}	ndcg@10	0.6870739308105855
2026-03-29T20:23:49+00:00	routing	turborepo	srt-warm	q08	{"beam_policy": "uniform", "beam_width": 10, "max_depth": 5}	latency_s	0.03590354199999979
2026-03-29T20:23:49+00:00	routing	turborepo	srt-warm	q08	{"beam_policy": "waterfill", "beam_width": 10, "max_depth": 5}	ndcg@10	0.6870739308105855
2026-03-29T20:23:49+00:00	routing	turborepo	srt-warm	q08	{"beam_policy": "waterfill", "beam_width": 10, "max_depth": 5}	latency_s	0.020565500000000014
2026-03-29T20:23:49+00:00	routing	turborepo	srt-warm	q08	{"beam_policy": "uniform", "beam_width": 10, "max_depth": 7}	ndcg@10	0.6512776522440882
2026-03-29T20:23:49+00:00	routing	turborepo	srt-warm	q08	{"beam_policy": "uniform", "beam_width": 10, "max_depth": 7}	latency_s	0.04567624999999964
2026-03-29T20:23:49+00:00	routing	turborepo	srt-warm	q08	{"beam_policy": "waterfill", "beam_width": 10, "max_depth": 7}	ndcg@10	0.6512776522440882
2026-03-29T20:23:49+00:00	routing	turborepo	srt-warm	q08	{"beam_policy": "waterfill", "beam_width": 10, "max_depth": 7}	latency_s	0.029816499999999024
2026-03-29T20:23:49+00:00	routing	turborepo	srt-warm	q08	{"beam_policy": "uniform", "beam_width": 10, "max_depth": 10}	ndcg@10	0.6512776522440882
2026-03-29T20:23:49+00:00	routing	turborepo	srt-warm	q08	{"beam_policy": "uniform", "beam_width": 10, "max_depth": 10}	latency_s	0.04806220900000113
2026-03-29T20:23:49+00:00	routing	turborepo	srt-warm	q08	{"beam_policy": "waterfill", "beam_width": 10, "max_depth": 10}	ndcg@10	0.6512776522440882
2026-03-29T20:23:49+00:00	routing	turborepo	srt-warm	q08	{"beam_policy": "waterfill", "beam_width": 10, "max_depth": 10}	latency_s	0.03113337500000135
2026-03-29T20:23:49+00:00	routing	turborepo	srt-warm	q09	{"beam_policy": "uniform", "beam_width": 2, "max_depth": 3}	ndcg@10	0.0
2026-03-29T20:23:49+00:00	routing	turborepo	srt-warm	q09	{"beam_policy": "uniform", "beam_width": 2, "max_depth": 3}	latency_s	0.009323708000000153
2026-03-29T20:23:49+00:00	routing	turborepo	srt-warm	q09	{"beam_policy": "waterfill", "beam_width": 2, "max_depth": 3}	ndcg@10	0.0
2026-03-29T20:23:49+00:00	routing	turborepo	srt-warm	q09	{"beam_policy": "waterfill", "beam_width": 2, "max_depth": 3}	latency_s	0.008237124999999068
2026-03-29T20:23:49+00:00	routing	turborepo	srt-warm	q09	{"beam_policy": "uniform", "beam_width": 2, "max_depth": 5}	ndcg@10	0.6038384577491301
2026-03-29T20:23:49+00:00	routing	turborepo	srt-warm	q09	{"beam_policy": "uniform", "beam_width": 2, "max_depth": 5}	latency_s	0.011046625000000532
2026-03-29T20:23:49+00:00	routing	turborepo	srt-warm	q09	{"beam_policy": "waterfill", "beam_width": 2, "max_depth": 5}	ndcg@10	0.604546555421962
2026-03-29T20:23:49+00:00	routing	turborepo	srt-warm	q09	{"beam_policy": "waterfill", "beam_width": 2, "max_depth": 5}	latency_s	0.007076208000000861
2026-03-29T20:23:49+00:00	routing	turborepo	srt-warm	q09	{"beam_policy": "uniform", "beam_width": 2, "max_depth": 7}	ndcg@10	0.5666497561034882
2026-03-29T20:23:49+00:00	routing	turborepo	srt-warm	q09	{"beam_policy": "uniform", "beam_width": 2, "max_depth": 7}	latency_s	0.008368792000000624
2026-03-29T20:23:49+00:00	routing	turborepo	srt-warm	q09	{"beam_policy": "waterfill", "beam_width": 2, "max_depth": 7}	ndcg@10	0.604546555421962
2026-03-29T20:23:49+00:00	routing	turborepo	srt-warm	q09	{"beam_policy": "waterfill", "beam_width": 2, "max_depth": 7}	latency_s	0.008669125000000832
2026-03-29T20:23:49+00:00	routing	turborepo	srt-warm	q09	{"beam_policy": "uniform", "beam_width": 2, "max_depth": 10}	ndcg@10	0.5666497561034882
2026-03-29T20:23:49+00:00	routing	turborepo	srt-warm	q09	{"beam_policy": "uniform", "beam_width": 2, "max_depth": 10}	latency_s	0.008829958999999832
2026-03-29T20:23:49+00:00	routing	turborepo	srt-warm	q09	{"beam_policy": "waterfill", "beam_width": 2, "max_depth": 10}	ndcg@10	0.604546555421962
2026-03-29T20:23:49+00:00	routing	turborepo	srt-warm	q09	{"beam_policy": "waterfill", "beam_width": 2, "max_depth": 10}	latency_s	0.009010667000000083
2026-03-29T20:23:49+00:00	routing	turborepo	srt-warm	q09	{"beam_policy": "uniform", "beam_width": 3, "max_depth": 3}	ndcg@10	0.0
2026-03-29T20:23:49+00:00	routing	turborepo	srt-warm	q09	{"beam_policy": "uniform", "beam_width": 3, "max_depth": 3}	latency_s	0.007889042000000401
2026-03-29T20:23:49+00:00	routing	turborepo	srt-warm	q09	{"beam_policy": "waterfill", "beam_width": 3, "max_depth": 3}	ndcg@10	0.0
2026-03-29T20:23:49+00:00	routing	turborepo	srt-warm	q09	{"beam_policy": "waterfill", "beam_width": 3, "max_depth": 3}	latency_s	0.006060542000000169
2026-03-29T20:23:49+00:00	routing	turborepo	srt-warm	q09	{"beam_policy": "uniform", "beam_width": 3, "max_depth": 5}	ndcg@10	0.6038384577491301
2026-03-29T20:23:49+00:00	routing	turborepo	srt-warm	q09	{"beam_policy": "uniform", "beam_width": 3, "max_depth": 5}	latency_s	0.010429374999999297
2026-03-29T20:23:49+00:00	routing	turborepo	srt-warm	q09	{"beam_policy": "waterfill", "beam_width": 3, "max_depth": 5}	ndcg@10	0.6038384577491301
2026-03-29T20:23:49+00:00	routing	turborepo	srt-warm	q09	{"beam_policy": "waterfill", "beam_width": 3, "max_depth": 5}	latency_s	0.010304125000001108
2026-03-29T20:23:49+00:00	routing	turborepo	srt-warm	q09	{"beam_policy": "uniform", "beam_width": 3, "max_depth": 7}	ndcg@10	0.5666497561034882
2026-03-29T20:23:49+00:00	routing	turborepo	srt-warm	q09	{"beam_policy": "uniform", "beam_width": 3, "max_depth": 7}	latency_s	0.011151916000001094
2026-03-29T20:23:49+00:00	routing	turborepo	srt-warm	q09	{"beam_policy": "waterfill", "beam_width": 3, "max_depth": 7}	ndcg@10	0.5666497561034882
2026-03-29T20:23:49+00:00	routing	turborepo	srt-warm	q09	{"beam_policy": "waterfill", "beam_width": 3, "max_depth": 7}	latency_s	0.008767374999999689
2026-03-29T20:23:49+00:00	routing	turborepo	srt-warm	q09	{"beam_policy": "uniform", "beam_width": 3, "max_depth": 10}	ndcg@10	0.5666497561034882
2026-03-29T20:23:49+00:00	routing	turborepo	srt-warm	q09	{"beam_policy": "uniform", "beam_width": 3, "max_depth": 10}	latency_s	0.011375624999999445
2026-03-29T20:23:49+00:00	routing	turborepo	srt-warm	q09	{"beam_policy": "waterfill", "beam_width": 3, "max_depth": 10}	ndcg@10	0.5666497561034882
2026-03-29T20:23:49+00:00	routing	turborepo	srt-warm	q09	{"beam_policy": "waterfill", "beam_width": 3, "max_depth": 10}	latency_s	0.012001084000001327
2026-03-29T20:23:49+00:00	routing	turborepo	srt-warm	q09	{"beam_policy": "uniform", "beam_width": 5, "max_depth": 3}	ndcg@10	0.0
2026-03-29T20:23:49+00:00	routing	turborepo	srt-warm	q09	{"beam_policy": "uniform", "beam_width": 5, "max_depth": 3}	latency_s	0.014611792000000179
2026-03-29T20:23:49+00:00	routing	turborepo	srt-warm	q09	{"beam_policy": "waterfill", "beam_width": 5, "max_depth": 3}	ndcg@10	0.0
2026-03-29T20:23:49+00:00	routing	turborepo	srt-warm	q09	{"beam_policy": "waterfill", "beam_width": 5, "max_depth": 3}	latency_s	0.009517875000000231
2026-03-29T20:23:49+00:00	routing	turborepo	srt-warm	q09	{"beam_policy": "uniform", "beam_width": 5, "max_depth": 5}	ndcg@10	0.6038384577491301
2026-03-29T20:23:49+00:00	routing	turborepo	srt-warm	q09	{"beam_policy": "uniform", "beam_width": 5, "max_depth": 5}	latency_s	0.03317533300000086
2026-03-29T20:23:49+00:00	routing	turborepo	srt-warm	q09	{"beam_policy": "waterfill", "beam_width": 5, "max_depth": 5}	ndcg@10	0.6038384577491301
2026-03-29T20:23:49+00:00	routing	turborepo	srt-warm	q09	{"beam_policy": "waterfill", "beam_width": 5, "max_depth": 5}	latency_s	0.020440749999998786
2026-03-29T20:23:49+00:00	routing	turborepo	srt-warm	q09	{"beam_policy": "uniform", "beam_width": 5, "max_depth": 7}	ndcg@10	0.5666497561034882
2026-03-29T20:23:49+00:00	routing	turborepo	srt-warm	q09	{"beam_policy": "uniform", "beam_width": 5, "max_depth": 7}	latency_s	0.05117249999999984
2026-03-29T20:23:50+00:00	routing	turborepo	srt-warm	q09	{"beam_policy": "waterfill", "beam_width": 5, "max_depth": 7}	ndcg@10	0.5666497561034882
2026-03-29T20:23:50+00:00	routing	turborepo	srt-warm	q09	{"beam_policy": "waterfill", "beam_width": 5, "max_depth": 7}	latency_s	0.019784291000000565
2026-03-29T20:23:50+00:00	routing	turborepo	srt-warm	q09	{"beam_policy": "uniform", "beam_width": 5, "max_depth": 10}	ndcg@10	0.5666497561034882
2026-03-29T20:23:50+00:00	routing	turborepo	srt-warm	q09	{"beam_policy": "uniform", "beam_width": 5, "max_depth": 10}	latency_s	0.04664412500000026
2026-03-29T20:23:50+00:00	routing	turborepo	srt-warm	q09	{"beam_policy": "waterfill", "beam_width": 5, "max_depth": 10}	ndcg@10	0.5666497561034882
2026-03-29T20:23:50+00:00	routing	turborepo	srt-warm	q09	{"beam_policy": "waterfill", "beam_width": 5, "max_depth": 10}	latency_s	0.020473583000001128
2026-03-29T20:23:50+00:00	routing	turborepo	srt-warm	q09	{"beam_policy": "uniform", "beam_width": 7, "max_depth": 3}	ndcg@10	0.0
2026-03-29T20:23:50+00:00	routing	turborepo	srt-warm	q09	{"beam_policy": "uniform", "beam_width": 7, "max_depth": 3}	latency_s	0.015859166000000258
2026-03-29T20:23:50+00:00	routing	turborepo	srt-warm	q09	{"beam_policy": "waterfill", "beam_width": 7, "max_depth": 3}	ndcg@10	0.0
2026-03-29T20:23:50+00:00	routing	turborepo	srt-warm	q09	{"beam_policy": "waterfill", "beam_width": 7, "max_depth": 3}	latency_s	0.01418774999999961
2026-03-29T20:23:50+00:00	routing	turborepo	srt-warm	q09	{"beam_policy": "uniform", "beam_width": 7, "max_depth": 5}	ndcg@10	0.6038384577491301
2026-03-29T20:23:50+00:00	routing	turborepo	srt-warm	q09	{"beam_policy": "uniform", "beam_width": 7, "max_depth": 5}	latency_s	0.03940799999999989
2026-03-29T20:23:50+00:00	routing	turborepo	srt-warm	q09	{"beam_policy": "waterfill", "beam_width": 7, "max_depth": 5}	ndcg@10	0.6038384577491301
2026-03-29T20:23:50+00:00	routing	turborepo	srt-warm	q09	{"beam_policy": "waterfill", "beam_width": 7, "max_depth": 5}	latency_s	0.034530082999999934
2026-03-29T20:23:50+00:00	routing	turborepo	srt-warm	q09	{"beam_policy": "uniform", "beam_width": 7, "max_depth": 7}	ndcg@10	0.4014158874623092
2026-03-29T20:23:50+00:00	routing	turborepo	srt-warm	q09	{"beam_policy": "uniform", "beam_width": 7, "max_depth": 7}	latency_s	0.059532000000000806
2026-03-29T20:23:50+00:00	routing	turborepo	srt-warm	q09	{"beam_policy": "waterfill", "beam_width": 7, "max_depth": 7}	ndcg@10	0.5666497561034882
2026-03-29T20:23:50+00:00	routing	turborepo	srt-warm	q09	{"beam_policy": "waterfill", "beam_width": 7, "max_depth": 7}	latency_s	0.043451209000000546
2026-03-29T20:23:50+00:00	routing	turborepo	srt-warm	q09	{"beam_policy": "uniform", "beam_width": 7, "max_depth": 10}	ndcg@10	0.4014158874623092
2026-03-29T20:23:50+00:00	routing	turborepo	srt-warm	q09	{"beam_policy": "uniform", "beam_width": 7, "max_depth": 10}	latency_s	0.05614879100000003
2026-03-29T20:23:50+00:00	routing	turborepo	srt-warm	q09	{"beam_policy": "waterfill", "beam_width": 7, "max_depth": 10}	ndcg@10	0.5666497561034882
2026-03-29T20:23:50+00:00	routing	turborepo	srt-warm	q09	{"beam_policy": "waterfill", "beam_width": 7, "max_depth": 10}	latency_s	0.04730929199999956
2026-03-29T20:23:50+00:00	routing	turborepo	srt-warm	q09	{"beam_policy": "uniform", "beam_width": 10, "max_depth": 3}	ndcg@10	0.0
2026-03-29T20:23:50+00:00	routing	turborepo	srt-warm	q09	{"beam_policy": "uniform", "beam_width": 10, "max_depth": 3}	latency_s	0.01822650000000081
2026-03-29T20:23:50+00:00	routing	turborepo	srt-warm	q09	{"beam_policy": "waterfill", "beam_width": 10, "max_depth": 3}	ndcg@10	0.0
2026-03-29T20:23:50+00:00	routing	turborepo	srt-warm	q09	{"beam_policy": "waterfill", "beam_width": 10, "max_depth": 3}	latency_s	0.017734332999999936
2026-03-29T20:23:50+00:00	routing	turborepo	srt-warm	q09	{"beam_policy": "uniform", "beam_width": 10, "max_depth": 5}	ndcg@10	0.6038384577491301
2026-03-29T20:23:50+00:00	routing	turborepo	srt-warm	q09	{"beam_policy": "uniform", "beam_width": 10, "max_depth": 5}	latency_s	0.051998542000001535
2026-03-29T20:23:50+00:00	routing	turborepo	srt-warm	q09	{"beam_policy": "waterfill", "beam_width": 10, "max_depth": 5}	ndcg@10	0.6038384577491301
2026-03-29T20:23:50+00:00	routing	turborepo	srt-warm	q09	{"beam_policy": "waterfill", "beam_width": 10, "max_depth": 5}	latency_s	0.04096704200000012
2026-03-29T20:23:50+00:00	routing	turborepo	srt-warm	q09	{"beam_policy": "uniform", "beam_width": 10, "max_depth": 7}	ndcg@10	0.4014158874623092
2026-03-29T20:23:50+00:00	routing	turborepo	srt-warm	q09	{"beam_policy": "uniform", "beam_width": 10, "max_depth": 7}	latency_s	0.07729412499999988
2026-03-29T20:23:50+00:00	routing	turborepo	srt-warm	q09	{"beam_policy": "waterfill", "beam_width": 10, "max_depth": 7}	ndcg@10	0.4014158874623092
2026-03-29T20:23:50+00:00	routing	turborepo	srt-warm	q09	{"beam_policy": "waterfill", "beam_width": 10, "max_depth": 7}	latency_s	0.06099020799999977
2026-03-29T20:23:50+00:00	routing	turborepo	srt-warm	q09	{"beam_policy": "uniform", "beam_width": 10, "max_depth": 10}	ndcg@10	0.4014158874623092
2026-03-29T20:23:50+00:00	routing	turborepo	srt-warm	q09	{"beam_policy": "uniform", "beam_width": 10, "max_depth": 10}	latency_s	0.08019362499999971
2026-03-29T20:23:50+00:00	routing	turborepo	srt-warm	q09	{"beam_policy": "waterfill", "beam_width": 10, "max_depth": 10}	ndcg@10	0.4014158874623092
2026-03-29T20:23:50+00:00	routing	turborepo	srt-warm	q09	{"beam_policy": "waterfill", "beam_width": 10, "max_depth": 10}	latency_s	0.059680666000000215
2026-03-29T20:23:51+00:00	routing	turborepo	srt-warm	q10	{"beam_policy": "uniform", "beam_width": 2, "max_depth": 3}	ndcg@10	0.0
2026-03-29T20:23:51+00:00	routing	turborepo	srt-warm	q10	{"beam_policy": "uniform", "beam_width": 2, "max_depth": 3}	latency_s	0.007380500000000012
2026-03-29T20:23:51+00:00	routing	turborepo	srt-warm	q10	{"beam_policy": "waterfill", "beam_width": 2, "max_depth": 3}	ndcg@10	0.0
2026-03-29T20:23:51+00:00	routing	turborepo	srt-warm	q10	{"beam_policy": "waterfill", "beam_width": 2, "max_depth": 3}	latency_s	0.010007625000000075
2026-03-29T20:23:51+00:00	routing	turborepo	srt-warm	q10	{"beam_policy": "uniform", "beam_width": 2, "max_depth": 5}	ndcg@10	0.0
2026-03-29T20:23:51+00:00	routing	turborepo	srt-warm	q10	{"beam_policy": "uniform", "beam_width": 2, "max_depth": 5}	latency_s	0.009014833000000166
2026-03-29T20:23:51+00:00	routing	turborepo	srt-warm	q10	{"beam_policy": "waterfill", "beam_width": 2, "max_depth": 5}	ndcg@10	0.0
2026-03-29T20:23:51+00:00	routing	turborepo	srt-warm	q10	{"beam_policy": "waterfill", "beam_width": 2, "max_depth": 5}	latency_s	0.0075841249999992755
2026-03-29T20:23:51+00:00	routing	turborepo	srt-warm	q10	{"beam_policy": "uniform", "beam_width": 2, "max_depth": 7}	ndcg@10	0.0
2026-03-29T20:23:51+00:00	routing	turborepo	srt-warm	q10	{"beam_policy": "uniform", "beam_width": 2, "max_depth": 7}	latency_s	0.00864933299999926
2026-03-29T20:23:51+00:00	routing	turborepo	srt-warm	q10	{"beam_policy": "waterfill", "beam_width": 2, "max_depth": 7}	ndcg@10	0.0
2026-03-29T20:23:51+00:00	routing	turborepo	srt-warm	q10	{"beam_policy": "waterfill", "beam_width": 2, "max_depth": 7}	latency_s	0.007933417000000276
2026-03-29T20:23:51+00:00	routing	turborepo	srt-warm	q10	{"beam_policy": "uniform", "beam_width": 2, "max_depth": 10}	ndcg@10	0.0
2026-03-29T20:23:51+00:00	routing	turborepo	srt-warm	q10	{"beam_policy": "uniform", "beam_width": 2, "max_depth": 10}	latency_s	0.008369791999999876
2026-03-29T20:23:51+00:00	routing	turborepo	srt-warm	q10	{"beam_policy": "waterfill", "beam_width": 2, "max_depth": 10}	ndcg@10	0.0
2026-03-29T20:23:51+00:00	routing	turborepo	srt-warm	q10	{"beam_policy": "waterfill", "beam_width": 2, "max_depth": 10}	latency_s	0.00685191700000054
2026-03-29T20:23:51+00:00	routing	turborepo	srt-warm	q10	{"beam_policy": "uniform", "beam_width": 3, "max_depth": 3}	ndcg@10	0.0
2026-03-29T20:23:51+00:00	routing	turborepo	srt-warm	q10	{"beam_policy": "uniform", "beam_width": 3, "max_depth": 3}	latency_s	0.008311875000000413
2026-03-29T20:23:51+00:00	routing	turborepo	srt-warm	q10	{"beam_policy": "waterfill", "beam_width": 3, "max_depth": 3}	ndcg@10	0.0
2026-03-29T20:23:51+00:00	routing	turborepo	srt-warm	q10	{"beam_policy": "waterfill", "beam_width": 3, "max_depth": 3}	latency_s	0.009256708000000557
2026-03-29T20:23:51+00:00	routing	turborepo	srt-warm	q10	{"beam_policy": "uniform", "beam_width": 3, "max_depth": 5}	ndcg@10	0.0
2026-03-29T20:23:51+00:00	routing	turborepo	srt-warm	q10	{"beam_policy": "uniform", "beam_width": 3, "max_depth": 5}	latency_s	0.008988999999999692
2026-03-29T20:23:51+00:00	routing	turborepo	srt-warm	q10	{"beam_policy": "waterfill", "beam_width": 3, "max_depth": 5}	ndcg@10	0.0
2026-03-29T20:23:51+00:00	routing	turborepo	srt-warm	q10	{"beam_policy": "waterfill", "beam_width": 3, "max_depth": 5}	latency_s	0.010504834000000685
2026-03-29T20:23:51+00:00	routing	turborepo	srt-warm	q10	{"beam_policy": "uniform", "beam_width": 3, "max_depth": 7}	ndcg@10	0.0
2026-03-29T20:23:51+00:00	routing	turborepo	srt-warm	q10	{"beam_policy": "uniform", "beam_width": 3, "max_depth": 7}	latency_s	0.010129084000000788
2026-03-29T20:23:51+00:00	routing	turborepo	srt-warm	q10	{"beam_policy": "waterfill", "beam_width": 3, "max_depth": 7}	ndcg@10	0.0
2026-03-29T20:23:51+00:00	routing	turborepo	srt-warm	q10	{"beam_policy": "waterfill", "beam_width": 3, "max_depth": 7}	latency_s	0.008023166999999276
2026-03-29T20:23:51+00:00	routing	turborepo	srt-warm	q10	{"beam_policy": "uniform", "beam_width": 3, "max_depth": 10}	ndcg@10	0.0
2026-03-29T20:23:51+00:00	routing	turborepo	srt-warm	q10	{"beam_policy": "uniform", "beam_width": 3, "max_depth": 10}	latency_s	0.013954791999999827
2026-03-29T20:23:51+00:00	routing	turborepo	srt-warm	q10	{"beam_policy": "waterfill", "beam_width": 3, "max_depth": 10}	ndcg@10	0.0
2026-03-29T20:23:51+00:00	routing	turborepo	srt-warm	q10	{"beam_policy": "waterfill", "beam_width": 3, "max_depth": 10}	latency_s	0.011624249999998781
2026-03-29T20:23:51+00:00	routing	turborepo	srt-warm	q10	{"beam_policy": "uniform", "beam_width": 5, "max_depth": 3}	ndcg@10	0.0
2026-03-29T20:23:51+00:00	routing	turborepo	srt-warm	q10	{"beam_policy": "uniform", "beam_width": 5, "max_depth": 3}	latency_s	0.008152625000001024
2026-03-29T20:23:51+00:00	routing	turborepo	srt-warm	q10	{"beam_policy": "waterfill", "beam_width": 5, "max_depth": 3}	ndcg@10	0.0
2026-03-29T20:23:51+00:00	routing	turborepo	srt-warm	q10	{"beam_policy": "waterfill", "beam_width": 5, "max_depth": 3}	latency_s	0.009275792000000394
2026-03-29T20:23:51+00:00	routing	turborepo	srt-warm	q10	{"beam_policy": "uniform", "beam_width": 5, "max_depth": 5}	ndcg@10	0.0
2026-03-29T20:23:51+00:00	routing	turborepo	srt-warm	q10	{"beam_policy": "uniform", "beam_width": 5, "max_depth": 5}	latency_s	0.014491542000000024
2026-03-29T20:23:51+00:00	routing	turborepo	srt-warm	q10	{"beam_policy": "waterfill", "beam_width": 5, "max_depth": 5}	ndcg@10	0.0
2026-03-29T20:23:51+00:00	routing	turborepo	srt-warm	q10	{"beam_policy": "waterfill", "beam_width": 5, "max_depth": 5}	latency_s	0.009833750000000308
2026-03-29T20:23:51+00:00	routing	turborepo	srt-warm	q10	{"beam_policy": "uniform", "beam_width": 5, "max_depth": 7}	ndcg@10	0.0
2026-03-29T20:23:51+00:00	routing	turborepo	srt-warm	q10	{"beam_policy": "uniform", "beam_width": 5, "max_depth": 7}	latency_s	0.01484633299999949
2026-03-29T20:23:51+00:00	routing	turborepo	srt-warm	q10	{"beam_policy": "waterfill", "beam_width": 5, "max_depth": 7}	ndcg@10	0.0
2026-03-29T20:23:51+00:00	routing	turborepo	srt-warm	q10	{"beam_policy": "waterfill", "beam_width": 5, "max_depth": 7}	latency_s	0.009349124999999958
2026-03-29T20:23:51+00:00	routing	turborepo	srt-warm	q10	{"beam_policy": "uniform", "beam_width": 5, "max_depth": 10}	ndcg@10	0.0
2026-03-29T20:23:51+00:00	routing	turborepo	srt-warm	q10	{"beam_policy": "uniform", "beam_width": 5, "max_depth": 10}	latency_s	0.013344958000001128
2026-03-29T20:23:51+00:00	routing	turborepo	srt-warm	q10	{"beam_policy": "waterfill", "beam_width": 5, "max_depth": 10}	ndcg@10	0.0
2026-03-29T20:23:51+00:00	routing	turborepo	srt-warm	q10	{"beam_policy": "waterfill", "beam_width": 5, "max_depth": 10}	latency_s	0.010054207999999676
2026-03-29T20:23:51+00:00	routing	turborepo	srt-warm	q10	{"beam_policy": "uniform", "beam_width": 7, "max_depth": 3}	ndcg@10	0.0
2026-03-29T20:23:51+00:00	routing	turborepo	srt-warm	q10	{"beam_policy": "uniform", "beam_width": 7, "max_depth": 3}	latency_s	0.009403708000000677
2026-03-29T20:23:51+00:00	routing	turborepo	srt-warm	q10	{"beam_policy": "waterfill", "beam_width": 7, "max_depth": 3}	ndcg@10	0.0
2026-03-29T20:23:51+00:00	routing	turborepo	srt-warm	q10	{"beam_policy": "waterfill", "beam_width": 7, "max_depth": 3}	latency_s	0.007513582999999713
2026-03-29T20:23:51+00:00	routing	turborepo	srt-warm	q10	{"beam_policy": "uniform", "beam_width": 7, "max_depth": 5}	ndcg@10	0.5591188723806216
2026-03-29T20:23:51+00:00	routing	turborepo	srt-warm	q10	{"beam_policy": "uniform", "beam_width": 7, "max_depth": 5}	latency_s	0.02659262499999926
2026-03-29T20:23:51+00:00	routing	turborepo	srt-warm	q10	{"beam_policy": "waterfill", "beam_width": 7, "max_depth": 5}	ndcg@10	0.0
2026-03-29T20:23:51+00:00	routing	turborepo	srt-warm	q10	{"beam_policy": "waterfill", "beam_width": 7, "max_depth": 5}	latency_s	0.01550195799999976
2026-03-29T20:23:51+00:00	routing	turborepo	srt-warm	q10	{"beam_policy": "uniform", "beam_width": 7, "max_depth": 7}	ndcg@10	0.5481182472940602
2026-03-29T20:23:51+00:00	routing	turborepo	srt-warm	q10	{"beam_policy": "uniform", "beam_width": 7, "max_depth": 7}	latency_s	0.037044375000000684
2026-03-29T20:23:51+00:00	routing	turborepo	srt-warm	q10	{"beam_policy": "waterfill", "beam_width": 7, "max_depth": 7}	ndcg@10	0.0
2026-03-29T20:23:51+00:00	routing	turborepo	srt-warm	q10	{"beam_policy": "waterfill", "beam_width": 7, "max_depth": 7}	latency_s	0.013792457999999286
2026-03-29T20:23:51+00:00	routing	turborepo	srt-warm	q10	{"beam_policy": "uniform", "beam_width": 7, "max_depth": 10}	ndcg@10	0.5481182472940602
2026-03-29T20:23:51+00:00	routing	turborepo	srt-warm	q10	{"beam_policy": "uniform", "beam_width": 7, "max_depth": 10}	latency_s	0.034350667
2026-03-29T20:23:51+00:00	routing	turborepo	srt-warm	q10	{"beam_policy": "waterfill", "beam_width": 7, "max_depth": 10}	ndcg@10	0.0
2026-03-29T20:23:51+00:00	routing	turborepo	srt-warm	q10	{"beam_policy": "waterfill", "beam_width": 7, "max_depth": 10}	latency_s	0.015452249999999168
2026-03-29T20:23:51+00:00	routing	turborepo	srt-warm	q10	{"beam_policy": "uniform", "beam_width": 10, "max_depth": 3}	ndcg@10	0.0
2026-03-29T20:23:51+00:00	routing	turborepo	srt-warm	q10	{"beam_policy": "uniform", "beam_width": 10, "max_depth": 3}	latency_s	0.015244040999998987
2026-03-29T20:23:51+00:00	routing	turborepo	srt-warm	q10	{"beam_policy": "waterfill", "beam_width": 10, "max_depth": 3}	ndcg@10	0.0
2026-03-29T20:23:51+00:00	routing	turborepo	srt-warm	q10	{"beam_policy": "waterfill", "beam_width": 10, "max_depth": 3}	latency_s	0.01026762500000089
2026-03-29T20:23:51+00:00	routing	turborepo	srt-warm	q10	{"beam_policy": "uniform", "beam_width": 10, "max_depth": 5}	ndcg@10	0.5591188723806216
2026-03-29T20:23:51+00:00	routing	turborepo	srt-warm	q10	{"beam_policy": "uniform", "beam_width": 10, "max_depth": 5}	latency_s	0.039712333000000655
2026-03-29T20:23:51+00:00	routing	turborepo	srt-warm	q10	{"beam_policy": "waterfill", "beam_width": 10, "max_depth": 5}	ndcg@10	0.5591188723806216
2026-03-29T20:23:51+00:00	routing	turborepo	srt-warm	q10	{"beam_policy": "waterfill", "beam_width": 10, "max_depth": 5}	latency_s	0.02595379200000103
2026-03-29T20:23:51+00:00	routing	turborepo	srt-warm	q10	{"beam_policy": "uniform", "beam_width": 10, "max_depth": 7}	ndcg@10	0.5481182472940602
2026-03-29T20:23:51+00:00	routing	turborepo	srt-warm	q10	{"beam_policy": "uniform", "beam_width": 10, "max_depth": 7}	latency_s	0.0658875830000003
2026-03-29T20:23:51+00:00	routing	turborepo	srt-warm	q10	{"beam_policy": "waterfill", "beam_width": 10, "max_depth": 7}	ndcg@10	0.5481182472940602
2026-03-29T20:23:51+00:00	routing	turborepo	srt-warm	q10	{"beam_policy": "waterfill", "beam_width": 10, "max_depth": 7}	latency_s	0.03512116699999979
2026-03-29T20:23:51+00:00	routing	turborepo	srt-warm	q10	{"beam_policy": "uniform", "beam_width": 10, "max_depth": 10}	ndcg@10	0.5481182472940602
2026-03-29T20:23:51+00:00	routing	turborepo	srt-warm	q10	{"beam_policy": "uniform", "beam_width": 10, "max_depth": 10}	latency_s	0.07538333400000141
2026-03-29T20:23:51+00:00	routing	turborepo	srt-warm	q10	{"beam_policy": "waterfill", "beam_width": 10, "max_depth": 10}	ndcg@10	0.5481182472940602
2026-03-29T20:23:51+00:00	routing	turborepo	srt-warm	q10	{"beam_policy": "waterfill", "beam_width": 10, "max_depth": 10}	latency_s	0.04488662500000018
2026-03-29T20:23:51+00:00	routing	turborepo	srt-warm	q11	{"beam_policy": "uniform", "beam_width": 2, "max_depth": 3}	ndcg@10	0.0
2026-03-29T20:23:51+00:00	routing	turborepo	srt-warm	q11	{"beam_policy": "uniform", "beam_width": 2, "max_depth": 3}	latency_s	0.009289624999999191
2026-03-29T20:23:51+00:00	routing	turborepo	srt-warm	q11	{"beam_policy": "waterfill", "beam_width": 2, "max_depth": 3}	ndcg@10	0.0
2026-03-29T20:23:51+00:00	routing	turborepo	srt-warm	q11	{"beam_policy": "waterfill", "beam_width": 2, "max_depth": 3}	latency_s	0.008616416000000626
2026-03-29T20:23:51+00:00	routing	turborepo	srt-warm	q11	{"beam_policy": "uniform", "beam_width": 2, "max_depth": 5}	ndcg@10	0.09093333028617998
2026-03-29T20:23:51+00:00	routing	turborepo	srt-warm	q11	{"beam_policy": "uniform", "beam_width": 2, "max_depth": 5}	latency_s	0.01147500000000079
2026-03-29T20:23:51+00:00	routing	turborepo	srt-warm	q11	{"beam_policy": "waterfill", "beam_width": 2, "max_depth": 5}	ndcg@10	0.729759289538489
2026-03-29T20:23:51+00:00	routing	turborepo	srt-warm	q11	{"beam_policy": "waterfill", "beam_width": 2, "max_depth": 5}	latency_s	0.007417583999998811
2026-03-29T20:23:51+00:00	routing	turborepo	srt-warm	q11	{"beam_policy": "uniform", "beam_width": 2, "max_depth": 7}	ndcg@10	0.09093333028617998
2026-03-29T20:23:51+00:00	routing	turborepo	srt-warm	q11	{"beam_policy": "uniform", "beam_width": 2, "max_depth": 7}	latency_s	0.008954541999999677
2026-03-29T20:23:51+00:00	routing	turborepo	srt-warm	q11	{"beam_policy": "waterfill", "beam_width": 2, "max_depth": 7}	ndcg@10	0.729759289538489
2026-03-29T20:23:51+00:00	routing	turborepo	srt-warm	q11	{"beam_policy": "waterfill", "beam_width": 2, "max_depth": 7}	latency_s	0.0073250409999996435
2026-03-29T20:23:51+00:00	routing	turborepo	srt-warm	q11	{"beam_policy": "uniform", "beam_width": 2, "max_depth": 10}	ndcg@10	0.09093333028617998
2026-03-29T20:23:51+00:00	routing	turborepo	srt-warm	q11	{"beam_policy": "uniform", "beam_width": 2, "max_depth": 10}	latency_s	0.011950374999999624
2026-03-29T20:23:51+00:00	routing	turborepo	srt-warm	q11	{"beam_policy": "waterfill", "beam_width": 2, "max_depth": 10}	ndcg@10	0.729759289538489
2026-03-29T20:23:51+00:00	routing	turborepo	srt-warm	q11	{"beam_policy": "waterfill", "beam_width": 2, "max_depth": 10}	latency_s	0.011816666999999725
2026-03-29T20:23:51+00:00	routing	turborepo	srt-warm	q11	{"beam_policy": "uniform", "beam_width": 3, "max_depth": 3}	ndcg@10	0.0
2026-03-29T20:23:51+00:00	routing	turborepo	srt-warm	q11	{"beam_policy": "uniform", "beam_width": 3, "max_depth": 3}	latency_s	0.007988166000000518
2026-03-29T20:23:51+00:00	routing	turborepo	srt-warm	q11	{"beam_policy": "waterfill", "beam_width": 3, "max_depth": 3}	ndcg@10	0.0
2026-03-29T20:23:51+00:00	routing	turborepo	srt-warm	q11	{"beam_policy": "waterfill", "beam_width": 3, "max_depth": 3}	latency_s	0.011312082999999973
2026-03-29T20:23:51+00:00	routing	turborepo	srt-warm	q11	{"beam_policy": "uniform", "beam_width": 3, "max_depth": 5}	ndcg@10	0.7226477789655257
2026-03-29T20:23:51+00:00	routing	turborepo	srt-warm	q11	{"beam_policy": "uniform", "beam_width": 3, "max_depth": 5}	latency_s	0.012438790999999227
2026-03-29T20:23:51+00:00	routing	turborepo	srt-warm	q11	{"beam_policy": "waterfill", "beam_width": 3, "max_depth": 5}	ndcg@10	0.729759289538489
2026-03-29T20:23:51+00:00	routing	turborepo	srt-warm	q11	{"beam_policy": "waterfill", "beam_width": 3, "max_depth": 5}	latency_s	0.008579000000001002
2026-03-29T20:23:51+00:00	routing	turborepo	srt-warm	q11	{"beam_policy": "uniform", "beam_width": 3, "max_depth": 7}	ndcg@10	0.7226477789655257
2026-03-29T20:23:51+00:00	routing	turborepo	srt-warm	q11	{"beam_policy": "uniform", "beam_width": 3, "max_depth": 7}	latency_s	0.012390874999999468
2026-03-29T20:23:51+00:00	routing	turborepo	srt-warm	q11	{"beam_policy": "waterfill", "beam_width": 3, "max_depth": 7}	ndcg@10	0.729759289538489
2026-03-29T20:23:51+00:00	routing	turborepo	srt-warm	q11	{"beam_policy": "waterfill", "beam_width": 3, "max_depth": 7}	latency_s	0.011657708999999628
2026-03-29T20:23:51+00:00	routing	turborepo	srt-warm	q11	{"beam_policy": "uniform", "beam_width": 3, "max_depth": 10}	ndcg@10	0.7226477789655257
2026-03-29T20:23:51+00:00	routing	turborepo	srt-warm	q11	{"beam_policy": "uniform", "beam_width": 3, "max_depth": 10}	latency_s	0.010982416999999245
2026-03-29T20:23:51+00:00	routing	turborepo	srt-warm	q11	{"beam_policy": "waterfill", "beam_width": 3, "max_depth": 10}	ndcg@10	0.729759289538489
2026-03-29T20:23:51+00:00	routing	turborepo	srt-warm	q11	{"beam_policy": "waterfill", "beam_width": 3, "max_depth": 10}	latency_s	0.008378458999999339
2026-03-29T20:23:51+00:00	routing	turborepo	srt-warm	q11	{"beam_policy": "uniform", "beam_width": 5, "max_depth": 3}	ndcg@10	0.0
2026-03-29T20:23:51+00:00	routing	turborepo	srt-warm	q11	{"beam_policy": "uniform", "beam_width": 5, "max_depth": 3}	latency_s	0.013126166999999356
2026-03-29T20:23:51+00:00	routing	turborepo	srt-warm	q11	{"beam_policy": "waterfill", "beam_width": 5, "max_depth": 3}	ndcg@10	0.0
2026-03-29T20:23:51+00:00	routing	turborepo	srt-warm	q11	{"beam_policy": "waterfill", "beam_width": 5, "max_depth": 3}	latency_s	0.007485000000000852
2026-03-29T20:23:51+00:00	routing	turborepo	srt-warm	q11	{"beam_policy": "uniform", "beam_width": 5, "max_depth": 5}	ndcg@10	0.7226477789655257
2026-03-29T20:23:51+00:00	routing	turborepo	srt-warm	q11	{"beam_policy": "uniform", "beam_width": 5, "max_depth": 5}	latency_s	0.016670040999999358
2026-03-29T20:23:51+00:00	routing	turborepo	srt-warm	q11	{"beam_policy": "waterfill", "beam_width": 5, "max_depth": 5}	ndcg@10	0.7226477789655257
2026-03-29T20:23:51+00:00	routing	turborepo	srt-warm	q11	{"beam_policy": "waterfill", "beam_width": 5, "max_depth": 5}	latency_s	0.01122912499999984
2026-03-29T20:23:52+00:00	routing	turborepo	srt-warm	q11	{"beam_policy": "uniform", "beam_width": 5, "max_depth": 7}	ndcg@10	0.7167530003667713
2026-03-29T20:23:52+00:00	routing	turborepo	srt-warm	q11	{"beam_policy": "uniform", "beam_width": 5, "max_depth": 7}	latency_s	0.019644875000000894
2026-03-29T20:23:52+00:00	routing	turborepo	srt-warm	q11	{"beam_policy": "waterfill", "beam_width": 5, "max_depth": 7}	ndcg@10	0.7226477789655257
2026-03-29T20:23:52+00:00	routing	turborepo	srt-warm	q11	{"beam_policy": "waterfill", "beam_width": 5, "max_depth": 7}	latency_s	0.012833917000000028
2026-03-29T20:23:52+00:00	routing	turborepo	srt-warm	q11	{"beam_policy": "uniform", "beam_width": 5, "max_depth": 10}	ndcg@10	0.7167530003667713
2026-03-29T20:23:52+00:00	routing	turborepo	srt-warm	q11	{"beam_policy": "uniform", "beam_width": 5, "max_depth": 10}	latency_s	0.020891708999998926
2026-03-29T20:23:52+00:00	routing	turborepo	srt-warm	q11	{"beam_policy": "waterfill", "beam_width": 5, "max_depth": 10}	ndcg@10	0.7226477789655257
2026-03-29T20:23:52+00:00	routing	turborepo	srt-warm	q11	{"beam_policy": "waterfill", "beam_width": 5, "max_depth": 10}	latency_s	0.014274832999999987
2026-03-29T20:23:52+00:00	routing	turborepo	srt-warm	q11	{"beam_policy": "uniform", "beam_width": 7, "max_depth": 3}	ndcg@10	0.0
2026-03-29T20:23:52+00:00	routing	turborepo	srt-warm	q11	{"beam_policy": "uniform", "beam_width": 7, "max_depth": 3}	latency_s	0.01167383299999969
2026-03-29T20:23:52+00:00	routing	turborepo	srt-warm	q11	{"beam_policy": "waterfill", "beam_width": 7, "max_depth": 3}	ndcg@10	0.0
2026-03-29T20:23:52+00:00	routing	turborepo	srt-warm	q11	{"beam_policy": "waterfill", "beam_width": 7, "max_depth": 3}	latency_s	0.01022195900000078
2026-03-29T20:23:52+00:00	routing	turborepo	srt-warm	q11	{"beam_policy": "uniform", "beam_width": 7, "max_depth": 5}	ndcg@10	0.7226477789655257
2026-03-29T20:23:52+00:00	routing	turborepo	srt-warm	q11	{"beam_policy": "uniform", "beam_width": 7, "max_depth": 5}	latency_s	0.01761795899999896
2026-03-29T20:23:52+00:00	routing	turborepo	srt-warm	q11	{"beam_policy": "waterfill", "beam_width": 7, "max_depth": 5}	ndcg@10	0.7226477789655257
2026-03-29T20:23:52+00:00	routing	turborepo	srt-warm	q11	{"beam_policy": "waterfill", "beam_width": 7, "max_depth": 5}	latency_s	0.016954625000000334
2026-03-29T20:23:52+00:00	routing	turborepo	srt-warm	q11	{"beam_policy": "uniform", "beam_width": 7, "max_depth": 7}	ndcg@10	0.7167530003667713
2026-03-29T20:23:52+00:00	routing	turborepo	srt-warm	q11	{"beam_policy": "uniform", "beam_width": 7, "max_depth": 7}	latency_s	0.02835629200000156
2026-03-29T20:23:52+00:00	routing	turborepo	srt-warm	q11	{"beam_policy": "waterfill", "beam_width": 7, "max_depth": 7}	ndcg@10	0.7167530003667713
2026-03-29T20:23:52+00:00	routing	turborepo	srt-warm	q11	{"beam_policy": "waterfill", "beam_width": 7, "max_depth": 7}	latency_s	0.02060670800000075
2026-03-29T20:23:52+00:00	routing	turborepo	srt-warm	q11	{"beam_policy": "uniform", "beam_width": 7, "max_depth": 10}	ndcg@10	0.7167530003667713
2026-03-29T20:23:52+00:00	routing	turborepo	srt-warm	q11	{"beam_policy": "uniform", "beam_width": 7, "max_depth": 10}	latency_s	0.030108999999999497
2026-03-29T20:23:52+00:00	routing	turborepo	srt-warm	q11	{"beam_policy": "waterfill", "beam_width": 7, "max_depth": 10}	ndcg@10	0.7167530003667713
2026-03-29T20:23:52+00:00	routing	turborepo	srt-warm	q11	{"beam_policy": "waterfill", "beam_width": 7, "max_depth": 10}	latency_s	0.01979599999999948
2026-03-29T20:23:52+00:00	routing	turborepo	srt-warm	q11	{"beam_policy": "uniform", "beam_width": 10, "max_depth": 3}	ndcg@10	0.0
2026-03-29T20:23:52+00:00	routing	turborepo	srt-warm	q11	{"beam_policy": "uniform", "beam_width": 10, "max_depth": 3}	latency_s	0.015126792000000222
2026-03-29T20:23:52+00:00	routing	turborepo	srt-warm	q11	{"beam_policy": "waterfill", "beam_width": 10, "max_depth": 3}	ndcg@10	0.0
2026-03-29T20:23:52+00:00	routing	turborepo	srt-warm	q11	{"beam_policy": "waterfill", "beam_width": 10, "max_depth": 3}	latency_s	0.010015083999999064
2026-03-29T20:23:52+00:00	routing	turborepo	srt-warm	q11	{"beam_policy": "uniform", "beam_width": 10, "max_depth": 5}	ndcg@10	0.7167530003667713
2026-03-29T20:23:52+00:00	routing	turborepo	srt-warm	q11	{"beam_policy": "uniform", "beam_width": 10, "max_depth": 5}	latency_s	0.0369237499999997
2026-03-29T20:23:52+00:00	routing	turborepo	srt-warm	q11	{"beam_policy": "waterfill", "beam_width": 10, "max_depth": 5}	ndcg@10	0.7226477789655257
2026-03-29T20:23:52+00:00	routing	turborepo	srt-warm	q11	{"beam_policy": "waterfill", "beam_width": 10, "max_depth": 5}	latency_s	0.01787187500000087
2026-03-29T20:23:52+00:00	routing	turborepo	srt-warm	q11	{"beam_policy": "uniform", "beam_width": 10, "max_depth": 7}	ndcg@10	0.5743418816818793
2026-03-29T20:23:52+00:00	routing	turborepo	srt-warm	q11	{"beam_policy": "uniform", "beam_width": 10, "max_depth": 7}	latency_s	0.055483667000000736
2026-03-29T20:23:52+00:00	routing	turborepo	srt-warm	q11	{"beam_policy": "waterfill", "beam_width": 10, "max_depth": 7}	ndcg@10	0.7167530003667713
2026-03-29T20:23:52+00:00	routing	turborepo	srt-warm	q11	{"beam_policy": "waterfill", "beam_width": 10, "max_depth": 7}	latency_s	0.026770540999999426
2026-03-29T20:23:52+00:00	routing	turborepo	srt-warm	q11	{"beam_policy": "uniform", "beam_width": 10, "max_depth": 10}	ndcg@10	0.5743418816818793
2026-03-29T20:23:52+00:00	routing	turborepo	srt-warm	q11	{"beam_policy": "uniform", "beam_width": 10, "max_depth": 10}	latency_s	0.05604070899999947
2026-03-29T20:23:52+00:00	routing	turborepo	srt-warm	q11	{"beam_policy": "waterfill", "beam_width": 10, "max_depth": 10}	ndcg@10	0.7167530003667713
2026-03-29T20:23:52+00:00	routing	turborepo	srt-warm	q11	{"beam_policy": "waterfill", "beam_width": 10, "max_depth": 10}	latency_s	0.028486082999998885
2026-03-29T20:23:52+00:00	routing	turborepo	srt-warm	q12	{"beam_policy": "uniform", "beam_width": 2, "max_depth": 3}	ndcg@10	0.0
2026-03-29T20:23:52+00:00	routing	turborepo	srt-warm	q12	{"beam_policy": "uniform", "beam_width": 2, "max_depth": 3}	latency_s	0.007841374999999928
2026-03-29T20:23:52+00:00	routing	turborepo	srt-warm	q12	{"beam_policy": "waterfill", "beam_width": 2, "max_depth": 3}	ndcg@10	0.0
2026-03-29T20:23:52+00:00	routing	turborepo	srt-warm	q12	{"beam_policy": "waterfill", "beam_width": 2, "max_depth": 3}	latency_s	0.009953208000000657
2026-03-29T20:23:52+00:00	routing	turborepo	srt-warm	q12	{"beam_policy": "uniform", "beam_width": 2, "max_depth": 5}	ndcg@10	0.4800094558075716
2026-03-29T20:23:52+00:00	routing	turborepo	srt-warm	q12	{"beam_policy": "uniform", "beam_width": 2, "max_depth": 5}	latency_s	0.010707500000000536
2026-03-29T20:23:52+00:00	routing	turborepo	srt-warm	q12	{"beam_policy": "waterfill", "beam_width": 2, "max_depth": 5}	ndcg@10	0.4824447125923011
2026-03-29T20:23:52+00:00	routing	turborepo	srt-warm	q12	{"beam_policy": "waterfill", "beam_width": 2, "max_depth": 5}	latency_s	0.011087542000000283
2026-03-29T20:23:52+00:00	routing	turborepo	srt-warm	q12	{"beam_policy": "uniform", "beam_width": 2, "max_depth": 7}	ndcg@10	0.4800094558075716
2026-03-29T20:23:52+00:00	routing	turborepo	srt-warm	q12	{"beam_policy": "uniform", "beam_width": 2, "max_depth": 7}	latency_s	0.013121749999999821
2026-03-29T20:23:52+00:00	routing	turborepo	srt-warm	q12	{"beam_policy": "waterfill", "beam_width": 2, "max_depth": 7}	ndcg@10	0.4824447125923011
2026-03-29T20:23:52+00:00	routing	turborepo	srt-warm	q12	{"beam_policy": "waterfill", "beam_width": 2, "max_depth": 7}	latency_s	0.009850625000000335
2026-03-29T20:23:52+00:00	routing	turborepo	srt-warm	q12	{"beam_policy": "uniform", "beam_width": 2, "max_depth": 10}	ndcg@10	0.4800094558075716
2026-03-29T20:23:52+00:00	routing	turborepo	srt-warm	q12	{"beam_policy": "uniform", "beam_width": 2, "max_depth": 10}	latency_s	0.015480624999998582
2026-03-29T20:23:52+00:00	routing	turborepo	srt-warm	q12	{"beam_policy": "waterfill", "beam_width": 2, "max_depth": 10}	ndcg@10	0.4824447125923011
2026-03-29T20:23:52+00:00	routing	turborepo	srt-warm	q12	{"beam_policy": "waterfill", "beam_width": 2, "max_depth": 10}	latency_s	0.010000832999999432
2026-03-29T20:23:52+00:00	routing	turborepo	srt-warm	q12	{"beam_policy": "uniform", "beam_width": 3, "max_depth": 3}	ndcg@10	0.0
2026-03-29T20:23:52+00:00	routing	turborepo	srt-warm	q12	{"beam_policy": "uniform", "beam_width": 3, "max_depth": 3}	latency_s	0.009726208000000014
2026-03-29T20:23:52+00:00	routing	turborepo	srt-warm	q12	{"beam_policy": "waterfill", "beam_width": 3, "max_depth": 3}	ndcg@10	0.0
2026-03-29T20:23:52+00:00	routing	turborepo	srt-warm	q12	{"beam_policy": "waterfill", "beam_width": 3, "max_depth": 3}	latency_s	0.008888624999999095
2026-03-29T20:23:52+00:00	routing	turborepo	srt-warm	q12	{"beam_policy": "uniform", "beam_width": 3, "max_depth": 5}	ndcg@10	0.4800094558075716
2026-03-29T20:23:52+00:00	routing	turborepo	srt-warm	q12	{"beam_policy": "uniform", "beam_width": 3, "max_depth": 5}	latency_s	0.013454124999999095
2026-03-29T20:23:52+00:00	routing	turborepo	srt-warm	q12	{"beam_policy": "waterfill", "beam_width": 3, "max_depth": 5}	ndcg@10	0.4800094558075716
2026-03-29T20:23:52+00:00	routing	turborepo	srt-warm	q12	{"beam_policy": "waterfill", "beam_width": 3, "max_depth": 5}	latency_s	0.011241584000000415
2026-03-29T20:23:52+00:00	routing	turborepo	srt-warm	q12	{"beam_policy": "uniform", "beam_width": 3, "max_depth": 7}	ndcg@10	0.4800094558075716
2026-03-29T20:23:52+00:00	routing	turborepo	srt-warm	q12	{"beam_policy": "uniform", "beam_width": 3, "max_depth": 7}	latency_s	0.020435166000000393
2026-03-29T20:23:52+00:00	routing	turborepo	srt-warm	q12	{"beam_policy": "waterfill", "beam_width": 3, "max_depth": 7}	ndcg@10	0.4800094558075716
2026-03-29T20:23:52+00:00	routing	turborepo	srt-warm	q12	{"beam_policy": "waterfill", "beam_width": 3, "max_depth": 7}	latency_s	0.014008375000001294
2026-03-29T20:23:52+00:00	routing	turborepo	srt-warm	q12	{"beam_policy": "uniform", "beam_width": 3, "max_depth": 10}	ndcg@10	0.4800094558075716
2026-03-29T20:23:52+00:00	routing	turborepo	srt-warm	q12	{"beam_policy": "uniform", "beam_width": 3, "max_depth": 10}	latency_s	0.02527779199999891
2026-03-29T20:23:52+00:00	routing	turborepo	srt-warm	q12	{"beam_policy": "waterfill", "beam_width": 3, "max_depth": 10}	ndcg@10	0.4800094558075716
2026-03-29T20:23:52+00:00	routing	turborepo	srt-warm	q12	{"beam_policy": "waterfill", "beam_width": 3, "max_depth": 10}	latency_s	0.016661791999998954
2026-03-29T20:23:52+00:00	routing	turborepo	srt-warm	q12	{"beam_policy": "uniform", "beam_width": 5, "max_depth": 3}	ndcg@10	0.0
2026-03-29T20:23:52+00:00	routing	turborepo	srt-warm	q12	{"beam_policy": "uniform", "beam_width": 5, "max_depth": 3}	latency_s	0.010360083000000131
2026-03-29T20:23:52+00:00	routing	turborepo	srt-warm	q12	{"beam_policy": "waterfill", "beam_width": 5, "max_depth": 3}	ndcg@10	0.0
2026-03-29T20:23:52+00:00	routing	turborepo	srt-warm	q12	{"beam_policy": "waterfill", "beam_width": 5, "max_depth": 3}	latency_s	0.007925832999999827
2026-03-29T20:23:52+00:00	routing	turborepo	srt-warm	q12	{"beam_policy": "uniform", "beam_width": 5, "max_depth": 5}	ndcg@10	0.39476768271066054
2026-03-29T20:23:52+00:00	routing	turborepo	srt-warm	q12	{"beam_policy": "uniform", "beam_width": 5, "max_depth": 5}	latency_s	0.024744791999999904
2026-03-29T20:23:52+00:00	routing	turborepo	srt-warm	q12	{"beam_policy": "waterfill", "beam_width": 5, "max_depth": 5}	ndcg@10	0.4800094558075716
2026-03-29T20:23:52+00:00	routing	turborepo	srt-warm	q12	{"beam_policy": "waterfill", "beam_width": 5, "max_depth": 5}	latency_s	0.01852808299999964
2026-03-29T20:23:52+00:00	routing	turborepo	srt-warm	q12	{"beam_policy": "uniform", "beam_width": 5, "max_depth": 7}	ndcg@10	0.39476768271066054
2026-03-29T20:23:52+00:00	routing	turborepo	srt-warm	q12	{"beam_policy": "uniform", "beam_width": 5, "max_depth": 7}	latency_s	0.03662808400000017
2026-03-29T20:23:52+00:00	routing	turborepo	srt-warm	q12	{"beam_policy": "waterfill", "beam_width": 5, "max_depth": 7}	ndcg@10	0.4800094558075716
2026-03-29T20:23:52+00:00	routing	turborepo	srt-warm	q12	{"beam_policy": "waterfill", "beam_width": 5, "max_depth": 7}	latency_s	0.026064291999999156
2026-03-29T20:23:52+00:00	routing	turborepo	srt-warm	q12	{"beam_policy": "uniform", "beam_width": 5, "max_depth": 10}	ndcg@10	0.39476768271066054
2026-03-29T20:23:52+00:00	routing	turborepo	srt-warm	q12	{"beam_policy": "uniform", "beam_width": 5, "max_depth": 10}	latency_s	0.04117312499999848
2026-03-29T20:23:52+00:00	routing	turborepo	srt-warm	q12	{"beam_policy": "waterfill", "beam_width": 5, "max_depth": 10}	ndcg@10	0.4800094558075716
2026-03-29T20:23:52+00:00	routing	turborepo	srt-warm	q12	{"beam_policy": "waterfill", "beam_width": 5, "max_depth": 10}	latency_s	0.02585695800000032
2026-03-29T20:23:52+00:00	routing	turborepo	srt-warm	q12	{"beam_policy": "uniform", "beam_width": 7, "max_depth": 3}	ndcg@10	0.0
2026-03-29T20:23:52+00:00	routing	turborepo	srt-warm	q12	{"beam_policy": "uniform", "beam_width": 7, "max_depth": 3}	latency_s	0.013973249999999382
2026-03-29T20:23:52+00:00	routing	turborepo	srt-warm	q12	{"beam_policy": "waterfill", "beam_width": 7, "max_depth": 3}	ndcg@10	0.0
2026-03-29T20:23:52+00:00	routing	turborepo	srt-warm	q12	{"beam_policy": "waterfill", "beam_width": 7, "max_depth": 3}	latency_s	0.008532959000000062
2026-03-29T20:23:53+00:00	routing	turborepo	srt-warm	q12	{"beam_policy": "uniform", "beam_width": 7, "max_depth": 5}	ndcg@10	0.39476768271066054
2026-03-29T20:23:53+00:00	routing	turborepo	srt-warm	q12	{"beam_policy": "uniform", "beam_width": 7, "max_depth": 5}	latency_s	0.03436958300000015
2026-03-29T20:23:53+00:00	routing	turborepo	srt-warm	q12	{"beam_policy": "waterfill", "beam_width": 7, "max_depth": 5}	ndcg@10	0.39476768271066054
2026-03-29T20:23:53+00:00	routing	turborepo	srt-warm	q12	{"beam_policy": "waterfill", "beam_width": 7, "max_depth": 5}	latency_s	0.025888750000000016
2026-03-29T20:23:53+00:00	routing	turborepo	srt-warm	q12	{"beam_policy": "uniform", "beam_width": 7, "max_depth": 7}	ndcg@10	0.39476768271066054
2026-03-29T20:23:53+00:00	routing	turborepo	srt-warm	q12	{"beam_policy": "uniform", "beam_width": 7, "max_depth": 7}	latency_s	0.042166040999999765
2026-03-29T20:23:53+00:00	routing	turborepo	srt-warm	q12	{"beam_policy": "waterfill", "beam_width": 7, "max_depth": 7}	ndcg@10	0.39476768271066054
2026-03-29T20:23:53+00:00	routing	turborepo	srt-warm	q12	{"beam_policy": "waterfill", "beam_width": 7, "max_depth": 7}	latency_s	0.034895083000000326
2026-03-29T20:23:53+00:00	routing	turborepo	srt-warm	q12	{"beam_policy": "uniform", "beam_width": 7, "max_depth": 10}	ndcg@10	0.39476768271066054
2026-03-29T20:23:53+00:00	routing	turborepo	srt-warm	q12	{"beam_policy": "uniform", "beam_width": 7, "max_depth": 10}	latency_s	0.04320658299999991
2026-03-29T20:23:53+00:00	routing	turborepo	srt-warm	q12	{"beam_policy": "waterfill", "beam_width": 7, "max_depth": 10}	ndcg@10	0.39476768271066054
2026-03-29T20:23:53+00:00	routing	turborepo	srt-warm	q12	{"beam_policy": "waterfill", "beam_width": 7, "max_depth": 10}	latency_s	0.03584562499999855
2026-03-29T20:23:53+00:00	routing	turborepo	srt-warm	q12	{"beam_policy": "uniform", "beam_width": 10, "max_depth": 3}	ndcg@10	0.0
2026-03-29T20:23:53+00:00	routing	turborepo	srt-warm	q12	{"beam_policy": "uniform", "beam_width": 10, "max_depth": 3}	latency_s	0.018176249999999783
2026-03-29T20:23:53+00:00	routing	turborepo	srt-warm	q12	{"beam_policy": "waterfill", "beam_width": 10, "max_depth": 3}	ndcg@10	0.0
2026-03-29T20:23:53+00:00	routing	turborepo	srt-warm	q12	{"beam_policy": "waterfill", "beam_width": 10, "max_depth": 3}	latency_s	0.013602791999998587
2026-03-29T20:23:53+00:00	routing	turborepo	srt-warm	q12	{"beam_policy": "uniform", "beam_width": 10, "max_depth": 5}	ndcg@10	0.39476768271066054
2026-03-29T20:23:53+00:00	routing	turborepo	srt-warm	q12	{"beam_policy": "uniform", "beam_width": 10, "max_depth": 5}	latency_s	0.04815537500000033
2026-03-29T20:23:53+00:00	routing	turborepo	srt-warm	q12	{"beam_policy": "waterfill", "beam_width": 10, "max_depth": 5}	ndcg@10	0.39476768271066054
2026-03-29T20:23:53+00:00	routing	turborepo	srt-warm	q12	{"beam_policy": "waterfill", "beam_width": 10, "max_depth": 5}	latency_s	0.03186883300000076
2026-03-29T20:23:53+00:00	routing	turborepo	srt-warm	q12	{"beam_policy": "uniform", "beam_width": 10, "max_depth": 7}	ndcg@10	0.39476768271066054
2026-03-29T20:23:53+00:00	routing	turborepo	srt-warm	q12	{"beam_policy": "uniform", "beam_width": 10, "max_depth": 7}	latency_s	0.05970499999999923
2026-03-29T20:23:53+00:00	routing	turborepo	srt-warm	q12	{"beam_policy": "waterfill", "beam_width": 10, "max_depth": 7}	ndcg@10	0.39476768271066054
2026-03-29T20:23:53+00:00	routing	turborepo	srt-warm	q12	{"beam_policy": "waterfill", "beam_width": 10, "max_depth": 7}	latency_s	0.04713087500000057
2026-03-29T20:23:53+00:00	routing	turborepo	srt-warm	q12	{"beam_policy": "uniform", "beam_width": 10, "max_depth": 10}	ndcg@10	0.39476768271066054
2026-03-29T20:23:53+00:00	routing	turborepo	srt-warm	q12	{"beam_policy": "uniform", "beam_width": 10, "max_depth": 10}	latency_s	0.06094000000000044
2026-03-29T20:23:53+00:00	routing	turborepo	srt-warm	q12	{"beam_policy": "waterfill", "beam_width": 10, "max_depth": 10}	ndcg@10	0.39476768271066054
2026-03-29T20:23:53+00:00	routing	turborepo	srt-warm	q12	{"beam_policy": "waterfill", "beam_width": 10, "max_depth": 10}	latency_s	0.04385070799999902
2026-03-29T20:23:53+00:00	routing	turborepo	srt-warm	q13	{"beam_policy": "uniform", "beam_width": 2, "max_depth": 3}	ndcg@10	0.0
2026-03-29T20:23:53+00:00	routing	turborepo	srt-warm	q13	{"beam_policy": "uniform", "beam_width": 2, "max_depth": 3}	latency_s	0.0076387499999999164
2026-03-29T20:23:53+00:00	routing	turborepo	srt-warm	q13	{"beam_policy": "waterfill", "beam_width": 2, "max_depth": 3}	ndcg@10	0.0
2026-03-29T20:23:53+00:00	routing	turborepo	srt-warm	q13	{"beam_policy": "waterfill", "beam_width": 2, "max_depth": 3}	latency_s	0.006599959000000766
2026-03-29T20:23:53+00:00	routing	turborepo	srt-warm	q13	{"beam_policy": "uniform", "beam_width": 2, "max_depth": 5}	ndcg@10	0.0
2026-03-29T20:23:53+00:00	routing	turborepo	srt-warm	q13	{"beam_policy": "uniform", "beam_width": 2, "max_depth": 5}	latency_s	0.008841207999999767
2026-03-29T20:23:53+00:00	routing	turborepo	srt-warm	q13	{"beam_policy": "waterfill", "beam_width": 2, "max_depth": 5}	ndcg@10	0.0
2026-03-29T20:23:53+00:00	routing	turborepo	srt-warm	q13	{"beam_policy": "waterfill", "beam_width": 2, "max_depth": 5}	latency_s	0.008057583999999451
2026-03-29T20:23:53+00:00	routing	turborepo	srt-warm	q13	{"beam_policy": "uniform", "beam_width": 2, "max_depth": 7}	ndcg@10	0.0
2026-03-29T20:23:53+00:00	routing	turborepo	srt-warm	q13	{"beam_policy": "uniform", "beam_width": 2, "max_depth": 7}	latency_s	0.00885758299999928
2026-03-29T20:23:53+00:00	routing	turborepo	srt-warm	q13	{"beam_policy": "waterfill", "beam_width": 2, "max_depth": 7}	ndcg@10	0.0
2026-03-29T20:23:53+00:00	routing	turborepo	srt-warm	q13	{"beam_policy": "waterfill", "beam_width": 2, "max_depth": 7}	latency_s	0.009051541999999912
2026-03-29T20:23:53+00:00	routing	turborepo	srt-warm	q13	{"beam_policy": "uniform", "beam_width": 2, "max_depth": 10}	ndcg@10	0.0
2026-03-29T20:23:53+00:00	routing	turborepo	srt-warm	q13	{"beam_policy": "uniform", "beam_width": 2, "max_depth": 10}	latency_s	0.005784124999999918
2026-03-29T20:23:53+00:00	routing	turborepo	srt-warm	q13	{"beam_policy": "waterfill", "beam_width": 2, "max_depth": 10}	ndcg@10	0.0
2026-03-29T20:23:53+00:00	routing	turborepo	srt-warm	q13	{"beam_policy": "waterfill", "beam_width": 2, "max_depth": 10}	latency_s	0.005862541999999138
2026-03-29T20:23:53+00:00	routing	turborepo	srt-warm	q13	{"beam_policy": "uniform", "beam_width": 3, "max_depth": 3}	ndcg@10	0.0
2026-03-29T20:23:53+00:00	routing	turborepo	srt-warm	q13	{"beam_policy": "uniform", "beam_width": 3, "max_depth": 3}	latency_s	0.012313374999999738
2026-03-29T20:23:53+00:00	routing	turborepo	srt-warm	q13	{"beam_policy": "waterfill", "beam_width": 3, "max_depth": 3}	ndcg@10	0.0
2026-03-29T20:23:53+00:00	routing	turborepo	srt-warm	q13	{"beam_policy": "waterfill", "beam_width": 3, "max_depth": 3}	latency_s	0.009158250000000479
2026-03-29T20:23:53+00:00	routing	turborepo	srt-warm	q13	{"beam_policy": "uniform", "beam_width": 3, "max_depth": 5}	ndcg@10	0.0
2026-03-29T20:23:53+00:00	routing	turborepo	srt-warm	q13	{"beam_policy": "uniform", "beam_width": 3, "max_depth": 5}	latency_s	0.011659458000000456
2026-03-29T20:23:53+00:00	routing	turborepo	srt-warm	q13	{"beam_policy": "waterfill", "beam_width": 3, "max_depth": 5}	ndcg@10	0.0
2026-03-29T20:23:53+00:00	routing	turborepo	srt-warm	q13	{"beam_policy": "waterfill", "beam_width": 3, "max_depth": 5}	latency_s	0.00885487499999904
2026-03-29T20:23:53+00:00	routing	turborepo	srt-warm	q13	{"beam_policy": "uniform", "beam_width": 3, "max_depth": 7}	ndcg@10	0.0
2026-03-29T20:23:53+00:00	routing	turborepo	srt-warm	q13	{"beam_policy": "uniform", "beam_width": 3, "max_depth": 7}	latency_s	0.012316874999999783
2026-03-29T20:23:53+00:00	routing	turborepo	srt-warm	q13	{"beam_policy": "waterfill", "beam_width": 3, "max_depth": 7}	ndcg@10	0.0
2026-03-29T20:23:53+00:00	routing	turborepo	srt-warm	q13	{"beam_policy": "waterfill", "beam_width": 3, "max_depth": 7}	latency_s	0.007362374999999588
2026-03-29T20:23:53+00:00	routing	turborepo	srt-warm	q13	{"beam_policy": "uniform", "beam_width": 3, "max_depth": 10}	ndcg@10	0.0
2026-03-29T20:23:53+00:00	routing	turborepo	srt-warm	q13	{"beam_policy": "uniform", "beam_width": 3, "max_depth": 10}	latency_s	0.011793334000000044
2026-03-29T20:23:53+00:00	routing	turborepo	srt-warm	q13	{"beam_policy": "waterfill", "beam_width": 3, "max_depth": 10}	ndcg@10	0.0
2026-03-29T20:23:53+00:00	routing	turborepo	srt-warm	q13	{"beam_policy": "waterfill", "beam_width": 3, "max_depth": 10}	latency_s	0.007282000000000011
2026-03-29T20:23:53+00:00	routing	turborepo	srt-warm	q13	{"beam_policy": "uniform", "beam_width": 5, "max_depth": 3}	ndcg@10	0.0
2026-03-29T20:23:53+00:00	routing	turborepo	srt-warm	q13	{"beam_policy": "uniform", "beam_width": 5, "max_depth": 3}	latency_s	0.013393291999999946
2026-03-29T20:23:53+00:00	routing	turborepo	srt-warm	q13	{"beam_policy": "waterfill", "beam_width": 5, "max_depth": 3}	ndcg@10	0.0
2026-03-29T20:23:53+00:00	routing	turborepo	srt-warm	q13	{"beam_policy": "waterfill", "beam_width": 5, "max_depth": 3}	latency_s	0.01292950000000026
2026-03-29T20:23:53+00:00	routing	turborepo	srt-warm	q13	{"beam_policy": "uniform", "beam_width": 5, "max_depth": 5}	ndcg@10	0.4865033125582941
2026-03-29T20:23:53+00:00	routing	turborepo	srt-warm	q13	{"beam_policy": "uniform", "beam_width": 5, "max_depth": 5}	latency_s	0.022814249999999703
2026-03-29T20:23:53+00:00	routing	turborepo	srt-warm	q13	{"beam_policy": "waterfill", "beam_width": 5, "max_depth": 5}	ndcg@10	0.4865033125582941
2026-03-29T20:23:53+00:00	routing	turborepo	srt-warm	q13	{"beam_policy": "waterfill", "beam_width": 5, "max_depth": 5}	latency_s	0.022845584000000585
2026-03-29T20:23:53+00:00	routing	turborepo	srt-warm	q13	{"beam_policy": "uniform", "beam_width": 5, "max_depth": 7}	ndcg@10	0.4865033125582941
2026-03-29T20:23:53+00:00	routing	turborepo	srt-warm	q13	{"beam_policy": "uniform", "beam_width": 5, "max_depth": 7}	latency_s	0.024212042000000267
2026-03-29T20:23:53+00:00	routing	turborepo	srt-warm	q13	{"beam_policy": "waterfill", "beam_width": 5, "max_depth": 7}	ndcg@10	0.4865033125582941
2026-03-29T20:23:53+00:00	routing	turborepo	srt-warm	q13	{"beam_policy": "waterfill", "beam_width": 5, "max_depth": 7}	latency_s	0.021267667000000046
2026-03-29T20:23:53+00:00	routing	turborepo	srt-warm	q13	{"beam_policy": "uniform", "beam_width": 5, "max_depth": 10}	ndcg@10	0.4865033125582941
2026-03-29T20:23:53+00:00	routing	turborepo	srt-warm	q13	{"beam_policy": "uniform", "beam_width": 5, "max_depth": 10}	latency_s	0.02527791700000037
2026-03-29T20:23:53+00:00	routing	turborepo	srt-warm	q13	{"beam_policy": "waterfill", "beam_width": 5, "max_depth": 10}	ndcg@10	0.4865033125582941
2026-03-29T20:23:53+00:00	routing	turborepo	srt-warm	q13	{"beam_policy": "waterfill", "beam_width": 5, "max_depth": 10}	latency_s	0.021265874999999212
2026-03-29T20:23:53+00:00	routing	turborepo	srt-warm	q13	{"beam_policy": "uniform", "beam_width": 7, "max_depth": 3}	ndcg@10	0.0
2026-03-29T20:23:53+00:00	routing	turborepo	srt-warm	q13	{"beam_policy": "uniform", "beam_width": 7, "max_depth": 3}	latency_s	0.018961374999999947
2026-03-29T20:23:53+00:00	routing	turborepo	srt-warm	q13	{"beam_policy": "waterfill", "beam_width": 7, "max_depth": 3}	ndcg@10	0.0
2026-03-29T20:23:53+00:00	routing	turborepo	srt-warm	q13	{"beam_policy": "waterfill", "beam_width": 7, "max_depth": 3}	latency_s	0.012616417000000268
2026-03-29T20:23:54+00:00	routing	turborepo	srt-warm	q13	{"beam_policy": "uniform", "beam_width": 7, "max_depth": 5}	ndcg@10	0.4865033125582941
2026-03-29T20:23:54+00:00	routing	turborepo	srt-warm	q13	{"beam_policy": "uniform", "beam_width": 7, "max_depth": 5}	latency_s	0.033956249999999244
2026-03-29T20:23:54+00:00	routing	turborepo	srt-warm	q13	{"beam_policy": "waterfill", "beam_width": 7, "max_depth": 5}	ndcg@10	0.4865033125582941
2026-03-29T20:23:54+00:00	routing	turborepo	srt-warm	q13	{"beam_policy": "waterfill", "beam_width": 7, "max_depth": 5}	latency_s	0.023795542000000225
2026-03-29T20:23:54+00:00	routing	turborepo	srt-warm	q13	{"beam_policy": "uniform", "beam_width": 7, "max_depth": 7}	ndcg@10	0.4865033125582941
2026-03-29T20:23:54+00:00	routing	turborepo	srt-warm	q13	{"beam_policy": "uniform", "beam_width": 7, "max_depth": 7}	latency_s	0.0373235420000011
2026-03-29T20:23:54+00:00	routing	turborepo	srt-warm	q13	{"beam_policy": "waterfill", "beam_width": 7, "max_depth": 7}	ndcg@10	0.4865033125582941
2026-03-29T20:23:54+00:00	routing	turborepo	srt-warm	q13	{"beam_policy": "waterfill", "beam_width": 7, "max_depth": 7}	latency_s	0.02769870800000085
2026-03-29T20:23:54+00:00	routing	turborepo	srt-warm	q13	{"beam_policy": "uniform", "beam_width": 7, "max_depth": 10}	ndcg@10	0.4865033125582941
2026-03-29T20:23:54+00:00	routing	turborepo	srt-warm	q13	{"beam_policy": "uniform", "beam_width": 7, "max_depth": 10}	latency_s	0.03376762499999941
2026-03-29T20:23:54+00:00	routing	turborepo	srt-warm	q13	{"beam_policy": "waterfill", "beam_width": 7, "max_depth": 10}	ndcg@10	0.4865033125582941
2026-03-29T20:23:54+00:00	routing	turborepo	srt-warm	q13	{"beam_policy": "waterfill", "beam_width": 7, "max_depth": 10}	latency_s	0.02444383300000119
2026-03-29T20:23:54+00:00	routing	turborepo	srt-warm	q13	{"beam_policy": "uniform", "beam_width": 10, "max_depth": 3}	ndcg@10	0.0
2026-03-29T20:23:54+00:00	routing	turborepo	srt-warm	q13	{"beam_policy": "uniform", "beam_width": 10, "max_depth": 3}	latency_s	0.018138708000000392
2026-03-29T20:23:54+00:00	routing	turborepo	srt-warm	q13	{"beam_policy": "waterfill", "beam_width": 10, "max_depth": 3}	ndcg@10	0.0
2026-03-29T20:23:54+00:00	routing	turborepo	srt-warm	q13	{"beam_policy": "waterfill", "beam_width": 10, "max_depth": 3}	latency_s	0.019321500000000214
2026-03-29T20:23:54+00:00	routing	turborepo	srt-warm	q13	{"beam_policy": "uniform", "beam_width": 10, "max_depth": 5}	ndcg@10	0.4865033125582941
2026-03-29T20:23:54+00:00	routing	turborepo	srt-warm	q13	{"beam_policy": "uniform", "beam_width": 10, "max_depth": 5}	latency_s	0.03616804099999982
2026-03-29T20:23:54+00:00	routing	turborepo	srt-warm	q13	{"beam_policy": "waterfill", "beam_width": 10, "max_depth": 5}	ndcg@10	0.4865033125582941
2026-03-29T20:23:54+00:00	routing	turborepo	srt-warm	q13	{"beam_policy": "waterfill", "beam_width": 10, "max_depth": 5}	latency_s	0.03517145899999896
2026-03-29T20:23:54+00:00	routing	turborepo	srt-warm	q13	{"beam_policy": "uniform", "beam_width": 10, "max_depth": 7}	ndcg@10	0.4865033125582941
2026-03-29T20:23:54+00:00	routing	turborepo	srt-warm	q13	{"beam_policy": "uniform", "beam_width": 10, "max_depth": 7}	latency_s	0.03994695800000159
2026-03-29T20:23:54+00:00	routing	turborepo	srt-warm	q13	{"beam_policy": "waterfill", "beam_width": 10, "max_depth": 7}	ndcg@10	0.4865033125582941
2026-03-29T20:23:54+00:00	routing	turborepo	srt-warm	q13	{"beam_policy": "waterfill", "beam_width": 10, "max_depth": 7}	latency_s	0.03475350000000077
2026-03-29T20:23:54+00:00	routing	turborepo	srt-warm	q13	{"beam_policy": "uniform", "beam_width": 10, "max_depth": 10}	ndcg@10	0.4865033125582941
2026-03-29T20:23:54+00:00	routing	turborepo	srt-warm	q13	{"beam_policy": "uniform", "beam_width": 10, "max_depth": 10}	latency_s	0.044105083999999906
2026-03-29T20:23:54+00:00	routing	turborepo	srt-warm	q13	{"beam_policy": "waterfill", "beam_width": 10, "max_depth": 10}	ndcg@10	0.4865033125582941
2026-03-29T20:23:54+00:00	routing	turborepo	srt-warm	q13	{"beam_policy": "waterfill", "beam_width": 10, "max_depth": 10}	latency_s	0.03695533299999987
2026-03-29T20:23:54+00:00	routing	turborepo	srt-warm	q14	{"beam_policy": "uniform", "beam_width": 2, "max_depth": 3}	ndcg@10	0.0
2026-03-29T20:23:54+00:00	routing	turborepo	srt-warm	q14	{"beam_policy": "uniform", "beam_width": 2, "max_depth": 3}	latency_s	0.008179709000000202
2026-03-29T20:23:54+00:00	routing	turborepo	srt-warm	q14	{"beam_policy": "waterfill", "beam_width": 2, "max_depth": 3}	ndcg@10	0.0
2026-03-29T20:23:54+00:00	routing	turborepo	srt-warm	q14	{"beam_policy": "waterfill", "beam_width": 2, "max_depth": 3}	latency_s	0.007881000000001137
2026-03-29T20:23:54+00:00	routing	turborepo	srt-warm	q14	{"beam_policy": "uniform", "beam_width": 2, "max_depth": 5}	ndcg@10	0.0
2026-03-29T20:23:54+00:00	routing	turborepo	srt-warm	q14	{"beam_policy": "uniform", "beam_width": 2, "max_depth": 5}	latency_s	0.008444332999999915
2026-03-29T20:23:54+00:00	routing	turborepo	srt-warm	q14	{"beam_policy": "waterfill", "beam_width": 2, "max_depth": 5}	ndcg@10	0.0
2026-03-29T20:23:54+00:00	routing	turborepo	srt-warm	q14	{"beam_policy": "waterfill", "beam_width": 2, "max_depth": 5}	latency_s	0.007742500000000874
2026-03-29T20:23:54+00:00	routing	turborepo	srt-warm	q14	{"beam_policy": "uniform", "beam_width": 2, "max_depth": 7}	ndcg@10	0.0
2026-03-29T20:23:54+00:00	routing	turborepo	srt-warm	q14	{"beam_policy": "uniform", "beam_width": 2, "max_depth": 7}	latency_s	0.007760124999999007
2026-03-29T20:23:54+00:00	routing	turborepo	srt-warm	q14	{"beam_policy": "waterfill", "beam_width": 2, "max_depth": 7}	ndcg@10	0.0
2026-03-29T20:23:54+00:00	routing	turborepo	srt-warm	q14	{"beam_policy": "waterfill", "beam_width": 2, "max_depth": 7}	latency_s	0.007674624999999935
2026-03-29T20:23:54+00:00	routing	turborepo	srt-warm	q14	{"beam_policy": "uniform", "beam_width": 2, "max_depth": 10}	ndcg@10	0.0
2026-03-29T20:23:54+00:00	routing	turborepo	srt-warm	q14	{"beam_policy": "uniform", "beam_width": 2, "max_depth": 10}	latency_s	0.007294082999999674
2026-03-29T20:23:54+00:00	routing	turborepo	srt-warm	q14	{"beam_policy": "waterfill", "beam_width": 2, "max_depth": 10}	ndcg@10	0.0
2026-03-29T20:23:54+00:00	routing	turborepo	srt-warm	q14	{"beam_policy": "waterfill", "beam_width": 2, "max_depth": 10}	latency_s	0.006233665999999971
2026-03-29T20:23:54+00:00	routing	turborepo	srt-warm	q14	{"beam_policy": "uniform", "beam_width": 3, "max_depth": 3}	ndcg@10	0.0
2026-03-29T20:23:54+00:00	routing	turborepo	srt-warm	q14	{"beam_policy": "uniform", "beam_width": 3, "max_depth": 3}	latency_s	0.008726833000000767
2026-03-29T20:23:54+00:00	routing	turborepo	srt-warm	q14	{"beam_policy": "waterfill", "beam_width": 3, "max_depth": 3}	ndcg@10	0.0
2026-03-29T20:23:54+00:00	routing	turborepo	srt-warm	q14	{"beam_policy": "waterfill", "beam_width": 3, "max_depth": 3}	latency_s	0.006460833000000221
2026-03-29T20:23:54+00:00	routing	turborepo	srt-warm	q14	{"beam_policy": "uniform", "beam_width": 3, "max_depth": 5}	ndcg@10	0.0
2026-03-29T20:23:54+00:00	routing	turborepo	srt-warm	q14	{"beam_policy": "uniform", "beam_width": 3, "max_depth": 5}	latency_s	0.018916875000000388
2026-03-29T20:23:54+00:00	routing	turborepo	srt-warm	q14	{"beam_policy": "waterfill", "beam_width": 3, "max_depth": 5}	ndcg@10	0.0
2026-03-29T20:23:54+00:00	routing	turborepo	srt-warm	q14	{"beam_policy": "waterfill", "beam_width": 3, "max_depth": 5}	latency_s	0.007390916999998609
2026-03-29T20:23:54+00:00	routing	turborepo	srt-warm	q14	{"beam_policy": "uniform", "beam_width": 3, "max_depth": 7}	ndcg@10	0.0
2026-03-29T20:23:54+00:00	routing	turborepo	srt-warm	q14	{"beam_policy": "uniform", "beam_width": 3, "max_depth": 7}	latency_s	0.020325665999999742
2026-03-29T20:23:54+00:00	routing	turborepo	srt-warm	q14	{"beam_policy": "waterfill", "beam_width": 3, "max_depth": 7}	ndcg@10	0.0
2026-03-29T20:23:54+00:00	routing	turborepo	srt-warm	q14	{"beam_policy": "waterfill", "beam_width": 3, "max_depth": 7}	latency_s	0.008553750000000804
2026-03-29T20:23:54+00:00	routing	turborepo	srt-warm	q14	{"beam_policy": "uniform", "beam_width": 3, "max_depth": 10}	ndcg@10	0.0
2026-03-29T20:23:54+00:00	routing	turborepo	srt-warm	q14	{"beam_policy": "uniform", "beam_width": 3, "max_depth": 10}	latency_s	0.022531999999999996
2026-03-29T20:23:54+00:00	routing	turborepo	srt-warm	q14	{"beam_policy": "waterfill", "beam_width": 3, "max_depth": 10}	ndcg@10	0.0
2026-03-29T20:23:54+00:00	routing	turborepo	srt-warm	q14	{"beam_policy": "waterfill", "beam_width": 3, "max_depth": 10}	latency_s	0.0088089999999994
2026-03-29T20:23:54+00:00	routing	turborepo	srt-warm	q14	{"beam_policy": "uniform", "beam_width": 5, "max_depth": 3}	ndcg@10	0.0
2026-03-29T20:23:54+00:00	routing	turborepo	srt-warm	q14	{"beam_policy": "uniform", "beam_width": 5, "max_depth": 3}	latency_s	0.009433417000000333
2026-03-29T20:23:54+00:00	routing	turborepo	srt-warm	q14	{"beam_policy": "waterfill", "beam_width": 5, "max_depth": 3}	ndcg@10	0.0
2026-03-29T20:23:54+00:00	routing	turborepo	srt-warm	q14	{"beam_policy": "waterfill", "beam_width": 5, "max_depth": 3}	latency_s	0.00817908299999992
2026-03-29T20:23:54+00:00	routing	turborepo	srt-warm	q14	{"beam_policy": "uniform", "beam_width": 5, "max_depth": 5}	ndcg@10	0.0
2026-03-29T20:23:54+00:00	routing	turborepo	srt-warm	q14	{"beam_policy": "uniform", "beam_width": 5, "max_depth": 5}	latency_s	0.023764166000001197
2026-03-29T20:23:54+00:00	routing	turborepo	srt-warm	q14	{"beam_policy": "waterfill", "beam_width": 5, "max_depth": 5}	ndcg@10	0.0
2026-03-29T20:23:54+00:00	routing	turborepo	srt-warm	q14	{"beam_policy": "waterfill", "beam_width": 5, "max_depth": 5}	latency_s	0.02042529099999868
2026-03-29T20:23:54+00:00	routing	turborepo	srt-warm	q14	{"beam_policy": "uniform", "beam_width": 5, "max_depth": 7}	ndcg@10	0.0
2026-03-29T20:23:54+00:00	routing	turborepo	srt-warm	q14	{"beam_policy": "uniform", "beam_width": 5, "max_depth": 7}	latency_s	0.03464704099999949
2026-03-29T20:23:54+00:00	routing	turborepo	srt-warm	q14	{"beam_policy": "waterfill", "beam_width": 5, "max_depth": 7}	ndcg@10	0.0
2026-03-29T20:23:54+00:00	routing	turborepo	srt-warm	q14	{"beam_policy": "waterfill", "beam_width": 5, "max_depth": 7}	latency_s	0.021493749999999423
2026-03-29T20:23:54+00:00	routing	turborepo	srt-warm	q14	{"beam_policy": "uniform", "beam_width": 5, "max_depth": 10}	ndcg@10	0.0
2026-03-29T20:23:54+00:00	routing	turborepo	srt-warm	q14	{"beam_policy": "uniform", "beam_width": 5, "max_depth": 10}	latency_s	0.03483245899999865
2026-03-29T20:23:54+00:00	routing	turborepo	srt-warm	q14	{"beam_policy": "waterfill", "beam_width": 5, "max_depth": 10}	ndcg@10	0.0
2026-03-29T20:23:54+00:00	routing	turborepo	srt-warm	q14	{"beam_policy": "waterfill", "beam_width": 5, "max_depth": 10}	latency_s	0.02146350000000119
2026-03-29T20:23:54+00:00	routing	turborepo	srt-warm	q14	{"beam_policy": "uniform", "beam_width": 7, "max_depth": 3}	ndcg@10	0.0
2026-03-29T20:23:54+00:00	routing	turborepo	srt-warm	q14	{"beam_policy": "uniform", "beam_width": 7, "max_depth": 3}	latency_s	0.01538895800000084
2026-03-29T20:23:54+00:00	routing	turborepo	srt-warm	q14	{"beam_policy": "waterfill", "beam_width": 7, "max_depth": 3}	ndcg@10	0.0
2026-03-29T20:23:54+00:00	routing	turborepo	srt-warm	q14	{"beam_policy": "waterfill", "beam_width": 7, "max_depth": 3}	latency_s	0.00989170799999961
2026-03-29T20:23:54+00:00	routing	turborepo	srt-warm	q14	{"beam_policy": "uniform", "beam_width": 7, "max_depth": 5}	ndcg@10	0.0
2026-03-29T20:23:54+00:00	routing	turborepo	srt-warm	q14	{"beam_policy": "uniform", "beam_width": 7, "max_depth": 5}	latency_s	0.030644875000000127
2026-03-29T20:23:54+00:00	routing	turborepo	srt-warm	q14	{"beam_policy": "waterfill", "beam_width": 7, "max_depth": 5}	ndcg@10	0.0
2026-03-29T20:23:54+00:00	routing	turborepo	srt-warm	q14	{"beam_policy": "waterfill", "beam_width": 7, "max_depth": 5}	latency_s	0.02440504199999971
2026-03-29T20:23:55+00:00	routing	turborepo	srt-warm	q14	{"beam_policy": "uniform", "beam_width": 7, "max_depth": 7}	ndcg@10	0.0
2026-03-29T20:23:55+00:00	routing	turborepo	srt-warm	q14	{"beam_policy": "uniform", "beam_width": 7, "max_depth": 7}	latency_s	0.042720291999998494
2026-03-29T20:23:55+00:00	routing	turborepo	srt-warm	q14	{"beam_policy": "waterfill", "beam_width": 7, "max_depth": 7}	ndcg@10	0.0
2026-03-29T20:23:55+00:00	routing	turborepo	srt-warm	q14	{"beam_policy": "waterfill", "beam_width": 7, "max_depth": 7}	latency_s	0.032653749999999704
2026-03-29T20:23:55+00:00	routing	turborepo	srt-warm	q14	{"beam_policy": "uniform", "beam_width": 7, "max_depth": 10}	ndcg@10	0.0
2026-03-29T20:23:55+00:00	routing	turborepo	srt-warm	q14	{"beam_policy": "uniform", "beam_width": 7, "max_depth": 10}	latency_s	0.0421052090000007
2026-03-29T20:23:55+00:00	routing	turborepo	srt-warm	q14	{"beam_policy": "waterfill", "beam_width": 7, "max_depth": 10}	ndcg@10	0.0
2026-03-29T20:23:55+00:00	routing	turborepo	srt-warm	q14	{"beam_policy": "waterfill", "beam_width": 7, "max_depth": 10}	latency_s	0.03366079200000094
2026-03-29T20:23:55+00:00	routing	turborepo	srt-warm	q14	{"beam_policy": "uniform", "beam_width": 10, "max_depth": 3}	ndcg@10	0.0
2026-03-29T20:23:55+00:00	routing	turborepo	srt-warm	q14	{"beam_policy": "uniform", "beam_width": 10, "max_depth": 3}	latency_s	0.014726041999999495
2026-03-29T20:23:55+00:00	routing	turborepo	srt-warm	q14	{"beam_policy": "waterfill", "beam_width": 10, "max_depth": 3}	ndcg@10	0.0
2026-03-29T20:23:55+00:00	routing	turborepo	srt-warm	q14	{"beam_policy": "waterfill", "beam_width": 10, "max_depth": 3}	latency_s	0.014969832999998545
2026-03-29T20:23:55+00:00	routing	turborepo	srt-warm	q14	{"beam_policy": "uniform", "beam_width": 10, "max_depth": 5}	ndcg@10	0.0
2026-03-29T20:23:55+00:00	routing	turborepo	srt-warm	q14	{"beam_policy": "uniform", "beam_width": 10, "max_depth": 5}	latency_s	0.036243666999999036
2026-03-29T20:23:55+00:00	routing	turborepo	srt-warm	q14	{"beam_policy": "waterfill", "beam_width": 10, "max_depth": 5}	ndcg@10	0.0
2026-03-29T20:23:55+00:00	routing	turborepo	srt-warm	q14	{"beam_policy": "waterfill", "beam_width": 10, "max_depth": 5}	latency_s	0.03486562500000012
2026-03-29T20:23:55+00:00	routing	turborepo	srt-warm	q14	{"beam_policy": "uniform", "beam_width": 10, "max_depth": 7}	ndcg@10	0.0
2026-03-29T20:23:55+00:00	routing	turborepo	srt-warm	q14	{"beam_policy": "uniform", "beam_width": 10, "max_depth": 7}	latency_s	0.05410737499999918
2026-03-29T20:23:55+00:00	routing	turborepo	srt-warm	q14	{"beam_policy": "waterfill", "beam_width": 10, "max_depth": 7}	ndcg@10	0.0
2026-03-29T20:23:55+00:00	routing	turborepo	srt-warm	q14	{"beam_policy": "waterfill", "beam_width": 10, "max_depth": 7}	latency_s	0.04264075000000034
2026-03-29T20:23:55+00:00	routing	turborepo	srt-warm	q14	{"beam_policy": "uniform", "beam_width": 10, "max_depth": 10}	ndcg@10	0.0
2026-03-29T20:23:55+00:00	routing	turborepo	srt-warm	q14	{"beam_policy": "uniform", "beam_width": 10, "max_depth": 10}	latency_s	0.05637800000000048
2026-03-29T20:23:55+00:00	routing	turborepo	srt-warm	q14	{"beam_policy": "waterfill", "beam_width": 10, "max_depth": 10}	ndcg@10	0.0
2026-03-29T20:23:55+00:00	routing	turborepo	srt-warm	q14	{"beam_policy": "waterfill", "beam_width": 10, "max_depth": 10}	latency_s	0.04316770900000044
2026-03-29T20:23:55+00:00	routing	turborepo	srt-warm	q15	{"beam_policy": "uniform", "beam_width": 2, "max_depth": 3}	ndcg@10	0.0
2026-03-29T20:23:55+00:00	routing	turborepo	srt-warm	q15	{"beam_policy": "uniform", "beam_width": 2, "max_depth": 3}	latency_s	0.010210459000001393
2026-03-29T20:23:55+00:00	routing	turborepo	srt-warm	q15	{"beam_policy": "waterfill", "beam_width": 2, "max_depth": 3}	ndcg@10	0.0
2026-03-29T20:23:55+00:00	routing	turborepo	srt-warm	q15	{"beam_policy": "waterfill", "beam_width": 2, "max_depth": 3}	latency_s	0.0071957500000010555
2026-03-29T20:23:55+00:00	routing	turborepo	srt-warm	q15	{"beam_policy": "uniform", "beam_width": 2, "max_depth": 5}	ndcg@10	0.4094543838032698
2026-03-29T20:23:55+00:00	routing	turborepo	srt-warm	q15	{"beam_policy": "uniform", "beam_width": 2, "max_depth": 5}	latency_s	0.010609375000001364
2026-03-29T20:23:55+00:00	routing	turborepo	srt-warm	q15	{"beam_policy": "waterfill", "beam_width": 2, "max_depth": 5}	ndcg@10	0.0
2026-03-29T20:23:55+00:00	routing	turborepo	srt-warm	q15	{"beam_policy": "waterfill", "beam_width": 2, "max_depth": 5}	latency_s	0.006883625000000393
2026-03-29T20:23:55+00:00	routing	turborepo	srt-warm	q15	{"beam_policy": "uniform", "beam_width": 2, "max_depth": 7}	ndcg@10	0.4094543838032698
2026-03-29T20:23:55+00:00	routing	turborepo	srt-warm	q15	{"beam_policy": "uniform", "beam_width": 2, "max_depth": 7}	latency_s	0.012493499999999713
2026-03-29T20:23:55+00:00	routing	turborepo	srt-warm	q15	{"beam_policy": "waterfill", "beam_width": 2, "max_depth": 7}	ndcg@10	0.0
2026-03-29T20:23:55+00:00	routing	turborepo	srt-warm	q15	{"beam_policy": "waterfill", "beam_width": 2, "max_depth": 7}	latency_s	0.007162292000000292
2026-03-29T20:23:55+00:00	routing	turborepo	srt-warm	q15	{"beam_policy": "uniform", "beam_width": 2, "max_depth": 10}	ndcg@10	0.4094543838032698
2026-03-29T20:23:55+00:00	routing	turborepo	srt-warm	q15	{"beam_policy": "uniform", "beam_width": 2, "max_depth": 10}	latency_s	0.009273834000000036
2026-03-29T20:23:55+00:00	routing	turborepo	srt-warm	q15	{"beam_policy": "waterfill", "beam_width": 2, "max_depth": 10}	ndcg@10	0.0
2026-03-29T20:23:55+00:00	routing	turborepo	srt-warm	q15	{"beam_policy": "waterfill", "beam_width": 2, "max_depth": 10}	latency_s	0.006711499999999759
2026-03-29T20:23:55+00:00	routing	turborepo	srt-warm	q15	{"beam_policy": "uniform", "beam_width": 3, "max_depth": 3}	ndcg@10	0.0
2026-03-29T20:23:55+00:00	routing	turborepo	srt-warm	q15	{"beam_policy": "uniform", "beam_width": 3, "max_depth": 3}	latency_s	0.008916000000001034
2026-03-29T20:23:55+00:00	routing	turborepo	srt-warm	q15	{"beam_policy": "waterfill", "beam_width": 3, "max_depth": 3}	ndcg@10	0.0
2026-03-29T20:23:55+00:00	routing	turborepo	srt-warm	q15	{"beam_policy": "waterfill", "beam_width": 3, "max_depth": 3}	latency_s	0.007728999999999431
2026-03-29T20:23:55+00:00	routing	turborepo	srt-warm	q15	{"beam_policy": "uniform", "beam_width": 3, "max_depth": 5}	ndcg@10	0.4094543838032698
2026-03-29T20:23:55+00:00	routing	turborepo	srt-warm	q15	{"beam_policy": "uniform", "beam_width": 3, "max_depth": 5}	latency_s	0.00998754200000107
2026-03-29T20:23:55+00:00	routing	turborepo	srt-warm	q15	{"beam_policy": "waterfill", "beam_width": 3, "max_depth": 5}	ndcg@10	0.4094543838032698
2026-03-29T20:23:55+00:00	routing	turborepo	srt-warm	q15	{"beam_policy": "waterfill", "beam_width": 3, "max_depth": 5}	latency_s	0.012053041999999792
2026-03-29T20:23:55+00:00	routing	turborepo	srt-warm	q15	{"beam_policy": "uniform", "beam_width": 3, "max_depth": 7}	ndcg@10	0.4094543838032698
2026-03-29T20:23:55+00:00	routing	turborepo	srt-warm	q15	{"beam_policy": "uniform", "beam_width": 3, "max_depth": 7}	latency_s	0.011456540999999376
2026-03-29T20:23:55+00:00	routing	turborepo	srt-warm	q15	{"beam_policy": "waterfill", "beam_width": 3, "max_depth": 7}	ndcg@10	0.4094543838032698
2026-03-29T20:23:55+00:00	routing	turborepo	srt-warm	q15	{"beam_policy": "waterfill", "beam_width": 3, "max_depth": 7}	latency_s	0.00844154099999983
2026-03-29T20:23:55+00:00	routing	turborepo	srt-warm	q15	{"beam_policy": "uniform", "beam_width": 3, "max_depth": 10}	ndcg@10	0.4094543838032698
2026-03-29T20:23:55+00:00	routing	turborepo	srt-warm	q15	{"beam_policy": "uniform", "beam_width": 3, "max_depth": 10}	latency_s	0.009560916999999947
2026-03-29T20:23:55+00:00	routing	turborepo	srt-warm	q15	{"beam_policy": "waterfill", "beam_width": 3, "max_depth": 10}	ndcg@10	0.4094543838032698
2026-03-29T20:23:55+00:00	routing	turborepo	srt-warm	q15	{"beam_policy": "waterfill", "beam_width": 3, "max_depth": 10}	latency_s	0.012695499999999527
2026-03-29T20:23:55+00:00	routing	turborepo	srt-warm	q15	{"beam_policy": "uniform", "beam_width": 5, "max_depth": 3}	ndcg@10	0.0
2026-03-29T20:23:55+00:00	routing	turborepo	srt-warm	q15	{"beam_policy": "uniform", "beam_width": 5, "max_depth": 3}	latency_s	0.013086416999998463
2026-03-29T20:23:55+00:00	routing	turborepo	srt-warm	q15	{"beam_policy": "waterfill", "beam_width": 5, "max_depth": 3}	ndcg@10	0.0
2026-03-29T20:23:55+00:00	routing	turborepo	srt-warm	q15	{"beam_policy": "waterfill", "beam_width": 5, "max_depth": 3}	latency_s	0.008820124999999734
2026-03-29T20:23:55+00:00	routing	turborepo	srt-warm	q15	{"beam_policy": "uniform", "beam_width": 5, "max_depth": 5}	ndcg@10	0.3477237584304432
2026-03-29T20:23:55+00:00	routing	turborepo	srt-warm	q15	{"beam_policy": "uniform", "beam_width": 5, "max_depth": 5}	latency_s	0.017746708000000666
2026-03-29T20:23:55+00:00	routing	turborepo	srt-warm	q15	{"beam_policy": "waterfill", "beam_width": 5, "max_depth": 5}	ndcg@10	0.4094543838032698
2026-03-29T20:23:55+00:00	routing	turborepo	srt-warm	q15	{"beam_policy": "waterfill", "beam_width": 5, "max_depth": 5}	latency_s	0.010813875000000195
2026-03-29T20:23:55+00:00	routing	turborepo	srt-warm	q15	{"beam_policy": "uniform", "beam_width": 5, "max_depth": 7}	ndcg@10	0.2883081186970472
2026-03-29T20:23:55+00:00	routing	turborepo	srt-warm	q15	{"beam_policy": "uniform", "beam_width": 5, "max_depth": 7}	latency_s	0.02176937499999987
2026-03-29T20:23:55+00:00	routing	turborepo	srt-warm	q15	{"beam_policy": "waterfill", "beam_width": 5, "max_depth": 7}	ndcg@10	0.4094543838032698
2026-03-29T20:23:55+00:00	routing	turborepo	srt-warm	q15	{"beam_policy": "waterfill", "beam_width": 5, "max_depth": 7}	latency_s	0.009985208000001577
2026-03-29T20:23:55+00:00	routing	turborepo	srt-warm	q15	{"beam_policy": "uniform", "beam_width": 5, "max_depth": 10}	ndcg@10	0.2883081186970472
2026-03-29T20:23:55+00:00	routing	turborepo	srt-warm	q15	{"beam_policy": "uniform", "beam_width": 5, "max_depth": 10}	latency_s	0.01866274999999895
2026-03-29T20:23:55+00:00	routing	turborepo	srt-warm	q15	{"beam_policy": "waterfill", "beam_width": 5, "max_depth": 10}	ndcg@10	0.4094543838032698
2026-03-29T20:23:55+00:00	routing	turborepo	srt-warm	q15	{"beam_policy": "waterfill", "beam_width": 5, "max_depth": 10}	latency_s	0.009496291999999684
2026-03-29T20:23:55+00:00	routing	turborepo	srt-warm	q15	{"beam_policy": "uniform", "beam_width": 7, "max_depth": 3}	ndcg@10	0.0
2026-03-29T20:23:55+00:00	routing	turborepo	srt-warm	q15	{"beam_policy": "uniform", "beam_width": 7, "max_depth": 3}	latency_s	0.017708916999998436
2026-03-29T20:23:55+00:00	routing	turborepo	srt-warm	q15	{"beam_policy": "waterfill", "beam_width": 7, "max_depth": 3}	ndcg@10	0.0
2026-03-29T20:23:55+00:00	routing	turborepo	srt-warm	q15	{"beam_policy": "waterfill", "beam_width": 7, "max_depth": 3}	latency_s	0.013276249999998768
2026-03-29T20:23:55+00:00	routing	turborepo	srt-warm	q15	{"beam_policy": "uniform", "beam_width": 7, "max_depth": 5}	ndcg@10	0.2393832281257532
2026-03-29T20:23:55+00:00	routing	turborepo	srt-warm	q15	{"beam_policy": "uniform", "beam_width": 7, "max_depth": 5}	latency_s	0.031190875000000062
2026-03-29T20:23:55+00:00	routing	turborepo	srt-warm	q15	{"beam_policy": "waterfill", "beam_width": 7, "max_depth": 5}	ndcg@10	0.3477237584304432
2026-03-29T20:23:55+00:00	routing	turborepo	srt-warm	q15	{"beam_policy": "waterfill", "beam_width": 7, "max_depth": 5}	latency_s	0.01665399999999906
2026-03-29T20:23:55+00:00	routing	turborepo	srt-warm	q15	{"beam_policy": "uniform", "beam_width": 7, "max_depth": 7}	ndcg@10	0.2393832281257532
2026-03-29T20:23:55+00:00	routing	turborepo	srt-warm	q15	{"beam_policy": "uniform", "beam_width": 7, "max_depth": 7}	latency_s	0.03348454200000006
2026-03-29T20:23:55+00:00	routing	turborepo	srt-warm	q15	{"beam_policy": "waterfill", "beam_width": 7, "max_depth": 7}	ndcg@10	0.2883081186970472
2026-03-29T20:23:55+00:00	routing	turborepo	srt-warm	q15	{"beam_policy": "waterfill", "beam_width": 7, "max_depth": 7}	latency_s	0.017564249999999504
2026-03-29T20:23:55+00:00	routing	turborepo	srt-warm	q15	{"beam_policy": "uniform", "beam_width": 7, "max_depth": 10}	ndcg@10	0.2393832281257532
2026-03-29T20:23:55+00:00	routing	turborepo	srt-warm	q15	{"beam_policy": "uniform", "beam_width": 7, "max_depth": 10}	latency_s	0.03267462500000029
2026-03-29T20:23:55+00:00	routing	turborepo	srt-warm	q15	{"beam_policy": "waterfill", "beam_width": 7, "max_depth": 10}	ndcg@10	0.2883081186970472
2026-03-29T20:23:55+00:00	routing	turborepo	srt-warm	q15	{"beam_policy": "waterfill", "beam_width": 7, "max_depth": 10}	latency_s	0.018157791000000145
2026-03-29T20:23:55+00:00	routing	turborepo	srt-warm	q15	{"beam_policy": "uniform", "beam_width": 10, "max_depth": 3}	ndcg@10	0.0
2026-03-29T20:23:55+00:00	routing	turborepo	srt-warm	q15	{"beam_policy": "uniform", "beam_width": 10, "max_depth": 3}	latency_s	0.018876957999999888
2026-03-29T20:23:56+00:00	routing	turborepo	srt-warm	q15	{"beam_policy": "waterfill", "beam_width": 10, "max_depth": 3}	ndcg@10	0.0
2026-03-29T20:23:56+00:00	routing	turborepo	srt-warm	q15	{"beam_policy": "waterfill", "beam_width": 10, "max_depth": 3}	latency_s	0.01634274999999974
2026-03-29T20:23:56+00:00	routing	turborepo	srt-warm	q15	{"beam_policy": "uniform", "beam_width": 10, "max_depth": 5}	ndcg@10	0.2393832281257532
2026-03-29T20:23:56+00:00	routing	turborepo	srt-warm	q15	{"beam_policy": "uniform", "beam_width": 10, "max_depth": 5}	latency_s	0.03555170799999985
2026-03-29T20:23:56+00:00	routing	turborepo	srt-warm	q15	{"beam_policy": "waterfill", "beam_width": 10, "max_depth": 5}	ndcg@10	0.2393832281257532
2026-03-29T20:23:56+00:00	routing	turborepo	srt-warm	q15	{"beam_policy": "waterfill", "beam_width": 10, "max_depth": 5}	latency_s	0.030826916999998843
2026-03-29T20:23:56+00:00	routing	turborepo	srt-warm	q15	{"beam_policy": "uniform", "beam_width": 10, "max_depth": 7}	ndcg@10	0.2393832281257532
2026-03-29T20:23:56+00:00	routing	turborepo	srt-warm	q15	{"beam_policy": "uniform", "beam_width": 10, "max_depth": 7}	latency_s	0.03826116599999985
2026-03-29T20:23:56+00:00	routing	turborepo	srt-warm	q15	{"beam_policy": "waterfill", "beam_width": 10, "max_depth": 7}	ndcg@10	0.2393832281257532
2026-03-29T20:23:56+00:00	routing	turborepo	srt-warm	q15	{"beam_policy": "waterfill", "beam_width": 10, "max_depth": 7}	latency_s	0.03312333400000078
2026-03-29T20:23:56+00:00	routing	turborepo	srt-warm	q15	{"beam_policy": "uniform", "beam_width": 10, "max_depth": 10}	ndcg@10	0.2393832281257532
2026-03-29T20:23:56+00:00	routing	turborepo	srt-warm	q15	{"beam_policy": "uniform", "beam_width": 10, "max_depth": 10}	latency_s	0.03999712500000108
2026-03-29T20:23:56+00:00	routing	turborepo	srt-warm	q15	{"beam_policy": "waterfill", "beam_width": 10, "max_depth": 10}	ndcg@10	0.2393832281257532
2026-03-29T20:23:56+00:00	routing	turborepo	srt-warm	q15	{"beam_policy": "waterfill", "beam_width": 10, "max_depth": 10}	latency_s	0.03426750000000034
2026-03-29T20:23:56+00:00	routing	turborepo	srt-warm	q16	{"beam_policy": "uniform", "beam_width": 2, "max_depth": 3}	ndcg@10	0.0
2026-03-29T20:23:56+00:00	routing	turborepo	srt-warm	q16	{"beam_policy": "uniform", "beam_width": 2, "max_depth": 3}	latency_s	0.008363250000000377
2026-03-29T20:23:56+00:00	routing	turborepo	srt-warm	q16	{"beam_policy": "waterfill", "beam_width": 2, "max_depth": 3}	ndcg@10	0.0
2026-03-29T20:23:56+00:00	routing	turborepo	srt-warm	q16	{"beam_policy": "waterfill", "beam_width": 2, "max_depth": 3}	latency_s	0.00635800000000053
2026-03-29T20:23:56+00:00	routing	turborepo	srt-warm	q16	{"beam_policy": "uniform", "beam_width": 2, "max_depth": 5}	ndcg@10	0.0
2026-03-29T20:23:56+00:00	routing	turborepo	srt-warm	q16	{"beam_policy": "uniform", "beam_width": 2, "max_depth": 5}	latency_s	0.007598832999999416
2026-03-29T20:23:56+00:00	routing	turborepo	srt-warm	q16	{"beam_policy": "waterfill", "beam_width": 2, "max_depth": 5}	ndcg@10	0.0
2026-03-29T20:23:56+00:00	routing	turborepo	srt-warm	q16	{"beam_policy": "waterfill", "beam_width": 2, "max_depth": 5}	latency_s	0.007395916000000113
2026-03-29T20:23:56+00:00	routing	turborepo	srt-warm	q16	{"beam_policy": "uniform", "beam_width": 2, "max_depth": 7}	ndcg@10	0.0
2026-03-29T20:23:56+00:00	routing	turborepo	srt-warm	q16	{"beam_policy": "uniform", "beam_width": 2, "max_depth": 7}	latency_s	0.009577709000000212
2026-03-29T20:23:56+00:00	routing	turborepo	srt-warm	q16	{"beam_policy": "waterfill", "beam_width": 2, "max_depth": 7}	ndcg@10	0.0
2026-03-29T20:23:56+00:00	routing	turborepo	srt-warm	q16	{"beam_policy": "waterfill", "beam_width": 2, "max_depth": 7}	latency_s	0.007620334000000284
2026-03-29T20:23:56+00:00	routing	turborepo	srt-warm	q16	{"beam_policy": "uniform", "beam_width": 2, "max_depth": 10}	ndcg@10	0.0
2026-03-29T20:23:56+00:00	routing	turborepo	srt-warm	q16	{"beam_policy": "uniform", "beam_width": 2, "max_depth": 10}	latency_s	0.007928083999999558
2026-03-29T20:23:56+00:00	routing	turborepo	srt-warm	q16	{"beam_policy": "waterfill", "beam_width": 2, "max_depth": 10}	ndcg@10	0.0
2026-03-29T20:23:56+00:00	routing	turborepo	srt-warm	q16	{"beam_policy": "waterfill", "beam_width": 2, "max_depth": 10}	latency_s	0.0076388329999996785
2026-03-29T20:23:56+00:00	routing	turborepo	srt-warm	q16	{"beam_policy": "uniform", "beam_width": 3, "max_depth": 3}	ndcg@10	0.0
2026-03-29T20:23:56+00:00	routing	turborepo	srt-warm	q16	{"beam_policy": "uniform", "beam_width": 3, "max_depth": 3}	latency_s	0.007124499999999756
2026-03-29T20:23:56+00:00	routing	turborepo	srt-warm	q16	{"beam_policy": "waterfill", "beam_width": 3, "max_depth": 3}	ndcg@10	0.0
2026-03-29T20:23:56+00:00	routing	turborepo	srt-warm	q16	{"beam_policy": "waterfill", "beam_width": 3, "max_depth": 3}	latency_s	0.006598750000000209
2026-03-29T20:23:56+00:00	routing	turborepo	srt-warm	q16	{"beam_policy": "uniform", "beam_width": 3, "max_depth": 5}	ndcg@10	0.0
2026-03-29T20:23:56+00:00	routing	turborepo	srt-warm	q16	{"beam_policy": "uniform", "beam_width": 3, "max_depth": 5}	latency_s	0.009656874999999232
2026-03-29T20:23:56+00:00	routing	turborepo	srt-warm	q16	{"beam_policy": "waterfill", "beam_width": 3, "max_depth": 5}	ndcg@10	0.0
2026-03-29T20:23:56+00:00	routing	turborepo	srt-warm	q16	{"beam_policy": "waterfill", "beam_width": 3, "max_depth": 5}	latency_s	0.00860741700000034
2026-03-29T20:23:56+00:00	routing	turborepo	srt-warm	q16	{"beam_policy": "uniform", "beam_width": 3, "max_depth": 7}	ndcg@10	0.0
2026-03-29T20:23:56+00:00	routing	turborepo	srt-warm	q16	{"beam_policy": "uniform", "beam_width": 3, "max_depth": 7}	latency_s	0.008680208000001244
2026-03-29T20:23:56+00:00	routing	turborepo	srt-warm	q16	{"beam_policy": "waterfill", "beam_width": 3, "max_depth": 7}	ndcg@10	0.0
2026-03-29T20:23:56+00:00	routing	turborepo	srt-warm	q16	{"beam_policy": "waterfill", "beam_width": 3, "max_depth": 7}	latency_s	0.008249375000000114
2026-03-29T20:23:56+00:00	routing	turborepo	srt-warm	q16	{"beam_policy": "uniform", "beam_width": 3, "max_depth": 10}	ndcg@10	0.0
2026-03-29T20:23:56+00:00	routing	turborepo	srt-warm	q16	{"beam_policy": "uniform", "beam_width": 3, "max_depth": 10}	latency_s	0.008393584000000232
2026-03-29T20:23:56+00:00	routing	turborepo	srt-warm	q16	{"beam_policy": "waterfill", "beam_width": 3, "max_depth": 10}	ndcg@10	0.0
2026-03-29T20:23:56+00:00	routing	turborepo	srt-warm	q16	{"beam_policy": "waterfill", "beam_width": 3, "max_depth": 10}	latency_s	0.007921832999999268
2026-03-29T20:23:56+00:00	routing	turborepo	srt-warm	q16	{"beam_policy": "uniform", "beam_width": 5, "max_depth": 3}	ndcg@10	0.0
2026-03-29T20:23:56+00:00	routing	turborepo	srt-warm	q16	{"beam_policy": "uniform", "beam_width": 5, "max_depth": 3}	latency_s	0.007795708000001511
2026-03-29T20:23:56+00:00	routing	turborepo	srt-warm	q16	{"beam_policy": "waterfill", "beam_width": 5, "max_depth": 3}	ndcg@10	0.0
2026-03-29T20:23:56+00:00	routing	turborepo	srt-warm	q16	{"beam_policy": "waterfill", "beam_width": 5, "max_depth": 3}	latency_s	0.01041087499999982
2026-03-29T20:23:56+00:00	routing	turborepo	srt-warm	q16	{"beam_policy": "uniform", "beam_width": 5, "max_depth": 5}	ndcg@10	0.0
2026-03-29T20:23:56+00:00	routing	turborepo	srt-warm	q16	{"beam_policy": "uniform", "beam_width": 5, "max_depth": 5}	latency_s	0.01231916599999927
2026-03-29T20:23:56+00:00	routing	turborepo	srt-warm	q16	{"beam_policy": "waterfill", "beam_width": 5, "max_depth": 5}	ndcg@10	0.0
2026-03-29T20:23:56+00:00	routing	turborepo	srt-warm	q16	{"beam_policy": "waterfill", "beam_width": 5, "max_depth": 5}	latency_s	0.01119887499999983
2026-03-29T20:23:56+00:00	routing	turborepo	srt-warm	q16	{"beam_policy": "uniform", "beam_width": 5, "max_depth": 7}	ndcg@10	0.0
2026-03-29T20:23:56+00:00	routing	turborepo	srt-warm	q16	{"beam_policy": "uniform", "beam_width": 5, "max_depth": 7}	latency_s	0.012262332999998904
2026-03-29T20:23:56+00:00	routing	turborepo	srt-warm	q16	{"beam_policy": "waterfill", "beam_width": 5, "max_depth": 7}	ndcg@10	0.0
2026-03-29T20:23:56+00:00	routing	turborepo	srt-warm	q16	{"beam_policy": "waterfill", "beam_width": 5, "max_depth": 7}	latency_s	0.010371916000000425
2026-03-29T20:23:56+00:00	routing	turborepo	srt-warm	q16	{"beam_policy": "uniform", "beam_width": 5, "max_depth": 10}	ndcg@10	0.0
2026-03-29T20:23:56+00:00	routing	turborepo	srt-warm	q16	{"beam_policy": "uniform", "beam_width": 5, "max_depth": 10}	latency_s	0.012460834000000531
2026-03-29T20:23:56+00:00	routing	turborepo	srt-warm	q16	{"beam_policy": "waterfill", "beam_width": 5, "max_depth": 10}	ndcg@10	0.0
2026-03-29T20:23:56+00:00	routing	turborepo	srt-warm	q16	{"beam_policy": "waterfill", "beam_width": 5, "max_depth": 10}	latency_s	0.012757792000000379
2026-03-29T20:23:56+00:00	routing	turborepo	srt-warm	q16	{"beam_policy": "uniform", "beam_width": 7, "max_depth": 3}	ndcg@10	0.0
2026-03-29T20:23:56+00:00	routing	turborepo	srt-warm	q16	{"beam_policy": "uniform", "beam_width": 7, "max_depth": 3}	latency_s	0.011427917000000676
2026-03-29T20:23:56+00:00	routing	turborepo	srt-warm	q16	{"beam_policy": "waterfill", "beam_width": 7, "max_depth": 3}	ndcg@10	0.0
2026-03-29T20:23:56+00:00	routing	turborepo	srt-warm	q16	{"beam_policy": "waterfill", "beam_width": 7, "max_depth": 3}	latency_s	0.007884041000000508
2026-03-29T20:23:56+00:00	routing	turborepo	srt-warm	q16	{"beam_policy": "uniform", "beam_width": 7, "max_depth": 5}	ndcg@10	0.0
2026-03-29T20:23:56+00:00	routing	turborepo	srt-warm	q16	{"beam_policy": "uniform", "beam_width": 7, "max_depth": 5}	latency_s	0.017039167000000077
2026-03-29T20:23:56+00:00	routing	turborepo	srt-warm	q16	{"beam_policy": "waterfill", "beam_width": 7, "max_depth": 5}	ndcg@10	0.0
2026-03-29T20:23:56+00:00	routing	turborepo	srt-warm	q16	{"beam_policy": "waterfill", "beam_width": 7, "max_depth": 5}	latency_s	0.012826083999998517
2026-03-29T20:23:56+00:00	routing	turborepo	srt-warm	q16	{"beam_policy": "uniform", "beam_width": 7, "max_depth": 7}	ndcg@10	0.0
2026-03-29T20:23:56+00:00	routing	turborepo	srt-warm	q16	{"beam_policy": "uniform", "beam_width": 7, "max_depth": 7}	latency_s	0.01718870800000083
2026-03-29T20:23:56+00:00	routing	turborepo	srt-warm	q16	{"beam_policy": "waterfill", "beam_width": 7, "max_depth": 7}	ndcg@10	0.0
2026-03-29T20:23:56+00:00	routing	turborepo	srt-warm	q16	{"beam_policy": "waterfill", "beam_width": 7, "max_depth": 7}	latency_s	0.012378208000001223
2026-03-29T20:23:56+00:00	routing	turborepo	srt-warm	q16	{"beam_policy": "uniform", "beam_width": 7, "max_depth": 10}	ndcg@10	0.0
2026-03-29T20:23:56+00:00	routing	turborepo	srt-warm	q16	{"beam_policy": "uniform", "beam_width": 7, "max_depth": 10}	latency_s	0.01741587500000108
2026-03-29T20:23:56+00:00	routing	turborepo	srt-warm	q16	{"beam_policy": "waterfill", "beam_width": 7, "max_depth": 10}	ndcg@10	0.0
2026-03-29T20:23:56+00:00	routing	turborepo	srt-warm	q16	{"beam_policy": "waterfill", "beam_width": 7, "max_depth": 10}	latency_s	0.012190000000000367
2026-03-29T20:23:56+00:00	routing	turborepo	srt-warm	q16	{"beam_policy": "uniform", "beam_width": 10, "max_depth": 3}	ndcg@10	0.0
2026-03-29T20:23:56+00:00	routing	turborepo	srt-warm	q16	{"beam_policy": "uniform", "beam_width": 10, "max_depth": 3}	latency_s	0.01860316699999842
2026-03-29T20:23:56+00:00	routing	turborepo	srt-warm	q16	{"beam_policy": "waterfill", "beam_width": 10, "max_depth": 3}	ndcg@10	0.0
2026-03-29T20:23:56+00:00	routing	turborepo	srt-warm	q16	{"beam_policy": "waterfill", "beam_width": 10, "max_depth": 3}	latency_s	0.011158791999999806
2026-03-29T20:23:56+00:00	routing	turborepo	srt-warm	q16	{"beam_policy": "uniform", "beam_width": 10, "max_depth": 5}	ndcg@10	0.0
2026-03-29T20:23:56+00:00	routing	turborepo	srt-warm	q16	{"beam_policy": "uniform", "beam_width": 10, "max_depth": 5}	latency_s	0.04323108400000031
2026-03-29T20:23:56+00:00	routing	turborepo	srt-warm	q16	{"beam_policy": "waterfill", "beam_width": 10, "max_depth": 5}	ndcg@10	0.0
2026-03-29T20:23:56+00:00	routing	turborepo	srt-warm	q16	{"beam_policy": "waterfill", "beam_width": 10, "max_depth": 5}	latency_s	0.019624583000000584
2026-03-29T20:23:56+00:00	routing	turborepo	srt-warm	q16	{"beam_policy": "uniform", "beam_width": 10, "max_depth": 7}	ndcg@10	0.0
2026-03-29T20:23:56+00:00	routing	turborepo	srt-warm	q16	{"beam_policy": "uniform", "beam_width": 10, "max_depth": 7}	latency_s	0.056004124999999405
2026-03-29T20:23:56+00:00	routing	turborepo	srt-warm	q16	{"beam_policy": "waterfill", "beam_width": 10, "max_depth": 7}	ndcg@10	0.0
2026-03-29T20:23:56+00:00	routing	turborepo	srt-warm	q16	{"beam_policy": "waterfill", "beam_width": 10, "max_depth": 7}	latency_s	0.019512875000000207
2026-03-29T20:23:56+00:00	routing	turborepo	srt-warm	q16	{"beam_policy": "uniform", "beam_width": 10, "max_depth": 10}	ndcg@10	0.0
2026-03-29T20:23:56+00:00	routing	turborepo	srt-warm	q16	{"beam_policy": "uniform", "beam_width": 10, "max_depth": 10}	latency_s	0.05766941699999961
2026-03-29T20:23:56+00:00	routing	turborepo	srt-warm	q16	{"beam_policy": "waterfill", "beam_width": 10, "max_depth": 10}	ndcg@10	0.0
2026-03-29T20:23:56+00:00	routing	turborepo	srt-warm	q16	{"beam_policy": "waterfill", "beam_width": 10, "max_depth": 10}	latency_s	0.02164145800000128
2026-03-29T20:23:56+00:00	routing	turborepo	srt-warm	q17	{"beam_policy": "uniform", "beam_width": 2, "max_depth": 3}	ndcg@10	0.0
2026-03-29T20:23:56+00:00	routing	turborepo	srt-warm	q17	{"beam_policy": "uniform", "beam_width": 2, "max_depth": 3}	latency_s	0.008818542000000207
2026-03-29T20:23:56+00:00	routing	turborepo	srt-warm	q17	{"beam_policy": "waterfill", "beam_width": 2, "max_depth": 3}	ndcg@10	0.0
2026-03-29T20:23:56+00:00	routing	turborepo	srt-warm	q17	{"beam_policy": "waterfill", "beam_width": 2, "max_depth": 3}	latency_s	0.008899500000001836
2026-03-29T20:23:56+00:00	routing	turborepo	srt-warm	q17	{"beam_policy": "uniform", "beam_width": 2, "max_depth": 5}	ndcg@10	0.6309015148106042
2026-03-29T20:23:56+00:00	routing	turborepo	srt-warm	q17	{"beam_policy": "uniform", "beam_width": 2, "max_depth": 5}	latency_s	0.016394333999997457
2026-03-29T20:23:56+00:00	routing	turborepo	srt-warm	q17	{"beam_policy": "waterfill", "beam_width": 2, "max_depth": 5}	ndcg@10	0.6394712885097369
2026-03-29T20:23:56+00:00	routing	turborepo	srt-warm	q17	{"beam_policy": "waterfill", "beam_width": 2, "max_depth": 5}	latency_s	0.014076624999997733
2026-03-29T20:23:56+00:00	routing	turborepo	srt-warm	q17	{"beam_policy": "uniform", "beam_width": 2, "max_depth": 7}	ndcg@10	0.6239784957877976
2026-03-29T20:23:56+00:00	routing	turborepo	srt-warm	q17	{"beam_policy": "uniform", "beam_width": 2, "max_depth": 7}	latency_s	0.016668791000000738
2026-03-29T20:23:56+00:00	routing	turborepo	srt-warm	q17	{"beam_policy": "waterfill", "beam_width": 2, "max_depth": 7}	ndcg@10	0.6309015148106042
2026-03-29T20:23:56+00:00	routing	turborepo	srt-warm	q17	{"beam_policy": "waterfill", "beam_width": 2, "max_depth": 7}	latency_s	0.01256562500000058
2026-03-29T20:23:57+00:00	routing	turborepo	srt-warm	q17	{"beam_policy": "uniform", "beam_width": 2, "max_depth": 10}	ndcg@10	0.6239784957877976
2026-03-29T20:23:57+00:00	routing	turborepo	srt-warm	q17	{"beam_policy": "uniform", "beam_width": 2, "max_depth": 10}	latency_s	0.018530292000001225
2026-03-29T20:23:57+00:00	routing	turborepo	srt-warm	q17	{"beam_policy": "waterfill", "beam_width": 2, "max_depth": 10}	ndcg@10	0.6309015148106042
2026-03-29T20:23:57+00:00	routing	turborepo	srt-warm	q17	{"beam_policy": "waterfill", "beam_width": 2, "max_depth": 10}	latency_s	0.012564375000000183
2026-03-29T20:23:57+00:00	routing	turborepo	srt-warm	q17	{"beam_policy": "uniform", "beam_width": 3, "max_depth": 3}	ndcg@10	0.0
2026-03-29T20:23:57+00:00	routing	turborepo	srt-warm	q17	{"beam_policy": "uniform", "beam_width": 3, "max_depth": 3}	latency_s	0.009237750000000489
2026-03-29T20:23:57+00:00	routing	turborepo	srt-warm	q17	{"beam_policy": "waterfill", "beam_width": 3, "max_depth": 3}	ndcg@10	0.0
2026-03-29T20:23:57+00:00	routing	turborepo	srt-warm	q17	{"beam_policy": "waterfill", "beam_width": 3, "max_depth": 3}	latency_s	0.008981208000001573
2026-03-29T20:23:57+00:00	routing	turborepo	srt-warm	q17	{"beam_policy": "uniform", "beam_width": 3, "max_depth": 5}	ndcg@10	0.6239784957877976
2026-03-29T20:23:57+00:00	routing	turborepo	srt-warm	q17	{"beam_policy": "uniform", "beam_width": 3, "max_depth": 5}	latency_s	0.017225332999998955
2026-03-29T20:23:57+00:00	routing	turborepo	srt-warm	q17	{"beam_policy": "waterfill", "beam_width": 3, "max_depth": 5}	ndcg@10	0.6309015148106042
2026-03-29T20:23:57+00:00	routing	turborepo	srt-warm	q17	{"beam_policy": "waterfill", "beam_width": 3, "max_depth": 5}	latency_s	0.02130170899999939
2026-03-29T20:23:57+00:00	routing	turborepo	srt-warm	q17	{"beam_policy": "uniform", "beam_width": 3, "max_depth": 7}	ndcg@10	0.6182399590935599
2026-03-29T20:23:57+00:00	routing	turborepo	srt-warm	q17	{"beam_policy": "uniform", "beam_width": 3, "max_depth": 7}	latency_s	0.017800499999999886
2026-03-29T20:23:57+00:00	routing	turborepo	srt-warm	q17	{"beam_policy": "waterfill", "beam_width": 3, "max_depth": 7}	ndcg@10	0.6239784957877976
2026-03-29T20:23:57+00:00	routing	turborepo	srt-warm	q17	{"beam_policy": "waterfill", "beam_width": 3, "max_depth": 7}	latency_s	0.022264333000002523
2026-03-29T20:23:57+00:00	routing	turborepo	srt-warm	q17	{"beam_policy": "uniform", "beam_width": 3, "max_depth": 10}	ndcg@10	0.6182399590935599
2026-03-29T20:23:57+00:00	routing	turborepo	srt-warm	q17	{"beam_policy": "uniform", "beam_width": 3, "max_depth": 10}	latency_s	0.020769458000000185
2026-03-29T20:23:57+00:00	routing	turborepo	srt-warm	q17	{"beam_policy": "waterfill", "beam_width": 3, "max_depth": 10}	ndcg@10	0.6239784957877976
2026-03-29T20:23:57+00:00	routing	turborepo	srt-warm	q17	{"beam_policy": "waterfill", "beam_width": 3, "max_depth": 10}	latency_s	0.015629916999998272
2026-03-29T20:23:57+00:00	routing	turborepo	srt-warm	q17	{"beam_policy": "uniform", "beam_width": 5, "max_depth": 3}	ndcg@10	0.0
2026-03-29T20:23:57+00:00	routing	turborepo	srt-warm	q17	{"beam_policy": "uniform", "beam_width": 5, "max_depth": 3}	latency_s	0.012201791999999045
2026-03-29T20:23:57+00:00	routing	turborepo	srt-warm	q17	{"beam_policy": "waterfill", "beam_width": 5, "max_depth": 3}	ndcg@10	0.0
2026-03-29T20:23:57+00:00	routing	turborepo	srt-warm	q17	{"beam_policy": "waterfill", "beam_width": 5, "max_depth": 3}	latency_s	0.009401291999999728
2026-03-29T20:23:57+00:00	routing	turborepo	srt-warm	q17	{"beam_policy": "uniform", "beam_width": 5, "max_depth": 5}	ndcg@10	0.302596096856603
2026-03-29T20:23:57+00:00	routing	turborepo	srt-warm	q17	{"beam_policy": "uniform", "beam_width": 5, "max_depth": 5}	latency_s	0.028114999999999668
2026-03-29T20:23:57+00:00	routing	turborepo	srt-warm	q17	{"beam_policy": "waterfill", "beam_width": 5, "max_depth": 5}	ndcg@10	0.302596096856603
2026-03-29T20:23:57+00:00	routing	turborepo	srt-warm	q17	{"beam_policy": "waterfill", "beam_width": 5, "max_depth": 5}	latency_s	0.01954383400000026
2026-03-29T20:23:57+00:00	routing	turborepo	srt-warm	q17	{"beam_policy": "uniform", "beam_width": 5, "max_depth": 7}	ndcg@10	0.302596096856603
2026-03-29T20:23:57+00:00	routing	turborepo	srt-warm	q17	{"beam_policy": "uniform", "beam_width": 5, "max_depth": 7}	latency_s	0.034955207999999516
2026-03-29T20:23:57+00:00	routing	turborepo	srt-warm	q17	{"beam_policy": "waterfill", "beam_width": 5, "max_depth": 7}	ndcg@10	0.302596096856603
2026-03-29T20:23:57+00:00	routing	turborepo	srt-warm	q17	{"beam_policy": "waterfill", "beam_width": 5, "max_depth": 7}	latency_s	0.02746141599999774
2026-03-29T20:23:57+00:00	routing	turborepo	srt-warm	q17	{"beam_policy": "uniform", "beam_width": 5, "max_depth": 10}	ndcg@10	0.302596096856603
2026-03-29T20:23:57+00:00	routing	turborepo	srt-warm	q17	{"beam_policy": "uniform", "beam_width": 5, "max_depth": 10}	latency_s	0.03468725000000106
2026-03-29T20:23:57+00:00	routing	turborepo	srt-warm	q17	{"beam_policy": "waterfill", "beam_width": 5, "max_depth": 10}	ndcg@10	0.302596096856603
2026-03-29T20:23:57+00:00	routing	turborepo	srt-warm	q17	{"beam_policy": "waterfill", "beam_width": 5, "max_depth": 10}	latency_s	0.028335167000001604
2026-03-29T20:23:57+00:00	routing	turborepo	srt-warm	q17	{"beam_policy": "uniform", "beam_width": 7, "max_depth": 3}	ndcg@10	0.0
2026-03-29T20:23:57+00:00	routing	turborepo	srt-warm	q17	{"beam_policy": "uniform", "beam_width": 7, "max_depth": 3}	latency_s	0.01677020900000059
2026-03-29T20:23:57+00:00	routing	turborepo	srt-warm	q17	{"beam_policy": "waterfill", "beam_width": 7, "max_depth": 3}	ndcg@10	0.0
2026-03-29T20:23:57+00:00	routing	turborepo	srt-warm	q17	{"beam_policy": "waterfill", "beam_width": 7, "max_depth": 3}	latency_s	0.010892999999999375
2026-03-29T20:23:57+00:00	routing	turborepo	srt-warm	q17	{"beam_policy": "uniform", "beam_width": 7, "max_depth": 5}	ndcg@10	0.302596096856603
2026-03-29T20:23:57+00:00	routing	turborepo	srt-warm	q17	{"beam_policy": "uniform", "beam_width": 7, "max_depth": 5}	latency_s	0.04367208299999703
2026-03-29T20:23:57+00:00	routing	turborepo	srt-warm	q17	{"beam_policy": "waterfill", "beam_width": 7, "max_depth": 5}	ndcg@10	0.302596096856603
2026-03-29T20:23:57+00:00	routing	turborepo	srt-warm	q17	{"beam_policy": "waterfill", "beam_width": 7, "max_depth": 5}	latency_s	0.027367791999999724
2026-03-29T20:23:57+00:00	routing	turborepo	srt-warm	q17	{"beam_policy": "uniform", "beam_width": 7, "max_depth": 7}	ndcg@10	0.302596096856603
2026-03-29T20:23:57+00:00	routing	turborepo	srt-warm	q17	{"beam_policy": "uniform", "beam_width": 7, "max_depth": 7}	latency_s	0.054195082999999755
2026-03-29T20:23:57+00:00	routing	turborepo	srt-warm	q17	{"beam_policy": "waterfill", "beam_width": 7, "max_depth": 7}	ndcg@10	0.302596096856603
2026-03-29T20:23:57+00:00	routing	turborepo	srt-warm	q17	{"beam_policy": "waterfill", "beam_width": 7, "max_depth": 7}	latency_s	0.035464666999999395
2026-03-29T20:23:57+00:00	routing	turborepo	srt-warm	q17	{"beam_policy": "uniform", "beam_width": 7, "max_depth": 10}	ndcg@10	0.302596096856603
2026-03-29T20:23:57+00:00	routing	turborepo	srt-warm	q17	{"beam_policy": "uniform", "beam_width": 7, "max_depth": 10}	latency_s	0.05612562499999996
2026-03-29T20:23:57+00:00	routing	turborepo	srt-warm	q17	{"beam_policy": "waterfill", "beam_width": 7, "max_depth": 10}	ndcg@10	0.302596096856603
2026-03-29T20:23:57+00:00	routing	turborepo	srt-warm	q17	{"beam_policy": "waterfill", "beam_width": 7, "max_depth": 10}	latency_s	0.037634333999999825
2026-03-29T20:23:57+00:00	routing	turborepo	srt-warm	q17	{"beam_policy": "uniform", "beam_width": 10, "max_depth": 3}	ndcg@10	0.0
2026-03-29T20:23:57+00:00	routing	turborepo	srt-warm	q17	{"beam_policy": "uniform", "beam_width": 10, "max_depth": 3}	latency_s	0.020670458999997976
2026-03-29T20:23:57+00:00	routing	turborepo	srt-warm	q17	{"beam_policy": "waterfill", "beam_width": 10, "max_depth": 3}	ndcg@10	0.0
2026-03-29T20:23:57+00:00	routing	turborepo	srt-warm	q17	{"beam_policy": "waterfill", "beam_width": 10, "max_depth": 3}	latency_s	0.01579883299999807
2026-03-29T20:23:57+00:00	routing	turborepo	srt-warm	q17	{"beam_policy": "uniform", "beam_width": 10, "max_depth": 5}	ndcg@10	0.302596096856603
2026-03-29T20:23:57+00:00	routing	turborepo	srt-warm	q17	{"beam_policy": "uniform", "beam_width": 10, "max_depth": 5}	latency_s	0.054178707999998466
2026-03-29T20:23:57+00:00	routing	turborepo	srt-warm	q17	{"beam_policy": "waterfill", "beam_width": 10, "max_depth": 5}	ndcg@10	0.302596096856603
2026-03-29T20:23:57+00:00	routing	turborepo	srt-warm	q17	{"beam_policy": "waterfill", "beam_width": 10, "max_depth": 5}	latency_s	0.04467883399999906
2026-03-29T20:23:57+00:00	routing	turborepo	srt-warm	q17	{"beam_policy": "uniform", "beam_width": 10, "max_depth": 7}	ndcg@10	0.302596096856603
2026-03-29T20:23:57+00:00	routing	turborepo	srt-warm	q17	{"beam_policy": "uniform", "beam_width": 10, "max_depth": 7}	latency_s	0.060777374999997136
2026-03-29T20:23:58+00:00	routing	turborepo	srt-warm	q17	{"beam_policy": "waterfill", "beam_width": 10, "max_depth": 7}	ndcg@10	0.302596096856603
2026-03-29T20:23:58+00:00	routing	turborepo	srt-warm	q17	{"beam_policy": "waterfill", "beam_width": 10, "max_depth": 7}	latency_s	0.05941820900000039
2026-03-29T20:23:58+00:00	routing	turborepo	srt-warm	q17	{"beam_policy": "uniform", "beam_width": 10, "max_depth": 10}	ndcg@10	0.302596096856603
2026-03-29T20:23:58+00:00	routing	turborepo	srt-warm	q17	{"beam_policy": "uniform", "beam_width": 10, "max_depth": 10}	latency_s	0.06434445799999722
2026-03-29T20:23:58+00:00	routing	turborepo	srt-warm	q17	{"beam_policy": "waterfill", "beam_width": 10, "max_depth": 10}	ndcg@10	0.302596096856603
2026-03-29T20:23:58+00:00	routing	turborepo	srt-warm	q17	{"beam_policy": "waterfill", "beam_width": 10, "max_depth": 10}	latency_s	0.05699712500000231
2026-03-29T20:23:58+00:00	routing	turborepo	srt-warm	q18	{"beam_policy": "uniform", "beam_width": 2, "max_depth": 3}	ndcg@10	0.0
2026-03-29T20:23:58+00:00	routing	turborepo	srt-warm	q18	{"beam_policy": "uniform", "beam_width": 2, "max_depth": 3}	latency_s	0.007828166999999553
2026-03-29T20:23:58+00:00	routing	turborepo	srt-warm	q18	{"beam_policy": "waterfill", "beam_width": 2, "max_depth": 3}	ndcg@10	0.0
2026-03-29T20:23:58+00:00	routing	turborepo	srt-warm	q18	{"beam_policy": "waterfill", "beam_width": 2, "max_depth": 3}	latency_s	0.008837958000000867
2026-03-29T20:23:58+00:00	routing	turborepo	srt-warm	q18	{"beam_policy": "uniform", "beam_width": 2, "max_depth": 5}	ndcg@10	0.2065539701415984
2026-03-29T20:23:58+00:00	routing	turborepo	srt-warm	q18	{"beam_policy": "uniform", "beam_width": 2, "max_depth": 5}	latency_s	0.008156292000002452
2026-03-29T20:23:58+00:00	routing	turborepo	srt-warm	q18	{"beam_policy": "waterfill", "beam_width": 2, "max_depth": 5}	ndcg@10	0.2065539701415984
2026-03-29T20:23:58+00:00	routing	turborepo	srt-warm	q18	{"beam_policy": "waterfill", "beam_width": 2, "max_depth": 5}	latency_s	0.008355000000001667
2026-03-29T20:23:58+00:00	routing	turborepo	srt-warm	q18	{"beam_policy": "uniform", "beam_width": 2, "max_depth": 7}	ndcg@10	0.2065539701415984
2026-03-29T20:23:58+00:00	routing	turborepo	srt-warm	q18	{"beam_policy": "uniform", "beam_width": 2, "max_depth": 7}	latency_s	0.007550083000001706
2026-03-29T20:23:58+00:00	routing	turborepo	srt-warm	q18	{"beam_policy": "waterfill", "beam_width": 2, "max_depth": 7}	ndcg@10	0.2065539701415984
2026-03-29T20:23:58+00:00	routing	turborepo	srt-warm	q18	{"beam_policy": "waterfill", "beam_width": 2, "max_depth": 7}	latency_s	0.0070913749999981235
2026-03-29T20:23:58+00:00	routing	turborepo	srt-warm	q18	{"beam_policy": "uniform", "beam_width": 2, "max_depth": 10}	ndcg@10	0.2065539701415984
2026-03-29T20:23:58+00:00	routing	turborepo	srt-warm	q18	{"beam_policy": "uniform", "beam_width": 2, "max_depth": 10}	latency_s	0.007662290999999044
2026-03-29T20:23:58+00:00	routing	turborepo	srt-warm	q18	{"beam_policy": "waterfill", "beam_width": 2, "max_depth": 10}	ndcg@10	0.2065539701415984
2026-03-29T20:23:58+00:00	routing	turborepo	srt-warm	q18	{"beam_policy": "waterfill", "beam_width": 2, "max_depth": 10}	latency_s	0.007428499999999616
2026-03-29T20:23:58+00:00	routing	turborepo	srt-warm	q18	{"beam_policy": "uniform", "beam_width": 3, "max_depth": 3}	ndcg@10	0.0
2026-03-29T20:23:58+00:00	routing	turborepo	srt-warm	q18	{"beam_policy": "uniform", "beam_width": 3, "max_depth": 3}	latency_s	0.00798679200000052
2026-03-29T20:23:58+00:00	routing	turborepo	srt-warm	q18	{"beam_policy": "waterfill", "beam_width": 3, "max_depth": 3}	ndcg@10	0.0
2026-03-29T20:23:58+00:00	routing	turborepo	srt-warm	q18	{"beam_policy": "waterfill", "beam_width": 3, "max_depth": 3}	latency_s	0.007308583000000368
2026-03-29T20:23:58+00:00	routing	turborepo	srt-warm	q18	{"beam_policy": "uniform", "beam_width": 3, "max_depth": 5}	ndcg@10	0.2065539701415984
2026-03-29T20:23:58+00:00	routing	turborepo	srt-warm	q18	{"beam_policy": "uniform", "beam_width": 3, "max_depth": 5}	latency_s	0.012947042000000408
2026-03-29T20:23:58+00:00	routing	turborepo	srt-warm	q18	{"beam_policy": "waterfill", "beam_width": 3, "max_depth": 5}	ndcg@10	0.2065539701415984
2026-03-29T20:23:58+00:00	routing	turborepo	srt-warm	q18	{"beam_policy": "waterfill", "beam_width": 3, "max_depth": 5}	latency_s	0.010661083000002236
2026-03-29T20:23:58+00:00	routing	turborepo	srt-warm	q18	{"beam_policy": "uniform", "beam_width": 3, "max_depth": 7}	ndcg@10	0.2065539701415984
2026-03-29T20:23:58+00:00	routing	turborepo	srt-warm	q18	{"beam_policy": "uniform", "beam_width": 3, "max_depth": 7}	latency_s	0.014181290999999874
2026-03-29T20:23:58+00:00	routing	turborepo	srt-warm	q18	{"beam_policy": "waterfill", "beam_width": 3, "max_depth": 7}	ndcg@10	0.2065539701415984
2026-03-29T20:23:58+00:00	routing	turborepo	srt-warm	q18	{"beam_policy": "waterfill", "beam_width": 3, "max_depth": 7}	latency_s	0.009093582999998517
2026-03-29T20:23:58+00:00	routing	turborepo	srt-warm	q18	{"beam_policy": "uniform", "beam_width": 3, "max_depth": 10}	ndcg@10	0.2065539701415984
2026-03-29T20:23:58+00:00	routing	turborepo	srt-warm	q18	{"beam_policy": "uniform", "beam_width": 3, "max_depth": 10}	latency_s	0.014865374999999403
2026-03-29T20:23:58+00:00	routing	turborepo	srt-warm	q18	{"beam_policy": "waterfill", "beam_width": 3, "max_depth": 10}	ndcg@10	0.2065539701415984
2026-03-29T20:23:58+00:00	routing	turborepo	srt-warm	q18	{"beam_policy": "waterfill", "beam_width": 3, "max_depth": 10}	latency_s	0.008281749999998311
2026-03-29T20:23:58+00:00	routing	turborepo	srt-warm	q18	{"beam_policy": "uniform", "beam_width": 5, "max_depth": 3}	ndcg@10	0.0
2026-03-29T20:23:58+00:00	routing	turborepo	srt-warm	q18	{"beam_policy": "uniform", "beam_width": 5, "max_depth": 3}	latency_s	0.009144333000001836
2026-03-29T20:23:58+00:00	routing	turborepo	srt-warm	q18	{"beam_policy": "waterfill", "beam_width": 5, "max_depth": 3}	ndcg@10	0.0
2026-03-29T20:23:58+00:00	routing	turborepo	srt-warm	q18	{"beam_policy": "waterfill", "beam_width": 5, "max_depth": 3}	latency_s	0.010575250000002256
2026-03-29T20:23:58+00:00	routing	turborepo	srt-warm	q18	{"beam_policy": "uniform", "beam_width": 5, "max_depth": 5}	ndcg@10	0.1512980484283015
2026-03-29T20:23:58+00:00	routing	turborepo	srt-warm	q18	{"beam_policy": "uniform", "beam_width": 5, "max_depth": 5}	latency_s	0.024120416999998895
2026-03-29T20:23:58+00:00	routing	turborepo	srt-warm	q18	{"beam_policy": "waterfill", "beam_width": 5, "max_depth": 5}	ndcg@10	0.2065539701415984
2026-03-29T20:23:58+00:00	routing	turborepo	srt-warm	q18	{"beam_policy": "waterfill", "beam_width": 5, "max_depth": 5}	latency_s	0.019906957999999975
2026-03-29T20:23:58+00:00	routing	turborepo	srt-warm	q18	{"beam_policy": "uniform", "beam_width": 5, "max_depth": 7}	ndcg@10	0.1512980484283015
2026-03-29T20:23:58+00:00	routing	turborepo	srt-warm	q18	{"beam_policy": "uniform", "beam_width": 5, "max_depth": 7}	latency_s	0.028122165999999282
2026-03-29T20:23:58+00:00	routing	turborepo	srt-warm	q18	{"beam_policy": "waterfill", "beam_width": 5, "max_depth": 7}	ndcg@10	0.2065539701415984
2026-03-29T20:23:58+00:00	routing	turborepo	srt-warm	q18	{"beam_policy": "waterfill", "beam_width": 5, "max_depth": 7}	latency_s	0.023794291000001522
2026-03-29T20:23:58+00:00	routing	turborepo	srt-warm	q18	{"beam_policy": "uniform", "beam_width": 5, "max_depth": 10}	ndcg@10	0.1512980484283015
2026-03-29T20:23:58+00:00	routing	turborepo	srt-warm	q18	{"beam_policy": "uniform", "beam_width": 5, "max_depth": 10}	latency_s	0.03149858399999772
2026-03-29T20:23:58+00:00	routing	turborepo	srt-warm	q18	{"beam_policy": "waterfill", "beam_width": 5, "max_depth": 10}	ndcg@10	0.2065539701415984
2026-03-29T20:23:58+00:00	routing	turborepo	srt-warm	q18	{"beam_policy": "waterfill", "beam_width": 5, "max_depth": 10}	latency_s	0.024904625000001346
2026-03-29T20:23:58+00:00	routing	turborepo	srt-warm	q18	{"beam_policy": "uniform", "beam_width": 7, "max_depth": 3}	ndcg@10	0.0
2026-03-29T20:23:58+00:00	routing	turborepo	srt-warm	q18	{"beam_policy": "uniform", "beam_width": 7, "max_depth": 3}	latency_s	0.014576290999997354
2026-03-29T20:23:58+00:00	routing	turborepo	srt-warm	q18	{"beam_policy": "waterfill", "beam_width": 7, "max_depth": 3}	ndcg@10	0.0
2026-03-29T20:23:58+00:00	routing	turborepo	srt-warm	q18	{"beam_policy": "waterfill", "beam_width": 7, "max_depth": 3}	latency_s	0.012915250000002487
2026-03-29T20:23:58+00:00	routing	turborepo	srt-warm	q18	{"beam_policy": "uniform", "beam_width": 7, "max_depth": 5}	ndcg@10	0.2471472007731312
2026-03-29T20:23:58+00:00	routing	turborepo	srt-warm	q18	{"beam_policy": "uniform", "beam_width": 7, "max_depth": 5}	latency_s	0.039908958999998134
2026-03-29T20:23:58+00:00	routing	turborepo	srt-warm	q18	{"beam_policy": "waterfill", "beam_width": 7, "max_depth": 5}	ndcg@10	0.1512980484283015
2026-03-29T20:23:58+00:00	routing	turborepo	srt-warm	q18	{"beam_policy": "waterfill", "beam_width": 7, "max_depth": 5}	latency_s	0.0245305000000009
2026-03-29T20:23:58+00:00	routing	turborepo	srt-warm	q18	{"beam_policy": "uniform", "beam_width": 7, "max_depth": 7}	ndcg@10	0.2471472007731312
2026-03-29T20:23:58+00:00	routing	turborepo	srt-warm	q18	{"beam_policy": "uniform", "beam_width": 7, "max_depth": 7}	latency_s	0.05190641599999779
2026-03-29T20:23:58+00:00	routing	turborepo	srt-warm	q18	{"beam_policy": "waterfill", "beam_width": 7, "max_depth": 7}	ndcg@10	0.1512980484283015
2026-03-29T20:23:58+00:00	routing	turborepo	srt-warm	q18	{"beam_policy": "waterfill", "beam_width": 7, "max_depth": 7}	latency_s	0.02974562500000033
2026-03-29T20:23:58+00:00	routing	turborepo	srt-warm	q18	{"beam_policy": "uniform", "beam_width": 7, "max_depth": 10}	ndcg@10	0.2471472007731312
2026-03-29T20:23:58+00:00	routing	turborepo	srt-warm	q18	{"beam_policy": "uniform", "beam_width": 7, "max_depth": 10}	latency_s	0.05392791700000288
2026-03-29T20:23:58+00:00	routing	turborepo	srt-warm	q18	{"beam_policy": "waterfill", "beam_width": 7, "max_depth": 10}	ndcg@10	0.1512980484283015
2026-03-29T20:23:58+00:00	routing	turborepo	srt-warm	q18	{"beam_policy": "waterfill", "beam_width": 7, "max_depth": 10}	latency_s	0.030379208999999463
2026-03-29T20:23:58+00:00	routing	turborepo	srt-warm	q18	{"beam_policy": "uniform", "beam_width": 10, "max_depth": 3}	ndcg@10	0.0
2026-03-29T20:23:58+00:00	routing	turborepo	srt-warm	q18	{"beam_policy": "uniform", "beam_width": 10, "max_depth": 3}	latency_s	0.015623291000000705
2026-03-29T20:23:58+00:00	routing	turborepo	srt-warm	q18	{"beam_policy": "waterfill", "beam_width": 10, "max_depth": 3}	ndcg@10	0.0
2026-03-29T20:23:58+00:00	routing	turborepo	srt-warm	q18	{"beam_policy": "waterfill", "beam_width": 10, "max_depth": 3}	latency_s	0.014946166000001426
2026-03-29T20:23:58+00:00	routing	turborepo	srt-warm	q18	{"beam_policy": "uniform", "beam_width": 10, "max_depth": 5}	ndcg@10	0.2471472007731312
2026-03-29T20:23:58+00:00	routing	turborepo	srt-warm	q18	{"beam_policy": "uniform", "beam_width": 10, "max_depth": 5}	latency_s	0.04149495900000133
2026-03-29T20:23:58+00:00	routing	turborepo	srt-warm	q18	{"beam_policy": "waterfill", "beam_width": 10, "max_depth": 5}	ndcg@10	0.2471472007731312
2026-03-29T20:23:58+00:00	routing	turborepo	srt-warm	q18	{"beam_policy": "waterfill", "beam_width": 10, "max_depth": 5}	latency_s	0.03622466599999896
2026-03-29T20:23:59+00:00	routing	turborepo	srt-warm	q18	{"beam_policy": "uniform", "beam_width": 10, "max_depth": 7}	ndcg@10	0.2471472007731312
2026-03-29T20:23:59+00:00	routing	turborepo	srt-warm	q18	{"beam_policy": "uniform", "beam_width": 10, "max_depth": 7}	latency_s	0.06297774999999817
2026-03-29T20:23:59+00:00	routing	turborepo	srt-warm	q18	{"beam_policy": "waterfill", "beam_width": 10, "max_depth": 7}	ndcg@10	0.2471472007731312
2026-03-29T20:23:59+00:00	routing	turborepo	srt-warm	q18	{"beam_policy": "waterfill", "beam_width": 10, "max_depth": 7}	latency_s	0.051674000000001996
2026-03-29T20:23:59+00:00	routing	turborepo	srt-warm	q18	{"beam_policy": "uniform", "beam_width": 10, "max_depth": 10}	ndcg@10	0.2471472007731312
2026-03-29T20:23:59+00:00	routing	turborepo	srt-warm	q18	{"beam_policy": "uniform", "beam_width": 10, "max_depth": 10}	latency_s	0.06950279199999798
2026-03-29T20:23:59+00:00	routing	turborepo	srt-warm	q18	{"beam_policy": "waterfill", "beam_width": 10, "max_depth": 10}	ndcg@10	0.2471472007731312
2026-03-29T20:23:59+00:00	routing	turborepo	srt-warm	q18	{"beam_policy": "waterfill", "beam_width": 10, "max_depth": 10}	latency_s	0.05152216700000167
2026-03-29T20:23:59+00:00	routing	turborepo	srt-warm	q19	{"beam_policy": "uniform", "beam_width": 2, "max_depth": 3}	ndcg@10	0.0
2026-03-29T20:23:59+00:00	routing	turborepo	srt-warm	q19	{"beam_policy": "uniform", "beam_width": 2, "max_depth": 3}	latency_s	0.0095985419999991
2026-03-29T20:23:59+00:00	routing	turborepo	srt-warm	q19	{"beam_policy": "waterfill", "beam_width": 2, "max_depth": 3}	ndcg@10	0.0
2026-03-29T20:23:59+00:00	routing	turborepo	srt-warm	q19	{"beam_policy": "waterfill", "beam_width": 2, "max_depth": 3}	latency_s	0.008847666000001198
2026-03-29T20:23:59+00:00	routing	turborepo	srt-warm	q19	{"beam_policy": "uniform", "beam_width": 2, "max_depth": 5}	ndcg@10	0.855349530090474
2026-03-29T20:23:59+00:00	routing	turborepo	srt-warm	q19	{"beam_policy": "uniform", "beam_width": 2, "max_depth": 5}	latency_s	0.01161841600000102
2026-03-29T20:23:59+00:00	routing	turborepo	srt-warm	q19	{"beam_policy": "waterfill", "beam_width": 2, "max_depth": 5}	ndcg@10	0.855349530090474
2026-03-29T20:23:59+00:00	routing	turborepo	srt-warm	q19	{"beam_policy": "waterfill", "beam_width": 2, "max_depth": 5}	latency_s	0.007903458999997781
2026-03-29T20:23:59+00:00	routing	turborepo	srt-warm	q19	{"beam_policy": "uniform", "beam_width": 2, "max_depth": 7}	ndcg@10	0.855349530090474
2026-03-29T20:23:59+00:00	routing	turborepo	srt-warm	q19	{"beam_policy": "uniform", "beam_width": 2, "max_depth": 7}	latency_s	0.01134804100000153
2026-03-29T20:23:59+00:00	routing	turborepo	srt-warm	q19	{"beam_policy": "waterfill", "beam_width": 2, "max_depth": 7}	ndcg@10	0.855349530090474
2026-03-29T20:23:59+00:00	routing	turborepo	srt-warm	q19	{"beam_policy": "waterfill", "beam_width": 2, "max_depth": 7}	latency_s	0.009687541999998217
2026-03-29T20:23:59+00:00	routing	turborepo	srt-warm	q19	{"beam_policy": "uniform", "beam_width": 2, "max_depth": 10}	ndcg@10	0.855349530090474
2026-03-29T20:23:59+00:00	routing	turborepo	srt-warm	q19	{"beam_policy": "uniform", "beam_width": 2, "max_depth": 10}	latency_s	0.011313541999999899
2026-03-29T20:23:59+00:00	routing	turborepo	srt-warm	q19	{"beam_policy": "waterfill", "beam_width": 2, "max_depth": 10}	ndcg@10	0.855349530090474
2026-03-29T20:23:59+00:00	routing	turborepo	srt-warm	q19	{"beam_policy": "waterfill", "beam_width": 2, "max_depth": 10}	latency_s	0.007632416999999947
2026-03-29T20:23:59+00:00	routing	turborepo	srt-warm	q19	{"beam_policy": "uniform", "beam_width": 3, "max_depth": 3}	ndcg@10	0.0
2026-03-29T20:23:59+00:00	routing	turborepo	srt-warm	q19	{"beam_policy": "uniform", "beam_width": 3, "max_depth": 3}	latency_s	0.009824708000000015
2026-03-29T20:23:59+00:00	routing	turborepo	srt-warm	q19	{"beam_policy": "waterfill", "beam_width": 3, "max_depth": 3}	ndcg@10	0.0
2026-03-29T20:23:59+00:00	routing	turborepo	srt-warm	q19	{"beam_policy": "waterfill", "beam_width": 3, "max_depth": 3}	latency_s	0.007885583000000196
2026-03-29T20:23:59+00:00	routing	turborepo	srt-warm	q19	{"beam_policy": "uniform", "beam_width": 3, "max_depth": 5}	ndcg@10	0.855349530090474
2026-03-29T20:23:59+00:00	routing	turborepo	srt-warm	q19	{"beam_policy": "uniform", "beam_width": 3, "max_depth": 5}	latency_s	0.011606041999996819
2026-03-29T20:23:59+00:00	routing	turborepo	srt-warm	q19	{"beam_policy": "waterfill", "beam_width": 3, "max_depth": 5}	ndcg@10	0.855349530090474
2026-03-29T20:23:59+00:00	routing	turborepo	srt-warm	q19	{"beam_policy": "waterfill", "beam_width": 3, "max_depth": 5}	latency_s	0.012498000000000786
2026-03-29T20:23:59+00:00	routing	turborepo	srt-warm	q19	{"beam_policy": "uniform", "beam_width": 3, "max_depth": 7}	ndcg@10	0.855349530090474
2026-03-29T20:23:59+00:00	routing	turborepo	srt-warm	q19	{"beam_policy": "uniform", "beam_width": 3, "max_depth": 7}	latency_s	0.012001832999999351
2026-03-29T20:23:59+00:00	routing	turborepo	srt-warm	q19	{"beam_policy": "waterfill", "beam_width": 3, "max_depth": 7}	ndcg@10	0.855349530090474
2026-03-29T20:23:59+00:00	routing	turborepo	srt-warm	q19	{"beam_policy": "waterfill", "beam_width": 3, "max_depth": 7}	latency_s	0.011719041999999291
2026-03-29T20:23:59+00:00	routing	turborepo	srt-warm	q19	{"beam_policy": "uniform", "beam_width": 3, "max_depth": 10}	ndcg@10	0.855349530090474
2026-03-29T20:23:59+00:00	routing	turborepo	srt-warm	q19	{"beam_policy": "uniform", "beam_width": 3, "max_depth": 10}	latency_s	0.01210779199999834
2026-03-29T20:23:59+00:00	routing	turborepo	srt-warm	q19	{"beam_policy": "waterfill", "beam_width": 3, "max_depth": 10}	ndcg@10	0.855349530090474
2026-03-29T20:23:59+00:00	routing	turborepo	srt-warm	q19	{"beam_policy": "waterfill", "beam_width": 3, "max_depth": 10}	latency_s	0.01292108299999839
2026-03-29T20:23:59+00:00	routing	turborepo	srt-warm	q19	{"beam_policy": "uniform", "beam_width": 5, "max_depth": 3}	ndcg@10	0.0
2026-03-29T20:23:59+00:00	routing	turborepo	srt-warm	q19	{"beam_policy": "uniform", "beam_width": 5, "max_depth": 3}	latency_s	0.012021624999999148
2026-03-29T20:23:59+00:00	routing	turborepo	srt-warm	q19	{"beam_policy": "waterfill", "beam_width": 5, "max_depth": 3}	ndcg@10	0.0
2026-03-29T20:23:59+00:00	routing	turborepo	srt-warm	q19	{"beam_policy": "waterfill", "beam_width": 5, "max_depth": 3}	latency_s	0.010674208000001073
2026-03-29T20:23:59+00:00	routing	turborepo	srt-warm	q19	{"beam_policy": "uniform", "beam_width": 5, "max_depth": 5}	ndcg@10	0.855349530090474
2026-03-29T20:23:59+00:00	routing	turborepo	srt-warm	q19	{"beam_policy": "uniform", "beam_width": 5, "max_depth": 5}	latency_s	0.023626000000000147
2026-03-29T20:23:59+00:00	routing	turborepo	srt-warm	q19	{"beam_policy": "waterfill", "beam_width": 5, "max_depth": 5}	ndcg@10	0.855349530090474
2026-03-29T20:23:59+00:00	routing	turborepo	srt-warm	q19	{"beam_policy": "waterfill", "beam_width": 5, "max_depth": 5}	latency_s	0.013728999999997882
2026-03-29T20:23:59+00:00	routing	turborepo	srt-warm	q19	{"beam_policy": "uniform", "beam_width": 5, "max_depth": 7}	ndcg@10	0.855349530090474
2026-03-29T20:23:59+00:00	routing	turborepo	srt-warm	q19	{"beam_policy": "uniform", "beam_width": 5, "max_depth": 7}	latency_s	0.029415667000002088
2026-03-29T20:23:59+00:00	routing	turborepo	srt-warm	q19	{"beam_policy": "waterfill", "beam_width": 5, "max_depth": 7}	ndcg@10	0.855349530090474
2026-03-29T20:23:59+00:00	routing	turborepo	srt-warm	q19	{"beam_policy": "waterfill", "beam_width": 5, "max_depth": 7}	latency_s	0.019948250000002332
2026-03-29T20:23:59+00:00	routing	turborepo	srt-warm	q19	{"beam_policy": "uniform", "beam_width": 5, "max_depth": 10}	ndcg@10	0.855349530090474
2026-03-29T20:23:59+00:00	routing	turborepo	srt-warm	q19	{"beam_policy": "uniform", "beam_width": 5, "max_depth": 10}	latency_s	0.03183949999999669
2026-03-29T20:23:59+00:00	routing	turborepo	srt-warm	q19	{"beam_policy": "waterfill", "beam_width": 5, "max_depth": 10}	ndcg@10	0.855349530090474
2026-03-29T20:23:59+00:00	routing	turborepo	srt-warm	q19	{"beam_policy": "waterfill", "beam_width": 5, "max_depth": 10}	latency_s	0.015437082999998353
2026-03-29T20:23:59+00:00	routing	turborepo	srt-warm	q19	{"beam_policy": "uniform", "beam_width": 7, "max_depth": 3}	ndcg@10	0.0
2026-03-29T20:23:59+00:00	routing	turborepo	srt-warm	q19	{"beam_policy": "uniform", "beam_width": 7, "max_depth": 3}	latency_s	0.010600290999999373
2026-03-29T20:23:59+00:00	routing	turborepo	srt-warm	q19	{"beam_policy": "waterfill", "beam_width": 7, "max_depth": 3}	ndcg@10	0.0
2026-03-29T20:23:59+00:00	routing	turborepo	srt-warm	q19	{"beam_policy": "waterfill", "beam_width": 7, "max_depth": 3}	latency_s	0.01054037500000149
2026-03-29T20:23:59+00:00	routing	turborepo	srt-warm	q19	{"beam_policy": "uniform", "beam_width": 7, "max_depth": 5}	ndcg@10	0.855349530090474
2026-03-29T20:23:59+00:00	routing	turborepo	srt-warm	q19	{"beam_policy": "uniform", "beam_width": 7, "max_depth": 5}	latency_s	0.025982209000002143
2026-03-29T20:23:59+00:00	routing	turborepo	srt-warm	q19	{"beam_policy": "waterfill", "beam_width": 7, "max_depth": 5}	ndcg@10	0.855349530090474
2026-03-29T20:23:59+00:00	routing	turborepo	srt-warm	q19	{"beam_policy": "waterfill", "beam_width": 7, "max_depth": 5}	latency_s	0.020953332999997798
2026-03-29T20:23:59+00:00	routing	turborepo	srt-warm	q19	{"beam_policy": "uniform", "beam_width": 7, "max_depth": 7}	ndcg@10	0.855349530090474
2026-03-29T20:23:59+00:00	routing	turborepo	srt-warm	q19	{"beam_policy": "uniform", "beam_width": 7, "max_depth": 7}	latency_s	0.034487624999997024
2026-03-29T20:23:59+00:00	routing	turborepo	srt-warm	q19	{"beam_policy": "waterfill", "beam_width": 7, "max_depth": 7}	ndcg@10	0.855349530090474
2026-03-29T20:23:59+00:00	routing	turborepo	srt-warm	q19	{"beam_policy": "waterfill", "beam_width": 7, "max_depth": 7}	latency_s	0.029541833999999767
2026-03-29T20:23:59+00:00	routing	turborepo	srt-warm	q19	{"beam_policy": "uniform", "beam_width": 7, "max_depth": 10}	ndcg@10	0.855349530090474
2026-03-29T20:23:59+00:00	routing	turborepo	srt-warm	q19	{"beam_policy": "uniform", "beam_width": 7, "max_depth": 10}	latency_s	0.034992291999998315
2026-03-29T20:23:59+00:00	routing	turborepo	srt-warm	q19	{"beam_policy": "waterfill", "beam_width": 7, "max_depth": 10}	ndcg@10	0.855349530090474
2026-03-29T20:23:59+00:00	routing	turborepo	srt-warm	q19	{"beam_policy": "waterfill", "beam_width": 7, "max_depth": 10}	latency_s	0.032213459000001166
2026-03-29T20:23:59+00:00	routing	turborepo	srt-warm	q19	{"beam_policy": "uniform", "beam_width": 10, "max_depth": 3}	ndcg@10	0.0
2026-03-29T20:23:59+00:00	routing	turborepo	srt-warm	q19	{"beam_policy": "uniform", "beam_width": 10, "max_depth": 3}	latency_s	0.014599332999999604
2026-03-29T20:23:59+00:00	routing	turborepo	srt-warm	q19	{"beam_policy": "waterfill", "beam_width": 10, "max_depth": 3}	ndcg@10	0.0
2026-03-29T20:23:59+00:00	routing	turborepo	srt-warm	q19	{"beam_policy": "waterfill", "beam_width": 10, "max_depth": 3}	latency_s	0.011286542000000566
2026-03-29T20:23:59+00:00	routing	turborepo	srt-warm	q19	{"beam_policy": "uniform", "beam_width": 10, "max_depth": 5}	ndcg@10	0.855349530090474
2026-03-29T20:23:59+00:00	routing	turborepo	srt-warm	q19	{"beam_policy": "uniform", "beam_width": 10, "max_depth": 5}	latency_s	0.03698908400000178
2026-03-29T20:23:59+00:00	routing	turborepo	srt-warm	q19	{"beam_policy": "waterfill", "beam_width": 10, "max_depth": 5}	ndcg@10	0.855349530090474
2026-03-29T20:23:59+00:00	routing	turborepo	srt-warm	q19	{"beam_policy": "waterfill", "beam_width": 10, "max_depth": 5}	latency_s	0.02769270800000001
2026-03-29T20:23:59+00:00	routing	turborepo	srt-warm	q19	{"beam_policy": "uniform", "beam_width": 10, "max_depth": 7}	ndcg@10	0.855349530090474
2026-03-29T20:23:59+00:00	routing	turborepo	srt-warm	q19	{"beam_policy": "uniform", "beam_width": 10, "max_depth": 7}	latency_s	0.052360082999999946
2026-03-29T20:24:00+00:00	routing	turborepo	srt-warm	q19	{"beam_policy": "waterfill", "beam_width": 10, "max_depth": 7}	ndcg@10	0.855349530090474
2026-03-29T20:24:00+00:00	routing	turborepo	srt-warm	q19	{"beam_policy": "waterfill", "beam_width": 10, "max_depth": 7}	latency_s	0.0365052499999976
2026-03-29T20:24:00+00:00	routing	turborepo	srt-warm	q19	{"beam_policy": "uniform", "beam_width": 10, "max_depth": 10}	ndcg@10	0.855349530090474
2026-03-29T20:24:00+00:00	routing	turborepo	srt-warm	q19	{"beam_policy": "uniform", "beam_width": 10, "max_depth": 10}	latency_s	0.049415249999999133
2026-03-29T20:24:00+00:00	routing	turborepo	srt-warm	q19	{"beam_policy": "waterfill", "beam_width": 10, "max_depth": 10}	ndcg@10	0.855349530090474
2026-03-29T20:24:00+00:00	routing	turborepo	srt-warm	q19	{"beam_policy": "waterfill", "beam_width": 10, "max_depth": 10}	latency_s	0.037001333999999275
2026-03-29T20:24:00+00:00	routing	turborepo	srt-warm	q20	{"beam_policy": "uniform", "beam_width": 2, "max_depth": 3}	ndcg@10	0.024600657520340737
2026-03-29T20:24:00+00:00	routing	turborepo	srt-warm	q20	{"beam_policy": "uniform", "beam_width": 2, "max_depth": 3}	latency_s	0.010438290999999822
2026-03-29T20:24:00+00:00	routing	turborepo	srt-warm	q20	{"beam_policy": "waterfill", "beam_width": 2, "max_depth": 3}	ndcg@10	0.024600657520340737
2026-03-29T20:24:00+00:00	routing	turborepo	srt-warm	q20	{"beam_policy": "waterfill", "beam_width": 2, "max_depth": 3}	latency_s	0.008009500000000003
2026-03-29T20:24:00+00:00	routing	turborepo	srt-warm	q20	{"beam_policy": "uniform", "beam_width": 2, "max_depth": 5}	ndcg@10	0.0
2026-03-29T20:24:00+00:00	routing	turborepo	srt-warm	q20	{"beam_policy": "uniform", "beam_width": 2, "max_depth": 5}	latency_s	0.012338959000000926
2026-03-29T20:24:00+00:00	routing	turborepo	srt-warm	q20	{"beam_policy": "waterfill", "beam_width": 2, "max_depth": 5}	ndcg@10	0.0
2026-03-29T20:24:00+00:00	routing	turborepo	srt-warm	q20	{"beam_policy": "waterfill", "beam_width": 2, "max_depth": 5}	latency_s	0.008492957999997941
2026-03-29T20:24:00+00:00	routing	turborepo	srt-warm	q20	{"beam_policy": "uniform", "beam_width": 2, "max_depth": 7}	ndcg@10	0.0
2026-03-29T20:24:00+00:00	routing	turborepo	srt-warm	q20	{"beam_policy": "uniform", "beam_width": 2, "max_depth": 7}	latency_s	0.01174758299999823
2026-03-29T20:24:00+00:00	routing	turborepo	srt-warm	q20	{"beam_policy": "waterfill", "beam_width": 2, "max_depth": 7}	ndcg@10	0.0
2026-03-29T20:24:00+00:00	routing	turborepo	srt-warm	q20	{"beam_policy": "waterfill", "beam_width": 2, "max_depth": 7}	latency_s	0.01002395799999789
2026-03-29T20:24:00+00:00	routing	turborepo	srt-warm	q20	{"beam_policy": "uniform", "beam_width": 2, "max_depth": 10}	ndcg@10	0.0
2026-03-29T20:24:00+00:00	routing	turborepo	srt-warm	q20	{"beam_policy": "uniform", "beam_width": 2, "max_depth": 10}	latency_s	0.00884370800000056
2026-03-29T20:24:00+00:00	routing	turborepo	srt-warm	q20	{"beam_policy": "waterfill", "beam_width": 2, "max_depth": 10}	ndcg@10	0.0
2026-03-29T20:24:00+00:00	routing	turborepo	srt-warm	q20	{"beam_policy": "waterfill", "beam_width": 2, "max_depth": 10}	latency_s	0.008672083000000441
2026-03-29T20:24:00+00:00	routing	turborepo	srt-warm	q20	{"beam_policy": "uniform", "beam_width": 3, "max_depth": 3}	ndcg@10	0.02006097215367257
2026-03-29T20:24:00+00:00	routing	turborepo	srt-warm	q20	{"beam_policy": "uniform", "beam_width": 3, "max_depth": 3}	latency_s	0.008487499999997539
2026-03-29T20:24:00+00:00	routing	turborepo	srt-warm	q20	{"beam_policy": "waterfill", "beam_width": 3, "max_depth": 3}	ndcg@10	0.024600657520340737
2026-03-29T20:24:00+00:00	routing	turborepo	srt-warm	q20	{"beam_policy": "waterfill", "beam_width": 3, "max_depth": 3}	latency_s	0.007772542000001437
2026-03-29T20:24:00+00:00	routing	turborepo	srt-warm	q20	{"beam_policy": "uniform", "beam_width": 3, "max_depth": 5}	ndcg@10	0.17220460264238518
2026-03-29T20:24:00+00:00	routing	turborepo	srt-warm	q20	{"beam_policy": "uniform", "beam_width": 3, "max_depth": 5}	latency_s	0.012412208000000646
2026-03-29T20:24:00+00:00	routing	turborepo	srt-warm	q20	{"beam_policy": "waterfill", "beam_width": 3, "max_depth": 5}	ndcg@10	0.0
2026-03-29T20:24:00+00:00	routing	turborepo	srt-warm	q20	{"beam_policy": "waterfill", "beam_width": 3, "max_depth": 5}	latency_s	0.008692083000003237
2026-03-29T20:24:00+00:00	routing	turborepo	srt-warm	q20	{"beam_policy": "uniform", "beam_width": 3, "max_depth": 7}	ndcg@10	0.17220460264238518
2026-03-29T20:24:00+00:00	routing	turborepo	srt-warm	q20	{"beam_policy": "uniform", "beam_width": 3, "max_depth": 7}	latency_s	0.014456041999999059
2026-03-29T20:24:00+00:00	routing	turborepo	srt-warm	q20	{"beam_policy": "waterfill", "beam_width": 3, "max_depth": 7}	ndcg@10	0.0
2026-03-29T20:24:00+00:00	routing	turborepo	srt-warm	q20	{"beam_policy": "waterfill", "beam_width": 3, "max_depth": 7}	latency_s	0.008497792000000004
2026-03-29T20:24:00+00:00	routing	turborepo	srt-warm	q20	{"beam_policy": "uniform", "beam_width": 3, "max_depth": 10}	ndcg@10	0.17220460264238518
2026-03-29T20:24:00+00:00	routing	turborepo	srt-warm	q20	{"beam_policy": "uniform", "beam_width": 3, "max_depth": 10}	latency_s	0.012027750000001447
2026-03-29T20:24:00+00:00	routing	turborepo	srt-warm	q20	{"beam_policy": "waterfill", "beam_width": 3, "max_depth": 10}	ndcg@10	0.0
2026-03-29T20:24:00+00:00	routing	turborepo	srt-warm	q20	{"beam_policy": "waterfill", "beam_width": 3, "max_depth": 10}	latency_s	0.009969042000001593
2026-03-29T20:24:00+00:00	routing	turborepo	srt-warm	q20	{"beam_policy": "uniform", "beam_width": 5, "max_depth": 3}	ndcg@10	0.01914303240971293
2026-03-29T20:24:00+00:00	routing	turborepo	srt-warm	q20	{"beam_policy": "uniform", "beam_width": 5, "max_depth": 3}	latency_s	0.008682042000000223
2026-03-29T20:24:00+00:00	routing	turborepo	srt-warm	q20	{"beam_policy": "waterfill", "beam_width": 5, "max_depth": 3}	ndcg@10	0.02006097215367257
2026-03-29T20:24:00+00:00	routing	turborepo	srt-warm	q20	{"beam_policy": "waterfill", "beam_width": 5, "max_depth": 3}	latency_s	0.008198875000001493
2026-03-29T20:24:00+00:00	routing	turborepo	srt-warm	q20	{"beam_policy": "uniform", "beam_width": 5, "max_depth": 5}	ndcg@10	0.17220460264238518
2026-03-29T20:24:00+00:00	routing	turborepo	srt-warm	q20	{"beam_policy": "uniform", "beam_width": 5, "max_depth": 5}	latency_s	0.014602249999999373
2026-03-29T20:24:00+00:00	routing	turborepo	srt-warm	q20	{"beam_policy": "waterfill", "beam_width": 5, "max_depth": 5}	ndcg@10	0.17220460264238518
2026-03-29T20:24:00+00:00	routing	turborepo	srt-warm	q20	{"beam_policy": "waterfill", "beam_width": 5, "max_depth": 5}	latency_s	0.015340958999999543
2026-03-29T20:24:00+00:00	routing	turborepo	srt-warm	q20	{"beam_policy": "uniform", "beam_width": 5, "max_depth": 7}	ndcg@10	0.17220460264238518
2026-03-29T20:24:00+00:00	routing	turborepo	srt-warm	q20	{"beam_policy": "uniform", "beam_width": 5, "max_depth": 7}	latency_s	0.015377166000000386
2026-03-29T20:24:00+00:00	routing	turborepo	srt-warm	q20	{"beam_policy": "waterfill", "beam_width": 5, "max_depth": 7}	ndcg@10	0.17220460264238518
2026-03-29T20:24:00+00:00	routing	turborepo	srt-warm	q20	{"beam_policy": "waterfill", "beam_width": 5, "max_depth": 7}	latency_s	0.012972291000000524
2026-03-29T20:24:00+00:00	routing	turborepo	srt-warm	q20	{"beam_policy": "uniform", "beam_width": 5, "max_depth": 10}	ndcg@10	0.17220460264238518
2026-03-29T20:24:00+00:00	routing	turborepo	srt-warm	q20	{"beam_policy": "uniform", "beam_width": 5, "max_depth": 10}	latency_s	0.016976541000001788
2026-03-29T20:24:00+00:00	routing	turborepo	srt-warm	q20	{"beam_policy": "waterfill", "beam_width": 5, "max_depth": 10}	ndcg@10	0.17220460264238518
2026-03-29T20:24:00+00:00	routing	turborepo	srt-warm	q20	{"beam_policy": "waterfill", "beam_width": 5, "max_depth": 10}	latency_s	0.014461541999999383
2026-03-29T20:24:00+00:00	routing	turborepo	srt-warm	q20	{"beam_policy": "uniform", "beam_width": 7, "max_depth": 3}	ndcg@10	0.01914303240971293
2026-03-29T20:24:00+00:00	routing	turborepo	srt-warm	q20	{"beam_policy": "uniform", "beam_width": 7, "max_depth": 3}	latency_s	0.009540583999999797
2026-03-29T20:24:00+00:00	routing	turborepo	srt-warm	q20	{"beam_policy": "waterfill", "beam_width": 7, "max_depth": 3}	ndcg@10	0.01914303240971293
2026-03-29T20:24:00+00:00	routing	turborepo	srt-warm	q20	{"beam_policy": "waterfill", "beam_width": 7, "max_depth": 3}	latency_s	0.012447042000001574
2026-03-29T20:24:00+00:00	routing	turborepo	srt-warm	q20	{"beam_policy": "uniform", "beam_width": 7, "max_depth": 5}	ndcg@10	0.17220460264238518
2026-03-29T20:24:00+00:00	routing	turborepo	srt-warm	q20	{"beam_policy": "uniform", "beam_width": 7, "max_depth": 5}	latency_s	0.015849915999996966
2026-03-29T20:24:00+00:00	routing	turborepo	srt-warm	q20	{"beam_policy": "waterfill", "beam_width": 7, "max_depth": 5}	ndcg@10	0.17220460264238518
2026-03-29T20:24:00+00:00	routing	turborepo	srt-warm	q20	{"beam_policy": "waterfill", "beam_width": 7, "max_depth": 5}	latency_s	0.016156999999999755
2026-03-29T20:24:00+00:00	routing	turborepo	srt-warm	q20	{"beam_policy": "uniform", "beam_width": 7, "max_depth": 7}	ndcg@10	0.17220460264238518
2026-03-29T20:24:00+00:00	routing	turborepo	srt-warm	q20	{"beam_policy": "uniform", "beam_width": 7, "max_depth": 7}	latency_s	0.016516292000002153
2026-03-29T20:24:00+00:00	routing	turborepo	srt-warm	q20	{"beam_policy": "waterfill", "beam_width": 7, "max_depth": 7}	ndcg@10	0.17220460264238518
2026-03-29T20:24:00+00:00	routing	turborepo	srt-warm	q20	{"beam_policy": "waterfill", "beam_width": 7, "max_depth": 7}	latency_s	0.01461295800000073
2026-03-29T20:24:00+00:00	routing	turborepo	srt-warm	q20	{"beam_policy": "uniform", "beam_width": 7, "max_depth": 10}	ndcg@10	0.17220460264238518
2026-03-29T20:24:00+00:00	routing	turborepo	srt-warm	q20	{"beam_policy": "uniform", "beam_width": 7, "max_depth": 10}	latency_s	0.01689541600000055
2026-03-29T20:24:00+00:00	routing	turborepo	srt-warm	q20	{"beam_policy": "waterfill", "beam_width": 7, "max_depth": 10}	ndcg@10	0.17220460264238518
2026-03-29T20:24:00+00:00	routing	turborepo	srt-warm	q20	{"beam_policy": "waterfill", "beam_width": 7, "max_depth": 10}	latency_s	0.018607583999997956
2026-03-29T20:24:00+00:00	routing	turborepo	srt-warm	q20	{"beam_policy": "uniform", "beam_width": 10, "max_depth": 3}	ndcg@10	0.01838214602669733
2026-03-29T20:24:00+00:00	routing	turborepo	srt-warm	q20	{"beam_policy": "uniform", "beam_width": 10, "max_depth": 3}	latency_s	0.016229250000002082
2026-03-29T20:24:00+00:00	routing	turborepo	srt-warm	q20	{"beam_policy": "waterfill", "beam_width": 10, "max_depth": 3}	ndcg@10	0.01914303240971293
2026-03-29T20:24:00+00:00	routing	turborepo	srt-warm	q20	{"beam_policy": "waterfill", "beam_width": 10, "max_depth": 3}	latency_s	0.0131610000000002
2026-03-29T20:24:00+00:00	routing	turborepo	srt-warm	q20	{"beam_policy": "uniform", "beam_width": 10, "max_depth": 5}	ndcg@10	0.17220460264238518
2026-03-29T20:24:00+00:00	routing	turborepo	srt-warm	q20	{"beam_policy": "uniform", "beam_width": 10, "max_depth": 5}	latency_s	0.034831374999999554
2026-03-29T20:24:00+00:00	routing	turborepo	srt-warm	q20	{"beam_policy": "waterfill", "beam_width": 10, "max_depth": 5}	ndcg@10	0.17220460264238518
2026-03-29T20:24:00+00:00	routing	turborepo	srt-warm	q20	{"beam_policy": "waterfill", "beam_width": 10, "max_depth": 5}	latency_s	0.017052208999999152
2026-03-29T20:24:00+00:00	routing	turborepo	srt-warm	q20	{"beam_policy": "uniform", "beam_width": 10, "max_depth": 7}	ndcg@10	0.17220460264238518
2026-03-29T20:24:00+00:00	routing	turborepo	srt-warm	q20	{"beam_policy": "uniform", "beam_width": 10, "max_depth": 7}	latency_s	0.046412416999999095
2026-03-29T20:24:00+00:00	routing	turborepo	srt-warm	q20	{"beam_policy": "waterfill", "beam_width": 10, "max_depth": 7}	ndcg@10	0.17220460264238518
2026-03-29T20:24:00+00:00	routing	turborepo	srt-warm	q20	{"beam_policy": "waterfill", "beam_width": 10, "max_depth": 7}	latency_s	0.01704108300000229
2026-03-29T20:24:00+00:00	routing	turborepo	srt-warm	q20	{"beam_policy": "uniform", "beam_width": 10, "max_depth": 10}	ndcg@10	0.17220460264238518
2026-03-29T20:24:00+00:00	routing	turborepo	srt-warm	q20	{"beam_policy": "uniform", "beam_width": 10, "max_depth": 10}	latency_s	0.04924300000000059
2026-03-29T20:24:00+00:00	routing	turborepo	srt-warm	q20	{"beam_policy": "waterfill", "beam_width": 10, "max_depth": 10}	ndcg@10	0.17220460264238518
2026-03-29T20:24:00+00:00	routing	turborepo	srt-warm	q20	{"beam_policy": "waterfill", "beam_width": 10, "max_depth": 10}	latency_s	0.02036304199999961
2026-03-29T20:24:00+00:00	routing	turborepo	srt-warm	q21	{"beam_policy": "uniform", "beam_width": 2, "max_depth": 3}	ndcg@10	0.0
2026-03-29T20:24:00+00:00	routing	turborepo	srt-warm	q21	{"beam_policy": "uniform", "beam_width": 2, "max_depth": 3}	latency_s	0.011840082999999169
2026-03-29T20:24:00+00:00	routing	turborepo	srt-warm	q21	{"beam_policy": "waterfill", "beam_width": 2, "max_depth": 3}	ndcg@10	0.0
2026-03-29T20:24:00+00:00	routing	turborepo	srt-warm	q21	{"beam_policy": "waterfill", "beam_width": 2, "max_depth": 3}	latency_s	0.006482874999999666
2026-03-29T20:24:00+00:00	routing	turborepo	srt-warm	q21	{"beam_policy": "uniform", "beam_width": 2, "max_depth": 5}	ndcg@10	0.0
2026-03-29T20:24:00+00:00	routing	turborepo	srt-warm	q21	{"beam_policy": "uniform", "beam_width": 2, "max_depth": 5}	latency_s	0.010429208999997996
2026-03-29T20:24:00+00:00	routing	turborepo	srt-warm	q21	{"beam_policy": "waterfill", "beam_width": 2, "max_depth": 5}	ndcg@10	0.0
2026-03-29T20:24:00+00:00	routing	turborepo	srt-warm	q21	{"beam_policy": "waterfill", "beam_width": 2, "max_depth": 5}	latency_s	0.008387291999998325
2026-03-29T20:24:00+00:00	routing	turborepo	srt-warm	q21	{"beam_policy": "uniform", "beam_width": 2, "max_depth": 7}	ndcg@10	0.0
2026-03-29T20:24:00+00:00	routing	turborepo	srt-warm	q21	{"beam_policy": "uniform", "beam_width": 2, "max_depth": 7}	latency_s	0.010490917000002042
2026-03-29T20:24:00+00:00	routing	turborepo	srt-warm	q21	{"beam_policy": "waterfill", "beam_width": 2, "max_depth": 7}	ndcg@10	0.0
2026-03-29T20:24:00+00:00	routing	turborepo	srt-warm	q21	{"beam_policy": "waterfill", "beam_width": 2, "max_depth": 7}	latency_s	0.0076525830000022665
2026-03-29T20:24:00+00:00	routing	turborepo	srt-warm	q21	{"beam_policy": "uniform", "beam_width": 2, "max_depth": 10}	ndcg@10	0.0
2026-03-29T20:24:00+00:00	routing	turborepo	srt-warm	q21	{"beam_policy": "uniform", "beam_width": 2, "max_depth": 10}	latency_s	0.00773049999999742
2026-03-29T20:24:00+00:00	routing	turborepo	srt-warm	q21	{"beam_policy": "waterfill", "beam_width": 2, "max_depth": 10}	ndcg@10	0.0
2026-03-29T20:24:00+00:00	routing	turborepo	srt-warm	q21	{"beam_policy": "waterfill", "beam_width": 2, "max_depth": 10}	latency_s	0.008994250000000648
2026-03-29T20:24:00+00:00	routing	turborepo	srt-warm	q21	{"beam_policy": "uniform", "beam_width": 3, "max_depth": 3}	ndcg@10	0.0
2026-03-29T20:24:00+00:00	routing	turborepo	srt-warm	q21	{"beam_policy": "uniform", "beam_width": 3, "max_depth": 3}	latency_s	0.008555166000000725
2026-03-29T20:24:00+00:00	routing	turborepo	srt-warm	q21	{"beam_policy": "waterfill", "beam_width": 3, "max_depth": 3}	ndcg@10	0.0
2026-03-29T20:24:00+00:00	routing	turborepo	srt-warm	q21	{"beam_policy": "waterfill", "beam_width": 3, "max_depth": 3}	latency_s	0.008002208000000621
2026-03-29T20:24:00+00:00	routing	turborepo	srt-warm	q21	{"beam_policy": "uniform", "beam_width": 3, "max_depth": 5}	ndcg@10	0.0
2026-03-29T20:24:00+00:00	routing	turborepo	srt-warm	q21	{"beam_policy": "uniform", "beam_width": 3, "max_depth": 5}	latency_s	0.006721957999999972
2026-03-29T20:24:00+00:00	routing	turborepo	srt-warm	q21	{"beam_policy": "waterfill", "beam_width": 3, "max_depth": 5}	ndcg@10	0.0
2026-03-29T20:24:00+00:00	routing	turborepo	srt-warm	q21	{"beam_policy": "waterfill", "beam_width": 3, "max_depth": 5}	latency_s	0.006931000000001575
2026-03-29T20:24:00+00:00	routing	turborepo	srt-warm	q21	{"beam_policy": "uniform", "beam_width": 3, "max_depth": 7}	ndcg@10	0.0
2026-03-29T20:24:00+00:00	routing	turborepo	srt-warm	q21	{"beam_policy": "uniform", "beam_width": 3, "max_depth": 7}	latency_s	0.008520542000002962
2026-03-29T20:24:00+00:00	routing	turborepo	srt-warm	q21	{"beam_policy": "waterfill", "beam_width": 3, "max_depth": 7}	ndcg@10	0.0
2026-03-29T20:24:00+00:00	routing	turborepo	srt-warm	q21	{"beam_policy": "waterfill", "beam_width": 3, "max_depth": 7}	latency_s	0.009288832999999386
2026-03-29T20:24:00+00:00	routing	turborepo	srt-warm	q21	{"beam_policy": "uniform", "beam_width": 3, "max_depth": 10}	ndcg@10	0.0
2026-03-29T20:24:00+00:00	routing	turborepo	srt-warm	q21	{"beam_policy": "uniform", "beam_width": 3, "max_depth": 10}	latency_s	0.007233207999998825
2026-03-29T20:24:00+00:00	routing	turborepo	srt-warm	q21	{"beam_policy": "waterfill", "beam_width": 3, "max_depth": 10}	ndcg@10	0.0
2026-03-29T20:24:00+00:00	routing	turborepo	srt-warm	q21	{"beam_policy": "waterfill", "beam_width": 3, "max_depth": 10}	latency_s	0.006619958999998232
2026-03-29T20:24:00+00:00	routing	turborepo	srt-warm	q21	{"beam_policy": "uniform", "beam_width": 5, "max_depth": 3}	ndcg@10	0.0
2026-03-29T20:24:00+00:00	routing	turborepo	srt-warm	q21	{"beam_policy": "uniform", "beam_width": 5, "max_depth": 3}	latency_s	0.013440749999997337
2026-03-29T20:24:00+00:00	routing	turborepo	srt-warm	q21	{"beam_policy": "waterfill", "beam_width": 5, "max_depth": 3}	ndcg@10	0.0
2026-03-29T20:24:00+00:00	routing	turborepo	srt-warm	q21	{"beam_policy": "waterfill", "beam_width": 5, "max_depth": 3}	latency_s	0.009802958000001638
2026-03-29T20:24:00+00:00	routing	turborepo	srt-warm	q21	{"beam_policy": "uniform", "beam_width": 5, "max_depth": 5}	ndcg@10	0.6293789948297479
2026-03-29T20:24:00+00:00	routing	turborepo	srt-warm	q21	{"beam_policy": "uniform", "beam_width": 5, "max_depth": 5}	latency_s	0.012664000000000897
2026-03-29T20:24:00+00:00	routing	turborepo	srt-warm	q21	{"beam_policy": "waterfill", "beam_width": 5, "max_depth": 5}	ndcg@10	0.0
2026-03-29T20:24:00+00:00	routing	turborepo	srt-warm	q21	{"beam_policy": "waterfill", "beam_width": 5, "max_depth": 5}	latency_s	0.011010833000000275
2026-03-29T20:24:00+00:00	routing	turborepo	srt-warm	q21	{"beam_policy": "uniform", "beam_width": 5, "max_depth": 7}	ndcg@10	0.6293789948297479
2026-03-29T20:24:00+00:00	routing	turborepo	srt-warm	q21	{"beam_policy": "uniform", "beam_width": 5, "max_depth": 7}	latency_s	0.012464250000000732
2026-03-29T20:24:00+00:00	routing	turborepo	srt-warm	q21	{"beam_policy": "waterfill", "beam_width": 5, "max_depth": 7}	ndcg@10	0.0
2026-03-29T20:24:00+00:00	routing	turborepo	srt-warm	q21	{"beam_policy": "waterfill", "beam_width": 5, "max_depth": 7}	latency_s	0.006439000000000306
2026-03-29T20:24:00+00:00	routing	turborepo	srt-warm	q21	{"beam_policy": "uniform", "beam_width": 5, "max_depth": 10}	ndcg@10	0.6293789948297479
2026-03-29T20:24:00+00:00	routing	turborepo	srt-warm	q21	{"beam_policy": "uniform", "beam_width": 5, "max_depth": 10}	latency_s	0.01677612499999981
2026-03-29T20:24:00+00:00	routing	turborepo	srt-warm	q21	{"beam_policy": "waterfill", "beam_width": 5, "max_depth": 10}	ndcg@10	0.0
2026-03-29T20:24:00+00:00	routing	turborepo	srt-warm	q21	{"beam_policy": "waterfill", "beam_width": 5, "max_depth": 10}	latency_s	0.010009874999997947
2026-03-29T20:24:01+00:00	routing	turborepo	srt-warm	q21	{"beam_policy": "uniform", "beam_width": 7, "max_depth": 3}	ndcg@10	0.0
2026-03-29T20:24:01+00:00	routing	turborepo	srt-warm	q21	{"beam_policy": "uniform", "beam_width": 7, "max_depth": 3}	latency_s	0.013425624999999997
2026-03-29T20:24:01+00:00	routing	turborepo	srt-warm	q21	{"beam_policy": "waterfill", "beam_width": 7, "max_depth": 3}	ndcg@10	0.0
2026-03-29T20:24:01+00:00	routing	turborepo	srt-warm	q21	{"beam_policy": "waterfill", "beam_width": 7, "max_depth": 3}	latency_s	0.01221775000000136
2026-03-29T20:24:01+00:00	routing	turborepo	srt-warm	q21	{"beam_policy": "uniform", "beam_width": 7, "max_depth": 5}	ndcg@10	0.6293789948297479
2026-03-29T20:24:01+00:00	routing	turborepo	srt-warm	q21	{"beam_policy": "uniform", "beam_width": 7, "max_depth": 5}	latency_s	0.030555291999998957
2026-03-29T20:24:01+00:00	routing	turborepo	srt-warm	q21	{"beam_policy": "waterfill", "beam_width": 7, "max_depth": 5}	ndcg@10	0.6293789948297479
2026-03-29T20:24:01+00:00	routing	turborepo	srt-warm	q21	{"beam_policy": "waterfill", "beam_width": 7, "max_depth": 5}	latency_s	0.01397229200000183
2026-03-29T20:24:01+00:00	routing	turborepo	srt-warm	q21	{"beam_policy": "uniform", "beam_width": 7, "max_depth": 7}	ndcg@10	0.6293789948297479
2026-03-29T20:24:01+00:00	routing	turborepo	srt-warm	q21	{"beam_policy": "uniform", "beam_width": 7, "max_depth": 7}	latency_s	0.026931750000002808
2026-03-29T20:24:01+00:00	routing	turborepo	srt-warm	q21	{"beam_policy": "waterfill", "beam_width": 7, "max_depth": 7}	ndcg@10	0.6293789948297479
2026-03-29T20:24:01+00:00	routing	turborepo	srt-warm	q21	{"beam_policy": "waterfill", "beam_width": 7, "max_depth": 7}	latency_s	0.013707583000002188
2026-03-29T20:24:01+00:00	routing	turborepo	srt-warm	q21	{"beam_policy": "uniform", "beam_width": 7, "max_depth": 10}	ndcg@10	0.6293789948297479
2026-03-29T20:24:01+00:00	routing	turborepo	srt-warm	q21	{"beam_policy": "uniform", "beam_width": 7, "max_depth": 10}	latency_s	0.02668566700000241
2026-03-29T20:24:01+00:00	routing	turborepo	srt-warm	q21	{"beam_policy": "waterfill", "beam_width": 7, "max_depth": 10}	ndcg@10	0.6293789948297479
2026-03-29T20:24:01+00:00	routing	turborepo	srt-warm	q21	{"beam_policy": "waterfill", "beam_width": 7, "max_depth": 10}	latency_s	0.013642167000000427
2026-03-29T20:24:01+00:00	routing	turborepo	srt-warm	q21	{"beam_policy": "uniform", "beam_width": 10, "max_depth": 3}	ndcg@10	0.0
2026-03-29T20:24:01+00:00	routing	turborepo	srt-warm	q21	{"beam_policy": "uniform", "beam_width": 10, "max_depth": 3}	latency_s	0.017719624999998018
2026-03-29T20:24:01+00:00	routing	turborepo	srt-warm	q21	{"beam_policy": "waterfill", "beam_width": 10, "max_depth": 3}	ndcg@10	0.0
2026-03-29T20:24:01+00:00	routing	turborepo	srt-warm	q21	{"beam_policy": "waterfill", "beam_width": 10, "max_depth": 3}	latency_s	0.01532045899999801
2026-03-29T20:24:01+00:00	routing	turborepo	srt-warm	q21	{"beam_policy": "uniform", "beam_width": 10, "max_depth": 5}	ndcg@10	0.6293789948297479
2026-03-29T20:24:01+00:00	routing	turborepo	srt-warm	q21	{"beam_policy": "uniform", "beam_width": 10, "max_depth": 5}	latency_s	0.03885312499999927
2026-03-29T20:24:01+00:00	routing	turborepo	srt-warm	q21	{"beam_policy": "waterfill", "beam_width": 10, "max_depth": 5}	ndcg@10	0.6293789948297479
2026-03-29T20:24:01+00:00	routing	turborepo	srt-warm	q21	{"beam_policy": "waterfill", "beam_width": 10, "max_depth": 5}	latency_s	0.026605832999997858
2026-03-29T20:24:01+00:00	routing	turborepo	srt-warm	q21	{"beam_policy": "uniform", "beam_width": 10, "max_depth": 7}	ndcg@10	0.6293789948297479
2026-03-29T20:24:01+00:00	routing	turborepo	srt-warm	q21	{"beam_policy": "uniform", "beam_width": 10, "max_depth": 7}	latency_s	0.03644445900000193
2026-03-29T20:24:01+00:00	routing	turborepo	srt-warm	q21	{"beam_policy": "waterfill", "beam_width": 10, "max_depth": 7}	ndcg@10	0.6293789948297479
2026-03-29T20:24:01+00:00	routing	turborepo	srt-warm	q21	{"beam_policy": "waterfill", "beam_width": 10, "max_depth": 7}	latency_s	0.026276124999998984
2026-03-29T20:24:01+00:00	routing	turborepo	srt-warm	q21	{"beam_policy": "uniform", "beam_width": 10, "max_depth": 10}	ndcg@10	0.6293789948297479
2026-03-29T20:24:01+00:00	routing	turborepo	srt-warm	q21	{"beam_policy": "uniform", "beam_width": 10, "max_depth": 10}	latency_s	0.036082916999998105
2026-03-29T20:24:01+00:00	routing	turborepo	srt-warm	q21	{"beam_policy": "waterfill", "beam_width": 10, "max_depth": 10}	ndcg@10	0.6293789948297479
2026-03-29T20:24:01+00:00	routing	turborepo	srt-warm	q21	{"beam_policy": "waterfill", "beam_width": 10, "max_depth": 10}	latency_s	0.027761707999999885
2026-03-29T20:24:01+00:00	routing	turborepo	srt-warm	q22	{"beam_policy": "uniform", "beam_width": 2, "max_depth": 3}	ndcg@10	0.0
2026-03-29T20:24:01+00:00	routing	turborepo	srt-warm	q22	{"beam_policy": "uniform", "beam_width": 2, "max_depth": 3}	latency_s	0.006901458000001526
2026-03-29T20:24:01+00:00	routing	turborepo	srt-warm	q22	{"beam_policy": "waterfill", "beam_width": 2, "max_depth": 3}	ndcg@10	0.0
2026-03-29T20:24:01+00:00	routing	turborepo	srt-warm	q22	{"beam_policy": "waterfill", "beam_width": 2, "max_depth": 3}	latency_s	0.008195374999999672
2026-03-29T20:24:01+00:00	routing	turborepo	srt-warm	q22	{"beam_policy": "uniform", "beam_width": 2, "max_depth": 5}	ndcg@10	0.0
2026-03-29T20:24:01+00:00	routing	turborepo	srt-warm	q22	{"beam_policy": "uniform", "beam_width": 2, "max_depth": 5}	latency_s	0.008415499999998133
2026-03-29T20:24:01+00:00	routing	turborepo	srt-warm	q22	{"beam_policy": "waterfill", "beam_width": 2, "max_depth": 5}	ndcg@10	0.0
2026-03-29T20:24:01+00:00	routing	turborepo	srt-warm	q22	{"beam_policy": "waterfill", "beam_width": 2, "max_depth": 5}	latency_s	0.005574875000000645
2026-03-29T20:24:01+00:00	routing	turborepo	srt-warm	q22	{"beam_policy": "uniform", "beam_width": 2, "max_depth": 7}	ndcg@10	0.0
2026-03-29T20:24:01+00:00	routing	turborepo	srt-warm	q22	{"beam_policy": "uniform", "beam_width": 2, "max_depth": 7}	latency_s	0.010480459000000053
2026-03-29T20:24:01+00:00	routing	turborepo	srt-warm	q22	{"beam_policy": "waterfill", "beam_width": 2, "max_depth": 7}	ndcg@10	0.0
2026-03-29T20:24:01+00:00	routing	turborepo	srt-warm	q22	{"beam_policy": "waterfill", "beam_width": 2, "max_depth": 7}	latency_s	0.007261584000001875
2026-03-29T20:24:01+00:00	routing	turborepo	srt-warm	q22	{"beam_policy": "uniform", "beam_width": 2, "max_depth": 10}	ndcg@10	0.0
2026-03-29T20:24:01+00:00	routing	turborepo	srt-warm	q22	{"beam_policy": "uniform", "beam_width": 2, "max_depth": 10}	latency_s	0.007864040999997712
2026-03-29T20:24:01+00:00	routing	turborepo	srt-warm	q22	{"beam_policy": "waterfill", "beam_width": 2, "max_depth": 10}	ndcg@10	0.0
2026-03-29T20:24:01+00:00	routing	turborepo	srt-warm	q22	{"beam_policy": "waterfill", "beam_width": 2, "max_depth": 10}	latency_s	0.006131542000002099
2026-03-29T20:24:01+00:00	routing	turborepo	srt-warm	q22	{"beam_policy": "uniform", "beam_width": 3, "max_depth": 3}	ndcg@10	0.0
2026-03-29T20:24:01+00:00	routing	turborepo	srt-warm	q22	{"beam_policy": "uniform", "beam_width": 3, "max_depth": 3}	latency_s	0.008124375000001294
2026-03-29T20:24:01+00:00	routing	turborepo	srt-warm	q22	{"beam_policy": "waterfill", "beam_width": 3, "max_depth": 3}	ndcg@10	0.0
2026-03-29T20:24:01+00:00	routing	turborepo	srt-warm	q22	{"beam_policy": "waterfill", "beam_width": 3, "max_depth": 3}	latency_s	0.008343166999999596
2026-03-29T20:24:01+00:00	routing	turborepo	srt-warm	q22	{"beam_policy": "uniform", "beam_width": 3, "max_depth": 5}	ndcg@10	0.0
2026-03-29T20:24:01+00:00	routing	turborepo	srt-warm	q22	{"beam_policy": "uniform", "beam_width": 3, "max_depth": 5}	latency_s	0.01193316699999869
2026-03-29T20:24:01+00:00	routing	turborepo	srt-warm	q22	{"beam_policy": "waterfill", "beam_width": 3, "max_depth": 5}	ndcg@10	0.0
2026-03-29T20:24:01+00:00	routing	turborepo	srt-warm	q22	{"beam_policy": "waterfill", "beam_width": 3, "max_depth": 5}	latency_s	0.010308583000000482
2026-03-29T20:24:01+00:00	routing	turborepo	srt-warm	q22	{"beam_policy": "uniform", "beam_width": 3, "max_depth": 7}	ndcg@10	0.0
2026-03-29T20:24:01+00:00	routing	turborepo	srt-warm	q22	{"beam_policy": "uniform", "beam_width": 3, "max_depth": 7}	latency_s	0.006608582999998447
2026-03-29T20:24:01+00:00	routing	turborepo	srt-warm	q22	{"beam_policy": "waterfill", "beam_width": 3, "max_depth": 7}	ndcg@10	0.0
2026-03-29T20:24:01+00:00	routing	turborepo	srt-warm	q22	{"beam_policy": "waterfill", "beam_width": 3, "max_depth": 7}	latency_s	0.0076158749999990505
2026-03-29T20:24:01+00:00	routing	turborepo	srt-warm	q22	{"beam_policy": "uniform", "beam_width": 3, "max_depth": 10}	ndcg@10	0.0
2026-03-29T20:24:01+00:00	routing	turborepo	srt-warm	q22	{"beam_policy": "uniform", "beam_width": 3, "max_depth": 10}	latency_s	0.011055458999997825
2026-03-29T20:24:01+00:00	routing	turborepo	srt-warm	q22	{"beam_policy": "waterfill", "beam_width": 3, "max_depth": 10}	ndcg@10	0.0
2026-03-29T20:24:01+00:00	routing	turborepo	srt-warm	q22	{"beam_policy": "waterfill", "beam_width": 3, "max_depth": 10}	latency_s	0.0069086660000010625
2026-03-29T20:24:01+00:00	routing	turborepo	srt-warm	q22	{"beam_policy": "uniform", "beam_width": 5, "max_depth": 3}	ndcg@10	0.0
2026-03-29T20:24:01+00:00	routing	turborepo	srt-warm	q22	{"beam_policy": "uniform", "beam_width": 5, "max_depth": 3}	latency_s	0.010737500000001177
2026-03-29T20:24:01+00:00	routing	turborepo	srt-warm	q22	{"beam_policy": "waterfill", "beam_width": 5, "max_depth": 3}	ndcg@10	0.0
2026-03-29T20:24:01+00:00	routing	turborepo	srt-warm	q22	{"beam_policy": "waterfill", "beam_width": 5, "max_depth": 3}	latency_s	0.009047834000000421
2026-03-29T20:24:01+00:00	routing	turborepo	srt-warm	q22	{"beam_policy": "uniform", "beam_width": 5, "max_depth": 5}	ndcg@10	0.9469237136622
2026-03-29T20:24:01+00:00	routing	turborepo	srt-warm	q22	{"beam_policy": "uniform", "beam_width": 5, "max_depth": 5}	latency_s	0.013294583999996945
2026-03-29T20:24:01+00:00	routing	turborepo	srt-warm	q22	{"beam_policy": "waterfill", "beam_width": 5, "max_depth": 5}	ndcg@10	0.9469237136622
2026-03-29T20:24:01+00:00	routing	turborepo	srt-warm	q22	{"beam_policy": "waterfill", "beam_width": 5, "max_depth": 5}	latency_s	0.014036749999998932
2026-03-29T20:24:01+00:00	routing	turborepo	srt-warm	q22	{"beam_policy": "uniform", "beam_width": 5, "max_depth": 7}	ndcg@10	0.9469237136622
2026-03-29T20:24:01+00:00	routing	turborepo	srt-warm	q22	{"beam_policy": "uniform", "beam_width": 5, "max_depth": 7}	latency_s	0.014710790999998835
2026-03-29T20:24:01+00:00	routing	turborepo	srt-warm	q22	{"beam_policy": "waterfill", "beam_width": 5, "max_depth": 7}	ndcg@10	0.9469237136622
2026-03-29T20:24:01+00:00	routing	turborepo	srt-warm	q22	{"beam_policy": "waterfill", "beam_width": 5, "max_depth": 7}	latency_s	0.012776584000000923
2026-03-29T20:24:01+00:00	routing	turborepo	srt-warm	q22	{"beam_policy": "uniform", "beam_width": 5, "max_depth": 10}	ndcg@10	0.9469237136622
2026-03-29T20:24:01+00:00	routing	turborepo	srt-warm	q22	{"beam_policy": "uniform", "beam_width": 5, "max_depth": 10}	latency_s	0.013977583000002625
2026-03-29T20:24:01+00:00	routing	turborepo	srt-warm	q22	{"beam_policy": "waterfill", "beam_width": 5, "max_depth": 10}	ndcg@10	0.9469237136622
2026-03-29T20:24:01+00:00	routing	turborepo	srt-warm	q22	{"beam_policy": "waterfill", "beam_width": 5, "max_depth": 10}	latency_s	0.01536237500000226
2026-03-29T20:24:01+00:00	routing	turborepo	srt-warm	q22	{"beam_policy": "uniform", "beam_width": 7, "max_depth": 3}	ndcg@10	0.0
2026-03-29T20:24:01+00:00	routing	turborepo	srt-warm	q22	{"beam_policy": "uniform", "beam_width": 7, "max_depth": 3}	latency_s	0.01683054100000092
2026-03-29T20:24:01+00:00	routing	turborepo	srt-warm	q22	{"beam_policy": "waterfill", "beam_width": 7, "max_depth": 3}	ndcg@10	0.0
2026-03-29T20:24:01+00:00	routing	turborepo	srt-warm	q22	{"beam_policy": "waterfill", "beam_width": 7, "max_depth": 3}	latency_s	0.009679416000000884
2026-03-29T20:24:01+00:00	routing	turborepo	srt-warm	q22	{"beam_policy": "uniform", "beam_width": 7, "max_depth": 5}	ndcg@10	0.9469237136622
2026-03-29T20:24:01+00:00	routing	turborepo	srt-warm	q22	{"beam_policy": "uniform", "beam_width": 7, "max_depth": 5}	latency_s	0.028266083999998415
2026-03-29T20:24:01+00:00	routing	turborepo	srt-warm	q22	{"beam_policy": "waterfill", "beam_width": 7, "max_depth": 5}	ndcg@10	0.9469237136622
2026-03-29T20:24:01+00:00	routing	turborepo	srt-warm	q22	{"beam_policy": "waterfill", "beam_width": 7, "max_depth": 5}	latency_s	0.013565165999999351
2026-03-29T20:24:01+00:00	routing	turborepo	srt-warm	q22	{"beam_policy": "uniform", "beam_width": 7, "max_depth": 7}	ndcg@10	0.9469237136622
2026-03-29T20:24:01+00:00	routing	turborepo	srt-warm	q22	{"beam_policy": "uniform", "beam_width": 7, "max_depth": 7}	latency_s	0.03649070799999876
2026-03-29T20:24:01+00:00	routing	turborepo	srt-warm	q22	{"beam_policy": "waterfill", "beam_width": 7, "max_depth": 7}	ndcg@10	0.9469237136622
2026-03-29T20:24:01+00:00	routing	turborepo	srt-warm	q22	{"beam_policy": "waterfill", "beam_width": 7, "max_depth": 7}	latency_s	0.016700041
2026-03-29T20:24:01+00:00	routing	turborepo	srt-warm	q22	{"beam_policy": "uniform", "beam_width": 7, "max_depth": 10}	ndcg@10	0.9469237136622
2026-03-29T20:24:01+00:00	routing	turborepo	srt-warm	q22	{"beam_policy": "uniform", "beam_width": 7, "max_depth": 10}	latency_s	0.04023629100000292
2026-03-29T20:24:01+00:00	routing	turborepo	srt-warm	q22	{"beam_policy": "waterfill", "beam_width": 7, "max_depth": 10}	ndcg@10	0.9469237136622
2026-03-29T20:24:01+00:00	routing	turborepo	srt-warm	q22	{"beam_policy": "waterfill", "beam_width": 7, "max_depth": 10}	latency_s	0.014337874999998945
2026-03-29T20:24:01+00:00	routing	turborepo	srt-warm	q22	{"beam_policy": "uniform", "beam_width": 10, "max_depth": 3}	ndcg@10	0.0
2026-03-29T20:24:01+00:00	routing	turborepo	srt-warm	q22	{"beam_policy": "uniform", "beam_width": 10, "max_depth": 3}	latency_s	0.016405250000001814
2026-03-29T20:24:01+00:00	routing	turborepo	srt-warm	q22	{"beam_policy": "waterfill", "beam_width": 10, "max_depth": 3}	ndcg@10	0.0
2026-03-29T20:24:01+00:00	routing	turborepo	srt-warm	q22	{"beam_policy": "waterfill", "beam_width": 10, "max_depth": 3}	latency_s	0.01612966700000129
2026-03-29T20:24:01+00:00	routing	turborepo	srt-warm	q22	{"beam_policy": "uniform", "beam_width": 10, "max_depth": 5}	ndcg@10	0.9469237136622
2026-03-29T20:24:01+00:00	routing	turborepo	srt-warm	q22	{"beam_policy": "uniform", "beam_width": 10, "max_depth": 5}	latency_s	0.03289054100000044
2026-03-29T20:24:01+00:00	routing	turborepo	srt-warm	q22	{"beam_policy": "waterfill", "beam_width": 10, "max_depth": 5}	ndcg@10	0.9469237136622
2026-03-29T20:24:01+00:00	routing	turborepo	srt-warm	q22	{"beam_policy": "waterfill", "beam_width": 10, "max_depth": 5}	latency_s	0.03401266699999894
2026-03-29T20:24:02+00:00	routing	turborepo	srt-warm	q22	{"beam_policy": "uniform", "beam_width": 10, "max_depth": 7}	ndcg@10	0.9469237136622
2026-03-29T20:24:02+00:00	routing	turborepo	srt-warm	q22	{"beam_policy": "uniform", "beam_width": 10, "max_depth": 7}	latency_s	0.049468250000000324
2026-03-29T20:24:02+00:00	routing	turborepo	srt-warm	q22	{"beam_policy": "waterfill", "beam_width": 10, "max_depth": 7}	ndcg@10	0.9469237136622
2026-03-29T20:24:02+00:00	routing	turborepo	srt-warm	q22	{"beam_policy": "waterfill", "beam_width": 10, "max_depth": 7}	latency_s	0.03758862499999793
2026-03-29T20:24:02+00:00	routing	turborepo	srt-warm	q22	{"beam_policy": "uniform", "beam_width": 10, "max_depth": 10}	ndcg@10	0.9469237136622
2026-03-29T20:24:02+00:00	routing	turborepo	srt-warm	q22	{"beam_policy": "uniform", "beam_width": 10, "max_depth": 10}	latency_s	0.04775499999999866
2026-03-29T20:24:02+00:00	routing	turborepo	srt-warm	q22	{"beam_policy": "waterfill", "beam_width": 10, "max_depth": 10}	ndcg@10	0.9469237136622
2026-03-29T20:24:02+00:00	routing	turborepo	srt-warm	q22	{"beam_policy": "waterfill", "beam_width": 10, "max_depth": 10}	latency_s	0.04280808300000061
2026-03-29T20:24:02+00:00	routing	turborepo	srt-warm	q23	{"beam_policy": "uniform", "beam_width": 2, "max_depth": 3}	ndcg@10	0.0
2026-03-29T20:24:02+00:00	routing	turborepo	srt-warm	q23	{"beam_policy": "uniform", "beam_width": 2, "max_depth": 3}	latency_s	0.011710541999999435
2026-03-29T20:24:02+00:00	routing	turborepo	srt-warm	q23	{"beam_policy": "waterfill", "beam_width": 2, "max_depth": 3}	ndcg@10	0.0
2026-03-29T20:24:02+00:00	routing	turborepo	srt-warm	q23	{"beam_policy": "waterfill", "beam_width": 2, "max_depth": 3}	latency_s	0.00995612499999865
2026-03-29T20:24:02+00:00	routing	turborepo	srt-warm	q23	{"beam_policy": "uniform", "beam_width": 2, "max_depth": 5}	ndcg@10	0.7768062610832323
2026-03-29T20:24:02+00:00	routing	turborepo	srt-warm	q23	{"beam_policy": "uniform", "beam_width": 2, "max_depth": 5}	latency_s	0.01192995799999963
2026-03-29T20:24:02+00:00	routing	turborepo	srt-warm	q23	{"beam_policy": "waterfill", "beam_width": 2, "max_depth": 5}	ndcg@10	0.7768062610832323
2026-03-29T20:24:02+00:00	routing	turborepo	srt-warm	q23	{"beam_policy": "waterfill", "beam_width": 2, "max_depth": 5}	latency_s	0.01395916600000291
2026-03-29T20:24:02+00:00	routing	turborepo	srt-warm	q23	{"beam_policy": "uniform", "beam_width": 2, "max_depth": 7}	ndcg@10	0.7768062610832323
2026-03-29T20:24:02+00:00	routing	turborepo	srt-warm	q23	{"beam_policy": "uniform", "beam_width": 2, "max_depth": 7}	latency_s	0.011226374999999678
2026-03-29T20:24:02+00:00	routing	turborepo	srt-warm	q23	{"beam_policy": "waterfill", "beam_width": 2, "max_depth": 7}	ndcg@10	0.7768062610832323
2026-03-29T20:24:02+00:00	routing	turborepo	srt-warm	q23	{"beam_policy": "waterfill", "beam_width": 2, "max_depth": 7}	latency_s	0.011613374999999593
2026-03-29T20:24:02+00:00	routing	turborepo	srt-warm	q23	{"beam_policy": "uniform", "beam_width": 2, "max_depth": 10}	ndcg@10	0.7768062610832323
2026-03-29T20:24:02+00:00	routing	turborepo	srt-warm	q23	{"beam_policy": "uniform", "beam_width": 2, "max_depth": 10}	latency_s	0.011225291999998888
2026-03-29T20:24:02+00:00	routing	turborepo	srt-warm	q23	{"beam_policy": "waterfill", "beam_width": 2, "max_depth": 10}	ndcg@10	0.7768062610832323
2026-03-29T20:24:02+00:00	routing	turborepo	srt-warm	q23	{"beam_policy": "waterfill", "beam_width": 2, "max_depth": 10}	latency_s	0.014087082999999723
2026-03-29T20:24:02+00:00	routing	turborepo	srt-warm	q23	{"beam_policy": "uniform", "beam_width": 3, "max_depth": 3}	ndcg@10	0.0
2026-03-29T20:24:02+00:00	routing	turborepo	srt-warm	q23	{"beam_policy": "uniform", "beam_width": 3, "max_depth": 3}	latency_s	0.009527375000001115
2026-03-29T20:24:02+00:00	routing	turborepo	srt-warm	q23	{"beam_policy": "waterfill", "beam_width": 3, "max_depth": 3}	ndcg@10	0.0
2026-03-29T20:24:02+00:00	routing	turborepo	srt-warm	q23	{"beam_policy": "waterfill", "beam_width": 3, "max_depth": 3}	latency_s	0.012781708000002112
2026-03-29T20:24:02+00:00	routing	turborepo	srt-warm	q23	{"beam_policy": "uniform", "beam_width": 3, "max_depth": 5}	ndcg@10	0.7768062610832323
2026-03-29T20:24:02+00:00	routing	turborepo	srt-warm	q23	{"beam_policy": "uniform", "beam_width": 3, "max_depth": 5}	latency_s	0.019291333999998272
2026-03-29T20:24:02+00:00	routing	turborepo	srt-warm	q23	{"beam_policy": "waterfill", "beam_width": 3, "max_depth": 5}	ndcg@10	0.7768062610832323
2026-03-29T20:24:02+00:00	routing	turborepo	srt-warm	q23	{"beam_policy": "waterfill", "beam_width": 3, "max_depth": 5}	latency_s	0.013982250000001528
2026-03-29T20:24:02+00:00	routing	turborepo	srt-warm	q23	{"beam_policy": "uniform", "beam_width": 3, "max_depth": 7}	ndcg@10	0.7768062610832323
2026-03-29T20:24:02+00:00	routing	turborepo	srt-warm	q23	{"beam_policy": "uniform", "beam_width": 3, "max_depth": 7}	latency_s	0.016001541999997926
2026-03-29T20:24:02+00:00	routing	turborepo	srt-warm	q23	{"beam_policy": "waterfill", "beam_width": 3, "max_depth": 7}	ndcg@10	0.7768062610832323
2026-03-29T20:24:02+00:00	routing	turborepo	srt-warm	q23	{"beam_policy": "waterfill", "beam_width": 3, "max_depth": 7}	latency_s	0.012470916999998138
2026-03-29T20:24:02+00:00	routing	turborepo	srt-warm	q23	{"beam_policy": "uniform", "beam_width": 3, "max_depth": 10}	ndcg@10	0.7768062610832323
2026-03-29T20:24:02+00:00	routing	turborepo	srt-warm	q23	{"beam_policy": "uniform", "beam_width": 3, "max_depth": 10}	latency_s	0.012819125000000042
2026-03-29T20:24:02+00:00	routing	turborepo	srt-warm	q23	{"beam_policy": "waterfill", "beam_width": 3, "max_depth": 10}	ndcg@10	0.7768062610832323
2026-03-29T20:24:02+00:00	routing	turborepo	srt-warm	q23	{"beam_policy": "waterfill", "beam_width": 3, "max_depth": 10}	latency_s	0.01185058300000108
2026-03-29T20:24:02+00:00	routing	turborepo	srt-warm	q23	{"beam_policy": "uniform", "beam_width": 5, "max_depth": 3}	ndcg@10	0.0
2026-03-29T20:24:02+00:00	routing	turborepo	srt-warm	q23	{"beam_policy": "uniform", "beam_width": 5, "max_depth": 3}	latency_s	0.012179750000001377
2026-03-29T20:24:02+00:00	routing	turborepo	srt-warm	q23	{"beam_policy": "waterfill", "beam_width": 5, "max_depth": 3}	ndcg@10	0.0
2026-03-29T20:24:02+00:00	routing	turborepo	srt-warm	q23	{"beam_policy": "waterfill", "beam_width": 5, "max_depth": 3}	latency_s	0.011552667000000127
2026-03-29T20:24:02+00:00	routing	turborepo	srt-warm	q23	{"beam_policy": "uniform", "beam_width": 5, "max_depth": 5}	ndcg@10	0.7768062610832323
2026-03-29T20:24:02+00:00	routing	turborepo	srt-warm	q23	{"beam_policy": "uniform", "beam_width": 5, "max_depth": 5}	latency_s	0.019418417000000687
2026-03-29T20:24:02+00:00	routing	turborepo	srt-warm	q23	{"beam_policy": "waterfill", "beam_width": 5, "max_depth": 5}	ndcg@10	0.7768062610832323
2026-03-29T20:24:02+00:00	routing	turborepo	srt-warm	q23	{"beam_policy": "waterfill", "beam_width": 5, "max_depth": 5}	latency_s	0.018236957999999248
2026-03-29T20:24:02+00:00	routing	turborepo	srt-warm	q23	{"beam_policy": "uniform", "beam_width": 5, "max_depth": 7}	ndcg@10	0.7768062610832323
2026-03-29T20:24:02+00:00	routing	turborepo	srt-warm	q23	{"beam_policy": "uniform", "beam_width": 5, "max_depth": 7}	latency_s	0.022498459000001247
2026-03-29T20:24:02+00:00	routing	turborepo	srt-warm	q23	{"beam_policy": "waterfill", "beam_width": 5, "max_depth": 7}	ndcg@10	0.7768062610832323
2026-03-29T20:24:02+00:00	routing	turborepo	srt-warm	q23	{"beam_policy": "waterfill", "beam_width": 5, "max_depth": 7}	latency_s	0.017039584000002606
2026-03-29T20:24:02+00:00	routing	turborepo	srt-warm	q23	{"beam_policy": "uniform", "beam_width": 5, "max_depth": 10}	ndcg@10	0.7768062610832323
2026-03-29T20:24:02+00:00	routing	turborepo	srt-warm	q23	{"beam_policy": "uniform", "beam_width": 5, "max_depth": 10}	latency_s	0.023154625000000095
2026-03-29T20:24:02+00:00	routing	turborepo	srt-warm	q23	{"beam_policy": "waterfill", "beam_width": 5, "max_depth": 10}	ndcg@10	0.7768062610832323
2026-03-29T20:24:02+00:00	routing	turborepo	srt-warm	q23	{"beam_policy": "waterfill", "beam_width": 5, "max_depth": 10}	latency_s	0.020938624999999433
2026-03-29T20:24:02+00:00	routing	turborepo	srt-warm	q23	{"beam_policy": "uniform", "beam_width": 7, "max_depth": 3}	ndcg@10	0.0
2026-03-29T20:24:02+00:00	routing	turborepo	srt-warm	q23	{"beam_policy": "uniform", "beam_width": 7, "max_depth": 3}	latency_s	0.027940875000002308
2026-03-29T20:24:02+00:00	routing	turborepo	srt-warm	q23	{"beam_policy": "waterfill", "beam_width": 7, "max_depth": 3}	ndcg@10	0.0
2026-03-29T20:24:02+00:00	routing	turborepo	srt-warm	q23	{"beam_policy": "waterfill", "beam_width": 7, "max_depth": 3}	latency_s	0.06144920799999909
2026-03-29T20:24:02+00:00	routing	turborepo	srt-warm	q23	{"beam_policy": "uniform", "beam_width": 7, "max_depth": 5}	ndcg@10	0.7768062610832323
2026-03-29T20:24:02+00:00	routing	turborepo	srt-warm	q23	{"beam_policy": "uniform", "beam_width": 7, "max_depth": 5}	latency_s	0.03266183299999881
2026-03-29T20:24:02+00:00	routing	turborepo	srt-warm	q23	{"beam_policy": "waterfill", "beam_width": 7, "max_depth": 5}	ndcg@10	0.7768062610832323
2026-03-29T20:24:02+00:00	routing	turborepo	srt-warm	q23	{"beam_policy": "waterfill", "beam_width": 7, "max_depth": 5}	latency_s	0.02158908299999851
2026-03-29T20:24:02+00:00	routing	turborepo	srt-warm	q23	{"beam_policy": "uniform", "beam_width": 7, "max_depth": 7}	ndcg@10	0.7768062610832323
2026-03-29T20:24:02+00:00	routing	turborepo	srt-warm	q23	{"beam_policy": "uniform", "beam_width": 7, "max_depth": 7}	latency_s	0.03932287499999987
2026-03-29T20:24:02+00:00	routing	turborepo	srt-warm	q23	{"beam_policy": "waterfill", "beam_width": 7, "max_depth": 7}	ndcg@10	0.7768062610832323
2026-03-29T20:24:02+00:00	routing	turborepo	srt-warm	q23	{"beam_policy": "waterfill", "beam_width": 7, "max_depth": 7}	latency_s	0.02180533299999965
2026-03-29T20:24:02+00:00	routing	turborepo	srt-warm	q23	{"beam_policy": "uniform", "beam_width": 7, "max_depth": 10}	ndcg@10	0.7768062610832323
2026-03-29T20:24:02+00:00	routing	turborepo	srt-warm	q23	{"beam_policy": "uniform", "beam_width": 7, "max_depth": 10}	latency_s	0.03405000000000058
2026-03-29T20:24:02+00:00	routing	turborepo	srt-warm	q23	{"beam_policy": "waterfill", "beam_width": 7, "max_depth": 10}	ndcg@10	0.7768062610832323
2026-03-29T20:24:02+00:00	routing	turborepo	srt-warm	q23	{"beam_policy": "waterfill", "beam_width": 7, "max_depth": 10}	latency_s	0.020741166000000533
2026-03-29T20:24:02+00:00	routing	turborepo	srt-warm	q23	{"beam_policy": "uniform", "beam_width": 10, "max_depth": 3}	ndcg@10	0.0
2026-03-29T20:24:02+00:00	routing	turborepo	srt-warm	q23	{"beam_policy": "uniform", "beam_width": 10, "max_depth": 3}	latency_s	0.03204150000000183
2026-03-29T20:24:02+00:00	routing	turborepo	srt-warm	q23	{"beam_policy": "waterfill", "beam_width": 10, "max_depth": 3}	ndcg@10	0.0
2026-03-29T20:24:02+00:00	routing	turborepo	srt-warm	q23	{"beam_policy": "waterfill", "beam_width": 10, "max_depth": 3}	latency_s	0.017571583000002278
2026-03-29T20:24:03+00:00	routing	turborepo	srt-warm	q23	{"beam_policy": "uniform", "beam_width": 10, "max_depth": 5}	ndcg@10	0.7768062610832323
2026-03-29T20:24:03+00:00	routing	turborepo	srt-warm	q23	{"beam_policy": "uniform", "beam_width": 10, "max_depth": 5}	latency_s	0.11209354100000013
2026-03-29T20:24:03+00:00	routing	turborepo	srt-warm	q23	{"beam_policy": "waterfill", "beam_width": 10, "max_depth": 5}	ndcg@10	0.7768062610832323
2026-03-29T20:24:03+00:00	routing	turborepo	srt-warm	q23	{"beam_policy": "waterfill", "beam_width": 10, "max_depth": 5}	latency_s	0.05475554199999877
2026-03-29T20:24:03+00:00	routing	turborepo	srt-warm	q23	{"beam_policy": "uniform", "beam_width": 10, "max_depth": 7}	ndcg@10	0.7768062610832323
2026-03-29T20:24:03+00:00	routing	turborepo	srt-warm	q23	{"beam_policy": "uniform", "beam_width": 10, "max_depth": 7}	latency_s	0.08906470799999866
2026-03-29T20:24:03+00:00	routing	turborepo	srt-warm	q23	{"beam_policy": "waterfill", "beam_width": 10, "max_depth": 7}	ndcg@10	0.7768062610832323
2026-03-29T20:24:03+00:00	routing	turborepo	srt-warm	q23	{"beam_policy": "waterfill", "beam_width": 10, "max_depth": 7}	latency_s	0.03925345800000102
2026-03-29T20:24:03+00:00	routing	turborepo	srt-warm	q23	{"beam_policy": "uniform", "beam_width": 10, "max_depth": 10}	ndcg@10	0.7768062610832323
2026-03-29T20:24:03+00:00	routing	turborepo	srt-warm	q23	{"beam_policy": "uniform", "beam_width": 10, "max_depth": 10}	latency_s	0.11218254199999933
2026-03-29T20:24:03+00:00	routing	turborepo	srt-warm	q23	{"beam_policy": "waterfill", "beam_width": 10, "max_depth": 10}	ndcg@10	0.7768062610832323
2026-03-29T20:24:03+00:00	routing	turborepo	srt-warm	q23	{"beam_policy": "waterfill", "beam_width": 10, "max_depth": 10}	latency_s	0.05293125000000032
2026-03-29T20:24:03+00:00	routing	turborepo	srt-warm	q24	{"beam_policy": "uniform", "beam_width": 2, "max_depth": 3}	ndcg@10	0.0
2026-03-29T20:24:03+00:00	routing	turborepo	srt-warm	q24	{"beam_policy": "uniform", "beam_width": 2, "max_depth": 3}	latency_s	0.023874250000002206
2026-03-29T20:24:03+00:00	routing	turborepo	srt-warm	q24	{"beam_policy": "waterfill", "beam_width": 2, "max_depth": 3}	ndcg@10	0.0
2026-03-29T20:24:03+00:00	routing	turborepo	srt-warm	q24	{"beam_policy": "waterfill", "beam_width": 2, "max_depth": 3}	latency_s	0.013146916999996705
2026-03-29T20:24:03+00:00	routing	turborepo	srt-warm	q24	{"beam_policy": "uniform", "beam_width": 2, "max_depth": 5}	ndcg@10	0.0
2026-03-29T20:24:03+00:00	routing	turborepo	srt-warm	q24	{"beam_policy": "uniform", "beam_width": 2, "max_depth": 5}	latency_s	0.010006000000000626
2026-03-29T20:24:03+00:00	routing	turborepo	srt-warm	q24	{"beam_policy": "waterfill", "beam_width": 2, "max_depth": 5}	ndcg@10	0.0
2026-03-29T20:24:03+00:00	routing	turborepo	srt-warm	q24	{"beam_policy": "waterfill", "beam_width": 2, "max_depth": 5}	latency_s	0.01460079199999953
2026-03-29T20:24:03+00:00	routing	turborepo	srt-warm	q24	{"beam_policy": "uniform", "beam_width": 2, "max_depth": 7}	ndcg@10	0.0
2026-03-29T20:24:03+00:00	routing	turborepo	srt-warm	q24	{"beam_policy": "uniform", "beam_width": 2, "max_depth": 7}	latency_s	0.009903166000000851
2026-03-29T20:24:03+00:00	routing	turborepo	srt-warm	q24	{"beam_policy": "waterfill", "beam_width": 2, "max_depth": 7}	ndcg@10	0.0
2026-03-29T20:24:03+00:00	routing	turborepo	srt-warm	q24	{"beam_policy": "waterfill", "beam_width": 2, "max_depth": 7}	latency_s	0.008607500000000101
2026-03-29T20:24:03+00:00	routing	turborepo	srt-warm	q24	{"beam_policy": "uniform", "beam_width": 2, "max_depth": 10}	ndcg@10	0.0
2026-03-29T20:24:03+00:00	routing	turborepo	srt-warm	q24	{"beam_policy": "uniform", "beam_width": 2, "max_depth": 10}	latency_s	0.016176375000000576
2026-03-29T20:24:03+00:00	routing	turborepo	srt-warm	q24	{"beam_policy": "waterfill", "beam_width": 2, "max_depth": 10}	ndcg@10	0.0
2026-03-29T20:24:03+00:00	routing	turborepo	srt-warm	q24	{"beam_policy": "waterfill", "beam_width": 2, "max_depth": 10}	latency_s	0.018907500000000965
2026-03-29T20:24:03+00:00	routing	turborepo	srt-warm	q24	{"beam_policy": "uniform", "beam_width": 3, "max_depth": 3}	ndcg@10	0.0
2026-03-29T20:24:03+00:00	routing	turborepo	srt-warm	q24	{"beam_policy": "uniform", "beam_width": 3, "max_depth": 3}	latency_s	0.009450457999999884
2026-03-29T20:24:03+00:00	routing	turborepo	srt-warm	q24	{"beam_policy": "waterfill", "beam_width": 3, "max_depth": 3}	ndcg@10	0.0
2026-03-29T20:24:03+00:00	routing	turborepo	srt-warm	q24	{"beam_policy": "waterfill", "beam_width": 3, "max_depth": 3}	latency_s	0.009842000000002571
2026-03-29T20:24:03+00:00	routing	turborepo	srt-warm	q24	{"beam_policy": "uniform", "beam_width": 3, "max_depth": 5}	ndcg@10	0.0
2026-03-29T20:24:03+00:00	routing	turborepo	srt-warm	q24	{"beam_policy": "uniform", "beam_width": 3, "max_depth": 5}	latency_s	0.011035750000001343
2026-03-29T20:24:03+00:00	routing	turborepo	srt-warm	q24	{"beam_policy": "waterfill", "beam_width": 3, "max_depth": 5}	ndcg@10	0.0
2026-03-29T20:24:03+00:00	routing	turborepo	srt-warm	q24	{"beam_policy": "waterfill", "beam_width": 3, "max_depth": 5}	latency_s	0.00789649999999753
2026-03-29T20:24:03+00:00	routing	turborepo	srt-warm	q24	{"beam_policy": "uniform", "beam_width": 3, "max_depth": 7}	ndcg@10	0.0
2026-03-29T20:24:03+00:00	routing	turborepo	srt-warm	q24	{"beam_policy": "uniform", "beam_width": 3, "max_depth": 7}	latency_s	0.012255082999999445
2026-03-29T20:24:03+00:00	routing	turborepo	srt-warm	q24	{"beam_policy": "waterfill", "beam_width": 3, "max_depth": 7}	ndcg@10	0.0
2026-03-29T20:24:03+00:00	routing	turborepo	srt-warm	q24	{"beam_policy": "waterfill", "beam_width": 3, "max_depth": 7}	latency_s	0.007801624999999035
2026-03-29T20:24:03+00:00	routing	turborepo	srt-warm	q24	{"beam_policy": "uniform", "beam_width": 3, "max_depth": 10}	ndcg@10	0.0
2026-03-29T20:24:03+00:00	routing	turborepo	srt-warm	q24	{"beam_policy": "uniform", "beam_width": 3, "max_depth": 10}	latency_s	0.008976249999999908
2026-03-29T20:24:03+00:00	routing	turborepo	srt-warm	q24	{"beam_policy": "waterfill", "beam_width": 3, "max_depth": 10}	ndcg@10	0.0
2026-03-29T20:24:03+00:00	routing	turborepo	srt-warm	q24	{"beam_policy": "waterfill", "beam_width": 3, "max_depth": 10}	latency_s	0.011237665999999535
2026-03-29T20:24:03+00:00	routing	turborepo	srt-warm	q24	{"beam_policy": "uniform", "beam_width": 5, "max_depth": 3}	ndcg@10	0.0
2026-03-29T20:24:03+00:00	routing	turborepo	srt-warm	q24	{"beam_policy": "uniform", "beam_width": 5, "max_depth": 3}	latency_s	0.010906708000000265
2026-03-29T20:24:03+00:00	routing	turborepo	srt-warm	q24	{"beam_policy": "waterfill", "beam_width": 5, "max_depth": 3}	ndcg@10	0.0
2026-03-29T20:24:03+00:00	routing	turborepo	srt-warm	q24	{"beam_policy": "waterfill", "beam_width": 5, "max_depth": 3}	latency_s	0.008177709000001698
2026-03-29T20:24:03+00:00	routing	turborepo	srt-warm	q24	{"beam_policy": "uniform", "beam_width": 5, "max_depth": 5}	ndcg@10	0.8609101556836468
2026-03-29T20:24:03+00:00	routing	turborepo	srt-warm	q24	{"beam_policy": "uniform", "beam_width": 5, "max_depth": 5}	latency_s	0.016979125000002426
2026-03-29T20:24:03+00:00	routing	turborepo	srt-warm	q24	{"beam_policy": "waterfill", "beam_width": 5, "max_depth": 5}	ndcg@10	0.8609101556836468
2026-03-29T20:24:03+00:00	routing	turborepo	srt-warm	q24	{"beam_policy": "waterfill", "beam_width": 5, "max_depth": 5}	latency_s	0.01797870800000112
2026-03-29T20:24:03+00:00	routing	turborepo	srt-warm	q24	{"beam_policy": "uniform", "beam_width": 5, "max_depth": 7}	ndcg@10	0.8609101556836468
2026-03-29T20:24:03+00:00	routing	turborepo	srt-warm	q24	{"beam_policy": "uniform", "beam_width": 5, "max_depth": 7}	latency_s	0.02748441700000015
2026-03-29T20:24:03+00:00	routing	turborepo	srt-warm	q24	{"beam_policy": "waterfill", "beam_width": 5, "max_depth": 7}	ndcg@10	0.8609101556836468
2026-03-29T20:24:03+00:00	routing	turborepo	srt-warm	q24	{"beam_policy": "waterfill", "beam_width": 5, "max_depth": 7}	latency_s	0.01570070799999712
2026-03-29T20:24:03+00:00	routing	turborepo	srt-warm	q24	{"beam_policy": "uniform", "beam_width": 5, "max_depth": 10}	ndcg@10	0.8609101556836468
2026-03-29T20:24:03+00:00	routing	turborepo	srt-warm	q24	{"beam_policy": "uniform", "beam_width": 5, "max_depth": 10}	latency_s	0.02153741600000103
2026-03-29T20:24:03+00:00	routing	turborepo	srt-warm	q24	{"beam_policy": "waterfill", "beam_width": 5, "max_depth": 10}	ndcg@10	0.8609101556836468
2026-03-29T20:24:03+00:00	routing	turborepo	srt-warm	q24	{"beam_policy": "waterfill", "beam_width": 5, "max_depth": 10}	latency_s	0.014852499999999935
2026-03-29T20:24:03+00:00	routing	turborepo	srt-warm	q24	{"beam_policy": "uniform", "beam_width": 7, "max_depth": 3}	ndcg@10	0.0
2026-03-29T20:24:03+00:00	routing	turborepo	srt-warm	q24	{"beam_policy": "uniform", "beam_width": 7, "max_depth": 3}	latency_s	0.012286458000001943
2026-03-29T20:24:03+00:00	routing	turborepo	srt-warm	q24	{"beam_policy": "waterfill", "beam_width": 7, "max_depth": 3}	ndcg@10	0.0
2026-03-29T20:24:03+00:00	routing	turborepo	srt-warm	q24	{"beam_policy": "waterfill", "beam_width": 7, "max_depth": 3}	latency_s	0.01673391699999982
2026-03-29T20:24:03+00:00	routing	turborepo	srt-warm	q24	{"beam_policy": "uniform", "beam_width": 7, "max_depth": 5}	ndcg@10	0.8609101556836468
2026-03-29T20:24:03+00:00	routing	turborepo	srt-warm	q24	{"beam_policy": "uniform", "beam_width": 7, "max_depth": 5}	latency_s	0.024924874999999957
2026-03-29T20:24:03+00:00	routing	turborepo	srt-warm	q24	{"beam_policy": "waterfill", "beam_width": 7, "max_depth": 5}	ndcg@10	0.8609101556836468
2026-03-29T20:24:03+00:00	routing	turborepo	srt-warm	q24	{"beam_policy": "waterfill", "beam_width": 7, "max_depth": 5}	latency_s	0.019472249999999747
2026-03-29T20:24:03+00:00	routing	turborepo	srt-warm	q24	{"beam_policy": "uniform", "beam_width": 7, "max_depth": 7}	ndcg@10	0.8609101556836468
2026-03-29T20:24:03+00:00	routing	turborepo	srt-warm	q24	{"beam_policy": "uniform", "beam_width": 7, "max_depth": 7}	latency_s	0.030346250000000907
2026-03-29T20:24:03+00:00	routing	turborepo	srt-warm	q24	{"beam_policy": "waterfill", "beam_width": 7, "max_depth": 7}	ndcg@10	0.8609101556836468
2026-03-29T20:24:03+00:00	routing	turborepo	srt-warm	q24	{"beam_policy": "waterfill", "beam_width": 7, "max_depth": 7}	latency_s	0.01918712500000197
2026-03-29T20:24:03+00:00	routing	turborepo	srt-warm	q24	{"beam_policy": "uniform", "beam_width": 7, "max_depth": 10}	ndcg@10	0.8609101556836468
2026-03-29T20:24:03+00:00	routing	turborepo	srt-warm	q24	{"beam_policy": "uniform", "beam_width": 7, "max_depth": 10}	latency_s	0.08356816699999925
2026-03-29T20:24:04+00:00	routing	turborepo	srt-warm	q24	{"beam_policy": "waterfill", "beam_width": 7, "max_depth": 10}	ndcg@10	0.8609101556836468
2026-03-29T20:24:04+00:00	routing	turborepo	srt-warm	q24	{"beam_policy": "waterfill", "beam_width": 7, "max_depth": 10}	latency_s	0.025898541000000108
2026-03-29T20:24:04+00:00	routing	turborepo	srt-warm	q24	{"beam_policy": "uniform", "beam_width": 10, "max_depth": 3}	ndcg@10	0.0
2026-03-29T20:24:04+00:00	routing	turborepo	srt-warm	q24	{"beam_policy": "uniform", "beam_width": 10, "max_depth": 3}	latency_s	0.020816291999999237
2026-03-29T20:24:04+00:00	routing	turborepo	srt-warm	q24	{"beam_policy": "waterfill", "beam_width": 10, "max_depth": 3}	ndcg@10	0.0
2026-03-29T20:24:04+00:00	routing	turborepo	srt-warm	q24	{"beam_policy": "waterfill", "beam_width": 10, "max_depth": 3}	latency_s	0.011451166000000512
2026-03-29T20:24:04+00:00	routing	turborepo	srt-warm	q24	{"beam_policy": "uniform", "beam_width": 10, "max_depth": 5}	ndcg@10	0.8609101556836468
2026-03-29T20:24:04+00:00	routing	turborepo	srt-warm	q24	{"beam_policy": "uniform", "beam_width": 10, "max_depth": 5}	latency_s	0.07602449999999905
2026-03-29T20:24:04+00:00	routing	turborepo	srt-warm	q24	{"beam_policy": "waterfill", "beam_width": 10, "max_depth": 5}	ndcg@10	0.8609101556836468
2026-03-29T20:24:04+00:00	routing	turborepo	srt-warm	q24	{"beam_policy": "waterfill", "beam_width": 10, "max_depth": 5}	latency_s	0.07727124999999901
2026-03-29T20:24:04+00:00	routing	turborepo	srt-warm	q24	{"beam_policy": "uniform", "beam_width": 10, "max_depth": 7}	ndcg@10	0.8609101556836468
2026-03-29T20:24:04+00:00	routing	turborepo	srt-warm	q24	{"beam_policy": "uniform", "beam_width": 10, "max_depth": 7}	latency_s	0.09802508299999957
2026-03-29T20:24:04+00:00	routing	turborepo	srt-warm	q24	{"beam_policy": "waterfill", "beam_width": 10, "max_depth": 7}	ndcg@10	0.8609101556836468
2026-03-29T20:24:04+00:00	routing	turborepo	srt-warm	q24	{"beam_policy": "waterfill", "beam_width": 10, "max_depth": 7}	latency_s	0.026243791000002403
2026-03-29T20:24:04+00:00	routing	turborepo	srt-warm	q24	{"beam_policy": "uniform", "beam_width": 10, "max_depth": 10}	ndcg@10	0.8609101556836468
2026-03-29T20:24:04+00:00	routing	turborepo	srt-warm	q24	{"beam_policy": "uniform", "beam_width": 10, "max_depth": 10}	latency_s	0.07670791700000024
2026-03-29T20:24:04+00:00	routing	turborepo	srt-warm	q24	{"beam_policy": "waterfill", "beam_width": 10, "max_depth": 10}	ndcg@10	0.8609101556836468
2026-03-29T20:24:04+00:00	routing	turborepo	srt-warm	q24	{"beam_policy": "waterfill", "beam_width": 10, "max_depth": 10}	latency_s	0.03399750000000168
2026-03-29T20:24:04+00:00	routing	turborepo	srt-warm	q25	{"beam_policy": "uniform", "beam_width": 2, "max_depth": 3}	ndcg@10	0.0
2026-03-29T20:24:04+00:00	routing	turborepo	srt-warm	q25	{"beam_policy": "uniform", "beam_width": 2, "max_depth": 3}	latency_s	0.022587582999999967
2026-03-29T20:24:04+00:00	routing	turborepo	srt-warm	q25	{"beam_policy": "waterfill", "beam_width": 2, "max_depth": 3}	ndcg@10	0.0
2026-03-29T20:24:04+00:00	routing	turborepo	srt-warm	q25	{"beam_policy": "waterfill", "beam_width": 2, "max_depth": 3}	latency_s	0.011287583999997963
2026-03-29T20:24:04+00:00	routing	turborepo	srt-warm	q25	{"beam_policy": "uniform", "beam_width": 2, "max_depth": 5}	ndcg@10	0.7773015866757238
2026-03-29T20:24:04+00:00	routing	turborepo	srt-warm	q25	{"beam_policy": "uniform", "beam_width": 2, "max_depth": 5}	latency_s	0.0110316250000011
2026-03-29T20:24:04+00:00	routing	turborepo	srt-warm	q25	{"beam_policy": "waterfill", "beam_width": 2, "max_depth": 5}	ndcg@10	0.0
2026-03-29T20:24:04+00:00	routing	turborepo	srt-warm	q25	{"beam_policy": "waterfill", "beam_width": 2, "max_depth": 5}	latency_s	0.010695832999999766
2026-03-29T20:24:04+00:00	routing	turborepo	srt-warm	q25	{"beam_policy": "uniform", "beam_width": 2, "max_depth": 7}	ndcg@10	0.7773015866757238
2026-03-29T20:24:04+00:00	routing	turborepo	srt-warm	q25	{"beam_policy": "uniform", "beam_width": 2, "max_depth": 7}	latency_s	0.013783625000002075
2026-03-29T20:24:04+00:00	routing	turborepo	srt-warm	q25	{"beam_policy": "waterfill", "beam_width": 2, "max_depth": 7}	ndcg@10	0.0
2026-03-29T20:24:04+00:00	routing	turborepo	srt-warm	q25	{"beam_policy": "waterfill", "beam_width": 2, "max_depth": 7}	latency_s	0.010445374999999757
2026-03-29T20:24:04+00:00	routing	turborepo	srt-warm	q25	{"beam_policy": "uniform", "beam_width": 2, "max_depth": 10}	ndcg@10	0.7773015866757238
2026-03-29T20:24:04+00:00	routing	turborepo	srt-warm	q25	{"beam_policy": "uniform", "beam_width": 2, "max_depth": 10}	latency_s	0.013975249999997885
2026-03-29T20:24:04+00:00	routing	turborepo	srt-warm	q25	{"beam_policy": "waterfill", "beam_width": 2, "max_depth": 10}	ndcg@10	0.0
2026-03-29T20:24:04+00:00	routing	turborepo	srt-warm	q25	{"beam_policy": "waterfill", "beam_width": 2, "max_depth": 10}	latency_s	0.011180833000000945
2026-03-29T20:24:04+00:00	routing	turborepo	srt-warm	q25	{"beam_policy": "uniform", "beam_width": 3, "max_depth": 3}	ndcg@10	0.0
2026-03-29T20:24:04+00:00	routing	turborepo	srt-warm	q25	{"beam_policy": "uniform", "beam_width": 3, "max_depth": 3}	latency_s	0.015177291999997067
2026-03-29T20:24:04+00:00	routing	turborepo	srt-warm	q25	{"beam_policy": "waterfill", "beam_width": 3, "max_depth": 3}	ndcg@10	0.0
2026-03-29T20:24:04+00:00	routing	turborepo	srt-warm	q25	{"beam_policy": "waterfill", "beam_width": 3, "max_depth": 3}	latency_s	0.014741457999999596
2026-03-29T20:24:04+00:00	routing	turborepo	srt-warm	q25	{"beam_policy": "uniform", "beam_width": 3, "max_depth": 5}	ndcg@10	0.7760277191360635
2026-03-29T20:24:04+00:00	routing	turborepo	srt-warm	q25	{"beam_policy": "uniform", "beam_width": 3, "max_depth": 5}	latency_s	0.017718166000001645
2026-03-29T20:24:04+00:00	routing	turborepo	srt-warm	q25	{"beam_policy": "waterfill", "beam_width": 3, "max_depth": 5}	ndcg@10	0.7760277191360635
2026-03-29T20:24:04+00:00	routing	turborepo	srt-warm	q25	{"beam_policy": "waterfill", "beam_width": 3, "max_depth": 5}	latency_s	0.010576666999998707
2026-03-29T20:24:04+00:00	routing	turborepo	srt-warm	q25	{"beam_policy": "uniform", "beam_width": 3, "max_depth": 7}	ndcg@10	0.7760277191360635
2026-03-29T20:24:04+00:00	routing	turborepo	srt-warm	q25	{"beam_policy": "uniform", "beam_width": 3, "max_depth": 7}	latency_s	0.03213862500000175
2026-03-29T20:24:04+00:00	routing	turborepo	srt-warm	q25	{"beam_policy": "waterfill", "beam_width": 3, "max_depth": 7}	ndcg@10	0.7760277191360635
2026-03-29T20:24:04+00:00	routing	turborepo	srt-warm	q25	{"beam_policy": "waterfill", "beam_width": 3, "max_depth": 7}	latency_s	0.013182416999999447
2026-03-29T20:24:04+00:00	routing	turborepo	srt-warm	q25	{"beam_policy": "uniform", "beam_width": 3, "max_depth": 10}	ndcg@10	0.7760277191360635
2026-03-29T20:24:04+00:00	routing	turborepo	srt-warm	q25	{"beam_policy": "uniform", "beam_width": 3, "max_depth": 10}	latency_s	0.028426875000000962
2026-03-29T20:24:04+00:00	routing	turborepo	srt-warm	q25	{"beam_policy": "waterfill", "beam_width": 3, "max_depth": 10}	ndcg@10	0.7760277191360635
2026-03-29T20:24:04+00:00	routing	turborepo	srt-warm	q25	{"beam_policy": "waterfill", "beam_width": 3, "max_depth": 10}	latency_s	0.011356708000000992
2026-03-29T20:24:04+00:00	routing	turborepo	srt-warm	q25	{"beam_policy": "uniform", "beam_width": 5, "max_depth": 3}	ndcg@10	0.0
2026-03-29T20:24:04+00:00	routing	turborepo	srt-warm	q25	{"beam_policy": "uniform", "beam_width": 5, "max_depth": 3}	latency_s	0.014780667000000136
2026-03-29T20:24:04+00:00	routing	turborepo	srt-warm	q25	{"beam_policy": "waterfill", "beam_width": 5, "max_depth": 3}	ndcg@10	0.0
2026-03-29T20:24:04+00:00	routing	turborepo	srt-warm	q25	{"beam_policy": "waterfill", "beam_width": 5, "max_depth": 3}	latency_s	0.015350707999999713
2026-03-29T20:24:04+00:00	routing	turborepo	srt-warm	q25	{"beam_policy": "uniform", "beam_width": 5, "max_depth": 5}	ndcg@10	0.7452525342261976
2026-03-29T20:24:04+00:00	routing	turborepo	srt-warm	q25	{"beam_policy": "uniform", "beam_width": 5, "max_depth": 5}	latency_s	0.034184625000001745
2026-03-29T20:24:04+00:00	routing	turborepo	srt-warm	q25	{"beam_policy": "waterfill", "beam_width": 5, "max_depth": 5}	ndcg@10	0.8375780889557954
2026-03-29T20:24:04+00:00	routing	turborepo	srt-warm	q25	{"beam_policy": "waterfill", "beam_width": 5, "max_depth": 5}	latency_s	0.022578583999997903
2026-03-29T20:24:04+00:00	routing	turborepo	srt-warm	q25	{"beam_policy": "uniform", "beam_width": 5, "max_depth": 7}	ndcg@10	0.7452525342261976
2026-03-29T20:24:04+00:00	routing	turborepo	srt-warm	q25	{"beam_policy": "uniform", "beam_width": 5, "max_depth": 7}	latency_s	0.05679187499999827
2026-03-29T20:24:04+00:00	routing	turborepo	srt-warm	q25	{"beam_policy": "waterfill", "beam_width": 5, "max_depth": 7}	ndcg@10	0.8375780889557954
2026-03-29T20:24:04+00:00	routing	turborepo	srt-warm	q25	{"beam_policy": "waterfill", "beam_width": 5, "max_depth": 7}	latency_s	0.03129308300000133
2026-03-29T20:24:04+00:00	routing	turborepo	srt-warm	q25	{"beam_policy": "uniform", "beam_width": 5, "max_depth": 10}	ndcg@10	0.7452525342261976
2026-03-29T20:24:04+00:00	routing	turborepo	srt-warm	q25	{"beam_policy": "uniform", "beam_width": 5, "max_depth": 10}	latency_s	0.055276208000002214
2026-03-29T20:24:05+00:00	routing	turborepo	srt-warm	q25	{"beam_policy": "waterfill", "beam_width": 5, "max_depth": 10}	ndcg@10	0.8375780889557954
2026-03-29T20:24:05+00:00	routing	turborepo	srt-warm	q25	{"beam_policy": "waterfill", "beam_width": 5, "max_depth": 10}	latency_s	0.03219804199999743
2026-03-29T20:24:05+00:00	routing	turborepo	srt-warm	q25	{"beam_policy": "uniform", "beam_width": 7, "max_depth": 3}	ndcg@10	0.0
2026-03-29T20:24:05+00:00	routing	turborepo	srt-warm	q25	{"beam_policy": "uniform", "beam_width": 7, "max_depth": 3}	latency_s	0.01873091699999918
2026-03-29T20:24:05+00:00	routing	turborepo	srt-warm	q25	{"beam_policy": "waterfill", "beam_width": 7, "max_depth": 3}	ndcg@10	0.0
2026-03-29T20:24:05+00:00	routing	turborepo	srt-warm	q25	{"beam_policy": "waterfill", "beam_width": 7, "max_depth": 3}	latency_s	0.013467000000002116
2026-03-29T20:24:05+00:00	routing	turborepo	srt-warm	q25	{"beam_policy": "uniform", "beam_width": 7, "max_depth": 5}	ndcg@10	0.7452525342261976
2026-03-29T20:24:05+00:00	routing	turborepo	srt-warm	q25	{"beam_policy": "uniform", "beam_width": 7, "max_depth": 5}	latency_s	0.04467537500000063
2026-03-29T20:24:05+00:00	routing	turborepo	srt-warm	q25	{"beam_policy": "waterfill", "beam_width": 7, "max_depth": 5}	ndcg@10	0.7452525342261976
2026-03-29T20:24:05+00:00	routing	turborepo	srt-warm	q25	{"beam_policy": "waterfill", "beam_width": 7, "max_depth": 5}	latency_s	0.03606445899999855
2026-03-29T20:24:05+00:00	routing	turborepo	srt-warm	q25	{"beam_policy": "uniform", "beam_width": 7, "max_depth": 7}	ndcg@10	0.7452525342261976
2026-03-29T20:24:05+00:00	routing	turborepo	srt-warm	q25	{"beam_policy": "uniform", "beam_width": 7, "max_depth": 7}	latency_s	0.08362741599999879
2026-03-29T20:24:05+00:00	routing	turborepo	srt-warm	q25	{"beam_policy": "waterfill", "beam_width": 7, "max_depth": 7}	ndcg@10	0.7452525342261976
2026-03-29T20:24:05+00:00	routing	turborepo	srt-warm	q25	{"beam_policy": "waterfill", "beam_width": 7, "max_depth": 7}	latency_s	0.053775625000000105
2026-03-29T20:24:05+00:00	routing	turborepo	srt-warm	q25	{"beam_policy": "uniform", "beam_width": 7, "max_depth": 10}	ndcg@10	0.7452525342261976
2026-03-29T20:24:05+00:00	routing	turborepo	srt-warm	q25	{"beam_policy": "uniform", "beam_width": 7, "max_depth": 10}	latency_s	0.07468466599999957
2026-03-29T20:24:05+00:00	routing	turborepo	srt-warm	q25	{"beam_policy": "waterfill", "beam_width": 7, "max_depth": 10}	ndcg@10	0.7452525342261976
2026-03-29T20:24:05+00:00	routing	turborepo	srt-warm	q25	{"beam_policy": "waterfill", "beam_width": 7, "max_depth": 10}	latency_s	0.04801508299999924
2026-03-29T20:24:05+00:00	routing	turborepo	srt-warm	q25	{"beam_policy": "uniform", "beam_width": 10, "max_depth": 3}	ndcg@10	0.0
2026-03-29T20:24:05+00:00	routing	turborepo	srt-warm	q25	{"beam_policy": "uniform", "beam_width": 10, "max_depth": 3}	latency_s	0.016620167000002795
2026-03-29T20:24:05+00:00	routing	turborepo	srt-warm	q25	{"beam_policy": "waterfill", "beam_width": 10, "max_depth": 3}	ndcg@10	0.0
2026-03-29T20:24:05+00:00	routing	turborepo	srt-warm	q25	{"beam_policy": "waterfill", "beam_width": 10, "max_depth": 3}	latency_s	0.014112208000000237
2026-03-29T20:24:05+00:00	routing	turborepo	srt-warm	q25	{"beam_policy": "uniform", "beam_width": 10, "max_depth": 5}	ndcg@10	0.7452525342261976
2026-03-29T20:24:05+00:00	routing	turborepo	srt-warm	q25	{"beam_policy": "uniform", "beam_width": 10, "max_depth": 5}	latency_s	0.03987637499999863
2026-03-29T20:24:05+00:00	routing	turborepo	srt-warm	q25	{"beam_policy": "waterfill", "beam_width": 10, "max_depth": 5}	ndcg@10	0.7452525342261976
2026-03-29T20:24:05+00:00	routing	turborepo	srt-warm	q25	{"beam_policy": "waterfill", "beam_width": 10, "max_depth": 5}	latency_s	0.0369756670000001
2026-03-29T20:24:05+00:00	routing	turborepo	srt-warm	q25	{"beam_policy": "uniform", "beam_width": 10, "max_depth": 7}	ndcg@10	0.7452525342261976
2026-03-29T20:24:05+00:00	routing	turborepo	srt-warm	q25	{"beam_policy": "uniform", "beam_width": 10, "max_depth": 7}	latency_s	0.07067487499999814
2026-03-29T20:24:05+00:00	routing	turborepo	srt-warm	q25	{"beam_policy": "waterfill", "beam_width": 10, "max_depth": 7}	ndcg@10	0.7452525342261976
2026-03-29T20:24:05+00:00	routing	turborepo	srt-warm	q25	{"beam_policy": "waterfill", "beam_width": 10, "max_depth": 7}	latency_s	0.06094991699999852
2026-03-29T20:24:05+00:00	routing	turborepo	srt-warm	q25	{"beam_policy": "uniform", "beam_width": 10, "max_depth": 10}	ndcg@10	0.7452525342261976
2026-03-29T20:24:05+00:00	routing	turborepo	srt-warm	q25	{"beam_policy": "uniform", "beam_width": 10, "max_depth": 10}	latency_s	0.06942512499999864
2026-03-29T20:24:05+00:00	routing	turborepo	srt-warm	q25	{"beam_policy": "waterfill", "beam_width": 10, "max_depth": 10}	ndcg@10	0.7452525342261976
2026-03-29T20:24:05+00:00	routing	turborepo	srt-warm	q25	{"beam_policy": "waterfill", "beam_width": 10, "max_depth": 10}	latency_s	0.06552204100000125
2026-03-29T20:24:05+00:00	routing	turborepo	srt-warm	q26	{"beam_policy": "uniform", "beam_width": 2, "max_depth": 3}	ndcg@10	0.0
2026-03-29T20:24:05+00:00	routing	turborepo	srt-warm	q26	{"beam_policy": "uniform", "beam_width": 2, "max_depth": 3}	latency_s	0.007778417000000815
2026-03-29T20:24:05+00:00	routing	turborepo	srt-warm	q26	{"beam_policy": "waterfill", "beam_width": 2, "max_depth": 3}	ndcg@10	0.0
2026-03-29T20:24:05+00:00	routing	turborepo	srt-warm	q26	{"beam_policy": "waterfill", "beam_width": 2, "max_depth": 3}	latency_s	0.007348708999998621
2026-03-29T20:24:05+00:00	routing	turborepo	srt-warm	q26	{"beam_policy": "uniform", "beam_width": 2, "max_depth": 5}	ndcg@10	0.0
2026-03-29T20:24:05+00:00	routing	turborepo	srt-warm	q26	{"beam_policy": "uniform", "beam_width": 2, "max_depth": 5}	latency_s	0.0065016669999984344
2026-03-29T20:24:05+00:00	routing	turborepo	srt-warm	q26	{"beam_policy": "waterfill", "beam_width": 2, "max_depth": 5}	ndcg@10	0.0
2026-03-29T20:24:05+00:00	routing	turborepo	srt-warm	q26	{"beam_policy": "waterfill", "beam_width": 2, "max_depth": 5}	latency_s	0.006925375000001566
2026-03-29T20:24:05+00:00	routing	turborepo	srt-warm	q26	{"beam_policy": "uniform", "beam_width": 2, "max_depth": 7}	ndcg@10	0.0
2026-03-29T20:24:05+00:00	routing	turborepo	srt-warm	q26	{"beam_policy": "uniform", "beam_width": 2, "max_depth": 7}	latency_s	0.01004320899999911
2026-03-29T20:24:05+00:00	routing	turborepo	srt-warm	q26	{"beam_policy": "waterfill", "beam_width": 2, "max_depth": 7}	ndcg@10	0.0
2026-03-29T20:24:05+00:00	routing	turborepo	srt-warm	q26	{"beam_policy": "waterfill", "beam_width": 2, "max_depth": 7}	latency_s	0.006267250000000502
2026-03-29T20:24:05+00:00	routing	turborepo	srt-warm	q26	{"beam_policy": "uniform", "beam_width": 2, "max_depth": 10}	ndcg@10	0.0
2026-03-29T20:24:05+00:00	routing	turborepo	srt-warm	q26	{"beam_policy": "uniform", "beam_width": 2, "max_depth": 10}	latency_s	0.008640625000001734
2026-03-29T20:24:05+00:00	routing	turborepo	srt-warm	q26	{"beam_policy": "waterfill", "beam_width": 2, "max_depth": 10}	ndcg@10	0.0
2026-03-29T20:24:05+00:00	routing	turborepo	srt-warm	q26	{"beam_policy": "waterfill", "beam_width": 2, "max_depth": 10}	latency_s	0.00774633300000005
2026-03-29T20:24:05+00:00	routing	turborepo	srt-warm	q26	{"beam_policy": "uniform", "beam_width": 3, "max_depth": 3}	ndcg@10	0.0
2026-03-29T20:24:05+00:00	routing	turborepo	srt-warm	q26	{"beam_policy": "uniform", "beam_width": 3, "max_depth": 3}	latency_s	0.010511167000000654
2026-03-29T20:24:05+00:00	routing	turborepo	srt-warm	q26	{"beam_policy": "waterfill", "beam_width": 3, "max_depth": 3}	ndcg@10	0.0
2026-03-29T20:24:05+00:00	routing	turborepo	srt-warm	q26	{"beam_policy": "waterfill", "beam_width": 3, "max_depth": 3}	latency_s	0.009013707999997678
2026-03-29T20:24:05+00:00	routing	turborepo	srt-warm	q26	{"beam_policy": "uniform", "beam_width": 3, "max_depth": 5}	ndcg@10	0.0
2026-03-29T20:24:05+00:00	routing	turborepo	srt-warm	q26	{"beam_policy": "uniform", "beam_width": 3, "max_depth": 5}	latency_s	0.00968087500000081
2026-03-29T20:24:05+00:00	routing	turborepo	srt-warm	q26	{"beam_policy": "waterfill", "beam_width": 3, "max_depth": 5}	ndcg@10	0.0
2026-03-29T20:24:05+00:00	routing	turborepo	srt-warm	q26	{"beam_policy": "waterfill", "beam_width": 3, "max_depth": 5}	latency_s	0.006079333999998937
2026-03-29T20:24:05+00:00	routing	turborepo	srt-warm	q26	{"beam_policy": "uniform", "beam_width": 3, "max_depth": 7}	ndcg@10	0.0
2026-03-29T20:24:05+00:00	routing	turborepo	srt-warm	q26	{"beam_policy": "uniform", "beam_width": 3, "max_depth": 7}	latency_s	0.007325625000000002
2026-03-29T20:24:06+00:00	routing	turborepo	srt-warm	q26	{"beam_policy": "waterfill", "beam_width": 3, "max_depth": 7}	ndcg@10	0.0
2026-03-29T20:24:06+00:00	routing	turborepo	srt-warm	q26	{"beam_policy": "waterfill", "beam_width": 3, "max_depth": 7}	latency_s	0.010011792000000241
2026-03-29T20:24:06+00:00	routing	turborepo	srt-warm	q26	{"beam_policy": "uniform", "beam_width": 3, "max_depth": 10}	ndcg@10	0.0
2026-03-29T20:24:06+00:00	routing	turborepo	srt-warm	q26	{"beam_policy": "uniform", "beam_width": 3, "max_depth": 10}	latency_s	0.014220083999997968
2026-03-29T20:24:06+00:00	routing	turborepo	srt-warm	q26	{"beam_policy": "waterfill", "beam_width": 3, "max_depth": 10}	ndcg@10	0.0
2026-03-29T20:24:06+00:00	routing	turborepo	srt-warm	q26	{"beam_policy": "waterfill", "beam_width": 3, "max_depth": 10}	latency_s	0.010154582999998496
2026-03-29T20:24:06+00:00	routing	turborepo	srt-warm	q26	{"beam_policy": "uniform", "beam_width": 5, "max_depth": 3}	ndcg@10	0.0
2026-03-29T20:24:06+00:00	routing	turborepo	srt-warm	q26	{"beam_policy": "uniform", "beam_width": 5, "max_depth": 3}	latency_s	0.016425749999999795
2026-03-29T20:24:06+00:00	routing	turborepo	srt-warm	q26	{"beam_policy": "waterfill", "beam_width": 5, "max_depth": 3}	ndcg@10	0.0
2026-03-29T20:24:06+00:00	routing	turborepo	srt-warm	q26	{"beam_policy": "waterfill", "beam_width": 5, "max_depth": 3}	latency_s	0.025618915999999103
2026-03-29T20:24:06+00:00	routing	turborepo	srt-warm	q26	{"beam_policy": "uniform", "beam_width": 5, "max_depth": 5}	ndcg@10	0.9049495058460971
2026-03-29T20:24:06+00:00	routing	turborepo	srt-warm	q26	{"beam_policy": "uniform", "beam_width": 5, "max_depth": 5}	latency_s	0.02005529199999856
2026-03-29T20:24:06+00:00	routing	turborepo	srt-warm	q26	{"beam_policy": "waterfill", "beam_width": 5, "max_depth": 5}	ndcg@10	0.0
2026-03-29T20:24:06+00:00	routing	turborepo	srt-warm	q26	{"beam_policy": "waterfill", "beam_width": 5, "max_depth": 5}	latency_s	0.006759417000001378
2026-03-29T20:24:06+00:00	routing	turborepo	srt-warm	q26	{"beam_policy": "uniform", "beam_width": 5, "max_depth": 7}	ndcg@10	0.9049495058460971
2026-03-29T20:24:06+00:00	routing	turborepo	srt-warm	q26	{"beam_policy": "uniform", "beam_width": 5, "max_depth": 7}	latency_s	0.025459582999999952
2026-03-29T20:24:06+00:00	routing	turborepo	srt-warm	q26	{"beam_policy": "waterfill", "beam_width": 5, "max_depth": 7}	ndcg@10	0.0
2026-03-29T20:24:06+00:00	routing	turborepo	srt-warm	q26	{"beam_policy": "waterfill", "beam_width": 5, "max_depth": 7}	latency_s	0.006590166999998814
2026-03-29T20:24:06+00:00	routing	turborepo	srt-warm	q26	{"beam_policy": "uniform", "beam_width": 5, "max_depth": 10}	ndcg@10	0.9049495058460971
2026-03-29T20:24:06+00:00	routing	turborepo	srt-warm	q26	{"beam_policy": "uniform", "beam_width": 5, "max_depth": 10}	latency_s	0.020878583999998312
2026-03-29T20:24:06+00:00	routing	turborepo	srt-warm	q26	{"beam_policy": "waterfill", "beam_width": 5, "max_depth": 10}	ndcg@10	0.0
2026-03-29T20:24:06+00:00	routing	turborepo	srt-warm	q26	{"beam_policy": "waterfill", "beam_width": 5, "max_depth": 10}	latency_s	0.011662333000000302
2026-03-29T20:24:06+00:00	routing	turborepo	srt-warm	q26	{"beam_policy": "uniform", "beam_width": 7, "max_depth": 3}	ndcg@10	0.0
2026-03-29T20:24:06+00:00	routing	turborepo	srt-warm	q26	{"beam_policy": "uniform", "beam_width": 7, "max_depth": 3}	latency_s	0.018296165999998948
2026-03-29T20:24:06+00:00	routing	turborepo	srt-warm	q26	{"beam_policy": "waterfill", "beam_width": 7, "max_depth": 3}	ndcg@10	0.0
2026-03-29T20:24:06+00:00	routing	turborepo	srt-warm	q26	{"beam_policy": "waterfill", "beam_width": 7, "max_depth": 3}	latency_s	0.009169957999997536
2026-03-29T20:24:06+00:00	routing	turborepo	srt-warm	q26	{"beam_policy": "uniform", "beam_width": 7, "max_depth": 5}	ndcg@10	0.9049495058460971
2026-03-29T20:24:06+00:00	routing	turborepo	srt-warm	q26	{"beam_policy": "uniform", "beam_width": 7, "max_depth": 5}	latency_s	0.02147095799999832
2026-03-29T20:24:06+00:00	routing	turborepo	srt-warm	q26	{"beam_policy": "waterfill", "beam_width": 7, "max_depth": 5}	ndcg@10	0.9049495058460971
2026-03-29T20:24:06+00:00	routing	turborepo	srt-warm	q26	{"beam_policy": "waterfill", "beam_width": 7, "max_depth": 5}	latency_s	0.01623999999999981
2026-03-29T20:24:06+00:00	routing	turborepo	srt-warm	q26	{"beam_policy": "uniform", "beam_width": 7, "max_depth": 7}	ndcg@10	0.9049495058460971
2026-03-29T20:24:06+00:00	routing	turborepo	srt-warm	q26	{"beam_policy": "uniform", "beam_width": 7, "max_depth": 7}	latency_s	0.023624583000000143
2026-03-29T20:24:06+00:00	routing	turborepo	srt-warm	q26	{"beam_policy": "waterfill", "beam_width": 7, "max_depth": 7}	ndcg@10	0.9049495058460971
2026-03-29T20:24:06+00:00	routing	turborepo	srt-warm	q26	{"beam_policy": "waterfill", "beam_width": 7, "max_depth": 7}	latency_s	0.022912208000001044
2026-03-29T20:24:06+00:00	routing	turborepo	srt-warm	q26	{"beam_policy": "uniform", "beam_width": 7, "max_depth": 10}	ndcg@10	0.9049495058460971
2026-03-29T20:24:06+00:00	routing	turborepo	srt-warm	q26	{"beam_policy": "uniform", "beam_width": 7, "max_depth": 10}	latency_s	0.02333416700000157
2026-03-29T20:24:06+00:00	routing	turborepo	srt-warm	q26	{"beam_policy": "waterfill", "beam_width": 7, "max_depth": 10}	ndcg@10	0.9049495058460971
2026-03-29T20:24:06+00:00	routing	turborepo	srt-warm	q26	{"beam_policy": "waterfill", "beam_width": 7, "max_depth": 10}	latency_s	0.018271582999997094
2026-03-29T20:24:06+00:00	routing	turborepo	srt-warm	q26	{"beam_policy": "uniform", "beam_width": 10, "max_depth": 3}	ndcg@10	0.0
2026-03-29T20:24:06+00:00	routing	turborepo	srt-warm	q26	{"beam_policy": "uniform", "beam_width": 10, "max_depth": 3}	latency_s	0.015603457999997516
2026-03-29T20:24:06+00:00	routing	turborepo	srt-warm	q26	{"beam_policy": "waterfill", "beam_width": 10, "max_depth": 3}	ndcg@10	0.0
2026-03-29T20:24:06+00:00	routing	turborepo	srt-warm	q26	{"beam_policy": "waterfill", "beam_width": 10, "max_depth": 3}	latency_s	0.015138917000001584
2026-03-29T20:24:06+00:00	routing	turborepo	srt-warm	q26	{"beam_policy": "uniform", "beam_width": 10, "max_depth": 5}	ndcg@10	0.9049495058460971
2026-03-29T20:24:06+00:00	routing	turborepo	srt-warm	q26	{"beam_policy": "uniform", "beam_width": 10, "max_depth": 5}	latency_s	0.03951795900000121
2026-03-29T20:24:06+00:00	routing	turborepo	srt-warm	q26	{"beam_policy": "waterfill", "beam_width": 10, "max_depth": 5}	ndcg@10	0.9049495058460971
2026-03-29T20:24:06+00:00	routing	turborepo	srt-warm	q26	{"beam_policy": "waterfill", "beam_width": 10, "max_depth": 5}	latency_s	0.021768624999999986
2026-03-29T20:24:06+00:00	routing	turborepo	srt-warm	q26	{"beam_policy": "uniform", "beam_width": 10, "max_depth": 7}	ndcg@10	0.9049495058460971
2026-03-29T20:24:06+00:00	routing	turborepo	srt-warm	q26	{"beam_policy": "uniform", "beam_width": 10, "max_depth": 7}	latency_s	0.0546437080000004
2026-03-29T20:24:06+00:00	routing	turborepo	srt-warm	q26	{"beam_policy": "waterfill", "beam_width": 10, "max_depth": 7}	ndcg@10	0.9049495058460971
2026-03-29T20:24:06+00:00	routing	turborepo	srt-warm	q26	{"beam_policy": "waterfill", "beam_width": 10, "max_depth": 7}	latency_s	0.021214416999999486
2026-03-29T20:24:06+00:00	routing	turborepo	srt-warm	q26	{"beam_policy": "uniform", "beam_width": 10, "max_depth": 10}	ndcg@10	0.9049495058460971
2026-03-29T20:24:06+00:00	routing	turborepo	srt-warm	q26	{"beam_policy": "uniform", "beam_width": 10, "max_depth": 10}	latency_s	0.053385041999998606
2026-03-29T20:24:06+00:00	routing	turborepo	srt-warm	q26	{"beam_policy": "waterfill", "beam_width": 10, "max_depth": 10}	ndcg@10	0.9049495058460971
2026-03-29T20:24:06+00:00	routing	turborepo	srt-warm	q26	{"beam_policy": "waterfill", "beam_width": 10, "max_depth": 10}	latency_s	0.021224583999998714
2026-03-29T20:24:06+00:00	routing	turborepo	srt-warm	q27	{"beam_policy": "uniform", "beam_width": 2, "max_depth": 3}	ndcg@10	0.0
2026-03-29T20:24:06+00:00	routing	turborepo	srt-warm	q27	{"beam_policy": "uniform", "beam_width": 2, "max_depth": 3}	latency_s	0.008297165999998413
2026-03-29T20:24:06+00:00	routing	turborepo	srt-warm	q27	{"beam_policy": "waterfill", "beam_width": 2, "max_depth": 3}	ndcg@10	0.0
2026-03-29T20:24:06+00:00	routing	turborepo	srt-warm	q27	{"beam_policy": "waterfill", "beam_width": 2, "max_depth": 3}	latency_s	0.007976250000002238
2026-03-29T20:24:06+00:00	routing	turborepo	srt-warm	q27	{"beam_policy": "uniform", "beam_width": 2, "max_depth": 5}	ndcg@10	0.0
2026-03-29T20:24:06+00:00	routing	turborepo	srt-warm	q27	{"beam_policy": "uniform", "beam_width": 2, "max_depth": 5}	latency_s	0.006827375000000302
2026-03-29T20:24:06+00:00	routing	turborepo	srt-warm	q27	{"beam_policy": "waterfill", "beam_width": 2, "max_depth": 5}	ndcg@10	0.0
2026-03-29T20:24:06+00:00	routing	turborepo	srt-warm	q27	{"beam_policy": "waterfill", "beam_width": 2, "max_depth": 5}	latency_s	0.00959508300000067
2026-03-29T20:24:06+00:00	routing	turborepo	srt-warm	q27	{"beam_policy": "uniform", "beam_width": 2, "max_depth": 7}	ndcg@10	0.0
2026-03-29T20:24:06+00:00	routing	turborepo	srt-warm	q27	{"beam_policy": "uniform", "beam_width": 2, "max_depth": 7}	latency_s	0.006912375000002413
2026-03-29T20:24:06+00:00	routing	turborepo	srt-warm	q27	{"beam_policy": "waterfill", "beam_width": 2, "max_depth": 7}	ndcg@10	0.0
2026-03-29T20:24:06+00:00	routing	turborepo	srt-warm	q27	{"beam_policy": "waterfill", "beam_width": 2, "max_depth": 7}	latency_s	0.008856791999999558
2026-03-29T20:24:06+00:00	routing	turborepo	srt-warm	q27	{"beam_policy": "uniform", "beam_width": 2, "max_depth": 10}	ndcg@10	0.0
2026-03-29T20:24:06+00:00	routing	turborepo	srt-warm	q27	{"beam_policy": "uniform", "beam_width": 2, "max_depth": 10}	latency_s	0.007073083000001645
2026-03-29T20:24:06+00:00	routing	turborepo	srt-warm	q27	{"beam_policy": "waterfill", "beam_width": 2, "max_depth": 10}	ndcg@10	0.0
2026-03-29T20:24:06+00:00	routing	turborepo	srt-warm	q27	{"beam_policy": "waterfill", "beam_width": 2, "max_depth": 10}	latency_s	0.007142417000000734
2026-03-29T20:24:06+00:00	routing	turborepo	srt-warm	q27	{"beam_policy": "uniform", "beam_width": 3, "max_depth": 3}	ndcg@10	0.0
2026-03-29T20:24:06+00:00	routing	turborepo	srt-warm	q27	{"beam_policy": "uniform", "beam_width": 3, "max_depth": 3}	latency_s	0.007668249999998267
2026-03-29T20:24:06+00:00	routing	turborepo	srt-warm	q27	{"beam_policy": "waterfill", "beam_width": 3, "max_depth": 3}	ndcg@10	0.0
2026-03-29T20:24:06+00:00	routing	turborepo	srt-warm	q27	{"beam_policy": "waterfill", "beam_width": 3, "max_depth": 3}	latency_s	0.007034957999998426
2026-03-29T20:24:06+00:00	routing	turborepo	srt-warm	q27	{"beam_policy": "uniform", "beam_width": 3, "max_depth": 5}	ndcg@10	0.0
2026-03-29T20:24:06+00:00	routing	turborepo	srt-warm	q27	{"beam_policy": "uniform", "beam_width": 3, "max_depth": 5}	latency_s	0.009013834000000998
2026-03-29T20:24:06+00:00	routing	turborepo	srt-warm	q27	{"beam_policy": "waterfill", "beam_width": 3, "max_depth": 5}	ndcg@10	0.0
2026-03-29T20:24:06+00:00	routing	turborepo	srt-warm	q27	{"beam_policy": "waterfill", "beam_width": 3, "max_depth": 5}	latency_s	0.00614054100000061
2026-03-29T20:24:06+00:00	routing	turborepo	srt-warm	q27	{"beam_policy": "uniform", "beam_width": 3, "max_depth": 7}	ndcg@10	0.0
2026-03-29T20:24:06+00:00	routing	turborepo	srt-warm	q27	{"beam_policy": "uniform", "beam_width": 3, "max_depth": 7}	latency_s	0.00717029200000141
2026-03-29T20:24:06+00:00	routing	turborepo	srt-warm	q27	{"beam_policy": "waterfill", "beam_width": 3, "max_depth": 7}	ndcg@10	0.0
2026-03-29T20:24:06+00:00	routing	turborepo	srt-warm	q27	{"beam_policy": "waterfill", "beam_width": 3, "max_depth": 7}	latency_s	0.006675749999999425
2026-03-29T20:24:06+00:00	routing	turborepo	srt-warm	q27	{"beam_policy": "uniform", "beam_width": 3, "max_depth": 10}	ndcg@10	0.0
2026-03-29T20:24:06+00:00	routing	turborepo	srt-warm	q27	{"beam_policy": "uniform", "beam_width": 3, "max_depth": 10}	latency_s	0.0064480840000022965
2026-03-29T20:24:06+00:00	routing	turborepo	srt-warm	q27	{"beam_policy": "waterfill", "beam_width": 3, "max_depth": 10}	ndcg@10	0.0
2026-03-29T20:24:06+00:00	routing	turborepo	srt-warm	q27	{"beam_policy": "waterfill", "beam_width": 3, "max_depth": 10}	latency_s	0.0073265419999977155
2026-03-29T20:24:06+00:00	routing	turborepo	srt-warm	q27	{"beam_policy": "uniform", "beam_width": 5, "max_depth": 3}	ndcg@10	0.0
2026-03-29T20:24:06+00:00	routing	turborepo	srt-warm	q27	{"beam_policy": "uniform", "beam_width": 5, "max_depth": 3}	latency_s	0.011863999999999209
2026-03-29T20:24:06+00:00	routing	turborepo	srt-warm	q27	{"beam_policy": "waterfill", "beam_width": 5, "max_depth": 3}	ndcg@10	0.0
2026-03-29T20:24:06+00:00	routing	turborepo	srt-warm	q27	{"beam_policy": "waterfill", "beam_width": 5, "max_depth": 3}	latency_s	0.007901499999999118
2026-03-29T20:24:06+00:00	routing	turborepo	srt-warm	q27	{"beam_policy": "uniform", "beam_width": 5, "max_depth": 5}	ndcg@10	0.8156907976944874
2026-03-29T20:24:06+00:00	routing	turborepo	srt-warm	q27	{"beam_policy": "uniform", "beam_width": 5, "max_depth": 5}	latency_s	0.012504500000002139
2026-03-29T20:24:06+00:00	routing	turborepo	srt-warm	q27	{"beam_policy": "waterfill", "beam_width": 5, "max_depth": 5}	ndcg@10	0.0
2026-03-29T20:24:06+00:00	routing	turborepo	srt-warm	q27	{"beam_policy": "waterfill", "beam_width": 5, "max_depth": 5}	latency_s	0.006163832999998675
2026-03-29T20:24:06+00:00	routing	turborepo	srt-warm	q27	{"beam_policy": "uniform", "beam_width": 5, "max_depth": 7}	ndcg@10	0.8156907976944874
2026-03-29T20:24:06+00:00	routing	turborepo	srt-warm	q27	{"beam_policy": "uniform", "beam_width": 5, "max_depth": 7}	latency_s	0.014228834000000745
2026-03-29T20:24:06+00:00	routing	turborepo	srt-warm	q27	{"beam_policy": "waterfill", "beam_width": 5, "max_depth": 7}	ndcg@10	0.0
2026-03-29T20:24:06+00:00	routing	turborepo	srt-warm	q27	{"beam_policy": "waterfill", "beam_width": 5, "max_depth": 7}	latency_s	0.0069118330000002
2026-03-29T20:24:06+00:00	routing	turborepo	srt-warm	q27	{"beam_policy": "uniform", "beam_width": 5, "max_depth": 10}	ndcg@10	0.8156907976944874
2026-03-29T20:24:06+00:00	routing	turborepo	srt-warm	q27	{"beam_policy": "uniform", "beam_width": 5, "max_depth": 10}	latency_s	0.01727975000000015
2026-03-29T20:24:06+00:00	routing	turborepo	srt-warm	q27	{"beam_policy": "waterfill", "beam_width": 5, "max_depth": 10}	ndcg@10	0.0
2026-03-29T20:24:06+00:00	routing	turborepo	srt-warm	q27	{"beam_policy": "waterfill", "beam_width": 5, "max_depth": 10}	latency_s	0.008979624999998492
2026-03-29T20:24:06+00:00	routing	turborepo	srt-warm	q27	{"beam_policy": "uniform", "beam_width": 7, "max_depth": 3}	ndcg@10	0.0
2026-03-29T20:24:06+00:00	routing	turborepo	srt-warm	q27	{"beam_policy": "uniform", "beam_width": 7, "max_depth": 3}	latency_s	0.010422791999999959
2026-03-29T20:24:06+00:00	routing	turborepo	srt-warm	q27	{"beam_policy": "waterfill", "beam_width": 7, "max_depth": 3}	ndcg@10	0.0
2026-03-29T20:24:06+00:00	routing	turborepo	srt-warm	q27	{"beam_policy": "waterfill", "beam_width": 7, "max_depth": 3}	latency_s	0.008540584000002127
2026-03-29T20:24:06+00:00	routing	turborepo	srt-warm	q27	{"beam_policy": "uniform", "beam_width": 7, "max_depth": 5}	ndcg@10	0.8156907976944874
2026-03-29T20:24:06+00:00	routing	turborepo	srt-warm	q27	{"beam_policy": "uniform", "beam_width": 7, "max_depth": 5}	latency_s	0.014884834000000069
2026-03-29T20:24:06+00:00	routing	turborepo	srt-warm	q27	{"beam_policy": "waterfill", "beam_width": 7, "max_depth": 5}	ndcg@10	0.8156907976944874
2026-03-29T20:24:06+00:00	routing	turborepo	srt-warm	q27	{"beam_policy": "waterfill", "beam_width": 7, "max_depth": 5}	latency_s	0.012859709000000663
2026-03-29T20:24:06+00:00	routing	turborepo	srt-warm	q27	{"beam_policy": "uniform", "beam_width": 7, "max_depth": 7}	ndcg@10	0.8156907976944874
2026-03-29T20:24:06+00:00	routing	turborepo	srt-warm	q27	{"beam_policy": "uniform", "beam_width": 7, "max_depth": 7}	latency_s	0.018209707999996994
2026-03-29T20:24:06+00:00	routing	turborepo	srt-warm	q27	{"beam_policy": "waterfill", "beam_width": 7, "max_depth": 7}	ndcg@10	0.8156907976944874
2026-03-29T20:24:06+00:00	routing	turborepo	srt-warm	q27	{"beam_policy": "waterfill", "beam_width": 7, "max_depth": 7}	latency_s	0.013075000000000614
2026-03-29T20:24:06+00:00	routing	turborepo	srt-warm	q27	{"beam_policy": "uniform", "beam_width": 7, "max_depth": 10}	ndcg@10	0.8156907976944874
2026-03-29T20:24:06+00:00	routing	turborepo	srt-warm	q27	{"beam_policy": "uniform", "beam_width": 7, "max_depth": 10}	latency_s	0.015349457999999316
2026-03-29T20:24:06+00:00	routing	turborepo	srt-warm	q27	{"beam_policy": "waterfill", "beam_width": 7, "max_depth": 10}	ndcg@10	0.8156907976944874
2026-03-29T20:24:06+00:00	routing	turborepo	srt-warm	q27	{"beam_policy": "waterfill", "beam_width": 7, "max_depth": 10}	latency_s	0.013899541000000681
2026-03-29T20:24:06+00:00	routing	turborepo	srt-warm	q27	{"beam_policy": "uniform", "beam_width": 10, "max_depth": 3}	ndcg@10	0.0
2026-03-29T20:24:06+00:00	routing	turborepo	srt-warm	q27	{"beam_policy": "uniform", "beam_width": 10, "max_depth": 3}	latency_s	0.01921391599999822
2026-03-29T20:24:06+00:00	routing	turborepo	srt-warm	q27	{"beam_policy": "waterfill", "beam_width": 10, "max_depth": 3}	ndcg@10	0.0
2026-03-29T20:24:06+00:00	routing	turborepo	srt-warm	q27	{"beam_policy": "waterfill", "beam_width": 10, "max_depth": 3}	latency_s	0.009803624999999982
2026-03-29T20:24:07+00:00	routing	turborepo	srt-warm	q27	{"beam_policy": "uniform", "beam_width": 10, "max_depth": 5}	ndcg@10	0.611677905818243
2026-03-29T20:24:07+00:00	routing	turborepo	srt-warm	q27	{"beam_policy": "uniform", "beam_width": 10, "max_depth": 5}	latency_s	0.04032066700000314
2026-03-29T20:24:07+00:00	routing	turborepo	srt-warm	q27	{"beam_policy": "waterfill", "beam_width": 10, "max_depth": 5}	ndcg@10	0.8156907976944874
2026-03-29T20:24:07+00:00	routing	turborepo	srt-warm	q27	{"beam_policy": "waterfill", "beam_width": 10, "max_depth": 5}	latency_s	0.015259667000002253
2026-03-29T20:24:07+00:00	routing	turborepo	srt-warm	q27	{"beam_policy": "uniform", "beam_width": 10, "max_depth": 7}	ndcg@10	0.611677905818243
2026-03-29T20:24:07+00:00	routing	turborepo	srt-warm	q27	{"beam_policy": "uniform", "beam_width": 10, "max_depth": 7}	latency_s	0.039799582999997085
2026-03-29T20:24:07+00:00	routing	turborepo	srt-warm	q27	{"beam_policy": "waterfill", "beam_width": 10, "max_depth": 7}	ndcg@10	0.8156907976944874
2026-03-29T20:24:07+00:00	routing	turborepo	srt-warm	q27	{"beam_policy": "waterfill", "beam_width": 10, "max_depth": 7}	latency_s	0.01615795800000086
2026-03-29T20:24:07+00:00	routing	turborepo	srt-warm	q27	{"beam_policy": "uniform", "beam_width": 10, "max_depth": 10}	ndcg@10	0.611677905818243
2026-03-29T20:24:07+00:00	routing	turborepo	srt-warm	q27	{"beam_policy": "uniform", "beam_width": 10, "max_depth": 10}	latency_s	0.03925512500000039
2026-03-29T20:24:07+00:00	routing	turborepo	srt-warm	q27	{"beam_policy": "waterfill", "beam_width": 10, "max_depth": 10}	ndcg@10	0.8156907976944874
2026-03-29T20:24:07+00:00	routing	turborepo	srt-warm	q27	{"beam_policy": "waterfill", "beam_width": 10, "max_depth": 10}	latency_s	0.015263499999999652
2026-03-29T20:24:07+00:00	routing	turborepo	srt-warm	q28	{"beam_policy": "uniform", "beam_width": 2, "max_depth": 3}	ndcg@10	0.0
2026-03-29T20:24:07+00:00	routing	turborepo	srt-warm	q28	{"beam_policy": "uniform", "beam_width": 2, "max_depth": 3}	latency_s	0.010746207999996926
2026-03-29T20:24:07+00:00	routing	turborepo	srt-warm	q28	{"beam_policy": "waterfill", "beam_width": 2, "max_depth": 3}	ndcg@10	0.0
2026-03-29T20:24:07+00:00	routing	turborepo	srt-warm	q28	{"beam_policy": "waterfill", "beam_width": 2, "max_depth": 3}	latency_s	0.009530207999997486
2026-03-29T20:24:07+00:00	routing	turborepo	srt-warm	q28	{"beam_policy": "uniform", "beam_width": 2, "max_depth": 5}	ndcg@10	0.7233087279826953
2026-03-29T20:24:07+00:00	routing	turborepo	srt-warm	q28	{"beam_policy": "uniform", "beam_width": 2, "max_depth": 5}	latency_s	0.010214582999999777
2026-03-29T20:24:07+00:00	routing	turborepo	srt-warm	q28	{"beam_policy": "waterfill", "beam_width": 2, "max_depth": 5}	ndcg@10	0.6480989094114115
2026-03-29T20:24:07+00:00	routing	turborepo	srt-warm	q28	{"beam_policy": "waterfill", "beam_width": 2, "max_depth": 5}	latency_s	0.008962042000000281
2026-03-29T20:24:07+00:00	routing	turborepo	srt-warm	q28	{"beam_policy": "uniform", "beam_width": 2, "max_depth": 7}	ndcg@10	0.7233087279826953
2026-03-29T20:24:07+00:00	routing	turborepo	srt-warm	q28	{"beam_policy": "uniform", "beam_width": 2, "max_depth": 7}	latency_s	0.010598749999999768
2026-03-29T20:24:07+00:00	routing	turborepo	srt-warm	q28	{"beam_policy": "waterfill", "beam_width": 2, "max_depth": 7}	ndcg@10	0.6480989094114115
2026-03-29T20:24:07+00:00	routing	turborepo	srt-warm	q28	{"beam_policy": "waterfill", "beam_width": 2, "max_depth": 7}	latency_s	0.008718749999999886
2026-03-29T20:24:07+00:00	routing	turborepo	srt-warm	q28	{"beam_policy": "uniform", "beam_width": 2, "max_depth": 10}	ndcg@10	0.7233087279826953
2026-03-29T20:24:07+00:00	routing	turborepo	srt-warm	q28	{"beam_policy": "uniform", "beam_width": 2, "max_depth": 10}	latency_s	0.010034999999998462
2026-03-29T20:24:07+00:00	routing	turborepo	srt-warm	q28	{"beam_policy": "waterfill", "beam_width": 2, "max_depth": 10}	ndcg@10	0.6480989094114115
2026-03-29T20:24:07+00:00	routing	turborepo	srt-warm	q28	{"beam_policy": "waterfill", "beam_width": 2, "max_depth": 10}	latency_s	0.009581167000000335
2026-03-29T20:24:07+00:00	routing	turborepo	srt-warm	q28	{"beam_policy": "uniform", "beam_width": 3, "max_depth": 3}	ndcg@10	0.0
2026-03-29T20:24:07+00:00	routing	turborepo	srt-warm	q28	{"beam_policy": "uniform", "beam_width": 3, "max_depth": 3}	latency_s	0.009256915999998228
2026-03-29T20:24:07+00:00	routing	turborepo	srt-warm	q28	{"beam_policy": "waterfill", "beam_width": 3, "max_depth": 3}	ndcg@10	0.0
2026-03-29T20:24:07+00:00	routing	turborepo	srt-warm	q28	{"beam_policy": "waterfill", "beam_width": 3, "max_depth": 3}	latency_s	0.009474167000000477
2026-03-29T20:24:07+00:00	routing	turborepo	srt-warm	q28	{"beam_policy": "uniform", "beam_width": 3, "max_depth": 5}	ndcg@10	0.7233087279826953
2026-03-29T20:24:07+00:00	routing	turborepo	srt-warm	q28	{"beam_policy": "uniform", "beam_width": 3, "max_depth": 5}	latency_s	0.016684791999999504
2026-03-29T20:24:07+00:00	routing	turborepo	srt-warm	q28	{"beam_policy": "waterfill", "beam_width": 3, "max_depth": 5}	ndcg@10	0.7233087279826953
2026-03-29T20:24:07+00:00	routing	turborepo	srt-warm	q28	{"beam_policy": "waterfill", "beam_width": 3, "max_depth": 5}	latency_s	0.012051959000000778
2026-03-29T20:24:07+00:00	routing	turborepo	srt-warm	q28	{"beam_policy": "uniform", "beam_width": 3, "max_depth": 7}	ndcg@10	0.7233087279826953
2026-03-29T20:24:07+00:00	routing	turborepo	srt-warm	q28	{"beam_policy": "uniform", "beam_width": 3, "max_depth": 7}	latency_s	0.015068374999998468
2026-03-29T20:24:07+00:00	routing	turborepo	srt-warm	q28	{"beam_policy": "waterfill", "beam_width": 3, "max_depth": 7}	ndcg@10	0.7233087279826953
2026-03-29T20:24:07+00:00	routing	turborepo	srt-warm	q28	{"beam_policy": "waterfill", "beam_width": 3, "max_depth": 7}	latency_s	0.011380541999997718
2026-03-29T20:24:07+00:00	routing	turborepo	srt-warm	q28	{"beam_policy": "uniform", "beam_width": 3, "max_depth": 10}	ndcg@10	0.7233087279826953
2026-03-29T20:24:07+00:00	routing	turborepo	srt-warm	q28	{"beam_policy": "uniform", "beam_width": 3, "max_depth": 10}	latency_s	0.01177666599999938
2026-03-29T20:24:07+00:00	routing	turborepo	srt-warm	q28	{"beam_policy": "waterfill", "beam_width": 3, "max_depth": 10}	ndcg@10	0.7233087279826953
2026-03-29T20:24:07+00:00	routing	turborepo	srt-warm	q28	{"beam_policy": "waterfill", "beam_width": 3, "max_depth": 10}	latency_s	0.008941374999999141
2026-03-29T20:24:07+00:00	routing	turborepo	srt-warm	q28	{"beam_policy": "uniform", "beam_width": 5, "max_depth": 3}	ndcg@10	0.0
2026-03-29T20:24:07+00:00	routing	turborepo	srt-warm	q28	{"beam_policy": "uniform", "beam_width": 5, "max_depth": 3}	latency_s	0.014964416000001535
2026-03-29T20:24:07+00:00	routing	turborepo	srt-warm	q28	{"beam_policy": "waterfill", "beam_width": 5, "max_depth": 3}	ndcg@10	0.0
2026-03-29T20:24:07+00:00	routing	turborepo	srt-warm	q28	{"beam_policy": "waterfill", "beam_width": 5, "max_depth": 3}	latency_s	0.008496166000000471
2026-03-29T20:24:07+00:00	routing	turborepo	srt-warm	q28	{"beam_policy": "uniform", "beam_width": 5, "max_depth": 5}	ndcg@10	0.7233087279826953
2026-03-29T20:24:07+00:00	routing	turborepo	srt-warm	q28	{"beam_policy": "uniform", "beam_width": 5, "max_depth": 5}	latency_s	0.015258457999998143
2026-03-29T20:24:07+00:00	routing	turborepo	srt-warm	q28	{"beam_policy": "waterfill", "beam_width": 5, "max_depth": 5}	ndcg@10	0.7233087279826953
2026-03-29T20:24:07+00:00	routing	turborepo	srt-warm	q28	{"beam_policy": "waterfill", "beam_width": 5, "max_depth": 5}	latency_s	0.011658917000001878
2026-03-29T20:24:07+00:00	routing	turborepo	srt-warm	q28	{"beam_policy": "uniform", "beam_width": 5, "max_depth": 7}	ndcg@10	0.7233087279826953
2026-03-29T20:24:07+00:00	routing	turborepo	srt-warm	q28	{"beam_policy": "uniform", "beam_width": 5, "max_depth": 7}	latency_s	0.013582832999997407
2026-03-29T20:24:07+00:00	routing	turborepo	srt-warm	q28	{"beam_policy": "waterfill", "beam_width": 5, "max_depth": 7}	ndcg@10	0.7233087279826953
2026-03-29T20:24:07+00:00	routing	turborepo	srt-warm	q28	{"beam_policy": "waterfill", "beam_width": 5, "max_depth": 7}	latency_s	0.013412666000000684
2026-03-29T20:24:07+00:00	routing	turborepo	srt-warm	q28	{"beam_policy": "uniform", "beam_width": 5, "max_depth": 10}	ndcg@10	0.7233087279826953
2026-03-29T20:24:07+00:00	routing	turborepo	srt-warm	q28	{"beam_policy": "uniform", "beam_width": 5, "max_depth": 10}	latency_s	0.014639458000001326
2026-03-29T20:24:07+00:00	routing	turborepo	srt-warm	q28	{"beam_policy": "waterfill", "beam_width": 5, "max_depth": 10}	ndcg@10	0.7233087279826953
2026-03-29T20:24:07+00:00	routing	turborepo	srt-warm	q28	{"beam_policy": "waterfill", "beam_width": 5, "max_depth": 10}	latency_s	0.01197437499999765
2026-03-29T20:24:07+00:00	routing	turborepo	srt-warm	q28	{"beam_policy": "uniform", "beam_width": 7, "max_depth": 3}	ndcg@10	0.0
2026-03-29T20:24:07+00:00	routing	turborepo	srt-warm	q28	{"beam_policy": "uniform", "beam_width": 7, "max_depth": 3}	latency_s	0.012401958000001656
2026-03-29T20:24:07+00:00	routing	turborepo	srt-warm	q28	{"beam_policy": "waterfill", "beam_width": 7, "max_depth": 3}	ndcg@10	0.0
2026-03-29T20:24:07+00:00	routing	turborepo	srt-warm	q28	{"beam_policy": "waterfill", "beam_width": 7, "max_depth": 3}	latency_s	0.008913709000001546
2026-03-29T20:24:07+00:00	routing	turborepo	srt-warm	q28	{"beam_policy": "uniform", "beam_width": 7, "max_depth": 5}	ndcg@10	0.7233087279826953
2026-03-29T20:24:07+00:00	routing	turborepo	srt-warm	q28	{"beam_policy": "uniform", "beam_width": 7, "max_depth": 5}	latency_s	0.01994820899999894
2026-03-29T20:24:07+00:00	routing	turborepo	srt-warm	q28	{"beam_policy": "waterfill", "beam_width": 7, "max_depth": 5}	ndcg@10	0.7233087279826953
2026-03-29T20:24:07+00:00	routing	turborepo	srt-warm	q28	{"beam_policy": "waterfill", "beam_width": 7, "max_depth": 5}	latency_s	0.01430141699999865
2026-03-29T20:24:07+00:00	routing	turborepo	srt-warm	q28	{"beam_policy": "uniform", "beam_width": 7, "max_depth": 7}	ndcg@10	0.7233087279826953
2026-03-29T20:24:07+00:00	routing	turborepo	srt-warm	q28	{"beam_policy": "uniform", "beam_width": 7, "max_depth": 7}	latency_s	0.01877608399999886
2026-03-29T20:24:07+00:00	routing	turborepo	srt-warm	q28	{"beam_policy": "waterfill", "beam_width": 7, "max_depth": 7}	ndcg@10	0.7233087279826953
2026-03-29T20:24:07+00:00	routing	turborepo	srt-warm	q28	{"beam_policy": "waterfill", "beam_width": 7, "max_depth": 7}	latency_s	0.015916749999998814
2026-03-29T20:24:07+00:00	routing	turborepo	srt-warm	q28	{"beam_policy": "uniform", "beam_width": 7, "max_depth": 10}	ndcg@10	0.7233087279826953
2026-03-29T20:24:07+00:00	routing	turborepo	srt-warm	q28	{"beam_policy": "uniform", "beam_width": 7, "max_depth": 10}	latency_s	0.018782541000000208
2026-03-29T20:24:07+00:00	routing	turborepo	srt-warm	q28	{"beam_policy": "waterfill", "beam_width": 7, "max_depth": 10}	ndcg@10	0.7233087279826953
2026-03-29T20:24:07+00:00	routing	turborepo	srt-warm	q28	{"beam_policy": "waterfill", "beam_width": 7, "max_depth": 10}	latency_s	0.014096124999998239
2026-03-29T20:24:07+00:00	routing	turborepo	srt-warm	q28	{"beam_policy": "uniform", "beam_width": 10, "max_depth": 3}	ndcg@10	0.0
2026-03-29T20:24:07+00:00	routing	turborepo	srt-warm	q28	{"beam_policy": "uniform", "beam_width": 10, "max_depth": 3}	latency_s	0.02385149999999925
2026-03-29T20:24:07+00:00	routing	turborepo	srt-warm	q28	{"beam_policy": "waterfill", "beam_width": 10, "max_depth": 3}	ndcg@10	0.0
2026-03-29T20:24:07+00:00	routing	turborepo	srt-warm	q28	{"beam_policy": "waterfill", "beam_width": 10, "max_depth": 3}	latency_s	0.013446290999997501
2026-03-29T20:24:07+00:00	routing	turborepo	srt-warm	q28	{"beam_policy": "uniform", "beam_width": 10, "max_depth": 5}	ndcg@10	0.7233087279826953
2026-03-29T20:24:07+00:00	routing	turborepo	srt-warm	q28	{"beam_policy": "uniform", "beam_width": 10, "max_depth": 5}	latency_s	0.047480540999998766
2026-03-29T20:24:07+00:00	routing	turborepo	srt-warm	q28	{"beam_policy": "waterfill", "beam_width": 10, "max_depth": 5}	ndcg@10	0.7233087279826953
2026-03-29T20:24:07+00:00	routing	turborepo	srt-warm	q28	{"beam_policy": "waterfill", "beam_width": 10, "max_depth": 5}	latency_s	0.02068695800000242
2026-03-29T20:24:07+00:00	routing	turborepo	srt-warm	q28	{"beam_policy": "uniform", "beam_width": 10, "max_depth": 7}	ndcg@10	0.6750731593565458
2026-03-29T20:24:07+00:00	routing	turborepo	srt-warm	q28	{"beam_policy": "uniform", "beam_width": 10, "max_depth": 7}	latency_s	0.057869916999997884
2026-03-29T20:24:07+00:00	routing	turborepo	srt-warm	q28	{"beam_policy": "waterfill", "beam_width": 10, "max_depth": 7}	ndcg@10	0.7233087279826953
2026-03-29T20:24:07+00:00	routing	turborepo	srt-warm	q28	{"beam_policy": "waterfill", "beam_width": 10, "max_depth": 7}	latency_s	0.020096375000001387
2026-03-29T20:24:07+00:00	routing	turborepo	srt-warm	q28	{"beam_policy": "uniform", "beam_width": 10, "max_depth": 10}	ndcg@10	0.6750731593565458
2026-03-29T20:24:07+00:00	routing	turborepo	srt-warm	q28	{"beam_policy": "uniform", "beam_width": 10, "max_depth": 10}	latency_s	0.06161924999999968
2026-03-29T20:24:07+00:00	routing	turborepo	srt-warm	q28	{"beam_policy": "waterfill", "beam_width": 10, "max_depth": 10}	ndcg@10	0.7233087279826953
2026-03-29T20:24:07+00:00	routing	turborepo	srt-warm	q28	{"beam_policy": "waterfill", "beam_width": 10, "max_depth": 10}	latency_s	0.023156332999999307
2026-03-29T20:24:07+00:00	routing	turborepo	srt-warm	q29	{"beam_policy": "uniform", "beam_width": 2, "max_depth": 3}	ndcg@10	0.0
2026-03-29T20:24:07+00:00	routing	turborepo	srt-warm	q29	{"beam_policy": "uniform", "beam_width": 2, "max_depth": 3}	latency_s	0.008942375000000169
2026-03-29T20:24:07+00:00	routing	turborepo	srt-warm	q29	{"beam_policy": "waterfill", "beam_width": 2, "max_depth": 3}	ndcg@10	0.0
2026-03-29T20:24:07+00:00	routing	turborepo	srt-warm	q29	{"beam_policy": "waterfill", "beam_width": 2, "max_depth": 3}	latency_s	0.008109165999997003
2026-03-29T20:24:07+00:00	routing	turborepo	srt-warm	q29	{"beam_policy": "uniform", "beam_width": 2, "max_depth": 5}	ndcg@10	0.5123851576001877
2026-03-29T20:24:07+00:00	routing	turborepo	srt-warm	q29	{"beam_policy": "uniform", "beam_width": 2, "max_depth": 5}	latency_s	0.011381374999999139
2026-03-29T20:24:07+00:00	routing	turborepo	srt-warm	q29	{"beam_policy": "waterfill", "beam_width": 2, "max_depth": 5}	ndcg@10	0.5353687499987742
2026-03-29T20:24:07+00:00	routing	turborepo	srt-warm	q29	{"beam_policy": "waterfill", "beam_width": 2, "max_depth": 5}	latency_s	0.009253499999999804
2026-03-29T20:24:07+00:00	routing	turborepo	srt-warm	q29	{"beam_policy": "uniform", "beam_width": 2, "max_depth": 7}	ndcg@10	0.5123851576001877
2026-03-29T20:24:07+00:00	routing	turborepo	srt-warm	q29	{"beam_policy": "uniform", "beam_width": 2, "max_depth": 7}	latency_s	0.016031584000000265
2026-03-29T20:24:07+00:00	routing	turborepo	srt-warm	q29	{"beam_policy": "waterfill", "beam_width": 2, "max_depth": 7}	ndcg@10	0.5353687499987742
2026-03-29T20:24:07+00:00	routing	turborepo	srt-warm	q29	{"beam_policy": "waterfill", "beam_width": 2, "max_depth": 7}	latency_s	0.0094535829999991
2026-03-29T20:24:07+00:00	routing	turborepo	srt-warm	q29	{"beam_policy": "uniform", "beam_width": 2, "max_depth": 10}	ndcg@10	0.5123851576001877
2026-03-29T20:24:07+00:00	routing	turborepo	srt-warm	q29	{"beam_policy": "uniform", "beam_width": 2, "max_depth": 10}	latency_s	0.012496749999996837
2026-03-29T20:24:07+00:00	routing	turborepo	srt-warm	q29	{"beam_policy": "waterfill", "beam_width": 2, "max_depth": 10}	ndcg@10	0.5353687499987742
2026-03-29T20:24:07+00:00	routing	turborepo	srt-warm	q29	{"beam_policy": "waterfill", "beam_width": 2, "max_depth": 10}	latency_s	0.009041708000001591
2026-03-29T20:24:08+00:00	routing	turborepo	srt-warm	q29	{"beam_policy": "uniform", "beam_width": 3, "max_depth": 3}	ndcg@10	0.0
2026-03-29T20:24:08+00:00	routing	turborepo	srt-warm	q29	{"beam_policy": "uniform", "beam_width": 3, "max_depth": 3}	latency_s	0.008832749999999834
2026-03-29T20:24:08+00:00	routing	turborepo	srt-warm	q29	{"beam_policy": "waterfill", "beam_width": 3, "max_depth": 3}	ndcg@10	0.0
2026-03-29T20:24:08+00:00	routing	turborepo	srt-warm	q29	{"beam_policy": "waterfill", "beam_width": 3, "max_depth": 3}	latency_s	0.009716582999999446
2026-03-29T20:24:08+00:00	routing	turborepo	srt-warm	q29	{"beam_policy": "uniform", "beam_width": 3, "max_depth": 5}	ndcg@10	0.5123851576001877
2026-03-29T20:24:08+00:00	routing	turborepo	srt-warm	q29	{"beam_policy": "uniform", "beam_width": 3, "max_depth": 5}	latency_s	0.01216858300000112
2026-03-29T20:24:08+00:00	routing	turborepo	srt-warm	q29	{"beam_policy": "waterfill", "beam_width": 3, "max_depth": 5}	ndcg@10	0.5123851576001877
2026-03-29T20:24:08+00:00	routing	turborepo	srt-warm	q29	{"beam_policy": "waterfill", "beam_width": 3, "max_depth": 5}	latency_s	0.012454957999999294
2026-03-29T20:24:08+00:00	routing	turborepo	srt-warm	q29	{"beam_policy": "uniform", "beam_width": 3, "max_depth": 7}	ndcg@10	0.5123851576001877
2026-03-29T20:24:08+00:00	routing	turborepo	srt-warm	q29	{"beam_policy": "uniform", "beam_width": 3, "max_depth": 7}	latency_s	0.012625833000001307
2026-03-29T20:24:08+00:00	routing	turborepo	srt-warm	q29	{"beam_policy": "waterfill", "beam_width": 3, "max_depth": 7}	ndcg@10	0.5123851576001877
2026-03-29T20:24:08+00:00	routing	turborepo	srt-warm	q29	{"beam_policy": "waterfill", "beam_width": 3, "max_depth": 7}	latency_s	0.011985375000001852
2026-03-29T20:24:08+00:00	routing	turborepo	srt-warm	q29	{"beam_policy": "uniform", "beam_width": 3, "max_depth": 10}	ndcg@10	0.5123851576001877
2026-03-29T20:24:08+00:00	routing	turborepo	srt-warm	q29	{"beam_policy": "uniform", "beam_width": 3, "max_depth": 10}	latency_s	0.014483499999997207
2026-03-29T20:24:08+00:00	routing	turborepo	srt-warm	q29	{"beam_policy": "waterfill", "beam_width": 3, "max_depth": 10}	ndcg@10	0.5123851576001877
2026-03-29T20:24:08+00:00	routing	turborepo	srt-warm	q29	{"beam_policy": "waterfill", "beam_width": 3, "max_depth": 10}	latency_s	0.012081292000001298
2026-03-29T20:24:08+00:00	routing	turborepo	srt-warm	q29	{"beam_policy": "uniform", "beam_width": 5, "max_depth": 3}	ndcg@10	0.0
2026-03-29T20:24:08+00:00	routing	turborepo	srt-warm	q29	{"beam_policy": "uniform", "beam_width": 5, "max_depth": 3}	latency_s	0.01232674999999972
2026-03-29T20:24:08+00:00	routing	turborepo	srt-warm	q29	{"beam_policy": "waterfill", "beam_width": 5, "max_depth": 3}	ndcg@10	0.0
2026-03-29T20:24:08+00:00	routing	turborepo	srt-warm	q29	{"beam_policy": "waterfill", "beam_width": 5, "max_depth": 3}	latency_s	0.010362374999999702
2026-03-29T20:24:08+00:00	routing	turborepo	srt-warm	q29	{"beam_policy": "uniform", "beam_width": 5, "max_depth": 5}	ndcg@10	0.5123851576001877
2026-03-29T20:24:08+00:00	routing	turborepo	srt-warm	q29	{"beam_policy": "uniform", "beam_width": 5, "max_depth": 5}	latency_s	0.016343375000001714
2026-03-29T20:24:08+00:00	routing	turborepo	srt-warm	q29	{"beam_policy": "waterfill", "beam_width": 5, "max_depth": 5}	ndcg@10	0.5123851576001877
2026-03-29T20:24:08+00:00	routing	turborepo	srt-warm	q29	{"beam_policy": "waterfill", "beam_width": 5, "max_depth": 5}	latency_s	0.012726707999998865
2026-03-29T20:24:08+00:00	routing	turborepo	srt-warm	q29	{"beam_policy": "uniform", "beam_width": 5, "max_depth": 7}	ndcg@10	0.5123851576001877
2026-03-29T20:24:08+00:00	routing	turborepo	srt-warm	q29	{"beam_policy": "uniform", "beam_width": 5, "max_depth": 7}	latency_s	0.016360917000000086
2026-03-29T20:24:08+00:00	routing	turborepo	srt-warm	q29	{"beam_policy": "waterfill", "beam_width": 5, "max_depth": 7}	ndcg@10	0.5123851576001877
2026-03-29T20:24:08+00:00	routing	turborepo	srt-warm	q29	{"beam_policy": "waterfill", "beam_width": 5, "max_depth": 7}	latency_s	0.014819625000001224
2026-03-29T20:24:08+00:00	routing	turborepo	srt-warm	q29	{"beam_policy": "uniform", "beam_width": 5, "max_depth": 10}	ndcg@10	0.5123851576001877
2026-03-29T20:24:08+00:00	routing	turborepo	srt-warm	q29	{"beam_policy": "uniform", "beam_width": 5, "max_depth": 10}	latency_s	0.015943583000002093
2026-03-29T20:24:08+00:00	routing	turborepo	srt-warm	q29	{"beam_policy": "waterfill", "beam_width": 5, "max_depth": 10}	ndcg@10	0.5123851576001877
2026-03-29T20:24:08+00:00	routing	turborepo	srt-warm	q29	{"beam_policy": "waterfill", "beam_width": 5, "max_depth": 10}	latency_s	0.013490416999999866
2026-03-29T20:24:08+00:00	routing	turborepo	srt-warm	q29	{"beam_policy": "uniform", "beam_width": 7, "max_depth": 3}	ndcg@10	0.0
2026-03-29T20:24:08+00:00	routing	turborepo	srt-warm	q29	{"beam_policy": "uniform", "beam_width": 7, "max_depth": 3}	latency_s	0.017291084000000012
2026-03-29T20:24:08+00:00	routing	turborepo	srt-warm	q29	{"beam_policy": "waterfill", "beam_width": 7, "max_depth": 3}	ndcg@10	0.0
2026-03-29T20:24:08+00:00	routing	turborepo	srt-warm	q29	{"beam_policy": "waterfill", "beam_width": 7, "max_depth": 3}	latency_s	0.015879041999998122
2026-03-29T20:24:08+00:00	routing	turborepo	srt-warm	q29	{"beam_policy": "uniform", "beam_width": 7, "max_depth": 5}	ndcg@10	0.5123851576001877
2026-03-29T20:24:08+00:00	routing	turborepo	srt-warm	q29	{"beam_policy": "uniform", "beam_width": 7, "max_depth": 5}	latency_s	0.029000041999999837
2026-03-29T20:24:08+00:00	routing	turborepo	srt-warm	q29	{"beam_policy": "waterfill", "beam_width": 7, "max_depth": 5}	ndcg@10	0.5123851576001877
2026-03-29T20:24:08+00:00	routing	turborepo	srt-warm	q29	{"beam_policy": "waterfill", "beam_width": 7, "max_depth": 5}	latency_s	0.016010375000000465
2026-03-29T20:24:08+00:00	routing	turborepo	srt-warm	q29	{"beam_policy": "uniform", "beam_width": 7, "max_depth": 7}	ndcg@10	0.5123851576001877
2026-03-29T20:24:08+00:00	routing	turborepo	srt-warm	q29	{"beam_policy": "uniform", "beam_width": 7, "max_depth": 7}	latency_s	0.03315041600000157
2026-03-29T20:24:08+00:00	routing	turborepo	srt-warm	q29	{"beam_policy": "waterfill", "beam_width": 7, "max_depth": 7}	ndcg@10	0.5123851576001877
2026-03-29T20:24:08+00:00	routing	turborepo	srt-warm	q29	{"beam_policy": "waterfill", "beam_width": 7, "max_depth": 7}	latency_s	0.01638362500000312
2026-03-29T20:24:08+00:00	routing	turborepo	srt-warm	q29	{"beam_policy": "uniform", "beam_width": 7, "max_depth": 10}	ndcg@10	0.5123851576001877
2026-03-29T20:24:08+00:00	routing	turborepo	srt-warm	q29	{"beam_policy": "uniform", "beam_width": 7, "max_depth": 10}	latency_s	0.03238179199999891
2026-03-29T20:24:08+00:00	routing	turborepo	srt-warm	q29	{"beam_policy": "waterfill", "beam_width": 7, "max_depth": 10}	ndcg@10	0.5123851576001877
2026-03-29T20:24:08+00:00	routing	turborepo	srt-warm	q29	{"beam_policy": "waterfill", "beam_width": 7, "max_depth": 10}	latency_s	0.016017957999999055
2026-03-29T20:24:08+00:00	routing	turborepo	srt-warm	q29	{"beam_policy": "uniform", "beam_width": 10, "max_depth": 3}	ndcg@10	0.0
2026-03-29T20:24:08+00:00	routing	turborepo	srt-warm	q29	{"beam_policy": "uniform", "beam_width": 10, "max_depth": 3}	latency_s	0.020584333000002175
2026-03-29T20:24:08+00:00	routing	turborepo	srt-warm	q29	{"beam_policy": "waterfill", "beam_width": 10, "max_depth": 3}	ndcg@10	0.0
2026-03-29T20:24:08+00:00	routing	turborepo	srt-warm	q29	{"beam_policy": "waterfill", "beam_width": 10, "max_depth": 3}	latency_s	0.01595324999999903
2026-03-29T20:24:08+00:00	routing	turborepo	srt-warm	q29	{"beam_policy": "uniform", "beam_width": 10, "max_depth": 5}	ndcg@10	0.5123851576001877
2026-03-29T20:24:08+00:00	routing	turborepo	srt-warm	q29	{"beam_policy": "uniform", "beam_width": 10, "max_depth": 5}	latency_s	0.04762554200000224
2026-03-29T20:24:08+00:00	routing	turborepo	srt-warm	q29	{"beam_policy": "waterfill", "beam_width": 10, "max_depth": 5}	ndcg@10	0.5123851576001877
2026-03-29T20:24:08+00:00	routing	turborepo	srt-warm	q29	{"beam_policy": "waterfill", "beam_width": 10, "max_depth": 5}	latency_s	0.029880500000000865
2026-03-29T20:24:08+00:00	routing	turborepo	srt-warm	q29	{"beam_policy": "uniform", "beam_width": 10, "max_depth": 7}	ndcg@10	0.484316593180511
2026-03-29T20:24:08+00:00	routing	turborepo	srt-warm	q29	{"beam_policy": "uniform", "beam_width": 10, "max_depth": 7}	latency_s	0.058223458000000505
2026-03-29T20:24:08+00:00	routing	turborepo	srt-warm	q29	{"beam_policy": "waterfill", "beam_width": 10, "max_depth": 7}	ndcg@10	0.5123851576001877
2026-03-29T20:24:08+00:00	routing	turborepo	srt-warm	q29	{"beam_policy": "waterfill", "beam_width": 10, "max_depth": 7}	latency_s	0.03138966699999912
2026-03-29T20:24:08+00:00	routing	turborepo	srt-warm	q29	{"beam_policy": "uniform", "beam_width": 10, "max_depth": 10}	ndcg@10	0.484316593180511
2026-03-29T20:24:08+00:00	routing	turborepo	srt-warm	q29	{"beam_policy": "uniform", "beam_width": 10, "max_depth": 10}	latency_s	0.059299833000000746
2026-03-29T20:24:08+00:00	routing	turborepo	srt-warm	q29	{"beam_policy": "waterfill", "beam_width": 10, "max_depth": 10}	ndcg@10	0.5123851576001877
2026-03-29T20:24:08+00:00	routing	turborepo	srt-warm	q29	{"beam_policy": "waterfill", "beam_width": 10, "max_depth": 10}	latency_s	0.03035020799999799
2026-03-29T20:24:08+00:00	routing	turborepo	srt-warm	q30	{"beam_policy": "uniform", "beam_width": 2, "max_depth": 3}	ndcg@10	0.0
2026-03-29T20:24:08+00:00	routing	turborepo	srt-warm	q30	{"beam_policy": "uniform", "beam_width": 2, "max_depth": 3}	latency_s	0.010094249999998084
2026-03-29T20:24:08+00:00	routing	turborepo	srt-warm	q30	{"beam_policy": "waterfill", "beam_width": 2, "max_depth": 3}	ndcg@10	0.0
2026-03-29T20:24:08+00:00	routing	turborepo	srt-warm	q30	{"beam_policy": "waterfill", "beam_width": 2, "max_depth": 3}	latency_s	0.009031624999998655
2026-03-29T20:24:08+00:00	routing	turborepo	srt-warm	q30	{"beam_policy": "uniform", "beam_width": 2, "max_depth": 5}	ndcg@10	0.6128984789428379
2026-03-29T20:24:08+00:00	routing	turborepo	srt-warm	q30	{"beam_policy": "uniform", "beam_width": 2, "max_depth": 5}	latency_s	0.010514832999998447
2026-03-29T20:24:08+00:00	routing	turborepo	srt-warm	q30	{"beam_policy": "waterfill", "beam_width": 2, "max_depth": 5}	ndcg@10	0.0
2026-03-29T20:24:08+00:00	routing	turborepo	srt-warm	q30	{"beam_policy": "waterfill", "beam_width": 2, "max_depth": 5}	latency_s	0.00950762500000124
2026-03-29T20:24:08+00:00	routing	turborepo	srt-warm	q30	{"beam_policy": "uniform", "beam_width": 2, "max_depth": 7}	ndcg@10	0.6128984789428379
2026-03-29T20:24:08+00:00	routing	turborepo	srt-warm	q30	{"beam_policy": "uniform", "beam_width": 2, "max_depth": 7}	latency_s	0.009245291999999239
2026-03-29T20:24:08+00:00	routing	turborepo	srt-warm	q30	{"beam_policy": "waterfill", "beam_width": 2, "max_depth": 7}	ndcg@10	0.0
2026-03-29T20:24:08+00:00	routing	turborepo	srt-warm	q30	{"beam_policy": "waterfill", "beam_width": 2, "max_depth": 7}	latency_s	0.008519874999997512
2026-03-29T20:24:08+00:00	routing	turborepo	srt-warm	q30	{"beam_policy": "uniform", "beam_width": 2, "max_depth": 10}	ndcg@10	0.6128984789428379
2026-03-29T20:24:08+00:00	routing	turborepo	srt-warm	q30	{"beam_policy": "uniform", "beam_width": 2, "max_depth": 10}	latency_s	0.010983416999998497
2026-03-29T20:24:08+00:00	routing	turborepo	srt-warm	q30	{"beam_policy": "waterfill", "beam_width": 2, "max_depth": 10}	ndcg@10	0.0
2026-03-29T20:24:08+00:00	routing	turborepo	srt-warm	q30	{"beam_policy": "waterfill", "beam_width": 2, "max_depth": 10}	latency_s	0.008262167000001597
2026-03-29T20:24:08+00:00	routing	turborepo	srt-warm	q30	{"beam_policy": "uniform", "beam_width": 3, "max_depth": 3}	ndcg@10	0.0
2026-03-29T20:24:08+00:00	routing	turborepo	srt-warm	q30	{"beam_policy": "uniform", "beam_width": 3, "max_depth": 3}	latency_s	0.010841291999998504
2026-03-29T20:24:08+00:00	routing	turborepo	srt-warm	q30	{"beam_policy": "waterfill", "beam_width": 3, "max_depth": 3}	ndcg@10	0.0
2026-03-29T20:24:08+00:00	routing	turborepo	srt-warm	q30	{"beam_policy": "waterfill", "beam_width": 3, "max_depth": 3}	latency_s	0.009232959000001983
2026-03-29T20:24:08+00:00	routing	turborepo	srt-warm	q30	{"beam_policy": "uniform", "beam_width": 3, "max_depth": 5}	ndcg@10	0.6128984789428379
2026-03-29T20:24:08+00:00	routing	turborepo	srt-warm	q30	{"beam_policy": "uniform", "beam_width": 3, "max_depth": 5}	latency_s	0.012867624999998384
2026-03-29T20:24:08+00:00	routing	turborepo	srt-warm	q30	{"beam_policy": "waterfill", "beam_width": 3, "max_depth": 5}	ndcg@10	0.6128984789428379
2026-03-29T20:24:08+00:00	routing	turborepo	srt-warm	q30	{"beam_policy": "waterfill", "beam_width": 3, "max_depth": 5}	latency_s	0.009141332999998752
2026-03-29T20:24:08+00:00	routing	turborepo	srt-warm	q30	{"beam_policy": "uniform", "beam_width": 3, "max_depth": 7}	ndcg@10	0.6128984789428379
2026-03-29T20:24:08+00:00	routing	turborepo	srt-warm	q30	{"beam_policy": "uniform", "beam_width": 3, "max_depth": 7}	latency_s	0.009303792000000755
2026-03-29T20:24:08+00:00	routing	turborepo	srt-warm	q30	{"beam_policy": "waterfill", "beam_width": 3, "max_depth": 7}	ndcg@10	0.6128984789428379
2026-03-29T20:24:08+00:00	routing	turborepo	srt-warm	q30	{"beam_policy": "waterfill", "beam_width": 3, "max_depth": 7}	latency_s	0.009602000000000999
2026-03-29T20:24:08+00:00	routing	turborepo	srt-warm	q30	{"beam_policy": "uniform", "beam_width": 3, "max_depth": 10}	ndcg@10	0.6128984789428379
2026-03-29T20:24:08+00:00	routing	turborepo	srt-warm	q30	{"beam_policy": "uniform", "beam_width": 3, "max_depth": 10}	latency_s	0.01053475000000148
2026-03-29T20:24:08+00:00	routing	turborepo	srt-warm	q30	{"beam_policy": "waterfill", "beam_width": 3, "max_depth": 10}	ndcg@10	0.6128984789428379
2026-03-29T20:24:08+00:00	routing	turborepo	srt-warm	q30	{"beam_policy": "waterfill", "beam_width": 3, "max_depth": 10}	latency_s	0.009318042000000304
2026-03-29T20:24:08+00:00	routing	turborepo	srt-warm	q30	{"beam_policy": "uniform", "beam_width": 5, "max_depth": 3}	ndcg@10	0.0
2026-03-29T20:24:08+00:00	routing	turborepo	srt-warm	q30	{"beam_policy": "uniform", "beam_width": 5, "max_depth": 3}	latency_s	0.009948957999998953
2026-03-29T20:24:08+00:00	routing	turborepo	srt-warm	q30	{"beam_policy": "waterfill", "beam_width": 5, "max_depth": 3}	ndcg@10	0.0
2026-03-29T20:24:08+00:00	routing	turborepo	srt-warm	q30	{"beam_policy": "waterfill", "beam_width": 5, "max_depth": 3}	latency_s	0.009402582999999964
2026-03-29T20:24:08+00:00	routing	turborepo	srt-warm	q30	{"beam_policy": "uniform", "beam_width": 5, "max_depth": 5}	ndcg@10	0.6128984789428379
2026-03-29T20:24:08+00:00	routing	turborepo	srt-warm	q30	{"beam_policy": "uniform", "beam_width": 5, "max_depth": 5}	latency_s	0.02119325000000316
2026-03-29T20:24:08+00:00	routing	turborepo	srt-warm	q30	{"beam_policy": "waterfill", "beam_width": 5, "max_depth": 5}	ndcg@10	0.6128984789428379
2026-03-29T20:24:08+00:00	routing	turborepo	srt-warm	q30	{"beam_policy": "waterfill", "beam_width": 5, "max_depth": 5}	latency_s	0.01279620800000103
2026-03-29T20:24:09+00:00	routing	turborepo	srt-warm	q30	{"beam_policy": "uniform", "beam_width": 5, "max_depth": 7}	ndcg@10	0.6128984789428379
2026-03-29T20:24:09+00:00	routing	turborepo	srt-warm	q30	{"beam_policy": "uniform", "beam_width": 5, "max_depth": 7}	latency_s	0.028767541999997093
2026-03-29T20:24:09+00:00	routing	turborepo	srt-warm	q30	{"beam_policy": "waterfill", "beam_width": 5, "max_depth": 7}	ndcg@10	0.6128984789428379
2026-03-29T20:24:09+00:00	routing	turborepo	srt-warm	q30	{"beam_policy": "waterfill", "beam_width": 5, "max_depth": 7}	latency_s	0.012618250000002718
2026-03-29T20:24:09+00:00	routing	turborepo	srt-warm	q30	{"beam_policy": "uniform", "beam_width": 5, "max_depth": 10}	ndcg@10	0.6128984789428379
2026-03-29T20:24:09+00:00	routing	turborepo	srt-warm	q30	{"beam_policy": "uniform", "beam_width": 5, "max_depth": 10}	latency_s	0.029242415999998883
2026-03-29T20:24:09+00:00	routing	turborepo	srt-warm	q30	{"beam_policy": "waterfill", "beam_width": 5, "max_depth": 10}	ndcg@10	0.6128984789428379
2026-03-29T20:24:09+00:00	routing	turborepo	srt-warm	q30	{"beam_policy": "waterfill", "beam_width": 5, "max_depth": 10}	latency_s	0.014336458999999024
2026-03-29T20:24:09+00:00	routing	turborepo	srt-warm	q30	{"beam_policy": "uniform", "beam_width": 7, "max_depth": 3}	ndcg@10	0.0
2026-03-29T20:24:09+00:00	routing	turborepo	srt-warm	q30	{"beam_policy": "uniform", "beam_width": 7, "max_depth": 3}	latency_s	0.014105624999999122
2026-03-29T20:24:09+00:00	routing	turborepo	srt-warm	q30	{"beam_policy": "waterfill", "beam_width": 7, "max_depth": 3}	ndcg@10	0.0
2026-03-29T20:24:09+00:00	routing	turborepo	srt-warm	q30	{"beam_policy": "waterfill", "beam_width": 7, "max_depth": 3}	latency_s	0.01050995900000018
2026-03-29T20:24:09+00:00	routing	turborepo	srt-warm	q30	{"beam_policy": "uniform", "beam_width": 7, "max_depth": 5}	ndcg@10	0.6128984789428379
2026-03-29T20:24:09+00:00	routing	turborepo	srt-warm	q30	{"beam_policy": "uniform", "beam_width": 7, "max_depth": 5}	latency_s	0.029216500000000423
2026-03-29T20:24:09+00:00	routing	turborepo	srt-warm	q30	{"beam_policy": "waterfill", "beam_width": 7, "max_depth": 5}	ndcg@10	0.6128984789428379
2026-03-29T20:24:09+00:00	routing	turborepo	srt-warm	q30	{"beam_policy": "waterfill", "beam_width": 7, "max_depth": 5}	latency_s	0.0213951659999978
2026-03-29T20:24:09+00:00	routing	turborepo	srt-warm	q30	{"beam_policy": "uniform", "beam_width": 7, "max_depth": 7}	ndcg@10	0.6128984789428379
2026-03-29T20:24:09+00:00	routing	turborepo	srt-warm	q30	{"beam_policy": "uniform", "beam_width": 7, "max_depth": 7}	latency_s	0.03786754100000067
2026-03-29T20:24:09+00:00	routing	turborepo	srt-warm	q30	{"beam_policy": "waterfill", "beam_width": 7, "max_depth": 7}	ndcg@10	0.6128984789428379
2026-03-29T20:24:09+00:00	routing	turborepo	srt-warm	q30	{"beam_policy": "waterfill", "beam_width": 7, "max_depth": 7}	latency_s	0.03174391599999993
2026-03-29T20:24:09+00:00	routing	turborepo	srt-warm	q30	{"beam_policy": "uniform", "beam_width": 7, "max_depth": 10}	ndcg@10	0.6128984789428379
2026-03-29T20:24:09+00:00	routing	turborepo	srt-warm	q30	{"beam_policy": "uniform", "beam_width": 7, "max_depth": 10}	latency_s	0.03877358299999756
2026-03-29T20:24:09+00:00	routing	turborepo	srt-warm	q30	{"beam_policy": "waterfill", "beam_width": 7, "max_depth": 10}	ndcg@10	0.6128984789428379
2026-03-29T20:24:09+00:00	routing	turborepo	srt-warm	q30	{"beam_policy": "waterfill", "beam_width": 7, "max_depth": 10}	latency_s	0.030724083999999152
2026-03-29T20:24:09+00:00	routing	turborepo	srt-warm	q30	{"beam_policy": "uniform", "beam_width": 10, "max_depth": 3}	ndcg@10	0.0
2026-03-29T20:24:09+00:00	routing	turborepo	srt-warm	q30	{"beam_policy": "uniform", "beam_width": 10, "max_depth": 3}	latency_s	0.02008512500000137
2026-03-29T20:24:09+00:00	routing	turborepo	srt-warm	q30	{"beam_policy": "waterfill", "beam_width": 10, "max_depth": 3}	ndcg@10	0.0
2026-03-29T20:24:09+00:00	routing	turborepo	srt-warm	q30	{"beam_policy": "waterfill", "beam_width": 10, "max_depth": 3}	latency_s	0.018283207999999718
2026-03-29T20:24:09+00:00	routing	turborepo	srt-warm	q30	{"beam_policy": "uniform", "beam_width": 10, "max_depth": 5}	ndcg@10	0.6128984789428379
2026-03-29T20:24:09+00:00	routing	turborepo	srt-warm	q30	{"beam_policy": "uniform", "beam_width": 10, "max_depth": 5}	latency_s	0.0499123329999982
2026-03-29T20:24:09+00:00	routing	turborepo	srt-warm	q30	{"beam_policy": "waterfill", "beam_width": 10, "max_depth": 5}	ndcg@10	0.6128984789428379
2026-03-29T20:24:09+00:00	routing	turborepo	srt-warm	q30	{"beam_policy": "waterfill", "beam_width": 10, "max_depth": 5}	latency_s	0.027298916999999534
2026-03-29T20:24:09+00:00	routing	turborepo	srt-warm	q30	{"beam_policy": "uniform", "beam_width": 10, "max_depth": 7}	ndcg@10	0.6128984789428379
2026-03-29T20:24:09+00:00	routing	turborepo	srt-warm	q30	{"beam_policy": "uniform", "beam_width": 10, "max_depth": 7}	latency_s	0.06640758300000016
2026-03-29T20:24:09+00:00	routing	turborepo	srt-warm	q30	{"beam_policy": "waterfill", "beam_width": 10, "max_depth": 7}	ndcg@10	0.6128984789428379
2026-03-29T20:24:09+00:00	routing	turborepo	srt-warm	q30	{"beam_policy": "waterfill", "beam_width": 10, "max_depth": 7}	latency_s	0.04563454100000186
2026-03-29T20:24:09+00:00	routing	turborepo	srt-warm	q30	{"beam_policy": "uniform", "beam_width": 10, "max_depth": 10}	ndcg@10	0.6128984789428379
2026-03-29T20:24:09+00:00	routing	turborepo	srt-warm	q30	{"beam_policy": "uniform", "beam_width": 10, "max_depth": 10}	latency_s	0.07656479199999922
2026-03-29T20:24:09+00:00	routing	turborepo	srt-warm	q30	{"beam_policy": "waterfill", "beam_width": 10, "max_depth": 10}	ndcg@10	0.6128984789428379
2026-03-29T20:24:09+00:00	routing	turborepo	srt-warm	q30	{"beam_policy": "waterfill", "beam_width": 10, "max_depth": 10}	latency_s	0.03673216600000018
2026-03-29T20:24:09+00:00	routing	turborepo	srt-warm	q31	{"beam_policy": "uniform", "beam_width": 2, "max_depth": 3}	ndcg@10	0.0
2026-03-29T20:24:09+00:00	routing	turborepo	srt-warm	q31	{"beam_policy": "uniform", "beam_width": 2, "max_depth": 3}	latency_s	0.009149250000000109
2026-03-29T20:24:09+00:00	routing	turborepo	srt-warm	q31	{"beam_policy": "waterfill", "beam_width": 2, "max_depth": 3}	ndcg@10	0.0
2026-03-29T20:24:09+00:00	routing	turborepo	srt-warm	q31	{"beam_policy": "waterfill", "beam_width": 2, "max_depth": 3}	latency_s	0.007605749999999745
2026-03-29T20:24:09+00:00	routing	turborepo	srt-warm	q31	{"beam_policy": "uniform", "beam_width": 2, "max_depth": 5}	ndcg@10	0.8664131786872701
2026-03-29T20:24:09+00:00	routing	turborepo	srt-warm	q31	{"beam_policy": "uniform", "beam_width": 2, "max_depth": 5}	latency_s	0.009514791999997385
2026-03-29T20:24:09+00:00	routing	turborepo	srt-warm	q31	{"beam_policy": "waterfill", "beam_width": 2, "max_depth": 5}	ndcg@10	0.8916928073294381
2026-03-29T20:24:09+00:00	routing	turborepo	srt-warm	q31	{"beam_policy": "waterfill", "beam_width": 2, "max_depth": 5}	latency_s	0.008238500000000926
2026-03-29T20:24:09+00:00	routing	turborepo	srt-warm	q31	{"beam_policy": "uniform", "beam_width": 2, "max_depth": 7}	ndcg@10	0.8664131786872701
2026-03-29T20:24:09+00:00	routing	turborepo	srt-warm	q31	{"beam_policy": "uniform", "beam_width": 2, "max_depth": 7}	latency_s	0.00942954200000301
2026-03-29T20:24:09+00:00	routing	turborepo	srt-warm	q31	{"beam_policy": "waterfill", "beam_width": 2, "max_depth": 7}	ndcg@10	0.8916928073294381
2026-03-29T20:24:09+00:00	routing	turborepo	srt-warm	q31	{"beam_policy": "waterfill", "beam_width": 2, "max_depth": 7}	latency_s	0.010020499999999544
2026-03-29T20:24:09+00:00	routing	turborepo	srt-warm	q31	{"beam_policy": "uniform", "beam_width": 2, "max_depth": 10}	ndcg@10	0.8664131786872701
2026-03-29T20:24:09+00:00	routing	turborepo	srt-warm	q31	{"beam_policy": "uniform", "beam_width": 2, "max_depth": 10}	latency_s	0.010395208000002043
2026-03-29T20:24:09+00:00	routing	turborepo	srt-warm	q31	{"beam_policy": "waterfill", "beam_width": 2, "max_depth": 10}	ndcg@10	0.8916928073294381
2026-03-29T20:24:09+00:00	routing	turborepo	srt-warm	q31	{"beam_policy": "waterfill", "beam_width": 2, "max_depth": 10}	latency_s	0.00870700000000113
2026-03-29T20:24:09+00:00	routing	turborepo	srt-warm	q31	{"beam_policy": "uniform", "beam_width": 3, "max_depth": 3}	ndcg@10	0.0
2026-03-29T20:24:09+00:00	routing	turborepo	srt-warm	q31	{"beam_policy": "uniform", "beam_width": 3, "max_depth": 3}	latency_s	0.009737333000000348
2026-03-29T20:24:09+00:00	routing	turborepo	srt-warm	q31	{"beam_policy": "waterfill", "beam_width": 3, "max_depth": 3}	ndcg@10	0.0
2026-03-29T20:24:09+00:00	routing	turborepo	srt-warm	q31	{"beam_policy": "waterfill", "beam_width": 3, "max_depth": 3}	latency_s	0.0075600830000013275
2026-03-29T20:24:09+00:00	routing	turborepo	srt-warm	q31	{"beam_policy": "uniform", "beam_width": 3, "max_depth": 5}	ndcg@10	0.8664131786872701
2026-03-29T20:24:09+00:00	routing	turborepo	srt-warm	q31	{"beam_policy": "uniform", "beam_width": 3, "max_depth": 5}	latency_s	0.010867208000000517
2026-03-29T20:24:09+00:00	routing	turborepo	srt-warm	q31	{"beam_policy": "waterfill", "beam_width": 3, "max_depth": 5}	ndcg@10	0.8664131786872701
2026-03-29T20:24:09+00:00	routing	turborepo	srt-warm	q31	{"beam_policy": "waterfill", "beam_width": 3, "max_depth": 5}	latency_s	0.011741166000000192
2026-03-29T20:24:09+00:00	routing	turborepo	srt-warm	q31	{"beam_policy": "uniform", "beam_width": 3, "max_depth": 7}	ndcg@10	0.8664131786872701
2026-03-29T20:24:09+00:00	routing	turborepo	srt-warm	q31	{"beam_policy": "uniform", "beam_width": 3, "max_depth": 7}	latency_s	0.010699249999998273
2026-03-29T20:24:09+00:00	routing	turborepo	srt-warm	q31	{"beam_policy": "waterfill", "beam_width": 3, "max_depth": 7}	ndcg@10	0.8664131786872701
2026-03-29T20:24:09+00:00	routing	turborepo	srt-warm	q31	{"beam_policy": "waterfill", "beam_width": 3, "max_depth": 7}	latency_s	0.009438875000000735
2026-03-29T20:24:09+00:00	routing	turborepo	srt-warm	q31	{"beam_policy": "uniform", "beam_width": 3, "max_depth": 10}	ndcg@10	0.8664131786872701
2026-03-29T20:24:09+00:00	routing	turborepo	srt-warm	q31	{"beam_policy": "uniform", "beam_width": 3, "max_depth": 10}	latency_s	0.012391250000000298
2026-03-29T20:24:09+00:00	routing	turborepo	srt-warm	q31	{"beam_policy": "waterfill", "beam_width": 3, "max_depth": 10}	ndcg@10	0.8664131786872701
2026-03-29T20:24:09+00:00	routing	turborepo	srt-warm	q31	{"beam_policy": "waterfill", "beam_width": 3, "max_depth": 10}	latency_s	0.010328209000000754
2026-03-29T20:24:09+00:00	routing	turborepo	srt-warm	q31	{"beam_policy": "uniform", "beam_width": 5, "max_depth": 3}	ndcg@10	0.0
2026-03-29T20:24:09+00:00	routing	turborepo	srt-warm	q31	{"beam_policy": "uniform", "beam_width": 5, "max_depth": 3}	latency_s	0.008973541999999668
2026-03-29T20:24:09+00:00	routing	turborepo	srt-warm	q31	{"beam_policy": "waterfill", "beam_width": 5, "max_depth": 3}	ndcg@10	0.0
2026-03-29T20:24:09+00:00	routing	turborepo	srt-warm	q31	{"beam_policy": "waterfill", "beam_width": 5, "max_depth": 3}	latency_s	0.00821629200000018
2026-03-29T20:24:09+00:00	routing	turborepo	srt-warm	q31	{"beam_policy": "uniform", "beam_width": 5, "max_depth": 5}	ndcg@10	0.8330455790016374
2026-03-29T20:24:09+00:00	routing	turborepo	srt-warm	q31	{"beam_policy": "uniform", "beam_width": 5, "max_depth": 5}	latency_s	0.01758216700000048
2026-03-29T20:24:09+00:00	routing	turborepo	srt-warm	q31	{"beam_policy": "waterfill", "beam_width": 5, "max_depth": 5}	ndcg@10	0.8330455790016374
2026-03-29T20:24:09+00:00	routing	turborepo	srt-warm	q31	{"beam_policy": "waterfill", "beam_width": 5, "max_depth": 5}	latency_s	0.013204125000001454
2026-03-29T20:24:09+00:00	routing	turborepo	srt-warm	q31	{"beam_policy": "uniform", "beam_width": 5, "max_depth": 7}	ndcg@10	0.8317068355309298
2026-03-29T20:24:09+00:00	routing	turborepo	srt-warm	q31	{"beam_policy": "uniform", "beam_width": 5, "max_depth": 7}	latency_s	0.016555374999999373
2026-03-29T20:24:09+00:00	routing	turborepo	srt-warm	q31	{"beam_policy": "waterfill", "beam_width": 5, "max_depth": 7}	ndcg@10	0.8317068355309298
2026-03-29T20:24:09+00:00	routing	turborepo	srt-warm	q31	{"beam_policy": "waterfill", "beam_width": 5, "max_depth": 7}	latency_s	0.013384375000001114
2026-03-29T20:24:09+00:00	routing	turborepo	srt-warm	q31	{"beam_policy": "uniform", "beam_width": 5, "max_depth": 10}	ndcg@10	0.8317068355309298
2026-03-29T20:24:09+00:00	routing	turborepo	srt-warm	q31	{"beam_policy": "uniform", "beam_width": 5, "max_depth": 10}	latency_s	0.016756416999999857
2026-03-29T20:24:10+00:00	routing	turborepo	srt-warm	q31	{"beam_policy": "waterfill", "beam_width": 5, "max_depth": 10}	ndcg@10	0.8317068355309298
2026-03-29T20:24:10+00:00	routing	turborepo	srt-warm	q31	{"beam_policy": "waterfill", "beam_width": 5, "max_depth": 10}	latency_s	0.012206333999998265
2026-03-29T20:24:10+00:00	routing	turborepo	srt-warm	q31	{"beam_policy": "uniform", "beam_width": 7, "max_depth": 3}	ndcg@10	0.0
2026-03-29T20:24:10+00:00	routing	turborepo	srt-warm	q31	{"beam_policy": "uniform", "beam_width": 7, "max_depth": 3}	latency_s	0.016350499999997936
2026-03-29T20:24:10+00:00	routing	turborepo	srt-warm	q31	{"beam_policy": "waterfill", "beam_width": 7, "max_depth": 3}	ndcg@10	0.0
2026-03-29T20:24:10+00:00	routing	turborepo	srt-warm	q31	{"beam_policy": "waterfill", "beam_width": 7, "max_depth": 3}	latency_s	0.01954950000000011
2026-03-29T20:24:10+00:00	routing	turborepo	srt-warm	q31	{"beam_policy": "uniform", "beam_width": 7, "max_depth": 5}	ndcg@10	0.8330455790016374
2026-03-29T20:24:10+00:00	routing	turborepo	srt-warm	q31	{"beam_policy": "uniform", "beam_width": 7, "max_depth": 5}	latency_s	0.0371832079999983
2026-03-29T20:24:10+00:00	routing	turborepo	srt-warm	q31	{"beam_policy": "waterfill", "beam_width": 7, "max_depth": 5}	ndcg@10	0.8330455790016374
2026-03-29T20:24:10+00:00	routing	turborepo	srt-warm	q31	{"beam_policy": "waterfill", "beam_width": 7, "max_depth": 5}	latency_s	0.01907074999999736
2026-03-29T20:24:10+00:00	routing	turborepo	srt-warm	q31	{"beam_policy": "uniform", "beam_width": 7, "max_depth": 7}	ndcg@10	0.818629032254239
2026-03-29T20:24:10+00:00	routing	turborepo	srt-warm	q31	{"beam_policy": "uniform", "beam_width": 7, "max_depth": 7}	latency_s	0.045987042000000145
2026-03-29T20:24:10+00:00	routing	turborepo	srt-warm	q31	{"beam_policy": "waterfill", "beam_width": 7, "max_depth": 7}	ndcg@10	0.8317068355309298
2026-03-29T20:24:10+00:00	routing	turborepo	srt-warm	q31	{"beam_policy": "waterfill", "beam_width": 7, "max_depth": 7}	latency_s	0.01721658299999973
2026-03-29T20:24:10+00:00	routing	turborepo	srt-warm	q31	{"beam_policy": "uniform", "beam_width": 7, "max_depth": 10}	ndcg@10	0.818629032254239
2026-03-29T20:24:10+00:00	routing	turborepo	srt-warm	q31	{"beam_policy": "uniform", "beam_width": 7, "max_depth": 10}	latency_s	0.046806290999999334
2026-03-29T20:24:10+00:00	routing	turborepo	srt-warm	q31	{"beam_policy": "waterfill", "beam_width": 7, "max_depth": 10}	ndcg@10	0.8317068355309298
2026-03-29T20:24:10+00:00	routing	turborepo	srt-warm	q31	{"beam_policy": "waterfill", "beam_width": 7, "max_depth": 10}	latency_s	0.023362584000000908
2026-03-29T20:24:10+00:00	routing	turborepo	srt-warm	q31	{"beam_policy": "uniform", "beam_width": 10, "max_depth": 3}	ndcg@10	0.0
2026-03-29T20:24:10+00:00	routing	turborepo	srt-warm	q31	{"beam_policy": "uniform", "beam_width": 10, "max_depth": 3}	latency_s	0.02234954200000061
2026-03-29T20:24:10+00:00	routing	turborepo	srt-warm	q31	{"beam_policy": "waterfill", "beam_width": 10, "max_depth": 3}	ndcg@10	0.0
2026-03-29T20:24:10+00:00	routing	turborepo	srt-warm	q31	{"beam_policy": "waterfill", "beam_width": 10, "max_depth": 3}	latency_s	0.01586583299999944
2026-03-29T20:24:10+00:00	routing	turborepo	srt-warm	q31	{"beam_policy": "uniform", "beam_width": 10, "max_depth": 5}	ndcg@10	0.8330455790016374
2026-03-29T20:24:10+00:00	routing	turborepo	srt-warm	q31	{"beam_policy": "uniform", "beam_width": 10, "max_depth": 5}	latency_s	0.05280654099999893
2026-03-29T20:24:10+00:00	routing	turborepo	srt-warm	q31	{"beam_policy": "waterfill", "beam_width": 10, "max_depth": 5}	ndcg@10	0.8330455790016374
2026-03-29T20:24:10+00:00	routing	turborepo	srt-warm	q31	{"beam_policy": "waterfill", "beam_width": 10, "max_depth": 5}	latency_s	0.033624874999997445
2026-03-29T20:24:10+00:00	routing	turborepo	srt-warm	q31	{"beam_policy": "uniform", "beam_width": 10, "max_depth": 7}	ndcg@10	0.818629032254239
2026-03-29T20:24:10+00:00	routing	turborepo	srt-warm	q31	{"beam_policy": "uniform", "beam_width": 10, "max_depth": 7}	latency_s	0.0638737909999989
2026-03-29T20:24:10+00:00	routing	turborepo	srt-warm	q31	{"beam_policy": "waterfill", "beam_width": 10, "max_depth": 7}	ndcg@10	0.818629032254239
2026-03-29T20:24:10+00:00	routing	turborepo	srt-warm	q31	{"beam_policy": "waterfill", "beam_width": 10, "max_depth": 7}	latency_s	0.04838279200000173
2026-03-29T20:24:10+00:00	routing	turborepo	srt-warm	q31	{"beam_policy": "uniform", "beam_width": 10, "max_depth": 10}	ndcg@10	0.818629032254239
2026-03-29T20:24:10+00:00	routing	turborepo	srt-warm	q31	{"beam_policy": "uniform", "beam_width": 10, "max_depth": 10}	latency_s	0.06877891700000305
2026-03-29T20:24:10+00:00	routing	turborepo	srt-warm	q31	{"beam_policy": "waterfill", "beam_width": 10, "max_depth": 10}	ndcg@10	0.818629032254239
2026-03-29T20:24:10+00:00	routing	turborepo	srt-warm	q31	{"beam_policy": "waterfill", "beam_width": 10, "max_depth": 10}	latency_s	0.0482360419999992
2026-03-29T20:24:10+00:00	routing	turborepo	srt-warm	q32	{"beam_policy": "uniform", "beam_width": 2, "max_depth": 3}	ndcg@10	0.0
2026-03-29T20:24:10+00:00	routing	turborepo	srt-warm	q32	{"beam_policy": "uniform", "beam_width": 2, "max_depth": 3}	latency_s	0.007745375000002497
2026-03-29T20:24:10+00:00	routing	turborepo	srt-warm	q32	{"beam_policy": "waterfill", "beam_width": 2, "max_depth": 3}	ndcg@10	0.0
2026-03-29T20:24:10+00:00	routing	turborepo	srt-warm	q32	{"beam_policy": "waterfill", "beam_width": 2, "max_depth": 3}	latency_s	0.006083457999999098
2026-03-29T20:24:10+00:00	routing	turborepo	srt-warm	q32	{"beam_policy": "uniform", "beam_width": 2, "max_depth": 5}	ndcg@10	0.0
2026-03-29T20:24:10+00:00	routing	turborepo	srt-warm	q32	{"beam_policy": "uniform", "beam_width": 2, "max_depth": 5}	latency_s	0.009623999999998745
2026-03-29T20:24:10+00:00	routing	turborepo	srt-warm	q32	{"beam_policy": "waterfill", "beam_width": 2, "max_depth": 5}	ndcg@10	0.0
2026-03-29T20:24:10+00:00	routing	turborepo	srt-warm	q32	{"beam_policy": "waterfill", "beam_width": 2, "max_depth": 5}	latency_s	0.006134959000000606
2026-03-29T20:24:10+00:00	routing	turborepo	srt-warm	q32	{"beam_policy": "uniform", "beam_width": 2, "max_depth": 7}	ndcg@10	0.0
2026-03-29T20:24:10+00:00	routing	turborepo	srt-warm	q32	{"beam_policy": "uniform", "beam_width": 2, "max_depth": 7}	latency_s	0.007477124999997642
2026-03-29T20:24:10+00:00	routing	turborepo	srt-warm	q32	{"beam_policy": "waterfill", "beam_width": 2, "max_depth": 7}	ndcg@10	0.0
2026-03-29T20:24:10+00:00	routing	turborepo	srt-warm	q32	{"beam_policy": "waterfill", "beam_width": 2, "max_depth": 7}	latency_s	0.007756500000002831
2026-03-29T20:24:10+00:00	routing	turborepo	srt-warm	q32	{"beam_policy": "uniform", "beam_width": 2, "max_depth": 10}	ndcg@10	0.0
2026-03-29T20:24:10+00:00	routing	turborepo	srt-warm	q32	{"beam_policy": "uniform", "beam_width": 2, "max_depth": 10}	latency_s	0.009826458000002702
2026-03-29T20:24:10+00:00	routing	turborepo	srt-warm	q32	{"beam_policy": "waterfill", "beam_width": 2, "max_depth": 10}	ndcg@10	0.0
2026-03-29T20:24:10+00:00	routing	turborepo	srt-warm	q32	{"beam_policy": "waterfill", "beam_width": 2, "max_depth": 10}	latency_s	0.008693917000002216
2026-03-29T20:24:10+00:00	routing	turborepo	srt-warm	q32	{"beam_policy": "uniform", "beam_width": 3, "max_depth": 3}	ndcg@10	0.0
2026-03-29T20:24:10+00:00	routing	turborepo	srt-warm	q32	{"beam_policy": "uniform", "beam_width": 3, "max_depth": 3}	latency_s	0.007932582999998772
2026-03-29T20:24:10+00:00	routing	turborepo	srt-warm	q32	{"beam_policy": "waterfill", "beam_width": 3, "max_depth": 3}	ndcg@10	0.0
2026-03-29T20:24:10+00:00	routing	turborepo	srt-warm	q32	{"beam_policy": "waterfill", "beam_width": 3, "max_depth": 3}	latency_s	0.008031333000001695
2026-03-29T20:24:10+00:00	routing	turborepo	srt-warm	q32	{"beam_policy": "uniform", "beam_width": 3, "max_depth": 5}	ndcg@10	0.0
2026-03-29T20:24:10+00:00	routing	turborepo	srt-warm	q32	{"beam_policy": "uniform", "beam_width": 3, "max_depth": 5}	latency_s	0.006708749999997821
2026-03-29T20:24:10+00:00	routing	turborepo	srt-warm	q32	{"beam_policy": "waterfill", "beam_width": 3, "max_depth": 5}	ndcg@10	0.0
2026-03-29T20:24:10+00:00	routing	turborepo	srt-warm	q32	{"beam_policy": "waterfill", "beam_width": 3, "max_depth": 5}	latency_s	0.010160083999998903
2026-03-29T20:24:10+00:00	routing	turborepo	srt-warm	q32	{"beam_policy": "uniform", "beam_width": 3, "max_depth": 7}	ndcg@10	0.0
2026-03-29T20:24:10+00:00	routing	turborepo	srt-warm	q32	{"beam_policy": "uniform", "beam_width": 3, "max_depth": 7}	latency_s	0.006971292000002904
2026-03-29T20:24:10+00:00	routing	turborepo	srt-warm	q32	{"beam_policy": "waterfill", "beam_width": 3, "max_depth": 7}	ndcg@10	0.0
2026-03-29T20:24:10+00:00	routing	turborepo	srt-warm	q32	{"beam_policy": "waterfill", "beam_width": 3, "max_depth": 7}	latency_s	0.008039666000001944
2026-03-29T20:24:10+00:00	routing	turborepo	srt-warm	q32	{"beam_policy": "uniform", "beam_width": 3, "max_depth": 10}	ndcg@10	0.0
2026-03-29T20:24:10+00:00	routing	turborepo	srt-warm	q32	{"beam_policy": "uniform", "beam_width": 3, "max_depth": 10}	latency_s	0.007318749999999596
2026-03-29T20:24:10+00:00	routing	turborepo	srt-warm	q32	{"beam_policy": "waterfill", "beam_width": 3, "max_depth": 10}	ndcg@10	0.0
2026-03-29T20:24:10+00:00	routing	turborepo	srt-warm	q32	{"beam_policy": "waterfill", "beam_width": 3, "max_depth": 10}	latency_s	0.009315832999998719
2026-03-29T20:24:10+00:00	routing	turborepo	srt-warm	q32	{"beam_policy": "uniform", "beam_width": 5, "max_depth": 3}	ndcg@10	0.0
2026-03-29T20:24:10+00:00	routing	turborepo	srt-warm	q32	{"beam_policy": "uniform", "beam_width": 5, "max_depth": 3}	latency_s	0.01267320899999902
2026-03-29T20:24:10+00:00	routing	turborepo	srt-warm	q32	{"beam_policy": "waterfill", "beam_width": 5, "max_depth": 3}	ndcg@10	0.0
2026-03-29T20:24:10+00:00	routing	turborepo	srt-warm	q32	{"beam_policy": "waterfill", "beam_width": 5, "max_depth": 3}	latency_s	0.006194624999999121
2026-03-29T20:24:10+00:00	routing	turborepo	srt-warm	q32	{"beam_policy": "uniform", "beam_width": 5, "max_depth": 5}	ndcg@10	0.6585354056846717
2026-03-29T20:24:10+00:00	routing	turborepo	srt-warm	q32	{"beam_policy": "uniform", "beam_width": 5, "max_depth": 5}	latency_s	0.018895792000002132
2026-03-29T20:24:10+00:00	routing	turborepo	srt-warm	q32	{"beam_policy": "waterfill", "beam_width": 5, "max_depth": 5}	ndcg@10	0.0
2026-03-29T20:24:10+00:00	routing	turborepo	srt-warm	q32	{"beam_policy": "waterfill", "beam_width": 5, "max_depth": 5}	latency_s	0.006217750000001132
2026-03-29T20:24:10+00:00	routing	turborepo	srt-warm	q32	{"beam_policy": "uniform", "beam_width": 5, "max_depth": 7}	ndcg@10	0.6585354056846717
2026-03-29T20:24:10+00:00	routing	turborepo	srt-warm	q32	{"beam_policy": "uniform", "beam_width": 5, "max_depth": 7}	latency_s	0.0168482499999989
2026-03-29T20:24:10+00:00	routing	turborepo	srt-warm	q32	{"beam_policy": "waterfill", "beam_width": 5, "max_depth": 7}	ndcg@10	0.0
2026-03-29T20:24:10+00:00	routing	turborepo	srt-warm	q32	{"beam_policy": "waterfill", "beam_width": 5, "max_depth": 7}	latency_s	0.0062501250000011055
2026-03-29T20:24:10+00:00	routing	turborepo	srt-warm	q32	{"beam_policy": "uniform", "beam_width": 5, "max_depth": 10}	ndcg@10	0.6585354056846717
2026-03-29T20:24:10+00:00	routing	turborepo	srt-warm	q32	{"beam_policy": "uniform", "beam_width": 5, "max_depth": 10}	latency_s	0.016484125000001626
2026-03-29T20:24:10+00:00	routing	turborepo	srt-warm	q32	{"beam_policy": "waterfill", "beam_width": 5, "max_depth": 10}	ndcg@10	0.0
2026-03-29T20:24:10+00:00	routing	turborepo	srt-warm	q32	{"beam_policy": "waterfill", "beam_width": 5, "max_depth": 10}	latency_s	0.007428540999999456
2026-03-29T20:24:10+00:00	routing	turborepo	srt-warm	q32	{"beam_policy": "uniform", "beam_width": 7, "max_depth": 3}	ndcg@10	0.0
2026-03-29T20:24:10+00:00	routing	turborepo	srt-warm	q32	{"beam_policy": "uniform", "beam_width": 7, "max_depth": 3}	latency_s	0.01519349999999875
2026-03-29T20:24:10+00:00	routing	turborepo	srt-warm	q32	{"beam_policy": "waterfill", "beam_width": 7, "max_depth": 3}	ndcg@10	0.0
2026-03-29T20:24:10+00:00	routing	turborepo	srt-warm	q32	{"beam_policy": "waterfill", "beam_width": 7, "max_depth": 3}	latency_s	0.011535750000000178
2026-03-29T20:24:10+00:00	routing	turborepo	srt-warm	q32	{"beam_policy": "uniform", "beam_width": 7, "max_depth": 5}	ndcg@10	0.6585354056846717
2026-03-29T20:24:10+00:00	routing	turborepo	srt-warm	q32	{"beam_policy": "uniform", "beam_width": 7, "max_depth": 5}	latency_s	0.0165811660000017
2026-03-29T20:24:11+00:00	routing	turborepo	srt-warm	q32	{"beam_policy": "waterfill", "beam_width": 7, "max_depth": 5}	ndcg@10	0.6585354056846717
2026-03-29T20:24:11+00:00	routing	turborepo	srt-warm	q32	{"beam_policy": "waterfill", "beam_width": 7, "max_depth": 5}	latency_s	0.018687791000001397
2026-03-29T20:24:11+00:00	routing	turborepo	srt-warm	q32	{"beam_policy": "uniform", "beam_width": 7, "max_depth": 7}	ndcg@10	0.6585354056846717
2026-03-29T20:24:11+00:00	routing	turborepo	srt-warm	q32	{"beam_policy": "uniform", "beam_width": 7, "max_depth": 7}	latency_s	0.01713341700000015
2026-03-29T20:24:11+00:00	routing	turborepo	srt-warm	q32	{"beam_policy": "waterfill", "beam_width": 7, "max_depth": 7}	ndcg@10	0.6585354056846717
2026-03-29T20:24:11+00:00	routing	turborepo	srt-warm	q32	{"beam_policy": "waterfill", "beam_width": 7, "max_depth": 7}	latency_s	0.01356720800000133
2026-03-29T20:24:11+00:00	routing	turborepo	srt-warm	q32	{"beam_policy": "uniform", "beam_width": 7, "max_depth": 10}	ndcg@10	0.6585354056846717
2026-03-29T20:24:11+00:00	routing	turborepo	srt-warm	q32	{"beam_policy": "uniform", "beam_width": 7, "max_depth": 10}	latency_s	0.016909166999997893
2026-03-29T20:24:11+00:00	routing	turborepo	srt-warm	q32	{"beam_policy": "waterfill", "beam_width": 7, "max_depth": 10}	ndcg@10	0.6585354056846717
2026-03-29T20:24:11+00:00	routing	turborepo	srt-warm	q32	{"beam_policy": "waterfill", "beam_width": 7, "max_depth": 10}	latency_s	0.013774541000000085
2026-03-29T20:24:11+00:00	routing	turborepo	srt-warm	q32	{"beam_policy": "uniform", "beam_width": 10, "max_depth": 3}	ndcg@10	0.0
2026-03-29T20:24:11+00:00	routing	turborepo	srt-warm	q32	{"beam_policy": "uniform", "beam_width": 10, "max_depth": 3}	latency_s	0.015443417000000181
2026-03-29T20:24:11+00:00	routing	turborepo	srt-warm	q32	{"beam_policy": "waterfill", "beam_width": 10, "max_depth": 3}	ndcg@10	0.0
2026-03-29T20:24:11+00:00	routing	turborepo	srt-warm	q32	{"beam_policy": "waterfill", "beam_width": 10, "max_depth": 3}	latency_s	0.0134835829999993
2026-03-29T20:24:11+00:00	routing	turborepo	srt-warm	q32	{"beam_policy": "uniform", "beam_width": 10, "max_depth": 5}	ndcg@10	0.6585354056846717
2026-03-29T20:24:11+00:00	routing	turborepo	srt-warm	q32	{"beam_policy": "uniform", "beam_width": 10, "max_depth": 5}	latency_s	0.03146200000000121
2026-03-29T20:24:11+00:00	routing	turborepo	srt-warm	q32	{"beam_policy": "waterfill", "beam_width": 10, "max_depth": 5}	ndcg@10	0.6585354056846717
2026-03-29T20:24:11+00:00	routing	turborepo	srt-warm	q32	{"beam_policy": "waterfill", "beam_width": 10, "max_depth": 5}	latency_s	0.016756707999999065
2026-03-29T20:24:11+00:00	routing	turborepo	srt-warm	q32	{"beam_policy": "uniform", "beam_width": 10, "max_depth": 7}	ndcg@10	0.6585354056846717
2026-03-29T20:24:11+00:00	routing	turborepo	srt-warm	q32	{"beam_policy": "uniform", "beam_width": 10, "max_depth": 7}	latency_s	0.042615624999999824
2026-03-29T20:24:11+00:00	routing	turborepo	srt-warm	q32	{"beam_policy": "waterfill", "beam_width": 10, "max_depth": 7}	ndcg@10	0.6585354056846717
2026-03-29T20:24:11+00:00	routing	turborepo	srt-warm	q32	{"beam_policy": "waterfill", "beam_width": 10, "max_depth": 7}	latency_s	0.01727887500000236
2026-03-29T20:24:11+00:00	routing	turborepo	srt-warm	q32	{"beam_policy": "uniform", "beam_width": 10, "max_depth": 10}	ndcg@10	0.6585354056846717
2026-03-29T20:24:11+00:00	routing	turborepo	srt-warm	q32	{"beam_policy": "uniform", "beam_width": 10, "max_depth": 10}	latency_s	0.043994417000000396
2026-03-29T20:24:11+00:00	routing	turborepo	srt-warm	q32	{"beam_policy": "waterfill", "beam_width": 10, "max_depth": 10}	ndcg@10	0.6585354056846717
2026-03-29T20:24:11+00:00	routing	turborepo	srt-warm	q32	{"beam_policy": "waterfill", "beam_width": 10, "max_depth": 10}	latency_s	0.016689917000000776
2026-03-29T20:24:11+00:00	routing	turborepo	srt-warm	q33	{"beam_policy": "uniform", "beam_width": 2, "max_depth": 3}	ndcg@10	0.0
2026-03-29T20:24:11+00:00	routing	turborepo	srt-warm	q33	{"beam_policy": "uniform", "beam_width": 2, "max_depth": 3}	latency_s	0.013534082999999697
2026-03-29T20:24:11+00:00	routing	turborepo	srt-warm	q33	{"beam_policy": "waterfill", "beam_width": 2, "max_depth": 3}	ndcg@10	0.0
2026-03-29T20:24:11+00:00	routing	turborepo	srt-warm	q33	{"beam_policy": "waterfill", "beam_width": 2, "max_depth": 3}	latency_s	0.006958792000002489
2026-03-29T20:24:11+00:00	routing	turborepo	srt-warm	q33	{"beam_policy": "uniform", "beam_width": 2, "max_depth": 5}	ndcg@10	0.8216212264723879
2026-03-29T20:24:11+00:00	routing	turborepo	srt-warm	q33	{"beam_policy": "uniform", "beam_width": 2, "max_depth": 5}	latency_s	0.00920149999999964
2026-03-29T20:24:11+00:00	routing	turborepo	srt-warm	q33	{"beam_policy": "waterfill", "beam_width": 2, "max_depth": 5}	ndcg@10	0.8216212264723879
2026-03-29T20:24:11+00:00	routing	turborepo	srt-warm	q33	{"beam_policy": "waterfill", "beam_width": 2, "max_depth": 5}	latency_s	0.010768625000000753
2026-03-29T20:24:11+00:00	routing	turborepo	srt-warm	q33	{"beam_policy": "uniform", "beam_width": 2, "max_depth": 7}	ndcg@10	0.8216212264723879
2026-03-29T20:24:11+00:00	routing	turborepo	srt-warm	q33	{"beam_policy": "uniform", "beam_width": 2, "max_depth": 7}	latency_s	0.00905812499999925
2026-03-29T20:24:11+00:00	routing	turborepo	srt-warm	q33	{"beam_policy": "waterfill", "beam_width": 2, "max_depth": 7}	ndcg@10	0.8216212264723879
2026-03-29T20:24:11+00:00	routing	turborepo	srt-warm	q33	{"beam_policy": "waterfill", "beam_width": 2, "max_depth": 7}	latency_s	0.00813670799999855
2026-03-29T20:24:11+00:00	routing	turborepo	srt-warm	q33	{"beam_policy": "uniform", "beam_width": 2, "max_depth": 10}	ndcg@10	0.8216212264723879
2026-03-29T20:24:11+00:00	routing	turborepo	srt-warm	q33	{"beam_policy": "uniform", "beam_width": 2, "max_depth": 10}	latency_s	0.008274249999999483
2026-03-29T20:24:11+00:00	routing	turborepo	srt-warm	q33	{"beam_policy": "waterfill", "beam_width": 2, "max_depth": 10}	ndcg@10	0.8216212264723879
2026-03-29T20:24:11+00:00	routing	turborepo	srt-warm	q33	{"beam_policy": "waterfill", "beam_width": 2, "max_depth": 10}	latency_s	0.007982542000000592
2026-03-29T20:24:11+00:00	routing	turborepo	srt-warm	q33	{"beam_policy": "uniform", "beam_width": 3, "max_depth": 3}	ndcg@10	0.0
2026-03-29T20:24:11+00:00	routing	turborepo	srt-warm	q33	{"beam_policy": "uniform", "beam_width": 3, "max_depth": 3}	latency_s	0.009178458000000944
2026-03-29T20:24:11+00:00	routing	turborepo	srt-warm	q33	{"beam_policy": "waterfill", "beam_width": 3, "max_depth": 3}	ndcg@10	0.0
2026-03-29T20:24:11+00:00	routing	turborepo	srt-warm	q33	{"beam_policy": "waterfill", "beam_width": 3, "max_depth": 3}	latency_s	0.007564708000000309
2026-03-29T20:24:11+00:00	routing	turborepo	srt-warm	q33	{"beam_policy": "uniform", "beam_width": 3, "max_depth": 5}	ndcg@10	0.9050593785497315
2026-03-29T20:24:11+00:00	routing	turborepo	srt-warm	q33	{"beam_policy": "uniform", "beam_width": 3, "max_depth": 5}	latency_s	0.010766832999998144
2026-03-29T20:24:11+00:00	routing	turborepo	srt-warm	q33	{"beam_policy": "waterfill", "beam_width": 3, "max_depth": 5}	ndcg@10	0.8216212264723879
2026-03-29T20:24:11+00:00	routing	turborepo	srt-warm	q33	{"beam_policy": "waterfill", "beam_width": 3, "max_depth": 5}	latency_s	0.013295792000000972
2026-03-29T20:24:11+00:00	routing	turborepo	srt-warm	q33	{"beam_policy": "uniform", "beam_width": 3, "max_depth": 7}	ndcg@10	0.9050593785497315
2026-03-29T20:24:11+00:00	routing	turborepo	srt-warm	q33	{"beam_policy": "uniform", "beam_width": 3, "max_depth": 7}	latency_s	0.011125374999998883
2026-03-29T20:24:11+00:00	routing	turborepo	srt-warm	q33	{"beam_policy": "waterfill", "beam_width": 3, "max_depth": 7}	ndcg@10	0.8216212264723879
2026-03-29T20:24:11+00:00	routing	turborepo	srt-warm	q33	{"beam_policy": "waterfill", "beam_width": 3, "max_depth": 7}	latency_s	0.009320750000000544
2026-03-29T20:24:11+00:00	routing	turborepo	srt-warm	q33	{"beam_policy": "uniform", "beam_width": 3, "max_depth": 10}	ndcg@10	0.9050593785497315
2026-03-29T20:24:11+00:00	routing	turborepo	srt-warm	q33	{"beam_policy": "uniform", "beam_width": 3, "max_depth": 10}	latency_s	0.011643125000002641
2026-03-29T20:24:11+00:00	routing	turborepo	srt-warm	q33	{"beam_policy": "waterfill", "beam_width": 3, "max_depth": 10}	ndcg@10	0.8216212264723879
2026-03-29T20:24:11+00:00	routing	turborepo	srt-warm	q33	{"beam_policy": "waterfill", "beam_width": 3, "max_depth": 10}	latency_s	0.008414417000000896
2026-03-29T20:24:11+00:00	routing	turborepo	srt-warm	q33	{"beam_policy": "uniform", "beam_width": 5, "max_depth": 3}	ndcg@10	0.0
2026-03-29T20:24:11+00:00	routing	turborepo	srt-warm	q33	{"beam_policy": "uniform", "beam_width": 5, "max_depth": 3}	latency_s	0.013089250000000163
2026-03-29T20:24:11+00:00	routing	turborepo	srt-warm	q33	{"beam_policy": "waterfill", "beam_width": 5, "max_depth": 3}	ndcg@10	0.0
2026-03-29T20:24:11+00:00	routing	turborepo	srt-warm	q33	{"beam_policy": "waterfill", "beam_width": 5, "max_depth": 3}	latency_s	0.0102677079999971
2026-03-29T20:24:11+00:00	routing	turborepo	srt-warm	q33	{"beam_policy": "uniform", "beam_width": 5, "max_depth": 5}	ndcg@10	0.9050593785497315
2026-03-29T20:24:11+00:00	routing	turborepo	srt-warm	q33	{"beam_policy": "uniform", "beam_width": 5, "max_depth": 5}	latency_s	0.025439875
2026-03-29T20:24:11+00:00	routing	turborepo	srt-warm	q33	{"beam_policy": "waterfill", "beam_width": 5, "max_depth": 5}	ndcg@10	0.9050593785497315
2026-03-29T20:24:11+00:00	routing	turborepo	srt-warm	q33	{"beam_policy": "waterfill", "beam_width": 5, "max_depth": 5}	latency_s	0.011623875000001505
2026-03-29T20:24:11+00:00	routing	turborepo	srt-warm	q33	{"beam_policy": "uniform", "beam_width": 5, "max_depth": 7}	ndcg@10	0.9050593785497315
2026-03-29T20:24:11+00:00	routing	turborepo	srt-warm	q33	{"beam_policy": "uniform", "beam_width": 5, "max_depth": 7}	latency_s	0.025725958000002436
2026-03-29T20:24:11+00:00	routing	turborepo	srt-warm	q33	{"beam_policy": "waterfill", "beam_width": 5, "max_depth": 7}	ndcg@10	0.9050593785497315
2026-03-29T20:24:11+00:00	routing	turborepo	srt-warm	q33	{"beam_policy": "waterfill", "beam_width": 5, "max_depth": 7}	latency_s	0.016159166999997865
2026-03-29T20:24:11+00:00	routing	turborepo	srt-warm	q33	{"beam_policy": "uniform", "beam_width": 5, "max_depth": 10}	ndcg@10	0.9050593785497315
2026-03-29T20:24:11+00:00	routing	turborepo	srt-warm	q33	{"beam_policy": "uniform", "beam_width": 5, "max_depth": 10}	latency_s	0.02599024999999955
2026-03-29T20:24:11+00:00	routing	turborepo	srt-warm	q33	{"beam_policy": "waterfill", "beam_width": 5, "max_depth": 10}	ndcg@10	0.9050593785497315
2026-03-29T20:24:11+00:00	routing	turborepo	srt-warm	q33	{"beam_policy": "waterfill", "beam_width": 5, "max_depth": 10}	latency_s	0.011884916999999717
2026-03-29T20:24:11+00:00	routing	turborepo	srt-warm	q33	{"beam_policy": "uniform", "beam_width": 7, "max_depth": 3}	ndcg@10	0.0
2026-03-29T20:24:11+00:00	routing	turborepo	srt-warm	q33	{"beam_policy": "uniform", "beam_width": 7, "max_depth": 3}	latency_s	0.013243290999998436
2026-03-29T20:24:11+00:00	routing	turborepo	srt-warm	q33	{"beam_policy": "waterfill", "beam_width": 7, "max_depth": 3}	ndcg@10	0.0
2026-03-29T20:24:11+00:00	routing	turborepo	srt-warm	q33	{"beam_policy": "waterfill", "beam_width": 7, "max_depth": 3}	latency_s	0.012357500000000243
2026-03-29T20:24:11+00:00	routing	turborepo	srt-warm	q33	{"beam_policy": "uniform", "beam_width": 7, "max_depth": 5}	ndcg@10	0.9050593785497315
2026-03-29T20:24:11+00:00	routing	turborepo	srt-warm	q33	{"beam_policy": "uniform", "beam_width": 7, "max_depth": 5}	latency_s	0.035303041999998896
2026-03-29T20:24:11+00:00	routing	turborepo	srt-warm	q33	{"beam_policy": "waterfill", "beam_width": 7, "max_depth": 5}	ndcg@10	0.9050593785497315
2026-03-29T20:24:11+00:00	routing	turborepo	srt-warm	q33	{"beam_policy": "waterfill", "beam_width": 7, "max_depth": 5}	latency_s	0.023590750000000327
2026-03-29T20:24:11+00:00	routing	turborepo	srt-warm	q33	{"beam_policy": "uniform", "beam_width": 7, "max_depth": 7}	ndcg@10	0.9017429262562368
2026-03-29T20:24:11+00:00	routing	turborepo	srt-warm	q33	{"beam_policy": "uniform", "beam_width": 7, "max_depth": 7}	latency_s	0.05737404199999929
2026-03-29T20:24:11+00:00	routing	turborepo	srt-warm	q33	{"beam_policy": "waterfill", "beam_width": 7, "max_depth": 7}	ndcg@10	0.9050593785497315
2026-03-29T20:24:11+00:00	routing	turborepo	srt-warm	q33	{"beam_policy": "waterfill", "beam_width": 7, "max_depth": 7}	latency_s	0.031308249999998594
2026-03-29T20:24:11+00:00	routing	turborepo	srt-warm	q33	{"beam_policy": "uniform", "beam_width": 7, "max_depth": 10}	ndcg@10	0.9017429262562368
2026-03-29T20:24:11+00:00	routing	turborepo	srt-warm	q33	{"beam_policy": "uniform", "beam_width": 7, "max_depth": 10}	latency_s	0.0576672500000015
2026-03-29T20:24:11+00:00	routing	turborepo	srt-warm	q33	{"beam_policy": "waterfill", "beam_width": 7, "max_depth": 10}	ndcg@10	0.9050593785497315
2026-03-29T20:24:11+00:00	routing	turborepo	srt-warm	q33	{"beam_policy": "waterfill", "beam_width": 7, "max_depth": 10}	latency_s	0.025672207999999586
2026-03-29T20:24:11+00:00	routing	turborepo	srt-warm	q33	{"beam_policy": "uniform", "beam_width": 10, "max_depth": 3}	ndcg@10	0.0
2026-03-29T20:24:11+00:00	routing	turborepo	srt-warm	q33	{"beam_policy": "uniform", "beam_width": 10, "max_depth": 3}	latency_s	0.022218625000000713
2026-03-29T20:24:11+00:00	routing	turborepo	srt-warm	q33	{"beam_policy": "waterfill", "beam_width": 10, "max_depth": 3}	ndcg@10	0.0
2026-03-29T20:24:11+00:00	routing	turborepo	srt-warm	q33	{"beam_policy": "waterfill", "beam_width": 10, "max_depth": 3}	latency_s	0.013233583000001659
2026-03-29T20:24:12+00:00	routing	turborepo	srt-warm	q33	{"beam_policy": "uniform", "beam_width": 10, "max_depth": 5}	ndcg@10	0.9050593785497315
2026-03-29T20:24:12+00:00	routing	turborepo	srt-warm	q33	{"beam_policy": "uniform", "beam_width": 10, "max_depth": 5}	latency_s	0.05365525000000204
2026-03-29T20:24:12+00:00	routing	turborepo	srt-warm	q33	{"beam_policy": "waterfill", "beam_width": 10, "max_depth": 5}	ndcg@10	0.9050593785497315
2026-03-29T20:24:12+00:00	routing	turborepo	srt-warm	q33	{"beam_policy": "waterfill", "beam_width": 10, "max_depth": 5}	latency_s	0.036092874999997804
2026-03-29T20:24:12+00:00	routing	turborepo	srt-warm	q33	{"beam_policy": "uniform", "beam_width": 10, "max_depth": 7}	ndcg@10	0.9017429262562368
2026-03-29T20:24:12+00:00	routing	turborepo	srt-warm	q33	{"beam_policy": "uniform", "beam_width": 10, "max_depth": 7}	latency_s	0.08188779099999977
2026-03-29T20:24:12+00:00	routing	turborepo	srt-warm	q33	{"beam_policy": "waterfill", "beam_width": 10, "max_depth": 7}	ndcg@10	0.9017429262562368
2026-03-29T20:24:12+00:00	routing	turborepo	srt-warm	q33	{"beam_policy": "waterfill", "beam_width": 10, "max_depth": 7}	latency_s	0.061892333000002964
2026-03-29T20:24:12+00:00	routing	turborepo	srt-warm	q33	{"beam_policy": "uniform", "beam_width": 10, "max_depth": 10}	ndcg@10	0.9017429262562368
2026-03-29T20:24:12+00:00	routing	turborepo	srt-warm	q33	{"beam_policy": "uniform", "beam_width": 10, "max_depth": 10}	latency_s	0.0862322500000019
2026-03-29T20:24:12+00:00	routing	turborepo	srt-warm	q33	{"beam_policy": "waterfill", "beam_width": 10, "max_depth": 10}	ndcg@10	0.9017429262562368
2026-03-29T20:24:12+00:00	routing	turborepo	srt-warm	q33	{"beam_policy": "waterfill", "beam_width": 10, "max_depth": 10}	latency_s	0.05730158300000099
2026-03-29T20:24:12+00:00	routing	turborepo	srt-warm	q34	{"beam_policy": "uniform", "beam_width": 2, "max_depth": 3}	ndcg@10	0.0
2026-03-29T20:24:12+00:00	routing	turborepo	srt-warm	q34	{"beam_policy": "uniform", "beam_width": 2, "max_depth": 3}	latency_s	0.008741665999998816
2026-03-29T20:24:12+00:00	routing	turborepo	srt-warm	q34	{"beam_policy": "waterfill", "beam_width": 2, "max_depth": 3}	ndcg@10	0.0
2026-03-29T20:24:12+00:00	routing	turborepo	srt-warm	q34	{"beam_policy": "waterfill", "beam_width": 2, "max_depth": 3}	latency_s	0.008605207999998754
2026-03-29T20:24:12+00:00	routing	turborepo	srt-warm	q34	{"beam_policy": "uniform", "beam_width": 2, "max_depth": 5}	ndcg@10	0.0
2026-03-29T20:24:12+00:00	routing	turborepo	srt-warm	q34	{"beam_policy": "uniform", "beam_width": 2, "max_depth": 5}	latency_s	0.015909749999998724
2026-03-29T20:24:12+00:00	routing	turborepo	srt-warm	q34	{"beam_policy": "waterfill", "beam_width": 2, "max_depth": 5}	ndcg@10	0.0
2026-03-29T20:24:12+00:00	routing	turborepo	srt-warm	q34	{"beam_policy": "waterfill", "beam_width": 2, "max_depth": 5}	latency_s	0.008843916000000007
2026-03-29T20:24:12+00:00	routing	turborepo	srt-warm	q34	{"beam_policy": "uniform", "beam_width": 2, "max_depth": 7}	ndcg@10	0.0
2026-03-29T20:24:12+00:00	routing	turborepo	srt-warm	q34	{"beam_policy": "uniform", "beam_width": 2, "max_depth": 7}	latency_s	0.00957949999999741
2026-03-29T20:24:12+00:00	routing	turborepo	srt-warm	q34	{"beam_policy": "waterfill", "beam_width": 2, "max_depth": 7}	ndcg@10	0.0
2026-03-29T20:24:12+00:00	routing	turborepo	srt-warm	q34	{"beam_policy": "waterfill", "beam_width": 2, "max_depth": 7}	latency_s	0.010349874999999287
2026-03-29T20:24:12+00:00	routing	turborepo	srt-warm	q34	{"beam_policy": "uniform", "beam_width": 2, "max_depth": 10}	ndcg@10	0.0
2026-03-29T20:24:12+00:00	routing	turborepo	srt-warm	q34	{"beam_policy": "uniform", "beam_width": 2, "max_depth": 10}	latency_s	0.009598083000000202
2026-03-29T20:24:12+00:00	routing	turborepo	srt-warm	q34	{"beam_policy": "waterfill", "beam_width": 2, "max_depth": 10}	ndcg@10	0.0
2026-03-29T20:24:12+00:00	routing	turborepo	srt-warm	q34	{"beam_policy": "waterfill", "beam_width": 2, "max_depth": 10}	latency_s	0.010279916999998306
2026-03-29T20:24:12+00:00	routing	turborepo	srt-warm	q34	{"beam_policy": "uniform", "beam_width": 3, "max_depth": 3}	ndcg@10	0.0
2026-03-29T20:24:12+00:00	routing	turborepo	srt-warm	q34	{"beam_policy": "uniform", "beam_width": 3, "max_depth": 3}	latency_s	0.011028791999997622
2026-03-29T20:24:12+00:00	routing	turborepo	srt-warm	q34	{"beam_policy": "waterfill", "beam_width": 3, "max_depth": 3}	ndcg@10	0.0
2026-03-29T20:24:12+00:00	routing	turborepo	srt-warm	q34	{"beam_policy": "waterfill", "beam_width": 3, "max_depth": 3}	latency_s	0.00863616700000236
2026-03-29T20:24:12+00:00	routing	turborepo	srt-warm	q34	{"beam_policy": "uniform", "beam_width": 3, "max_depth": 5}	ndcg@10	0.8609101556836468
2026-03-29T20:24:12+00:00	routing	turborepo	srt-warm	q34	{"beam_policy": "uniform", "beam_width": 3, "max_depth": 5}	latency_s	0.012100375000002828
2026-03-29T20:24:12+00:00	routing	turborepo	srt-warm	q34	{"beam_policy": "waterfill", "beam_width": 3, "max_depth": 5}	ndcg@10	0.0
2026-03-29T20:24:12+00:00	routing	turborepo	srt-warm	q34	{"beam_policy": "waterfill", "beam_width": 3, "max_depth": 5}	latency_s	0.012098375000000772
2026-03-29T20:24:12+00:00	routing	turborepo	srt-warm	q34	{"beam_policy": "uniform", "beam_width": 3, "max_depth": 7}	ndcg@10	0.8609101556836468
2026-03-29T20:24:12+00:00	routing	turborepo	srt-warm	q34	{"beam_policy": "uniform", "beam_width": 3, "max_depth": 7}	latency_s	0.012715750000001691
2026-03-29T20:24:12+00:00	routing	turborepo	srt-warm	q34	{"beam_policy": "waterfill", "beam_width": 3, "max_depth": 7}	ndcg@10	0.0
2026-03-29T20:24:12+00:00	routing	turborepo	srt-warm	q34	{"beam_policy": "waterfill", "beam_width": 3, "max_depth": 7}	latency_s	0.010236000000002576
2026-03-29T20:24:12+00:00	routing	turborepo	srt-warm	q34	{"beam_policy": "uniform", "beam_width": 3, "max_depth": 10}	ndcg@10	0.8609101556836468
2026-03-29T20:24:12+00:00	routing	turborepo	srt-warm	q34	{"beam_policy": "uniform", "beam_width": 3, "max_depth": 10}	latency_s	0.014946208000001349
2026-03-29T20:24:12+00:00	routing	turborepo	srt-warm	q34	{"beam_policy": "waterfill", "beam_width": 3, "max_depth": 10}	ndcg@10	0.0
2026-03-29T20:24:12+00:00	routing	turborepo	srt-warm	q34	{"beam_policy": "waterfill", "beam_width": 3, "max_depth": 10}	latency_s	0.010312958000000094
2026-03-29T20:24:12+00:00	routing	turborepo	srt-warm	q34	{"beam_policy": "uniform", "beam_width": 5, "max_depth": 3}	ndcg@10	0.0
2026-03-29T20:24:12+00:00	routing	turborepo	srt-warm	q34	{"beam_policy": "uniform", "beam_width": 5, "max_depth": 3}	latency_s	0.013247082999999549
2026-03-29T20:24:12+00:00	routing	turborepo	srt-warm	q34	{"beam_policy": "waterfill", "beam_width": 5, "max_depth": 3}	ndcg@10	0.0
2026-03-29T20:24:12+00:00	routing	turborepo	srt-warm	q34	{"beam_policy": "waterfill", "beam_width": 5, "max_depth": 3}	latency_s	0.00886170899999783
2026-03-29T20:24:12+00:00	routing	turborepo	srt-warm	q34	{"beam_policy": "uniform", "beam_width": 5, "max_depth": 5}	ndcg@10	0.8609101556836468
2026-03-29T20:24:12+00:00	routing	turborepo	srt-warm	q34	{"beam_policy": "uniform", "beam_width": 5, "max_depth": 5}	latency_s	0.021850083000000353
2026-03-29T20:24:12+00:00	routing	turborepo	srt-warm	q34	{"beam_policy": "waterfill", "beam_width": 5, "max_depth": 5}	ndcg@10	0.8609101556836468
2026-03-29T20:24:12+00:00	routing	turborepo	srt-warm	q34	{"beam_policy": "waterfill", "beam_width": 5, "max_depth": 5}	latency_s	0.017829499999997722
2026-03-29T20:24:12+00:00	routing	turborepo	srt-warm	q34	{"beam_policy": "uniform", "beam_width": 5, "max_depth": 7}	ndcg@10	0.8609101556836468
2026-03-29T20:24:12+00:00	routing	turborepo	srt-warm	q34	{"beam_policy": "uniform", "beam_width": 5, "max_depth": 7}	latency_s	0.029826625000001883
2026-03-29T20:24:12+00:00	routing	turborepo	srt-warm	q34	{"beam_policy": "waterfill", "beam_width": 5, "max_depth": 7}	ndcg@10	0.8609101556836468
2026-03-29T20:24:12+00:00	routing	turborepo	srt-warm	q34	{"beam_policy": "waterfill", "beam_width": 5, "max_depth": 7}	latency_s	0.013608459000000295
2026-03-29T20:24:12+00:00	routing	turborepo	srt-warm	q34	{"beam_policy": "uniform", "beam_width": 5, "max_depth": 10}	ndcg@10	0.8609101556836468
2026-03-29T20:24:12+00:00	routing	turborepo	srt-warm	q34	{"beam_policy": "uniform", "beam_width": 5, "max_depth": 10}	latency_s	0.029801666000000893
2026-03-29T20:24:12+00:00	routing	turborepo	srt-warm	q34	{"beam_policy": "waterfill", "beam_width": 5, "max_depth": 10}	ndcg@10	0.8609101556836468
2026-03-29T20:24:12+00:00	routing	turborepo	srt-warm	q34	{"beam_policy": "waterfill", "beam_width": 5, "max_depth": 10}	latency_s	0.012928833000003692
2026-03-29T20:24:12+00:00	routing	turborepo	srt-warm	q34	{"beam_policy": "uniform", "beam_width": 7, "max_depth": 3}	ndcg@10	0.0
2026-03-29T20:24:12+00:00	routing	turborepo	srt-warm	q34	{"beam_policy": "uniform", "beam_width": 7, "max_depth": 3}	latency_s	0.025767916999996032
2026-03-29T20:24:12+00:00	routing	turborepo	srt-warm	q34	{"beam_policy": "waterfill", "beam_width": 7, "max_depth": 3}	ndcg@10	0.0
2026-03-29T20:24:12+00:00	routing	turborepo	srt-warm	q34	{"beam_policy": "waterfill", "beam_width": 7, "max_depth": 3}	latency_s	0.014568416999999556
2026-03-29T20:24:12+00:00	routing	turborepo	srt-warm	q34	{"beam_policy": "uniform", "beam_width": 7, "max_depth": 5}	ndcg@10	0.8609101556836468
2026-03-29T20:24:12+00:00	routing	turborepo	srt-warm	q34	{"beam_policy": "uniform", "beam_width": 7, "max_depth": 5}	latency_s	0.046852041999997596
2026-03-29T20:24:12+00:00	routing	turborepo	srt-warm	q34	{"beam_policy": "waterfill", "beam_width": 7, "max_depth": 5}	ndcg@10	0.8609101556836468
2026-03-29T20:24:12+00:00	routing	turborepo	srt-warm	q34	{"beam_policy": "waterfill", "beam_width": 7, "max_depth": 5}	latency_s	0.026711540999997396
2026-03-29T20:24:12+00:00	routing	turborepo	srt-warm	q34	{"beam_policy": "uniform", "beam_width": 7, "max_depth": 7}	ndcg@10	0.8609101556836468
2026-03-29T20:24:12+00:00	routing	turborepo	srt-warm	q34	{"beam_policy": "uniform", "beam_width": 7, "max_depth": 7}	latency_s	0.07288166700000431
2026-03-29T20:24:13+00:00	routing	turborepo	srt-warm	q34	{"beam_policy": "waterfill", "beam_width": 7, "max_depth": 7}	ndcg@10	0.8609101556836468
2026-03-29T20:24:13+00:00	routing	turborepo	srt-warm	q34	{"beam_policy": "waterfill", "beam_width": 7, "max_depth": 7}	latency_s	0.034056583999998224
2026-03-29T20:24:13+00:00	routing	turborepo	srt-warm	q34	{"beam_policy": "uniform", "beam_width": 7, "max_depth": 10}	ndcg@10	0.8609101556836468
2026-03-29T20:24:13+00:00	routing	turborepo	srt-warm	q34	{"beam_policy": "uniform", "beam_width": 7, "max_depth": 10}	latency_s	0.057316208999999674
2026-03-29T20:24:13+00:00	routing	turborepo	srt-warm	q34	{"beam_policy": "waterfill", "beam_width": 7, "max_depth": 10}	ndcg@10	0.8609101556836468
2026-03-29T20:24:13+00:00	routing	turborepo	srt-warm	q34	{"beam_policy": "waterfill", "beam_width": 7, "max_depth": 10}	latency_s	0.033332333000004155
2026-03-29T20:24:13+00:00	routing	turborepo	srt-warm	q34	{"beam_policy": "uniform", "beam_width": 10, "max_depth": 3}	ndcg@10	0.0
2026-03-29T20:24:13+00:00	routing	turborepo	srt-warm	q34	{"beam_policy": "uniform", "beam_width": 10, "max_depth": 3}	latency_s	0.020898500000001263
2026-03-29T20:24:13+00:00	routing	turborepo	srt-warm	q34	{"beam_policy": "waterfill", "beam_width": 10, "max_depth": 3}	ndcg@10	0.0
2026-03-29T20:24:13+00:00	routing	turborepo	srt-warm	q34	{"beam_policy": "waterfill", "beam_width": 10, "max_depth": 3}	latency_s	0.019671999999999912
2026-03-29T20:24:13+00:00	routing	turborepo	srt-warm	q34	{"beam_policy": "uniform", "beam_width": 10, "max_depth": 5}	ndcg@10	0.8609101556836468
2026-03-29T20:24:13+00:00	routing	turborepo	srt-warm	q34	{"beam_policy": "uniform", "beam_width": 10, "max_depth": 5}	latency_s	0.05272416700000093
2026-03-29T20:24:13+00:00	routing	turborepo	srt-warm	q34	{"beam_policy": "waterfill", "beam_width": 10, "max_depth": 5}	ndcg@10	0.8609101556836468
2026-03-29T20:24:13+00:00	routing	turborepo	srt-warm	q34	{"beam_policy": "waterfill", "beam_width": 10, "max_depth": 5}	latency_s	0.042232583999997075
2026-03-29T20:24:13+00:00	routing	turborepo	srt-warm	q34	{"beam_policy": "uniform", "beam_width": 10, "max_depth": 7}	ndcg@10	0.8609101556836468
2026-03-29T20:24:13+00:00	routing	turborepo	srt-warm	q34	{"beam_policy": "uniform", "beam_width": 10, "max_depth": 7}	latency_s	0.062173250000000735
2026-03-29T20:24:13+00:00	routing	turborepo	srt-warm	q34	{"beam_policy": "waterfill", "beam_width": 10, "max_depth": 7}	ndcg@10	0.8609101556836468
2026-03-29T20:24:13+00:00	routing	turborepo	srt-warm	q34	{"beam_policy": "waterfill", "beam_width": 10, "max_depth": 7}	latency_s	0.058651458999996464
2026-03-29T20:24:13+00:00	routing	turborepo	srt-warm	q34	{"beam_policy": "uniform", "beam_width": 10, "max_depth": 10}	ndcg@10	0.8609101556836468
2026-03-29T20:24:13+00:00	routing	turborepo	srt-warm	q34	{"beam_policy": "uniform", "beam_width": 10, "max_depth": 10}	latency_s	0.06842933299999743
2026-03-29T20:24:13+00:00	routing	turborepo	srt-warm	q34	{"beam_policy": "waterfill", "beam_width": 10, "max_depth": 10}	ndcg@10	0.8609101556836468
2026-03-29T20:24:13+00:00	routing	turborepo	srt-warm	q34	{"beam_policy": "waterfill", "beam_width": 10, "max_depth": 10}	latency_s	0.056331333000002815
2026-03-29T20:24:13+00:00	routing	turborepo	srt-warm	q35	{"beam_policy": "uniform", "beam_width": 2, "max_depth": 3}	ndcg@10	0.0
2026-03-29T20:24:13+00:00	routing	turborepo	srt-warm	q35	{"beam_policy": "uniform", "beam_width": 2, "max_depth": 3}	latency_s	0.009765625
2026-03-29T20:24:13+00:00	routing	turborepo	srt-warm	q35	{"beam_policy": "waterfill", "beam_width": 2, "max_depth": 3}	ndcg@10	0.0
2026-03-29T20:24:13+00:00	routing	turborepo	srt-warm	q35	{"beam_policy": "waterfill", "beam_width": 2, "max_depth": 3}	latency_s	0.009457707999999343
2026-03-29T20:24:13+00:00	routing	turborepo	srt-warm	q35	{"beam_policy": "uniform", "beam_width": 2, "max_depth": 5}	ndcg@10	0.5165330053286319
2026-03-29T20:24:13+00:00	routing	turborepo	srt-warm	q35	{"beam_policy": "uniform", "beam_width": 2, "max_depth": 5}	latency_s	0.012396667000004413
2026-03-29T20:24:13+00:00	routing	turborepo	srt-warm	q35	{"beam_policy": "waterfill", "beam_width": 2, "max_depth": 5}	ndcg@10	0.4645389367999016
2026-03-29T20:24:13+00:00	routing	turborepo	srt-warm	q35	{"beam_policy": "waterfill", "beam_width": 2, "max_depth": 5}	latency_s	0.012208209000000636
2026-03-29T20:24:13+00:00	routing	turborepo	srt-warm	q35	{"beam_policy": "uniform", "beam_width": 2, "max_depth": 7}	ndcg@10	0.5165330053286319
2026-03-29T20:24:13+00:00	routing	turborepo	srt-warm	q35	{"beam_policy": "uniform", "beam_width": 2, "max_depth": 7}	latency_s	0.011203334000001064
2026-03-29T20:24:13+00:00	routing	turborepo	srt-warm	q35	{"beam_policy": "waterfill", "beam_width": 2, "max_depth": 7}	ndcg@10	0.4645389367999016
2026-03-29T20:24:13+00:00	routing	turborepo	srt-warm	q35	{"beam_policy": "waterfill", "beam_width": 2, "max_depth": 7}	latency_s	0.010762458000002084
2026-03-29T20:24:13+00:00	routing	turborepo	srt-warm	q35	{"beam_policy": "uniform", "beam_width": 2, "max_depth": 10}	ndcg@10	0.5165330053286319
2026-03-29T20:24:13+00:00	routing	turborepo	srt-warm	q35	{"beam_policy": "uniform", "beam_width": 2, "max_depth": 10}	latency_s	0.013118999999996106
2026-03-29T20:24:13+00:00	routing	turborepo	srt-warm	q35	{"beam_policy": "waterfill", "beam_width": 2, "max_depth": 10}	ndcg@10	0.4645389367999016
2026-03-29T20:24:13+00:00	routing	turborepo	srt-warm	q35	{"beam_policy": "waterfill", "beam_width": 2, "max_depth": 10}	latency_s	0.010530208999995239
2026-03-29T20:24:13+00:00	routing	turborepo	srt-warm	q35	{"beam_policy": "uniform", "beam_width": 3, "max_depth": 3}	ndcg@10	0.0
2026-03-29T20:24:13+00:00	routing	turborepo	srt-warm	q35	{"beam_policy": "uniform", "beam_width": 3, "max_depth": 3}	latency_s	0.01172395799999748
2026-03-29T20:24:13+00:00	routing	turborepo	srt-warm	q35	{"beam_policy": "waterfill", "beam_width": 3, "max_depth": 3}	ndcg@10	0.0
2026-03-29T20:24:13+00:00	routing	turborepo	srt-warm	q35	{"beam_policy": "waterfill", "beam_width": 3, "max_depth": 3}	latency_s	0.008493833999999367
2026-03-29T20:24:13+00:00	routing	turborepo	srt-warm	q35	{"beam_policy": "uniform", "beam_width": 3, "max_depth": 5}	ndcg@10	0.457501902267035
2026-03-29T20:24:13+00:00	routing	turborepo	srt-warm	q35	{"beam_policy": "uniform", "beam_width": 3, "max_depth": 5}	latency_s	0.016333750000001146
2026-03-29T20:24:13+00:00	routing	turborepo	srt-warm	q35	{"beam_policy": "waterfill", "beam_width": 3, "max_depth": 5}	ndcg@10	0.5165330053286319
2026-03-29T20:24:13+00:00	routing	turborepo	srt-warm	q35	{"beam_policy": "waterfill", "beam_width": 3, "max_depth": 5}	latency_s	0.013667707999999834
2026-03-29T20:24:13+00:00	routing	turborepo	srt-warm	q35	{"beam_policy": "uniform", "beam_width": 3, "max_depth": 7}	ndcg@10	0.457501902267035
2026-03-29T20:24:13+00:00	routing	turborepo	srt-warm	q35	{"beam_policy": "uniform", "beam_width": 3, "max_depth": 7}	latency_s	0.020170167000003403
2026-03-29T20:24:13+00:00	routing	turborepo	srt-warm	q35	{"beam_policy": "waterfill", "beam_width": 3, "max_depth": 7}	ndcg@10	0.5165330053286319
2026-03-29T20:24:13+00:00	routing	turborepo	srt-warm	q35	{"beam_policy": "waterfill", "beam_width": 3, "max_depth": 7}	latency_s	0.010570625000006828
2026-03-29T20:24:13+00:00	routing	turborepo	srt-warm	q35	{"beam_policy": "uniform", "beam_width": 3, "max_depth": 10}	ndcg@10	0.457501902267035
2026-03-29T20:24:13+00:00	routing	turborepo	srt-warm	q35	{"beam_policy": "uniform", "beam_width": 3, "max_depth": 10}	latency_s	0.021369083000003286
2026-03-29T20:24:13+00:00	routing	turborepo	srt-warm	q35	{"beam_policy": "waterfill", "beam_width": 3, "max_depth": 10}	ndcg@10	0.5165330053286319
2026-03-29T20:24:13+00:00	routing	turborepo	srt-warm	q35	{"beam_policy": "waterfill", "beam_width": 3, "max_depth": 10}	latency_s	0.015444875000000025
2026-03-29T20:24:13+00:00	routing	turborepo	srt-warm	q35	{"beam_policy": "uniform", "beam_width": 5, "max_depth": 3}	ndcg@10	0.0
2026-03-29T20:24:13+00:00	routing	turborepo	srt-warm	q35	{"beam_policy": "uniform", "beam_width": 5, "max_depth": 3}	latency_s	0.01208249999999822
2026-03-29T20:24:13+00:00	routing	turborepo	srt-warm	q35	{"beam_policy": "waterfill", "beam_width": 5, "max_depth": 3}	ndcg@10	0.0
2026-03-29T20:24:13+00:00	routing	turborepo	srt-warm	q35	{"beam_policy": "waterfill", "beam_width": 5, "max_depth": 3}	latency_s	0.011951499999995008
2026-03-29T20:24:13+00:00	routing	turborepo	srt-warm	q35	{"beam_policy": "uniform", "beam_width": 5, "max_depth": 5}	ndcg@10	0.457501902267035
2026-03-29T20:24:13+00:00	routing	turborepo	srt-warm	q35	{"beam_policy": "uniform", "beam_width": 5, "max_depth": 5}	latency_s	0.02230300000000085
2026-03-29T20:24:13+00:00	routing	turborepo	srt-warm	q35	{"beam_policy": "waterfill", "beam_width": 5, "max_depth": 5}	ndcg@10	0.457501902267035
2026-03-29T20:24:13+00:00	routing	turborepo	srt-warm	q35	{"beam_policy": "waterfill", "beam_width": 5, "max_depth": 5}	latency_s	0.017950333000001706
2026-03-29T20:24:13+00:00	routing	turborepo	srt-warm	q35	{"beam_policy": "uniform", "beam_width": 5, "max_depth": 7}	ndcg@10	0.45500870155926904
2026-03-29T20:24:13+00:00	routing	turborepo	srt-warm	q35	{"beam_policy": "uniform", "beam_width": 5, "max_depth": 7}	latency_s	0.030050790999993637
2026-03-29T20:24:13+00:00	routing	turborepo	srt-warm	q35	{"beam_policy": "waterfill", "beam_width": 5, "max_depth": 7}	ndcg@10	0.45500870155926904
2026-03-29T20:24:13+00:00	routing	turborepo	srt-warm	q35	{"beam_policy": "waterfill", "beam_width": 5, "max_depth": 7}	latency_s	0.019089375000000075
2026-03-29T20:24:13+00:00	routing	turborepo	srt-warm	q35	{"beam_policy": "uniform", "beam_width": 5, "max_depth": 10}	ndcg@10	0.45500870155926904
2026-03-29T20:24:13+00:00	routing	turborepo	srt-warm	q35	{"beam_policy": "uniform", "beam_width": 5, "max_depth": 10}	latency_s	0.027087125000001322
2026-03-29T20:24:14+00:00	routing	turborepo	srt-warm	q35	{"beam_policy": "waterfill", "beam_width": 5, "max_depth": 10}	ndcg@10	0.45500870155926904
2026-03-29T20:24:14+00:00	routing	turborepo	srt-warm	q35	{"beam_policy": "waterfill", "beam_width": 5, "max_depth": 10}	latency_s	0.0192990420000001
2026-03-29T20:24:14+00:00	routing	turborepo	srt-warm	q35	{"beam_policy": "uniform", "beam_width": 7, "max_depth": 3}	ndcg@10	0.0
2026-03-29T20:24:14+00:00	routing	turborepo	srt-warm	q35	{"beam_policy": "uniform", "beam_width": 7, "max_depth": 3}	latency_s	0.014533790999998075
2026-03-29T20:24:14+00:00	routing	turborepo	srt-warm	q35	{"beam_policy": "waterfill", "beam_width": 7, "max_depth": 3}	ndcg@10	0.0
2026-03-29T20:24:14+00:00	routing	turborepo	srt-warm	q35	{"beam_policy": "waterfill", "beam_width": 7, "max_depth": 3}	latency_s	0.012773125000002494
2026-03-29T20:24:14+00:00	routing	turborepo	srt-warm	q35	{"beam_policy": "uniform", "beam_width": 7, "max_depth": 5}	ndcg@10	0.457501902267035
2026-03-29T20:24:14+00:00	routing	turborepo	srt-warm	q35	{"beam_policy": "uniform", "beam_width": 7, "max_depth": 5}	latency_s	0.03265774999999849
2026-03-29T20:24:14+00:00	routing	turborepo	srt-warm	q35	{"beam_policy": "waterfill", "beam_width": 7, "max_depth": 5}	ndcg@10	0.457501902267035
2026-03-29T20:24:14+00:00	routing	turborepo	srt-warm	q35	{"beam_policy": "waterfill", "beam_width": 7, "max_depth": 5}	latency_s	0.022312374999998497
2026-03-29T20:24:14+00:00	routing	turborepo	srt-warm	q35	{"beam_policy": "uniform", "beam_width": 7, "max_depth": 7}	ndcg@10	0.45500870155926904
2026-03-29T20:24:14+00:00	routing	turborepo	srt-warm	q35	{"beam_policy": "uniform", "beam_width": 7, "max_depth": 7}	latency_s	0.052596250000000566
2026-03-29T20:24:14+00:00	routing	turborepo	srt-warm	q35	{"beam_policy": "waterfill", "beam_width": 7, "max_depth": 7}	ndcg@10	0.45500870155926904
2026-03-29T20:24:14+00:00	routing	turborepo	srt-warm	q35	{"beam_policy": "waterfill", "beam_width": 7, "max_depth": 7}	latency_s	0.03176279199999499
2026-03-29T20:24:14+00:00	routing	turborepo	srt-warm	q35	{"beam_policy": "uniform", "beam_width": 7, "max_depth": 10}	ndcg@10	0.45500870155926904
2026-03-29T20:24:14+00:00	routing	turborepo	srt-warm	q35	{"beam_policy": "uniform", "beam_width": 7, "max_depth": 10}	latency_s	0.05364045800000383
2026-03-29T20:24:14+00:00	routing	turborepo	srt-warm	q35	{"beam_policy": "waterfill", "beam_width": 7, "max_depth": 10}	ndcg@10	0.45500870155926904
2026-03-29T20:24:14+00:00	routing	turborepo	srt-warm	q35	{"beam_policy": "waterfill", "beam_width": 7, "max_depth": 10}	latency_s	0.027765750000000367
2026-03-29T20:24:14+00:00	routing	turborepo	srt-warm	q35	{"beam_policy": "uniform", "beam_width": 10, "max_depth": 3}	ndcg@10	0.0
2026-03-29T20:24:14+00:00	routing	turborepo	srt-warm	q35	{"beam_policy": "uniform", "beam_width": 10, "max_depth": 3}	latency_s	0.02700187499999629
2026-03-29T20:24:14+00:00	routing	turborepo	srt-warm	q35	{"beam_policy": "waterfill", "beam_width": 10, "max_depth": 3}	ndcg@10	0.0
2026-03-29T20:24:14+00:00	routing	turborepo	srt-warm	q35	{"beam_policy": "waterfill", "beam_width": 10, "max_depth": 3}	latency_s	0.014612541999994733
2026-03-29T20:24:14+00:00	routing	turborepo	srt-warm	q35	{"beam_policy": "uniform", "beam_width": 10, "max_depth": 5}	ndcg@10	0.457501902267035
2026-03-29T20:24:14+00:00	routing	turborepo	srt-warm	q35	{"beam_policy": "uniform", "beam_width": 10, "max_depth": 5}	latency_s	0.05829795799999715
2026-03-29T20:24:14+00:00	routing	turborepo	srt-warm	q35	{"beam_policy": "waterfill", "beam_width": 10, "max_depth": 5}	ndcg@10	0.457501902267035
2026-03-29T20:24:14+00:00	routing	turborepo	srt-warm	q35	{"beam_policy": "waterfill", "beam_width": 10, "max_depth": 5}	latency_s	0.03338704199999398
2026-03-29T20:24:14+00:00	routing	turborepo	srt-warm	q35	{"beam_policy": "uniform", "beam_width": 10, "max_depth": 7}	ndcg@10	0.45500870155926904
2026-03-29T20:24:14+00:00	routing	turborepo	srt-warm	q35	{"beam_policy": "uniform", "beam_width": 10, "max_depth": 7}	latency_s	0.08301312499999369
2026-03-29T20:24:14+00:00	routing	turborepo	srt-warm	q35	{"beam_policy": "waterfill", "beam_width": 10, "max_depth": 7}	ndcg@10	0.45500870155926904
2026-03-29T20:24:14+00:00	routing	turborepo	srt-warm	q35	{"beam_policy": "waterfill", "beam_width": 10, "max_depth": 7}	latency_s	0.05331675000000047
2026-03-29T20:24:14+00:00	routing	turborepo	srt-warm	q35	{"beam_policy": "uniform", "beam_width": 10, "max_depth": 10}	ndcg@10	0.45500870155926904
2026-03-29T20:24:14+00:00	routing	turborepo	srt-warm	q35	{"beam_policy": "uniform", "beam_width": 10, "max_depth": 10}	latency_s	0.08655762500000463
2026-03-29T20:24:14+00:00	routing	turborepo	srt-warm	q35	{"beam_policy": "waterfill", "beam_width": 10, "max_depth": 10}	ndcg@10	0.45500870155926904
2026-03-29T20:24:14+00:00	routing	turborepo	srt-warm	q35	{"beam_policy": "waterfill", "beam_width": 10, "max_depth": 10}	latency_s	0.05335737500000448
2026-03-29T20:24:14+00:00	routing	turborepo	srt-warm	q36	{"beam_policy": "uniform", "beam_width": 2, "max_depth": 3}	ndcg@10	0.0
2026-03-29T20:24:14+00:00	routing	turborepo	srt-warm	q36	{"beam_policy": "uniform", "beam_width": 2, "max_depth": 3}	latency_s	0.012103249999995569
2026-03-29T20:24:14+00:00	routing	turborepo	srt-warm	q36	{"beam_policy": "waterfill", "beam_width": 2, "max_depth": 3}	ndcg@10	0.0
2026-03-29T20:24:14+00:00	routing	turborepo	srt-warm	q36	{"beam_policy": "waterfill", "beam_width": 2, "max_depth": 3}	latency_s	0.008985875000000476
2026-03-29T20:24:14+00:00	routing	turborepo	srt-warm	q36	{"beam_policy": "uniform", "beam_width": 2, "max_depth": 5}	ndcg@10	0.23980173319115133
2026-03-29T20:24:14+00:00	routing	turborepo	srt-warm	q36	{"beam_policy": "uniform", "beam_width": 2, "max_depth": 5}	latency_s	0.009038083000000086
2026-03-29T20:24:14+00:00	routing	turborepo	srt-warm	q36	{"beam_policy": "waterfill", "beam_width": 2, "max_depth": 5}	ndcg@10	0.23980173319115133
2026-03-29T20:24:14+00:00	routing	turborepo	srt-warm	q36	{"beam_policy": "waterfill", "beam_width": 2, "max_depth": 5}	latency_s	0.013203333999996403
2026-03-29T20:24:14+00:00	routing	turborepo	srt-warm	q36	{"beam_policy": "uniform", "beam_width": 2, "max_depth": 7}	ndcg@10	0.23980173319115133
2026-03-29T20:24:14+00:00	routing	turborepo	srt-warm	q36	{"beam_policy": "uniform", "beam_width": 2, "max_depth": 7}	latency_s	0.012940958000001501
2026-03-29T20:24:14+00:00	routing	turborepo	srt-warm	q36	{"beam_policy": "waterfill", "beam_width": 2, "max_depth": 7}	ndcg@10	0.23980173319115133
2026-03-29T20:24:14+00:00	routing	turborepo	srt-warm	q36	{"beam_policy": "waterfill", "beam_width": 2, "max_depth": 7}	latency_s	0.012537291999997535
2026-03-29T20:24:14+00:00	routing	turborepo	srt-warm	q36	{"beam_policy": "uniform", "beam_width": 2, "max_depth": 10}	ndcg@10	0.23980173319115133
2026-03-29T20:24:14+00:00	routing	turborepo	srt-warm	q36	{"beam_policy": "uniform", "beam_width": 2, "max_depth": 10}	latency_s	0.009064791000000127
2026-03-29T20:24:14+00:00	routing	turborepo	srt-warm	q36	{"beam_policy": "waterfill", "beam_width": 2, "max_depth": 10}	ndcg@10	0.23980173319115133
2026-03-29T20:24:14+00:00	routing	turborepo	srt-warm	q36	{"beam_policy": "waterfill", "beam_width": 2, "max_depth": 10}	latency_s	0.008614125000001138
2026-03-29T20:24:14+00:00	routing	turborepo	srt-warm	q36	{"beam_policy": "uniform", "beam_width": 3, "max_depth": 3}	ndcg@10	0.0
2026-03-29T20:24:14+00:00	routing	turborepo	srt-warm	q36	{"beam_policy": "uniform", "beam_width": 3, "max_depth": 3}	latency_s	0.010824833000000922
2026-03-29T20:24:14+00:00	routing	turborepo	srt-warm	q36	{"beam_policy": "waterfill", "beam_width": 3, "max_depth": 3}	ndcg@10	0.0
2026-03-29T20:24:14+00:00	routing	turborepo	srt-warm	q36	{"beam_policy": "waterfill", "beam_width": 3, "max_depth": 3}	latency_s	0.013073500000004401
2026-03-29T20:24:14+00:00	routing	turborepo	srt-warm	q36	{"beam_policy": "uniform", "beam_width": 3, "max_depth": 5}	ndcg@10	0.4339268995175302
2026-03-29T20:24:14+00:00	routing	turborepo	srt-warm	q36	{"beam_policy": "uniform", "beam_width": 3, "max_depth": 5}	latency_s	0.010971542000000056
2026-03-29T20:24:14+00:00	routing	turborepo	srt-warm	q36	{"beam_policy": "waterfill", "beam_width": 3, "max_depth": 5}	ndcg@10	0.23980173319115133
2026-03-29T20:24:14+00:00	routing	turborepo	srt-warm	q36	{"beam_policy": "waterfill", "beam_width": 3, "max_depth": 5}	latency_s	0.011348165999997661
2026-03-29T20:24:14+00:00	routing	turborepo	srt-warm	q36	{"beam_policy": "uniform", "beam_width": 3, "max_depth": 7}	ndcg@10	0.4339268995175302
2026-03-29T20:24:14+00:00	routing	turborepo	srt-warm	q36	{"beam_policy": "uniform", "beam_width": 3, "max_depth": 7}	latency_s	0.009879083000001287
2026-03-29T20:24:14+00:00	routing	turborepo	srt-warm	q36	{"beam_policy": "waterfill", "beam_width": 3, "max_depth": 7}	ndcg@10	0.23980173319115133
2026-03-29T20:24:14+00:00	routing	turborepo	srt-warm	q36	{"beam_policy": "waterfill", "beam_width": 3, "max_depth": 7}	latency_s	0.009695833000002096
2026-03-29T20:24:14+00:00	routing	turborepo	srt-warm	q36	{"beam_policy": "uniform", "beam_width": 3, "max_depth": 10}	ndcg@10	0.4339268995175302
2026-03-29T20:24:14+00:00	routing	turborepo	srt-warm	q36	{"beam_policy": "uniform", "beam_width": 3, "max_depth": 10}	latency_s	0.013509917000000371
2026-03-29T20:24:14+00:00	routing	turborepo	srt-warm	q36	{"beam_policy": "waterfill", "beam_width": 3, "max_depth": 10}	ndcg@10	0.23980173319115133
2026-03-29T20:24:14+00:00	routing	turborepo	srt-warm	q36	{"beam_policy": "waterfill", "beam_width": 3, "max_depth": 10}	latency_s	0.008603041999997174
2026-03-29T20:24:14+00:00	routing	turborepo	srt-warm	q36	{"beam_policy": "uniform", "beam_width": 5, "max_depth": 3}	ndcg@10	0.0
2026-03-29T20:24:14+00:00	routing	turborepo	srt-warm	q36	{"beam_policy": "uniform", "beam_width": 5, "max_depth": 3}	latency_s	0.013345291999996789
2026-03-29T20:24:14+00:00	routing	turborepo	srt-warm	q36	{"beam_policy": "waterfill", "beam_width": 5, "max_depth": 3}	ndcg@10	0.0
2026-03-29T20:24:14+00:00	routing	turborepo	srt-warm	q36	{"beam_policy": "waterfill", "beam_width": 5, "max_depth": 3}	latency_s	0.009334708000004355
2026-03-29T20:24:15+00:00	routing	turborepo	srt-warm	q36	{"beam_policy": "uniform", "beam_width": 5, "max_depth": 5}	ndcg@10	0.40165165611391734
2026-03-29T20:24:15+00:00	routing	turborepo	srt-warm	q36	{"beam_policy": "uniform", "beam_width": 5, "max_depth": 5}	latency_s	0.015681917000001988
2026-03-29T20:24:15+00:00	routing	turborepo	srt-warm	q36	{"beam_policy": "waterfill", "beam_width": 5, "max_depth": 5}	ndcg@10	0.4339268995175302
2026-03-29T20:24:15+00:00	routing	turborepo	srt-warm	q36	{"beam_policy": "waterfill", "beam_width": 5, "max_depth": 5}	latency_s	0.010648875000001112
2026-03-29T20:24:15+00:00	routing	turborepo	srt-warm	q36	{"beam_policy": "uniform", "beam_width": 5, "max_depth": 7}	ndcg@10	0.40165165611391734
2026-03-29T20:24:15+00:00	routing	turborepo	srt-warm	q36	{"beam_policy": "uniform", "beam_width": 5, "max_depth": 7}	latency_s	0.014764082999995765
2026-03-29T20:24:15+00:00	routing	turborepo	srt-warm	q36	{"beam_policy": "waterfill", "beam_width": 5, "max_depth": 7}	ndcg@10	0.4339268995175302
2026-03-29T20:24:15+00:00	routing	turborepo	srt-warm	q36	{"beam_policy": "waterfill", "beam_width": 5, "max_depth": 7}	latency_s	0.009937583999999333
2026-03-29T20:24:15+00:00	routing	turborepo	srt-warm	q36	{"beam_policy": "uniform", "beam_width": 5, "max_depth": 10}	ndcg@10	0.40165165611391734
2026-03-29T20:24:15+00:00	routing	turborepo	srt-warm	q36	{"beam_policy": "uniform", "beam_width": 5, "max_depth": 10}	latency_s	0.014533291999995868
2026-03-29T20:24:15+00:00	routing	turborepo	srt-warm	q36	{"beam_policy": "waterfill", "beam_width": 5, "max_depth": 10}	ndcg@10	0.4339268995175302
2026-03-29T20:24:15+00:00	routing	turborepo	srt-warm	q36	{"beam_policy": "waterfill", "beam_width": 5, "max_depth": 10}	latency_s	0.010560000000005232
2026-03-29T20:24:15+00:00	routing	turborepo	srt-warm	q36	{"beam_policy": "uniform", "beam_width": 7, "max_depth": 3}	ndcg@10	0.0
2026-03-29T20:24:15+00:00	routing	turborepo	srt-warm	q36	{"beam_policy": "uniform", "beam_width": 7, "max_depth": 3}	latency_s	0.016586332999999343
2026-03-29T20:24:15+00:00	routing	turborepo	srt-warm	q36	{"beam_policy": "waterfill", "beam_width": 7, "max_depth": 3}	ndcg@10	0.0
2026-03-29T20:24:15+00:00	routing	turborepo	srt-warm	q36	{"beam_policy": "waterfill", "beam_width": 7, "max_depth": 3}	latency_s	0.009518833000001337
2026-03-29T20:24:15+00:00	routing	turborepo	srt-warm	q36	{"beam_policy": "uniform", "beam_width": 7, "max_depth": 5}	ndcg@10	0.40165165611391734
2026-03-29T20:24:15+00:00	routing	turborepo	srt-warm	q36	{"beam_policy": "uniform", "beam_width": 7, "max_depth": 5}	latency_s	0.03560550000000262
2026-03-29T20:24:15+00:00	routing	turborepo	srt-warm	q36	{"beam_policy": "waterfill", "beam_width": 7, "max_depth": 5}	ndcg@10	0.40165165611391734
2026-03-29T20:24:15+00:00	routing	turborepo	srt-warm	q36	{"beam_policy": "waterfill", "beam_width": 7, "max_depth": 5}	latency_s	0.015268417000001477
2026-03-29T20:24:15+00:00	routing	turborepo	srt-warm	q36	{"beam_policy": "uniform", "beam_width": 7, "max_depth": 7}	ndcg@10	0.40165165611391734
2026-03-29T20:24:15+00:00	routing	turborepo	srt-warm	q36	{"beam_policy": "uniform", "beam_width": 7, "max_depth": 7}	latency_s	0.03343820899999628
2026-03-29T20:24:15+00:00	routing	turborepo	srt-warm	q36	{"beam_policy": "waterfill", "beam_width": 7, "max_depth": 7}	ndcg@10	0.40165165611391734
2026-03-29T20:24:15+00:00	routing	turborepo	srt-warm	q36	{"beam_policy": "waterfill", "beam_width": 7, "max_depth": 7}	latency_s	0.020721459000000664
2026-03-29T20:24:15+00:00	routing	turborepo	srt-warm	q36	{"beam_policy": "uniform", "beam_width": 7, "max_depth": 10}	ndcg@10	0.40165165611391734
2026-03-29T20:24:15+00:00	routing	turborepo	srt-warm	q36	{"beam_policy": "uniform", "beam_width": 7, "max_depth": 10}	latency_s	0.03389608399999844
2026-03-29T20:24:15+00:00	routing	turborepo	srt-warm	q36	{"beam_policy": "waterfill", "beam_width": 7, "max_depth": 10}	ndcg@10	0.40165165611391734
2026-03-29T20:24:15+00:00	routing	turborepo	srt-warm	q36	{"beam_policy": "waterfill", "beam_width": 7, "max_depth": 10}	latency_s	0.016564250000001834
2026-03-29T20:24:15+00:00	routing	turborepo	srt-warm	q36	{"beam_policy": "uniform", "beam_width": 10, "max_depth": 3}	ndcg@10	0.0
2026-03-29T20:24:15+00:00	routing	turborepo	srt-warm	q36	{"beam_policy": "uniform", "beam_width": 10, "max_depth": 3}	latency_s	0.021031791999995164
2026-03-29T20:24:15+00:00	routing	turborepo	srt-warm	q36	{"beam_policy": "waterfill", "beam_width": 10, "max_depth": 3}	ndcg@10	0.0
2026-03-29T20:24:15+00:00	routing	turborepo	srt-warm	q36	{"beam_policy": "waterfill", "beam_width": 10, "max_depth": 3}	latency_s	0.01775624999999792
2026-03-29T20:24:15+00:00	routing	turborepo	srt-warm	q36	{"beam_policy": "uniform", "beam_width": 10, "max_depth": 5}	ndcg@10	0.40165165611391734
2026-03-29T20:24:15+00:00	routing	turborepo	srt-warm	q36	{"beam_policy": "uniform", "beam_width": 10, "max_depth": 5}	latency_s	0.04753412499999854
2026-03-29T20:24:15+00:00	routing	turborepo	srt-warm	q36	{"beam_policy": "waterfill", "beam_width": 10, "max_depth": 5}	ndcg@10	0.40165165611391734
2026-03-29T20:24:15+00:00	routing	turborepo	srt-warm	q36	{"beam_policy": "waterfill", "beam_width": 10, "max_depth": 5}	latency_s	0.03544024999999351
2026-03-29T20:24:15+00:00	routing	turborepo	srt-warm	q36	{"beam_policy": "uniform", "beam_width": 10, "max_depth": 7}	ndcg@10	0.38899010039687315
2026-03-29T20:24:15+00:00	routing	turborepo	srt-warm	q36	{"beam_policy": "uniform", "beam_width": 10, "max_depth": 7}	latency_s	0.0620979579999954
2026-03-29T20:24:15+00:00	routing	turborepo	srt-warm	q36	{"beam_policy": "waterfill", "beam_width": 10, "max_depth": 7}	ndcg@10	0.40165165611391734
2026-03-29T20:24:15+00:00	routing	turborepo	srt-warm	q36	{"beam_policy": "waterfill", "beam_width": 10, "max_depth": 7}	latency_s	0.035208333999996455
2026-03-29T20:24:15+00:00	routing	turborepo	srt-warm	q36	{"beam_policy": "uniform", "beam_width": 10, "max_depth": 10}	ndcg@10	0.38899010039687315
2026-03-29T20:24:15+00:00	routing	turborepo	srt-warm	q36	{"beam_policy": "uniform", "beam_width": 10, "max_depth": 10}	latency_s	0.06359929099999562
2026-03-29T20:24:15+00:00	routing	turborepo	srt-warm	q36	{"beam_policy": "waterfill", "beam_width": 10, "max_depth": 10}	ndcg@10	0.40165165611391734
2026-03-29T20:24:15+00:00	routing	turborepo	srt-warm	q36	{"beam_policy": "waterfill", "beam_width": 10, "max_depth": 10}	latency_s	0.03220912500000139
2026-03-29T20:24:15+00:00	routing	turborepo	srt-warm	q37	{"beam_policy": "uniform", "beam_width": 2, "max_depth": 3}	ndcg@10	0.0
2026-03-29T20:24:15+00:00	routing	turborepo	srt-warm	q37	{"beam_policy": "uniform", "beam_width": 2, "max_depth": 3}	latency_s	0.008344000000001017
2026-03-29T20:24:15+00:00	routing	turborepo	srt-warm	q37	{"beam_policy": "waterfill", "beam_width": 2, "max_depth": 3}	ndcg@10	0.0
2026-03-29T20:24:15+00:00	routing	turborepo	srt-warm	q37	{"beam_policy": "waterfill", "beam_width": 2, "max_depth": 3}	latency_s	0.006648832999999854
2026-03-29T20:24:15+00:00	routing	turborepo	srt-warm	q37	{"beam_policy": "uniform", "beam_width": 2, "max_depth": 5}	ndcg@10	0.3710003951683377
2026-03-29T20:24:15+00:00	routing	turborepo	srt-warm	q37	{"beam_policy": "uniform", "beam_width": 2, "max_depth": 5}	latency_s	0.0095148750000007
2026-03-29T20:24:15+00:00	routing	turborepo	srt-warm	q37	{"beam_policy": "waterfill", "beam_width": 2, "max_depth": 5}	ndcg@10	0.0
2026-03-29T20:24:15+00:00	routing	turborepo	srt-warm	q37	{"beam_policy": "waterfill", "beam_width": 2, "max_depth": 5}	latency_s	0.005433000000003574
2026-03-29T20:24:15+00:00	routing	turborepo	srt-warm	q37	{"beam_policy": "uniform", "beam_width": 2, "max_depth": 7}	ndcg@10	0.3710003951683377
2026-03-29T20:24:15+00:00	routing	turborepo	srt-warm	q37	{"beam_policy": "uniform", "beam_width": 2, "max_depth": 7}	latency_s	0.012841165999994075
2026-03-29T20:24:15+00:00	routing	turborepo	srt-warm	q37	{"beam_policy": "waterfill", "beam_width": 2, "max_depth": 7}	ndcg@10	0.0
2026-03-29T20:24:15+00:00	routing	turborepo	srt-warm	q37	{"beam_policy": "waterfill", "beam_width": 2, "max_depth": 7}	latency_s	0.00572591699999947
2026-03-29T20:24:15+00:00	routing	turborepo	srt-warm	q37	{"beam_policy": "uniform", "beam_width": 2, "max_depth": 10}	ndcg@10	0.3710003951683377
2026-03-29T20:24:15+00:00	routing	turborepo	srt-warm	q37	{"beam_policy": "uniform", "beam_width": 2, "max_depth": 10}	latency_s	0.01054500000000047
2026-03-29T20:24:15+00:00	routing	turborepo	srt-warm	q37	{"beam_policy": "waterfill", "beam_width": 2, "max_depth": 10}	ndcg@10	0.0
2026-03-29T20:24:15+00:00	routing	turborepo	srt-warm	q37	{"beam_policy": "waterfill", "beam_width": 2, "max_depth": 10}	latency_s	0.006446791000001895
2026-03-29T20:24:15+00:00	routing	turborepo	srt-warm	q37	{"beam_policy": "uniform", "beam_width": 3, "max_depth": 3}	ndcg@10	0.0
2026-03-29T20:24:15+00:00	routing	turborepo	srt-warm	q37	{"beam_policy": "uniform", "beam_width": 3, "max_depth": 3}	latency_s	0.010837625000000628
2026-03-29T20:24:15+00:00	routing	turborepo	srt-warm	q37	{"beam_policy": "waterfill", "beam_width": 3, "max_depth": 3}	ndcg@10	0.0
2026-03-29T20:24:15+00:00	routing	turborepo	srt-warm	q37	{"beam_policy": "waterfill", "beam_width": 3, "max_depth": 3}	latency_s	0.009006458000001771
2026-03-29T20:24:15+00:00	routing	turborepo	srt-warm	q37	{"beam_policy": "uniform", "beam_width": 3, "max_depth": 5}	ndcg@10	0.3710003951683377
2026-03-29T20:24:15+00:00	routing	turborepo	srt-warm	q37	{"beam_policy": "uniform", "beam_width": 3, "max_depth": 5}	latency_s	0.012469291999998688
2026-03-29T20:24:15+00:00	routing	turborepo	srt-warm	q37	{"beam_policy": "waterfill", "beam_width": 3, "max_depth": 5}	ndcg@10	0.5640440766857497
2026-03-29T20:24:15+00:00	routing	turborepo	srt-warm	q37	{"beam_policy": "waterfill", "beam_width": 3, "max_depth": 5}	latency_s	0.011358375000000365
2026-03-29T20:24:15+00:00	routing	turborepo	srt-warm	q37	{"beam_policy": "uniform", "beam_width": 3, "max_depth": 7}	ndcg@10	0.3710003951683377
2026-03-29T20:24:15+00:00	routing	turborepo	srt-warm	q37	{"beam_policy": "uniform", "beam_width": 3, "max_depth": 7}	latency_s	0.013368499999998562
2026-03-29T20:24:15+00:00	routing	turborepo	srt-warm	q37	{"beam_policy": "waterfill", "beam_width": 3, "max_depth": 7}	ndcg@10	0.5640440766857497
2026-03-29T20:24:15+00:00	routing	turborepo	srt-warm	q37	{"beam_policy": "waterfill", "beam_width": 3, "max_depth": 7}	latency_s	0.012354667000003872
2026-03-29T20:24:15+00:00	routing	turborepo	srt-warm	q37	{"beam_policy": "uniform", "beam_width": 3, "max_depth": 10}	ndcg@10	0.3710003951683377
2026-03-29T20:24:15+00:00	routing	turborepo	srt-warm	q37	{"beam_policy": "uniform", "beam_width": 3, "max_depth": 10}	latency_s	0.017767333000001884
2026-03-29T20:24:15+00:00	routing	turborepo	srt-warm	q37	{"beam_policy": "waterfill", "beam_width": 3, "max_depth": 10}	ndcg@10	0.5640440766857497
2026-03-29T20:24:15+00:00	routing	turborepo	srt-warm	q37	{"beam_policy": "waterfill", "beam_width": 3, "max_depth": 10}	latency_s	0.012523917000002882
2026-03-29T20:24:15+00:00	routing	turborepo	srt-warm	q37	{"beam_policy": "uniform", "beam_width": 5, "max_depth": 3}	ndcg@10	0.0
2026-03-29T20:24:15+00:00	routing	turborepo	srt-warm	q37	{"beam_policy": "uniform", "beam_width": 5, "max_depth": 3}	latency_s	0.008656958000003101
2026-03-29T20:24:15+00:00	routing	turborepo	srt-warm	q37	{"beam_policy": "waterfill", "beam_width": 5, "max_depth": 3}	ndcg@10	0.0
2026-03-29T20:24:15+00:00	routing	turborepo	srt-warm	q37	{"beam_policy": "waterfill", "beam_width": 5, "max_depth": 3}	latency_s	0.008134708999996576
2026-03-29T20:24:15+00:00	routing	turborepo	srt-warm	q37	{"beam_policy": "uniform", "beam_width": 5, "max_depth": 5}	ndcg@10	0.5516477716616801
2026-03-29T20:24:15+00:00	routing	turborepo	srt-warm	q37	{"beam_policy": "uniform", "beam_width": 5, "max_depth": 5}	latency_s	0.012883791000000144
2026-03-29T20:24:15+00:00	routing	turborepo	srt-warm	q37	{"beam_policy": "waterfill", "beam_width": 5, "max_depth": 5}	ndcg@10	0.5516477716616801
2026-03-29T20:24:15+00:00	routing	turborepo	srt-warm	q37	{"beam_policy": "waterfill", "beam_width": 5, "max_depth": 5}	latency_s	0.01480875000000026
2026-03-29T20:24:15+00:00	routing	turborepo	srt-warm	q37	{"beam_policy": "uniform", "beam_width": 5, "max_depth": 7}	ndcg@10	0.5516477716616801
2026-03-29T20:24:15+00:00	routing	turborepo	srt-warm	q37	{"beam_policy": "uniform", "beam_width": 5, "max_depth": 7}	latency_s	0.016784166000000766
2026-03-29T20:24:15+00:00	routing	turborepo	srt-warm	q37	{"beam_policy": "waterfill", "beam_width": 5, "max_depth": 7}	ndcg@10	0.5516477716616801
2026-03-29T20:24:15+00:00	routing	turborepo	srt-warm	q37	{"beam_policy": "waterfill", "beam_width": 5, "max_depth": 7}	latency_s	0.013267666000004397
2026-03-29T20:24:15+00:00	routing	turborepo	srt-warm	q37	{"beam_policy": "uniform", "beam_width": 5, "max_depth": 10}	ndcg@10	0.5516477716616801
2026-03-29T20:24:15+00:00	routing	turborepo	srt-warm	q37	{"beam_policy": "uniform", "beam_width": 5, "max_depth": 10}	latency_s	0.014323999999994896
2026-03-29T20:24:15+00:00	routing	turborepo	srt-warm	q37	{"beam_policy": "waterfill", "beam_width": 5, "max_depth": 10}	ndcg@10	0.5516477716616801
2026-03-29T20:24:15+00:00	routing	turborepo	srt-warm	q37	{"beam_policy": "waterfill", "beam_width": 5, "max_depth": 10}	latency_s	0.012220750000004443
2026-03-29T20:24:15+00:00	routing	turborepo	srt-warm	q37	{"beam_policy": "uniform", "beam_width": 7, "max_depth": 3}	ndcg@10	0.0
2026-03-29T20:24:15+00:00	routing	turborepo	srt-warm	q37	{"beam_policy": "uniform", "beam_width": 7, "max_depth": 3}	latency_s	0.010528374999999812
2026-03-29T20:24:15+00:00	routing	turborepo	srt-warm	q37	{"beam_policy": "waterfill", "beam_width": 7, "max_depth": 3}	ndcg@10	0.0
2026-03-29T20:24:15+00:00	routing	turborepo	srt-warm	q37	{"beam_policy": "waterfill", "beam_width": 7, "max_depth": 3}	latency_s	0.00850629199999986
2026-03-29T20:24:15+00:00	routing	turborepo	srt-warm	q37	{"beam_policy": "uniform", "beam_width": 7, "max_depth": 5}	ndcg@10	0.5516477716616801
2026-03-29T20:24:15+00:00	routing	turborepo	srt-warm	q37	{"beam_policy": "uniform", "beam_width": 7, "max_depth": 5}	latency_s	0.016320292000003178
2026-03-29T20:24:15+00:00	routing	turborepo	srt-warm	q37	{"beam_policy": "waterfill", "beam_width": 7, "max_depth": 5}	ndcg@10	0.5516477716616801
2026-03-29T20:24:15+00:00	routing	turborepo	srt-warm	q37	{"beam_policy": "waterfill", "beam_width": 7, "max_depth": 5}	latency_s	0.013085249999996051
2026-03-29T20:24:16+00:00	routing	turborepo	srt-warm	q37	{"beam_policy": "uniform", "beam_width": 7, "max_depth": 7}	ndcg@10	0.5516477716616801
2026-03-29T20:24:16+00:00	routing	turborepo	srt-warm	q37	{"beam_policy": "uniform", "beam_width": 7, "max_depth": 7}	latency_s	0.017302458999999715
2026-03-29T20:24:16+00:00	routing	turborepo	srt-warm	q37	{"beam_policy": "waterfill", "beam_width": 7, "max_depth": 7}	ndcg@10	0.5516477716616801
2026-03-29T20:24:16+00:00	routing	turborepo	srt-warm	q37	{"beam_policy": "waterfill", "beam_width": 7, "max_depth": 7}	latency_s	0.013756790999998714
2026-03-29T20:24:16+00:00	routing	turborepo	srt-warm	q37	{"beam_policy": "uniform", "beam_width": 7, "max_depth": 10}	ndcg@10	0.5516477716616801
2026-03-29T20:24:16+00:00	routing	turborepo	srt-warm	q37	{"beam_policy": "uniform", "beam_width": 7, "max_depth": 10}	latency_s	0.01689208300000189
2026-03-29T20:24:16+00:00	routing	turborepo	srt-warm	q37	{"beam_policy": "waterfill", "beam_width": 7, "max_depth": 10}	ndcg@10	0.5516477716616801
2026-03-29T20:24:16+00:00	routing	turborepo	srt-warm	q37	{"beam_policy": "waterfill", "beam_width": 7, "max_depth": 10}	latency_s	0.01450987500000167
2026-03-29T20:24:16+00:00	routing	turborepo	srt-warm	q37	{"beam_policy": "uniform", "beam_width": 10, "max_depth": 3}	ndcg@10	0.0
2026-03-29T20:24:16+00:00	routing	turborepo	srt-warm	q37	{"beam_policy": "uniform", "beam_width": 10, "max_depth": 3}	latency_s	0.018901415999998505
2026-03-29T20:24:16+00:00	routing	turborepo	srt-warm	q37	{"beam_policy": "waterfill", "beam_width": 10, "max_depth": 3}	ndcg@10	0.0
2026-03-29T20:24:16+00:00	routing	turborepo	srt-warm	q37	{"beam_policy": "waterfill", "beam_width": 10, "max_depth": 3}	latency_s	0.009345959000000903
2026-03-29T20:24:16+00:00	routing	turborepo	srt-warm	q37	{"beam_policy": "uniform", "beam_width": 10, "max_depth": 5}	ndcg@10	0.5341412320558391
2026-03-29T20:24:16+00:00	routing	turborepo	srt-warm	q37	{"beam_policy": "uniform", "beam_width": 10, "max_depth": 5}	latency_s	0.03656404200000196
2026-03-29T20:24:16+00:00	routing	turborepo	srt-warm	q37	{"beam_policy": "waterfill", "beam_width": 10, "max_depth": 5}	ndcg@10	0.5516477716616801
2026-03-29T20:24:16+00:00	routing	turborepo	srt-warm	q37	{"beam_policy": "waterfill", "beam_width": 10, "max_depth": 5}	latency_s	0.017218915999997364
2026-03-29T20:24:16+00:00	routing	turborepo	srt-warm	q37	{"beam_policy": "uniform", "beam_width": 10, "max_depth": 7}	ndcg@10	0.5341412320558391
2026-03-29T20:24:16+00:00	routing	turborepo	srt-warm	q37	{"beam_policy": "uniform", "beam_width": 10, "max_depth": 7}	latency_s	0.03848404200000033
2026-03-29T20:24:16+00:00	routing	turborepo	srt-warm	q37	{"beam_policy": "waterfill", "beam_width": 10, "max_depth": 7}	ndcg@10	0.5516477716616801
2026-03-29T20:24:16+00:00	routing	turborepo	srt-warm	q37	{"beam_policy": "waterfill", "beam_width": 10, "max_depth": 7}	latency_s	0.016739166999997224
2026-03-29T20:24:16+00:00	routing	turborepo	srt-warm	q37	{"beam_policy": "uniform", "beam_width": 10, "max_depth": 10}	ndcg@10	0.5341412320558391
2026-03-29T20:24:16+00:00	routing	turborepo	srt-warm	q37	{"beam_policy": "uniform", "beam_width": 10, "max_depth": 10}	latency_s	0.040710834000002194
2026-03-29T20:24:16+00:00	routing	turborepo	srt-warm	q37	{"beam_policy": "waterfill", "beam_width": 10, "max_depth": 10}	ndcg@10	0.5516477716616801
2026-03-29T20:24:16+00:00	routing	turborepo	srt-warm	q37	{"beam_policy": "waterfill", "beam_width": 10, "max_depth": 10}	latency_s	0.01700675000000018
2026-03-29T20:24:16+00:00	routing	turborepo	srt-warm	q38	{"beam_policy": "uniform", "beam_width": 2, "max_depth": 3}	ndcg@10	0.0
2026-03-29T20:24:16+00:00	routing	turborepo	srt-warm	q38	{"beam_policy": "uniform", "beam_width": 2, "max_depth": 3}	latency_s	0.009686083000005397
2026-03-29T20:24:16+00:00	routing	turborepo	srt-warm	q38	{"beam_policy": "waterfill", "beam_width": 2, "max_depth": 3}	ndcg@10	0.0
2026-03-29T20:24:16+00:00	routing	turborepo	srt-warm	q38	{"beam_policy": "waterfill", "beam_width": 2, "max_depth": 3}	latency_s	0.009048833999997896
2026-03-29T20:24:16+00:00	routing	turborepo	srt-warm	q38	{"beam_policy": "uniform", "beam_width": 2, "max_depth": 5}	ndcg@10	0.8616049109849462
2026-03-29T20:24:16+00:00	routing	turborepo	srt-warm	q38	{"beam_policy": "uniform", "beam_width": 2, "max_depth": 5}	latency_s	0.01000754100000023
2026-03-29T20:24:16+00:00	routing	turborepo	srt-warm	q38	{"beam_policy": "waterfill", "beam_width": 2, "max_depth": 5}	ndcg@10	0.5244551632082282
2026-03-29T20:24:16+00:00	routing	turborepo	srt-warm	q38	{"beam_policy": "waterfill", "beam_width": 2, "max_depth": 5}	latency_s	0.009209708000000205
2026-03-29T20:24:16+00:00	routing	turborepo	srt-warm	q38	{"beam_policy": "uniform", "beam_width": 2, "max_depth": 7}	ndcg@10	0.8616049109849462
2026-03-29T20:24:16+00:00	routing	turborepo	srt-warm	q38	{"beam_policy": "uniform", "beam_width": 2, "max_depth": 7}	latency_s	0.013408708000000047
2026-03-29T20:24:16+00:00	routing	turborepo	srt-warm	q38	{"beam_policy": "waterfill", "beam_width": 2, "max_depth": 7}	ndcg@10	0.5244551632082282
2026-03-29T20:24:16+00:00	routing	turborepo	srt-warm	q38	{"beam_policy": "waterfill", "beam_width": 2, "max_depth": 7}	latency_s	0.016404667000003315
2026-03-29T20:24:16+00:00	routing	turborepo	srt-warm	q38	{"beam_policy": "uniform", "beam_width": 2, "max_depth": 10}	ndcg@10	0.8616049109849462
2026-03-29T20:24:16+00:00	routing	turborepo	srt-warm	q38	{"beam_policy": "uniform", "beam_width": 2, "max_depth": 10}	latency_s	0.015378292000001181
2026-03-29T20:24:16+00:00	routing	turborepo	srt-warm	q38	{"beam_policy": "waterfill", "beam_width": 2, "max_depth": 10}	ndcg@10	0.5244551632082282
2026-03-29T20:24:16+00:00	routing	turborepo	srt-warm	q38	{"beam_policy": "waterfill", "beam_width": 2, "max_depth": 10}	latency_s	0.00906425000000155
2026-03-29T20:24:16+00:00	routing	turborepo	srt-warm	q38	{"beam_policy": "uniform", "beam_width": 3, "max_depth": 3}	ndcg@10	0.0
2026-03-29T20:24:16+00:00	routing	turborepo	srt-warm	q38	{"beam_policy": "uniform", "beam_width": 3, "max_depth": 3}	latency_s	0.009915958999997088
2026-03-29T20:24:16+00:00	routing	turborepo	srt-warm	q38	{"beam_policy": "waterfill", "beam_width": 3, "max_depth": 3}	ndcg@10	0.0
2026-03-29T20:24:16+00:00	routing	turborepo	srt-warm	q38	{"beam_policy": "waterfill", "beam_width": 3, "max_depth": 3}	latency_s	0.011936290999997823
2026-03-29T20:24:16+00:00	routing	turborepo	srt-warm	q38	{"beam_policy": "uniform", "beam_width": 3, "max_depth": 5}	ndcg@10	0.8616049109849462
2026-03-29T20:24:16+00:00	routing	turborepo	srt-warm	q38	{"beam_policy": "uniform", "beam_width": 3, "max_depth": 5}	latency_s	0.013623709000000872
2026-03-29T20:24:16+00:00	routing	turborepo	srt-warm	q38	{"beam_policy": "waterfill", "beam_width": 3, "max_depth": 5}	ndcg@10	0.8616049109849462
2026-03-29T20:24:16+00:00	routing	turborepo	srt-warm	q38	{"beam_policy": "waterfill", "beam_width": 3, "max_depth": 5}	latency_s	0.010196915999998168
2026-03-29T20:24:16+00:00	routing	turborepo	srt-warm	q38	{"beam_policy": "uniform", "beam_width": 3, "max_depth": 7}	ndcg@10	0.8616049109849462
2026-03-29T20:24:16+00:00	routing	turborepo	srt-warm	q38	{"beam_policy": "uniform", "beam_width": 3, "max_depth": 7}	latency_s	0.011981750000003899
2026-03-29T20:24:16+00:00	routing	turborepo	srt-warm	q38	{"beam_policy": "waterfill", "beam_width": 3, "max_depth": 7}	ndcg@10	0.8616049109849462
2026-03-29T20:24:16+00:00	routing	turborepo	srt-warm	q38	{"beam_policy": "waterfill", "beam_width": 3, "max_depth": 7}	latency_s	0.012764625000002638
2026-03-29T20:24:16+00:00	routing	turborepo	srt-warm	q38	{"beam_policy": "uniform", "beam_width": 3, "max_depth": 10}	ndcg@10	0.8616049109849462
2026-03-29T20:24:16+00:00	routing	turborepo	srt-warm	q38	{"beam_policy": "uniform", "beam_width": 3, "max_depth": 10}	latency_s	0.011142124999999226
2026-03-29T20:24:16+00:00	routing	turborepo	srt-warm	q38	{"beam_policy": "waterfill", "beam_width": 3, "max_depth": 10}	ndcg@10	0.8616049109849462
2026-03-29T20:24:16+00:00	routing	turborepo	srt-warm	q38	{"beam_policy": "waterfill", "beam_width": 3, "max_depth": 10}	latency_s	0.010717583000001696
2026-03-29T20:24:16+00:00	routing	turborepo	srt-warm	q38	{"beam_policy": "uniform", "beam_width": 5, "max_depth": 3}	ndcg@10	0.0
2026-03-29T20:24:16+00:00	routing	turborepo	srt-warm	q38	{"beam_policy": "uniform", "beam_width": 5, "max_depth": 3}	latency_s	0.010580999999994845
2026-03-29T20:24:16+00:00	routing	turborepo	srt-warm	q38	{"beam_policy": "waterfill", "beam_width": 5, "max_depth": 3}	ndcg@10	0.0
2026-03-29T20:24:16+00:00	routing	turborepo	srt-warm	q38	{"beam_policy": "waterfill", "beam_width": 5, "max_depth": 3}	latency_s	0.011038583000001267
2026-03-29T20:24:16+00:00	routing	turborepo	srt-warm	q38	{"beam_policy": "uniform", "beam_width": 5, "max_depth": 5}	ndcg@10	0.8575886805728234
2026-03-29T20:24:16+00:00	routing	turborepo	srt-warm	q38	{"beam_policy": "uniform", "beam_width": 5, "max_depth": 5}	latency_s	0.015780165999998985
2026-03-29T20:24:16+00:00	routing	turborepo	srt-warm	q38	{"beam_policy": "waterfill", "beam_width": 5, "max_depth": 5}	ndcg@10	0.8616049109849462
2026-03-29T20:24:16+00:00	routing	turborepo	srt-warm	q38	{"beam_policy": "waterfill", "beam_width": 5, "max_depth": 5}	latency_s	0.015498999999998375
2026-03-29T20:24:16+00:00	routing	turborepo	srt-warm	q38	{"beam_policy": "uniform", "beam_width": 5, "max_depth": 7}	ndcg@10	0.8575886805728234
2026-03-29T20:24:16+00:00	routing	turborepo	srt-warm	q38	{"beam_policy": "uniform", "beam_width": 5, "max_depth": 7}	latency_s	0.0156935830000009
2026-03-29T20:24:16+00:00	routing	turborepo	srt-warm	q38	{"beam_policy": "waterfill", "beam_width": 5, "max_depth": 7}	ndcg@10	0.8616049109849462
2026-03-29T20:24:16+00:00	routing	turborepo	srt-warm	q38	{"beam_policy": "waterfill", "beam_width": 5, "max_depth": 7}	latency_s	0.011456041999998945
2026-03-29T20:24:16+00:00	routing	turborepo	srt-warm	q38	{"beam_policy": "uniform", "beam_width": 5, "max_depth": 10}	ndcg@10	0.8575886805728234
2026-03-29T20:24:16+00:00	routing	turborepo	srt-warm	q38	{"beam_policy": "uniform", "beam_width": 5, "max_depth": 10}	latency_s	0.016253542000001175
2026-03-29T20:24:16+00:00	routing	turborepo	srt-warm	q38	{"beam_policy": "waterfill", "beam_width": 5, "max_depth": 10}	ndcg@10	0.8616049109849462
2026-03-29T20:24:16+00:00	routing	turborepo	srt-warm	q38	{"beam_policy": "waterfill", "beam_width": 5, "max_depth": 10}	latency_s	0.012208209000000636
2026-03-29T20:24:16+00:00	routing	turborepo	srt-warm	q38	{"beam_policy": "uniform", "beam_width": 7, "max_depth": 3}	ndcg@10	0.0
2026-03-29T20:24:16+00:00	routing	turborepo	srt-warm	q38	{"beam_policy": "uniform", "beam_width": 7, "max_depth": 3}	latency_s	0.010846749999998906
2026-03-29T20:24:16+00:00	routing	turborepo	srt-warm	q38	{"beam_policy": "waterfill", "beam_width": 7, "max_depth": 3}	ndcg@10	0.0
2026-03-29T20:24:16+00:00	routing	turborepo	srt-warm	q38	{"beam_policy": "waterfill", "beam_width": 7, "max_depth": 3}	latency_s	0.010968500000004155
2026-03-29T20:24:16+00:00	routing	turborepo	srt-warm	q38	{"beam_policy": "uniform", "beam_width": 7, "max_depth": 5}	ndcg@10	0.7866827448123422
2026-03-29T20:24:16+00:00	routing	turborepo	srt-warm	q38	{"beam_policy": "uniform", "beam_width": 7, "max_depth": 5}	latency_s	0.022181875000001128
2026-03-29T20:24:16+00:00	routing	turborepo	srt-warm	q38	{"beam_policy": "waterfill", "beam_width": 7, "max_depth": 5}	ndcg@10	0.8575886805728234
2026-03-29T20:24:16+00:00	routing	turborepo	srt-warm	q38	{"beam_policy": "waterfill", "beam_width": 7, "max_depth": 5}	latency_s	0.01621095899999858
2026-03-29T20:24:16+00:00	routing	turborepo	srt-warm	q38	{"beam_policy": "uniform", "beam_width": 7, "max_depth": 7}	ndcg@10	0.7866827448123422
2026-03-29T20:24:16+00:00	routing	turborepo	srt-warm	q38	{"beam_policy": "uniform", "beam_width": 7, "max_depth": 7}	latency_s	0.02520900000000381
2026-03-29T20:24:16+00:00	routing	turborepo	srt-warm	q38	{"beam_policy": "waterfill", "beam_width": 7, "max_depth": 7}	ndcg@10	0.8575886805728234
2026-03-29T20:24:16+00:00	routing	turborepo	srt-warm	q38	{"beam_policy": "waterfill", "beam_width": 7, "max_depth": 7}	latency_s	0.016088416999998856
2026-03-29T20:24:16+00:00	routing	turborepo	srt-warm	q38	{"beam_policy": "uniform", "beam_width": 7, "max_depth": 10}	ndcg@10	0.7866827448123422
2026-03-29T20:24:16+00:00	routing	turborepo	srt-warm	q38	{"beam_policy": "uniform", "beam_width": 7, "max_depth": 10}	latency_s	0.0257456250000061
2026-03-29T20:24:16+00:00	routing	turborepo	srt-warm	q38	{"beam_policy": "waterfill", "beam_width": 7, "max_depth": 10}	ndcg@10	0.8575886805728234
2026-03-29T20:24:16+00:00	routing	turborepo	srt-warm	q38	{"beam_policy": "waterfill", "beam_width": 7, "max_depth": 10}	latency_s	0.016065959000002294
2026-03-29T20:24:16+00:00	routing	turborepo	srt-warm	q38	{"beam_policy": "uniform", "beam_width": 10, "max_depth": 3}	ndcg@10	0.0
2026-03-29T20:24:16+00:00	routing	turborepo	srt-warm	q38	{"beam_policy": "uniform", "beam_width": 10, "max_depth": 3}	latency_s	0.0221436670000017
2026-03-29T20:24:16+00:00	routing	turborepo	srt-warm	q38	{"beam_policy": "waterfill", "beam_width": 10, "max_depth": 3}	ndcg@10	0.0
2026-03-29T20:24:16+00:00	routing	turborepo	srt-warm	q38	{"beam_policy": "waterfill", "beam_width": 10, "max_depth": 3}	latency_s	0.010722084000001075
2026-03-29T20:24:16+00:00	routing	turborepo	srt-warm	q38	{"beam_policy": "uniform", "beam_width": 10, "max_depth": 5}	ndcg@10	0.7866827448123422
2026-03-29T20:24:16+00:00	routing	turborepo	srt-warm	q38	{"beam_policy": "uniform", "beam_width": 10, "max_depth": 5}	latency_s	0.0558323329999979
2026-03-29T20:24:16+00:00	routing	turborepo	srt-warm	q38	{"beam_policy": "waterfill", "beam_width": 10, "max_depth": 5}	ndcg@10	0.7866827448123422
2026-03-29T20:24:16+00:00	routing	turborepo	srt-warm	q38	{"beam_policy": "waterfill", "beam_width": 10, "max_depth": 5}	latency_s	0.022417750000002457
2026-03-29T20:24:16+00:00	routing	turborepo	srt-warm	q38	{"beam_policy": "uniform", "beam_width": 10, "max_depth": 7}	ndcg@10	0.7503257077625674
2026-03-29T20:24:16+00:00	routing	turborepo	srt-warm	q38	{"beam_policy": "uniform", "beam_width": 10, "max_depth": 7}	latency_s	0.07970462500000508
2026-03-29T20:24:17+00:00	routing	turborepo	srt-warm	q38	{"beam_policy": "waterfill", "beam_width": 10, "max_depth": 7}	ndcg@10	0.7866827448123422
2026-03-29T20:24:17+00:00	routing	turborepo	srt-warm	q38	{"beam_policy": "waterfill", "beam_width": 10, "max_depth": 7}	latency_s	0.023464083000000358
2026-03-29T20:24:17+00:00	routing	turborepo	srt-warm	q38	{"beam_policy": "uniform", "beam_width": 10, "max_depth": 10}	ndcg@10	0.7503257077625674
2026-03-29T20:24:17+00:00	routing	turborepo	srt-warm	q38	{"beam_policy": "uniform", "beam_width": 10, "max_depth": 10}	latency_s	0.08286158300000324
2026-03-29T20:24:17+00:00	routing	turborepo	srt-warm	q38	{"beam_policy": "waterfill", "beam_width": 10, "max_depth": 10}	ndcg@10	0.7866827448123422
2026-03-29T20:24:17+00:00	routing	turborepo	srt-warm	q38	{"beam_policy": "waterfill", "beam_width": 10, "max_depth": 10}	latency_s	0.0245677079999993
2026-03-29T20:24:17+00:00	routing	turborepo	srt-warm	q39	{"beam_policy": "uniform", "beam_width": 2, "max_depth": 3}	ndcg@10	0.0
2026-03-29T20:24:17+00:00	routing	turborepo	srt-warm	q39	{"beam_policy": "uniform", "beam_width": 2, "max_depth": 3}	latency_s	0.011273792000004335
2026-03-29T20:24:17+00:00	routing	turborepo	srt-warm	q39	{"beam_policy": "waterfill", "beam_width": 2, "max_depth": 3}	ndcg@10	0.0
2026-03-29T20:24:17+00:00	routing	turborepo	srt-warm	q39	{"beam_policy": "waterfill", "beam_width": 2, "max_depth": 3}	latency_s	0.007977083999996637
2026-03-29T20:24:17+00:00	routing	turborepo	srt-warm	q39	{"beam_policy": "uniform", "beam_width": 2, "max_depth": 5}	ndcg@10	0.6651362944846629
2026-03-29T20:24:17+00:00	routing	turborepo	srt-warm	q39	{"beam_policy": "uniform", "beam_width": 2, "max_depth": 5}	latency_s	0.010330833000004702
2026-03-29T20:24:17+00:00	routing	turborepo	srt-warm	q39	{"beam_policy": "waterfill", "beam_width": 2, "max_depth": 5}	ndcg@10	0.0
2026-03-29T20:24:17+00:00	routing	turborepo	srt-warm	q39	{"beam_policy": "waterfill", "beam_width": 2, "max_depth": 5}	latency_s	0.00870158300000412
2026-03-29T20:24:17+00:00	routing	turborepo	srt-warm	q39	{"beam_policy": "uniform", "beam_width": 2, "max_depth": 7}	ndcg@10	0.6651362944846629
2026-03-29T20:24:17+00:00	routing	turborepo	srt-warm	q39	{"beam_policy": "uniform", "beam_width": 2, "max_depth": 7}	latency_s	0.013403083000000038
2026-03-29T20:24:17+00:00	routing	turborepo	srt-warm	q39	{"beam_policy": "waterfill", "beam_width": 2, "max_depth": 7}	ndcg@10	0.0
2026-03-29T20:24:17+00:00	routing	turborepo	srt-warm	q39	{"beam_policy": "waterfill", "beam_width": 2, "max_depth": 7}	latency_s	0.007708624999999358
2026-03-29T20:24:17+00:00	routing	turborepo	srt-warm	q39	{"beam_policy": "uniform", "beam_width": 2, "max_depth": 10}	ndcg@10	0.6651362944846629
2026-03-29T20:24:17+00:00	routing	turborepo	srt-warm	q39	{"beam_policy": "uniform", "beam_width": 2, "max_depth": 10}	latency_s	0.011794999999999334
2026-03-29T20:24:17+00:00	routing	turborepo	srt-warm	q39	{"beam_policy": "waterfill", "beam_width": 2, "max_depth": 10}	ndcg@10	0.0
2026-03-29T20:24:17+00:00	routing	turborepo	srt-warm	q39	{"beam_policy": "waterfill", "beam_width": 2, "max_depth": 10}	latency_s	0.00684295800000001
2026-03-29T20:24:17+00:00	routing	turborepo	srt-warm	q39	{"beam_policy": "uniform", "beam_width": 3, "max_depth": 3}	ndcg@10	0.0
2026-03-29T20:24:17+00:00	routing	turborepo	srt-warm	q39	{"beam_policy": "uniform", "beam_width": 3, "max_depth": 3}	latency_s	0.011206667000003279
2026-03-29T20:24:17+00:00	routing	turborepo	srt-warm	q39	{"beam_policy": "waterfill", "beam_width": 3, "max_depth": 3}	ndcg@10	0.0
2026-03-29T20:24:17+00:00	routing	turborepo	srt-warm	q39	{"beam_policy": "waterfill", "beam_width": 3, "max_depth": 3}	latency_s	0.008451874999998665
2026-03-29T20:24:17+00:00	routing	turborepo	srt-warm	q39	{"beam_policy": "uniform", "beam_width": 3, "max_depth": 5}	ndcg@10	0.6651362944846629
2026-03-29T20:24:17+00:00	routing	turborepo	srt-warm	q39	{"beam_policy": "uniform", "beam_width": 3, "max_depth": 5}	latency_s	0.013862125000002834
2026-03-29T20:24:17+00:00	routing	turborepo	srt-warm	q39	{"beam_policy": "waterfill", "beam_width": 3, "max_depth": 5}	ndcg@10	0.6651362944846629
2026-03-29T20:24:17+00:00	routing	turborepo	srt-warm	q39	{"beam_policy": "waterfill", "beam_width": 3, "max_depth": 5}	latency_s	0.010087708000000362
2026-03-29T20:24:17+00:00	routing	turborepo	srt-warm	q39	{"beam_policy": "uniform", "beam_width": 3, "max_depth": 7}	ndcg@10	0.6651362944846629
2026-03-29T20:24:17+00:00	routing	turborepo	srt-warm	q39	{"beam_policy": "uniform", "beam_width": 3, "max_depth": 7}	latency_s	0.014589083000004166
2026-03-29T20:24:17+00:00	routing	turborepo	srt-warm	q39	{"beam_policy": "waterfill", "beam_width": 3, "max_depth": 7}	ndcg@10	0.6651362944846629
2026-03-29T20:24:17+00:00	routing	turborepo	srt-warm	q39	{"beam_policy": "waterfill", "beam_width": 3, "max_depth": 7}	latency_s	0.011688958000000582
2026-03-29T20:24:17+00:00	routing	turborepo	srt-warm	q39	{"beam_policy": "uniform", "beam_width": 3, "max_depth": 10}	ndcg@10	0.6651362944846629
2026-03-29T20:24:17+00:00	routing	turborepo	srt-warm	q39	{"beam_policy": "uniform", "beam_width": 3, "max_depth": 10}	latency_s	0.0113507499999983
2026-03-29T20:24:17+00:00	routing	turborepo	srt-warm	q39	{"beam_policy": "waterfill", "beam_width": 3, "max_depth": 10}	ndcg@10	0.6651362944846629
2026-03-29T20:24:17+00:00	routing	turborepo	srt-warm	q39	{"beam_policy": "waterfill", "beam_width": 3, "max_depth": 10}	latency_s	0.010103166999996915
2026-03-29T20:24:17+00:00	routing	turborepo	srt-warm	q39	{"beam_policy": "uniform", "beam_width": 5, "max_depth": 3}	ndcg@10	0.0
2026-03-29T20:24:17+00:00	routing	turborepo	srt-warm	q39	{"beam_policy": "uniform", "beam_width": 5, "max_depth": 3}	latency_s	0.009321333999999126
2026-03-29T20:24:17+00:00	routing	turborepo	srt-warm	q39	{"beam_policy": "waterfill", "beam_width": 5, "max_depth": 3}	ndcg@10	0.0
2026-03-29T20:24:17+00:00	routing	turborepo	srt-warm	q39	{"beam_policy": "waterfill", "beam_width": 5, "max_depth": 3}	latency_s	0.008932708000003231
2026-03-29T20:24:17+00:00	routing	turborepo	srt-warm	q39	{"beam_policy": "uniform", "beam_width": 5, "max_depth": 5}	ndcg@10	0.8276058507502981
2026-03-29T20:24:17+00:00	routing	turborepo	srt-warm	q39	{"beam_policy": "uniform", "beam_width": 5, "max_depth": 5}	latency_s	0.013734708000001206
2026-03-29T20:24:17+00:00	routing	turborepo	srt-warm	q39	{"beam_policy": "waterfill", "beam_width": 5, "max_depth": 5}	ndcg@10	0.8276058507502981
2026-03-29T20:24:17+00:00	routing	turborepo	srt-warm	q39	{"beam_policy": "waterfill", "beam_width": 5, "max_depth": 5}	latency_s	0.015781916000001672
2026-03-29T20:24:17+00:00	routing	turborepo	srt-warm	q39	{"beam_policy": "uniform", "beam_width": 5, "max_depth": 7}	ndcg@10	0.8276058507502981
2026-03-29T20:24:17+00:00	routing	turborepo	srt-warm	q39	{"beam_policy": "uniform", "beam_width": 5, "max_depth": 7}	latency_s	0.01428749999999468
2026-03-29T20:24:17+00:00	routing	turborepo	srt-warm	q39	{"beam_policy": "waterfill", "beam_width": 5, "max_depth": 7}	ndcg@10	0.8276058507502981
2026-03-29T20:24:17+00:00	routing	turborepo	srt-warm	q39	{"beam_policy": "waterfill", "beam_width": 5, "max_depth": 7}	latency_s	0.012355749999997556
2026-03-29T20:24:17+00:00	routing	turborepo	srt-warm	q39	{"beam_policy": "uniform", "beam_width": 5, "max_depth": 10}	ndcg@10	0.8276058507502981
2026-03-29T20:24:17+00:00	routing	turborepo	srt-warm	q39	{"beam_policy": "uniform", "beam_width": 5, "max_depth": 10}	latency_s	0.014194500000002108
2026-03-29T20:24:17+00:00	routing	turborepo	srt-warm	q39	{"beam_policy": "waterfill", "beam_width": 5, "max_depth": 10}	ndcg@10	0.8276058507502981
2026-03-29T20:24:17+00:00	routing	turborepo	srt-warm	q39	{"beam_policy": "waterfill", "beam_width": 5, "max_depth": 10}	latency_s	0.012906375000000025
2026-03-29T20:24:17+00:00	routing	turborepo	srt-warm	q39	{"beam_policy": "uniform", "beam_width": 7, "max_depth": 3}	ndcg@10	0.0
2026-03-29T20:24:17+00:00	routing	turborepo	srt-warm	q39	{"beam_policy": "uniform", "beam_width": 7, "max_depth": 3}	latency_s	0.01141041700000045
2026-03-29T20:24:17+00:00	routing	turborepo	srt-warm	q39	{"beam_policy": "waterfill", "beam_width": 7, "max_depth": 3}	ndcg@10	0.0
2026-03-29T20:24:17+00:00	routing	turborepo	srt-warm	q39	{"beam_policy": "waterfill", "beam_width": 7, "max_depth": 3}	latency_s	0.00938362499999812
2026-03-29T20:24:17+00:00	routing	turborepo	srt-warm	q39	{"beam_policy": "uniform", "beam_width": 7, "max_depth": 5}	ndcg@10	0.8276058507502981
2026-03-29T20:24:17+00:00	routing	turborepo	srt-warm	q39	{"beam_policy": "uniform", "beam_width": 7, "max_depth": 5}	latency_s	0.02271662499999394
2026-03-29T20:24:17+00:00	routing	turborepo	srt-warm	q39	{"beam_policy": "waterfill", "beam_width": 7, "max_depth": 5}	ndcg@10	0.8276058507502981
2026-03-29T20:24:17+00:00	routing	turborepo	srt-warm	q39	{"beam_policy": "waterfill", "beam_width": 7, "max_depth": 5}	latency_s	0.01562691699999874
2026-03-29T20:24:17+00:00	routing	turborepo	srt-warm	q39	{"beam_policy": "uniform", "beam_width": 7, "max_depth": 7}	ndcg@10	0.8276058507502981
2026-03-29T20:24:17+00:00	routing	turborepo	srt-warm	q39	{"beam_policy": "uniform", "beam_width": 7, "max_depth": 7}	latency_s	0.0345840829999986
2026-03-29T20:24:17+00:00	routing	turborepo	srt-warm	q39	{"beam_policy": "waterfill", "beam_width": 7, "max_depth": 7}	ndcg@10	0.8276058507502981
2026-03-29T20:24:17+00:00	routing	turborepo	srt-warm	q39	{"beam_policy": "waterfill", "beam_width": 7, "max_depth": 7}	latency_s	0.018282792000000825
2026-03-29T20:24:17+00:00	routing	turborepo	srt-warm	q39	{"beam_policy": "uniform", "beam_width": 7, "max_depth": 10}	ndcg@10	0.8276058507502981
2026-03-29T20:24:17+00:00	routing	turborepo	srt-warm	q39	{"beam_policy": "uniform", "beam_width": 7, "max_depth": 10}	latency_s	0.03826320900000013
2026-03-29T20:24:17+00:00	routing	turborepo	srt-warm	q39	{"beam_policy": "waterfill", "beam_width": 7, "max_depth": 10}	ndcg@10	0.8276058507502981
2026-03-29T20:24:17+00:00	routing	turborepo	srt-warm	q39	{"beam_policy": "waterfill", "beam_width": 7, "max_depth": 10}	latency_s	0.014572250000000508
2026-03-29T20:24:17+00:00	routing	turborepo	srt-warm	q39	{"beam_policy": "uniform", "beam_width": 10, "max_depth": 3}	ndcg@10	0.0
2026-03-29T20:24:17+00:00	routing	turborepo	srt-warm	q39	{"beam_policy": "uniform", "beam_width": 10, "max_depth": 3}	latency_s	0.02012650000000349
2026-03-29T20:24:17+00:00	routing	turborepo	srt-warm	q39	{"beam_policy": "waterfill", "beam_width": 10, "max_depth": 3}	ndcg@10	0.0
2026-03-29T20:24:17+00:00	routing	turborepo	srt-warm	q39	{"beam_policy": "waterfill", "beam_width": 10, "max_depth": 3}	latency_s	0.010921999999993659
2026-03-29T20:24:17+00:00	routing	turborepo	srt-warm	q39	{"beam_policy": "uniform", "beam_width": 10, "max_depth": 5}	ndcg@10	0.8276058507502981
2026-03-29T20:24:17+00:00	routing	turborepo	srt-warm	q39	{"beam_policy": "uniform", "beam_width": 10, "max_depth": 5}	latency_s	0.057613332999999045
2026-03-29T20:24:17+00:00	routing	turborepo	srt-warm	q39	{"beam_policy": "waterfill", "beam_width": 10, "max_depth": 5}	ndcg@10	0.8276058507502981
2026-03-29T20:24:17+00:00	routing	turborepo	srt-warm	q39	{"beam_policy": "waterfill", "beam_width": 10, "max_depth": 5}	latency_s	0.026734083000000908
2026-03-29T20:24:17+00:00	routing	turborepo	srt-warm	q39	{"beam_policy": "uniform", "beam_width": 10, "max_depth": 7}	ndcg@10	0.8276058507502981
2026-03-29T20:24:17+00:00	routing	turborepo	srt-warm	q39	{"beam_policy": "uniform", "beam_width": 10, "max_depth": 7}	latency_s	0.07030095900000077
2026-03-29T20:24:17+00:00	routing	turborepo	srt-warm	q39	{"beam_policy": "waterfill", "beam_width": 10, "max_depth": 7}	ndcg@10	0.8276058507502981
2026-03-29T20:24:17+00:00	routing	turborepo	srt-warm	q39	{"beam_policy": "waterfill", "beam_width": 10, "max_depth": 7}	latency_s	0.037046500000002425
2026-03-29T20:24:17+00:00	routing	turborepo	srt-warm	q39	{"beam_policy": "uniform", "beam_width": 10, "max_depth": 10}	ndcg@10	0.8276058507502981
2026-03-29T20:24:17+00:00	routing	turborepo	srt-warm	q39	{"beam_policy": "uniform", "beam_width": 10, "max_depth": 10}	latency_s	0.07216274999999683
2026-03-29T20:24:18+00:00	routing	turborepo	srt-warm	q39	{"beam_policy": "waterfill", "beam_width": 10, "max_depth": 10}	ndcg@10	0.8276058507502981
2026-03-29T20:24:18+00:00	routing	turborepo	srt-warm	q39	{"beam_policy": "waterfill", "beam_width": 10, "max_depth": 10}	latency_s	0.036100457999999946
2026-03-29T20:24:18+00:00	routing	turborepo	srt-warm	q40	{"beam_policy": "uniform", "beam_width": 2, "max_depth": 3}	ndcg@10	0.0
2026-03-29T20:24:18+00:00	routing	turborepo	srt-warm	q40	{"beam_policy": "uniform", "beam_width": 2, "max_depth": 3}	latency_s	0.009295000000001608
2026-03-29T20:24:18+00:00	routing	turborepo	srt-warm	q40	{"beam_policy": "waterfill", "beam_width": 2, "max_depth": 3}	ndcg@10	0.0
2026-03-29T20:24:18+00:00	routing	turborepo	srt-warm	q40	{"beam_policy": "waterfill", "beam_width": 2, "max_depth": 3}	latency_s	0.014948541999999065
2026-03-29T20:24:18+00:00	routing	turborepo	srt-warm	q40	{"beam_policy": "uniform", "beam_width": 2, "max_depth": 5}	ndcg@10	0.3530673509902107
2026-03-29T20:24:18+00:00	routing	turborepo	srt-warm	q40	{"beam_policy": "uniform", "beam_width": 2, "max_depth": 5}	latency_s	0.01263070899999974
2026-03-29T20:24:18+00:00	routing	turborepo	srt-warm	q40	{"beam_policy": "waterfill", "beam_width": 2, "max_depth": 5}	ndcg@10	0.0
2026-03-29T20:24:18+00:00	routing	turborepo	srt-warm	q40	{"beam_policy": "waterfill", "beam_width": 2, "max_depth": 5}	latency_s	0.010152124999997625
2026-03-29T20:24:18+00:00	routing	turborepo	srt-warm	q40	{"beam_policy": "uniform", "beam_width": 2, "max_depth": 7}	ndcg@10	0.3530673509902107
2026-03-29T20:24:18+00:00	routing	turborepo	srt-warm	q40	{"beam_policy": "uniform", "beam_width": 2, "max_depth": 7}	latency_s	0.010485750000000849
2026-03-29T20:24:18+00:00	routing	turborepo	srt-warm	q40	{"beam_policy": "waterfill", "beam_width": 2, "max_depth": 7}	ndcg@10	0.0
2026-03-29T20:24:18+00:00	routing	turborepo	srt-warm	q40	{"beam_policy": "waterfill", "beam_width": 2, "max_depth": 7}	latency_s	0.011708875000003616
2026-03-29T20:24:18+00:00	routing	turborepo	srt-warm	q40	{"beam_policy": "uniform", "beam_width": 2, "max_depth": 10}	ndcg@10	0.3530673509902107
2026-03-29T20:24:18+00:00	routing	turborepo	srt-warm	q40	{"beam_policy": "uniform", "beam_width": 2, "max_depth": 10}	latency_s	0.012387791999998399
2026-03-29T20:24:18+00:00	routing	turborepo	srt-warm	q40	{"beam_policy": "waterfill", "beam_width": 2, "max_depth": 10}	ndcg@10	0.0
2026-03-29T20:24:18+00:00	routing	turborepo	srt-warm	q40	{"beam_policy": "waterfill", "beam_width": 2, "max_depth": 10}	latency_s	0.009861916999994946
2026-03-29T20:24:18+00:00	routing	turborepo	srt-warm	q40	{"beam_policy": "uniform", "beam_width": 3, "max_depth": 3}	ndcg@10	0.0
2026-03-29T20:24:18+00:00	routing	turborepo	srt-warm	q40	{"beam_policy": "uniform", "beam_width": 3, "max_depth": 3}	latency_s	0.011015499999999179
2026-03-29T20:24:18+00:00	routing	turborepo	srt-warm	q40	{"beam_policy": "waterfill", "beam_width": 3, "max_depth": 3}	ndcg@10	0.0
2026-03-29T20:24:18+00:00	routing	turborepo	srt-warm	q40	{"beam_policy": "waterfill", "beam_width": 3, "max_depth": 3}	latency_s	0.008870334000000923
2026-03-29T20:24:18+00:00	routing	turborepo	srt-warm	q40	{"beam_policy": "uniform", "beam_width": 3, "max_depth": 5}	ndcg@10	0.3530673509902107
2026-03-29T20:24:18+00:00	routing	turborepo	srt-warm	q40	{"beam_policy": "uniform", "beam_width": 3, "max_depth": 5}	latency_s	0.012876875000003452
2026-03-29T20:24:18+00:00	routing	turborepo	srt-warm	q40	{"beam_policy": "waterfill", "beam_width": 3, "max_depth": 5}	ndcg@10	0.3530673509902107
2026-03-29T20:24:18+00:00	routing	turborepo	srt-warm	q40	{"beam_policy": "waterfill", "beam_width": 3, "max_depth": 5}	latency_s	0.010370125000001451
2026-03-29T20:24:18+00:00	routing	turborepo	srt-warm	q40	{"beam_policy": "uniform", "beam_width": 3, "max_depth": 7}	ndcg@10	0.3530673509902107
2026-03-29T20:24:18+00:00	routing	turborepo	srt-warm	q40	{"beam_policy": "uniform", "beam_width": 3, "max_depth": 7}	latency_s	0.012518624999998451
2026-03-29T20:24:18+00:00	routing	turborepo	srt-warm	q40	{"beam_policy": "waterfill", "beam_width": 3, "max_depth": 7}	ndcg@10	0.3530673509902107
2026-03-29T20:24:18+00:00	routing	turborepo	srt-warm	q40	{"beam_policy": "waterfill", "beam_width": 3, "max_depth": 7}	latency_s	0.011653500000001316
2026-03-29T20:24:18+00:00	routing	turborepo	srt-warm	q40	{"beam_policy": "uniform", "beam_width": 3, "max_depth": 10}	ndcg@10	0.3530673509902107
2026-03-29T20:24:18+00:00	routing	turborepo	srt-warm	q40	{"beam_policy": "uniform", "beam_width": 3, "max_depth": 10}	latency_s	0.013479875000001584
2026-03-29T20:24:18+00:00	routing	turborepo	srt-warm	q40	{"beam_policy": "waterfill", "beam_width": 3, "max_depth": 10}	ndcg@10	0.3530673509902107
2026-03-29T20:24:18+00:00	routing	turborepo	srt-warm	q40	{"beam_policy": "waterfill", "beam_width": 3, "max_depth": 10}	latency_s	0.01322233300000164
2026-03-29T20:24:18+00:00	routing	turborepo	srt-warm	q40	{"beam_policy": "uniform", "beam_width": 5, "max_depth": 3}	ndcg@10	0.0
2026-03-29T20:24:18+00:00	routing	turborepo	srt-warm	q40	{"beam_policy": "uniform", "beam_width": 5, "max_depth": 3}	latency_s	0.012248917000000858
2026-03-29T20:24:18+00:00	routing	turborepo	srt-warm	q40	{"beam_policy": "waterfill", "beam_width": 5, "max_depth": 3}	ndcg@10	0.0
2026-03-29T20:24:18+00:00	routing	turborepo	srt-warm	q40	{"beam_policy": "waterfill", "beam_width": 5, "max_depth": 3}	latency_s	0.00931612499999801
2026-03-29T20:24:18+00:00	routing	turborepo	srt-warm	q40	{"beam_policy": "uniform", "beam_width": 5, "max_depth": 5}	ndcg@10	0.5395063739858038
2026-03-29T20:24:18+00:00	routing	turborepo	srt-warm	q40	{"beam_policy": "uniform", "beam_width": 5, "max_depth": 5}	latency_s	0.017429833999997868
2026-03-29T20:24:18+00:00	routing	turborepo	srt-warm	q40	{"beam_policy": "waterfill", "beam_width": 5, "max_depth": 5}	ndcg@10	0.3530673509902107
2026-03-29T20:24:18+00:00	routing	turborepo	srt-warm	q40	{"beam_policy": "waterfill", "beam_width": 5, "max_depth": 5}	latency_s	0.014241832999999815
2026-03-29T20:24:18+00:00	routing	turborepo	srt-warm	q40	{"beam_policy": "uniform", "beam_width": 5, "max_depth": 7}	ndcg@10	0.5395063739858038
2026-03-29T20:24:18+00:00	routing	turborepo	srt-warm	q40	{"beam_policy": "uniform", "beam_width": 5, "max_depth": 7}	latency_s	0.01548591699999946
2026-03-29T20:24:18+00:00	routing	turborepo	srt-warm	q40	{"beam_policy": "waterfill", "beam_width": 5, "max_depth": 7}	ndcg@10	0.3530673509902107
2026-03-29T20:24:18+00:00	routing	turborepo	srt-warm	q40	{"beam_policy": "waterfill", "beam_width": 5, "max_depth": 7}	latency_s	0.014159082999995576
2026-03-29T20:24:18+00:00	routing	turborepo	srt-warm	q40	{"beam_policy": "uniform", "beam_width": 5, "max_depth": 10}	ndcg@10	0.5395063739858038
2026-03-29T20:24:18+00:00	routing	turborepo	srt-warm	q40	{"beam_policy": "uniform", "beam_width": 5, "max_depth": 10}	latency_s	0.015255167000006509
2026-03-29T20:24:18+00:00	routing	turborepo	srt-warm	q40	{"beam_policy": "waterfill", "beam_width": 5, "max_depth": 10}	ndcg@10	0.3530673509902107
2026-03-29T20:24:18+00:00	routing	turborepo	srt-warm	q40	{"beam_policy": "waterfill", "beam_width": 5, "max_depth": 10}	latency_s	0.015735832999993704
2026-03-29T20:24:18+00:00	routing	turborepo	srt-warm	q40	{"beam_policy": "uniform", "beam_width": 7, "max_depth": 3}	ndcg@10	0.0
2026-03-29T20:24:18+00:00	routing	turborepo	srt-warm	q40	{"beam_policy": "uniform", "beam_width": 7, "max_depth": 3}	latency_s	0.01715079200000247
2026-03-29T20:24:18+00:00	routing	turborepo	srt-warm	q40	{"beam_policy": "waterfill", "beam_width": 7, "max_depth": 3}	ndcg@10	0.0
2026-03-29T20:24:18+00:00	routing	turborepo	srt-warm	q40	{"beam_policy": "waterfill", "beam_width": 7, "max_depth": 3}	latency_s	0.009432166999999936
2026-03-29T20:24:18+00:00	routing	turborepo	srt-warm	q40	{"beam_policy": "uniform", "beam_width": 7, "max_depth": 5}	ndcg@10	0.5395063739858038
2026-03-29T20:24:18+00:00	routing	turborepo	srt-warm	q40	{"beam_policy": "uniform", "beam_width": 7, "max_depth": 5}	latency_s	0.03219049999999868
2026-03-29T20:24:18+00:00	routing	turborepo	srt-warm	q40	{"beam_policy": "waterfill", "beam_width": 7, "max_depth": 5}	ndcg@10	0.5395063739858038
2026-03-29T20:24:18+00:00	routing	turborepo	srt-warm	q40	{"beam_policy": "waterfill", "beam_width": 7, "max_depth": 5}	latency_s	0.016189541999999335
2026-03-29T20:24:18+00:00	routing	turborepo	srt-warm	q40	{"beam_policy": "uniform", "beam_width": 7, "max_depth": 7}	ndcg@10	0.5395063739858038
2026-03-29T20:24:18+00:00	routing	turborepo	srt-warm	q40	{"beam_policy": "uniform", "beam_width": 7, "max_depth": 7}	latency_s	0.03350687500000049
2026-03-29T20:24:18+00:00	routing	turborepo	srt-warm	q40	{"beam_policy": "waterfill", "beam_width": 7, "max_depth": 7}	ndcg@10	0.5395063739858038
2026-03-29T20:24:18+00:00	routing	turborepo	srt-warm	q40	{"beam_policy": "waterfill", "beam_width": 7, "max_depth": 7}	latency_s	0.022210624999999595
2026-03-29T20:24:18+00:00	routing	turborepo	srt-warm	q40	{"beam_policy": "uniform", "beam_width": 7, "max_depth": 10}	ndcg@10	0.5395063739858038
2026-03-29T20:24:18+00:00	routing	turborepo	srt-warm	q40	{"beam_policy": "uniform", "beam_width": 7, "max_depth": 10}	latency_s	0.03805062500000389
2026-03-29T20:24:18+00:00	routing	turborepo	srt-warm	q40	{"beam_policy": "waterfill", "beam_width": 7, "max_depth": 10}	ndcg@10	0.5395063739858038
2026-03-29T20:24:18+00:00	routing	turborepo	srt-warm	q40	{"beam_policy": "waterfill", "beam_width": 7, "max_depth": 10}	latency_s	0.01568579199999931
2026-03-29T20:24:18+00:00	routing	turborepo	srt-warm	q40	{"beam_policy": "uniform", "beam_width": 10, "max_depth": 3}	ndcg@10	0.0
2026-03-29T20:24:18+00:00	routing	turborepo	srt-warm	q40	{"beam_policy": "uniform", "beam_width": 10, "max_depth": 3}	latency_s	0.022750958000003152
2026-03-29T20:24:18+00:00	routing	turborepo	srt-warm	q40	{"beam_policy": "waterfill", "beam_width": 10, "max_depth": 3}	ndcg@10	0.0
2026-03-29T20:24:18+00:00	routing	turborepo	srt-warm	q40	{"beam_policy": "waterfill", "beam_width": 10, "max_depth": 3}	latency_s	0.016853082999993774
2026-03-29T20:24:18+00:00	routing	turborepo	srt-warm	q40	{"beam_policy": "uniform", "beam_width": 10, "max_depth": 5}	ndcg@10	0.5295748980947746
2026-03-29T20:24:18+00:00	routing	turborepo	srt-warm	q40	{"beam_policy": "uniform", "beam_width": 10, "max_depth": 5}	latency_s	0.05545674999999761
2026-03-29T20:24:18+00:00	routing	turborepo	srt-warm	q40	{"beam_policy": "waterfill", "beam_width": 10, "max_depth": 5}	ndcg@10	0.5395063739858038
2026-03-29T20:24:18+00:00	routing	turborepo	srt-warm	q40	{"beam_policy": "waterfill", "beam_width": 10, "max_depth": 5}	latency_s	0.032466124999999124
2026-03-29T20:24:18+00:00	routing	turborepo	srt-warm	q40	{"beam_policy": "uniform", "beam_width": 10, "max_depth": 7}	ndcg@10	0.5295748980947746
2026-03-29T20:24:18+00:00	routing	turborepo	srt-warm	q40	{"beam_policy": "uniform", "beam_width": 10, "max_depth": 7}	latency_s	0.07244404200000076
2026-03-29T20:24:18+00:00	routing	turborepo	srt-warm	q40	{"beam_policy": "waterfill", "beam_width": 10, "max_depth": 7}	ndcg@10	0.5395063739858038
2026-03-29T20:24:18+00:00	routing	turborepo	srt-warm	q40	{"beam_policy": "waterfill", "beam_width": 10, "max_depth": 7}	latency_s	0.03566287499999987
2026-03-29T20:24:18+00:00	routing	turborepo	srt-warm	q40	{"beam_policy": "uniform", "beam_width": 10, "max_depth": 10}	ndcg@10	0.5295748980947746
2026-03-29T20:24:18+00:00	routing	turborepo	srt-warm	q40	{"beam_policy": "uniform", "beam_width": 10, "max_depth": 10}	latency_s	0.06978616699999662
2026-03-29T20:24:18+00:00	routing	turborepo	srt-warm	q40	{"beam_policy": "waterfill", "beam_width": 10, "max_depth": 10}	ndcg@10	0.5395063739858038
2026-03-29T20:24:18+00:00	routing	turborepo	srt-warm	q40	{"beam_policy": "waterfill", "beam_width": 10, "max_depth": 10}	latency_s	0.034710000000004015
2026-03-29T20:24:20+00:00	routing	turborepo	grep	q01	{"max_files": 5}	ndcg@10	0.0
2026-03-29T20:24:20+00:00	routing	turborepo	grep	q01	{"max_files": 5}	latency_s	1.0668584579999987
2026-03-29T20:24:20+00:00	routing	turborepo	grep	q01	{"max_files": 10}	ndcg@10	0.19468902151380166
2026-03-29T20:24:20+00:00	routing	turborepo	grep	q01	{"max_files": 10}	latency_s	0.8199722499999993
2026-03-29T20:24:21+00:00	routing	turborepo	grep	q01	{"max_files": 20}	ndcg@10	0.19468902151380166
2026-03-29T20:24:21+00:00	routing	turborepo	grep	q01	{"max_files": 20}	latency_s	0.8243372079999958
2026-03-29T20:24:22+00:00	routing	turborepo	grep	q02	{"max_files": 5}	ndcg@10	0.0
2026-03-29T20:24:22+00:00	routing	turborepo	grep	q02	{"max_files": 5}	latency_s	0.8865704580000013
2026-03-29T20:24:23+00:00	routing	turborepo	grep	q02	{"max_files": 10}	ndcg@10	0.0
2026-03-29T20:24:23+00:00	routing	turborepo	grep	q02	{"max_files": 10}	latency_s	0.8854431249999948
2026-03-29T20:24:24+00:00	routing	turborepo	grep	q02	{"max_files": 20}	ndcg@10	0.0
2026-03-29T20:24:24+00:00	routing	turborepo	grep	q02	{"max_files": 20}	latency_s	0.8806302909999957
2026-03-29T20:24:25+00:00	routing	turborepo	grep	q03	{"max_files": 5}	ndcg@10	0.47020199776783905
2026-03-29T20:24:25+00:00	routing	turborepo	grep	q03	{"max_files": 5}	latency_s	0.7229798330000037
2026-03-29T20:24:25+00:00	routing	turborepo	grep	q03	{"max_files": 10}	ndcg@10	0.47020199776783905
2026-03-29T20:24:25+00:00	routing	turborepo	grep	q03	{"max_files": 10}	latency_s	0.7328974580000036
2026-03-29T20:24:26+00:00	routing	turborepo	grep	q03	{"max_files": 20}	ndcg@10	0.47020199776783905
2026-03-29T20:24:26+00:00	routing	turborepo	grep	q03	{"max_files": 20}	latency_s	0.7191902910000039
2026-03-29T20:24:27+00:00	routing	turborepo	grep	q04	{"max_files": 5}	ndcg@10	0.0
2026-03-29T20:24:27+00:00	routing	turborepo	grep	q04	{"max_files": 5}	latency_s	0.9578092499999968
2026-03-29T20:24:28+00:00	routing	turborepo	grep	q04	{"max_files": 10}	ndcg@10	0.19580679839147713
2026-03-29T20:24:28+00:00	routing	turborepo	grep	q04	{"max_files": 10}	latency_s	0.949816332999994
2026-03-29T20:24:29+00:00	routing	turborepo	grep	q04	{"max_files": 20}	ndcg@10	0.19580679839147713
2026-03-29T20:24:29+00:00	routing	turborepo	grep	q04	{"max_files": 20}	latency_s	0.9561156669999988
2026-03-29T20:24:30+00:00	routing	turborepo	grep	q05	{"max_files": 5}	ndcg@10	0.7452525342261976
2026-03-29T20:24:30+00:00	routing	turborepo	grep	q05	{"max_files": 5}	latency_s	0.8605913749999985
2026-03-29T20:24:31+00:00	routing	turborepo	grep	q05	{"max_files": 10}	ndcg@10	0.7452525342261976
2026-03-29T20:24:31+00:00	routing	turborepo	grep	q05	{"max_files": 10}	latency_s	0.8686482499999997
2026-03-29T20:24:31+00:00	routing	turborepo	grep	q05	{"max_files": 20}	ndcg@10	0.7452525342261976
2026-03-29T20:24:31+00:00	routing	turborepo	grep	q05	{"max_files": 20}	latency_s	0.873307957999998
2026-03-29T20:24:32+00:00	routing	turborepo	grep	q06	{"max_files": 5}	ndcg@10	0.9049495058460971
2026-03-29T20:24:32+00:00	routing	turborepo	grep	q06	{"max_files": 5}	latency_s	0.5639590840000039
2026-03-29T20:24:33+00:00	routing	turborepo	grep	q06	{"max_files": 10}	ndcg@10	0.9428729785463599
2026-03-29T20:24:33+00:00	routing	turborepo	grep	q06	{"max_files": 10}	latency_s	0.5699125829999971
2026-03-29T20:24:33+00:00	routing	turborepo	grep	q06	{"max_files": 20}	ndcg@10	0.9428729785463599
2026-03-29T20:24:33+00:00	routing	turborepo	grep	q06	{"max_files": 20}	latency_s	0.5699022910000053
2026-03-29T20:24:34+00:00	routing	turborepo	grep	q07	{"max_files": 5}	ndcg@10	0.7452525342261976
2026-03-29T20:24:34+00:00	routing	turborepo	grep	q07	{"max_files": 5}	latency_s	0.5952210410000021
2026-03-29T20:24:34+00:00	routing	turborepo	grep	q07	{"max_files": 10}	ndcg@10	0.7452525342261976
2026-03-29T20:24:34+00:00	routing	turborepo	grep	q07	{"max_files": 10}	latency_s	0.6143957919999963
2026-03-29T20:24:35+00:00	routing	turborepo	grep	q07	{"max_files": 20}	ndcg@10	0.7452525342261976
2026-03-29T20:24:35+00:00	routing	turborepo	grep	q07	{"max_files": 20}	latency_s	0.5876547080000023
2026-03-29T20:24:36+00:00	routing	turborepo	grep	q08	{"max_files": 5}	ndcg@10	0.3122123569151294
2026-03-29T20:24:36+00:00	routing	turborepo	grep	q08	{"max_files": 5}	latency_s	1.1406064580000006
2026-03-29T20:24:37+00:00	routing	turborepo	grep	q08	{"max_files": 10}	ndcg@10	0.33906529532895874
2026-03-29T20:24:37+00:00	routing	turborepo	grep	q08	{"max_files": 10}	latency_s	1.1324953749999978
2026-03-29T20:24:38+00:00	routing	turborepo	grep	q08	{"max_files": 20}	ndcg@10	0.33906529532895874
2026-03-29T20:24:38+00:00	routing	turborepo	grep	q08	{"max_files": 20}	latency_s	1.1356082080000007
2026-03-29T20:24:39+00:00	routing	turborepo	grep	q09	{"max_files": 5}	ndcg@10	0.0
2026-03-29T20:24:39+00:00	routing	turborepo	grep	q09	{"max_files": 5}	latency_s	0.8851832499999972
2026-03-29T20:24:40+00:00	routing	turborepo	grep	q09	{"max_files": 10}	ndcg@10	0.2224245708742082
2026-03-29T20:24:40+00:00	routing	turborepo	grep	q09	{"max_files": 10}	latency_s	0.8838365419999974
2026-03-29T20:24:41+00:00	routing	turborepo	grep	q09	{"max_files": 20}	ndcg@10	0.2224245708742082
2026-03-29T20:24:41+00:00	routing	turborepo	grep	q09	{"max_files": 20}	latency_s	0.9204144159999998
2026-03-29T20:24:42+00:00	routing	turborepo	grep	q10	{"max_files": 5}	ndcg@10	0.1855359473294109
2026-03-29T20:24:42+00:00	routing	turborepo	grep	q10	{"max_files": 5}	latency_s	1.0197281249999932
2026-03-29T20:24:43+00:00	routing	turborepo	grep	q10	{"max_files": 10}	ndcg@10	0.34540376945684514
2026-03-29T20:24:43+00:00	routing	turborepo	grep	q10	{"max_files": 10}	latency_s	0.9996899579999976
2026-03-29T20:24:44+00:00	routing	turborepo	grep	q10	{"max_files": 20}	ndcg@10	0.34540376945684514
2026-03-29T20:24:44+00:00	routing	turborepo	grep	q10	{"max_files": 20}	latency_s	1.0017522089999957
2026-03-29T20:24:45+00:00	routing	turborepo	grep	q11	{"max_files": 5}	ndcg@10	0.5014223103815486
2026-03-29T20:24:45+00:00	routing	turborepo	grep	q11	{"max_files": 5}	latency_s	0.9474887920000015
2026-03-29T20:24:46+00:00	routing	turborepo	grep	q11	{"max_files": 10}	ndcg@10	0.5649819806459684
2026-03-29T20:24:46+00:00	routing	turborepo	grep	q11	{"max_files": 10}	latency_s	0.9406440829999951
2026-03-29T20:24:47+00:00	routing	turborepo	grep	q11	{"max_files": 20}	ndcg@10	0.5649819806459684
2026-03-29T20:24:47+00:00	routing	turborepo	grep	q11	{"max_files": 20}	latency_s	0.9506593330000044
2026-03-29T20:24:48+00:00	routing	turborepo	grep	q12	{"max_files": 5}	ndcg@10	0.4480000065839604
2026-03-29T20:24:48+00:00	routing	turborepo	grep	q12	{"max_files": 5}	latency_s	1.1085937080000008
2026-03-29T20:24:49+00:00	routing	turborepo	grep	q12	{"max_files": 10}	ndcg@10	0.4480000065839604
2026-03-29T20:24:49+00:00	routing	turborepo	grep	q12	{"max_files": 10}	latency_s	1.1278457499999917
2026-03-29T20:24:50+00:00	routing	turborepo	grep	q12	{"max_files": 20}	ndcg@10	0.4480000065839604
2026-03-29T20:24:50+00:00	routing	turborepo	grep	q12	{"max_files": 20}	latency_s	1.1168800410000017
2026-03-29T20:24:52+00:00	routing	turborepo	grep	q13	{"max_files": 5}	ndcg@10	0.5244551632082282
2026-03-29T20:24:52+00:00	routing	turborepo	grep	q13	{"max_files": 5}	latency_s	1.4261661249999946
2026-03-29T20:24:53+00:00	routing	turborepo	grep	q13	{"max_files": 10}	ndcg@10	0.5480904751283886
2026-03-29T20:24:53+00:00	routing	turborepo	grep	q13	{"max_files": 10}	latency_s	1.3911477500000018
2026-03-29T20:24:55+00:00	routing	turborepo	grep	q13	{"max_files": 20}	ndcg@10	0.5480904751283886
2026-03-29T20:24:55+00:00	routing	turborepo	grep	q13	{"max_files": 20}	latency_s	1.3916265419999974
2026-03-29T20:24:55+00:00	routing	turborepo	grep	q14	{"max_files": 5}	ndcg@10	0.47020199776783905
2026-03-29T20:24:55+00:00	routing	turborepo	grep	q14	{"max_files": 5}	latency_s	0.8665698749999962
2026-03-29T20:24:56+00:00	routing	turborepo	grep	q14	{"max_files": 10}	ndcg@10	0.5037878547512562
2026-03-29T20:24:56+00:00	routing	turborepo	grep	q14	{"max_files": 10}	latency_s	0.8772577089999913
2026-03-29T20:24:57+00:00	routing	turborepo	grep	q14	{"max_files": 20}	ndcg@10	0.5037878547512562
2026-03-29T20:24:57+00:00	routing	turborepo	grep	q14	{"max_files": 20}	latency_s	0.8681566669999938
2026-03-29T20:24:59+00:00	routing	turborepo	grep	q15	{"max_files": 5}	ndcg@10	0.14803018691007647
2026-03-29T20:24:59+00:00	routing	turborepo	grep	q15	{"max_files": 5}	latency_s	1.369247791999996
2026-03-29T20:25:00+00:00	routing	turborepo	grep	q15	{"max_files": 10}	ndcg@10	0.14803018691007647
2026-03-29T20:25:00+00:00	routing	turborepo	grep	q15	{"max_files": 10}	latency_s	1.4185992080000034
2026-03-29T20:25:01+00:00	routing	turborepo	grep	q15	{"max_files": 20}	ndcg@10	0.14803018691007647
2026-03-29T20:25:01+00:00	routing	turborepo	grep	q15	{"max_files": 20}	latency_s	1.3783604579999889
2026-03-29T20:25:03+00:00	routing	turborepo	grep	q16	{"max_files": 5}	ndcg@10	0.4881320441860139
2026-03-29T20:25:03+00:00	routing	turborepo	grep	q16	{"max_files": 5}	latency_s	1.267029167000004
2026-03-29T20:25:04+00:00	routing	turborepo	grep	q16	{"max_files": 10}	ndcg@10	0.4881320441860139
2026-03-29T20:25:04+00:00	routing	turborepo	grep	q16	{"max_files": 10}	latency_s	1.250288832999999
2026-03-29T20:25:05+00:00	routing	turborepo	grep	q16	{"max_files": 20}	ndcg@10	0.4881320441860139
2026-03-29T20:25:05+00:00	routing	turborepo	grep	q16	{"max_files": 20}	latency_s	1.2281565830000005
2026-03-29T20:25:06+00:00	routing	turborepo	grep	q17	{"max_files": 5}	ndcg@10	0.2750687510533559
2026-03-29T20:25:06+00:00	routing	turborepo	grep	q17	{"max_files": 5}	latency_s	1.0141046249999874
2026-03-29T20:25:07+00:00	routing	turborepo	grep	q17	{"max_files": 10}	ndcg@10	0.2750687510533559
2026-03-29T20:25:07+00:00	routing	turborepo	grep	q17	{"max_files": 10}	latency_s	0.9867789580000021
2026-03-29T20:25:08+00:00	routing	turborepo	grep	q17	{"max_files": 20}	ndcg@10	0.2750687510533559
2026-03-29T20:25:08+00:00	routing	turborepo	grep	q17	{"max_files": 20}	latency_s	0.9872890409999968
2026-03-29T20:25:10+00:00	routing	turborepo	grep	q18	{"max_files": 5}	ndcg@10	0.0
2026-03-29T20:25:10+00:00	routing	turborepo	grep	q18	{"max_files": 5}	latency_s	1.6033713329999983
2026-03-29T20:25:11+00:00	routing	turborepo	grep	q18	{"max_files": 10}	ndcg@10	0.14437502940549493
2026-03-29T20:25:11+00:00	routing	turborepo	grep	q18	{"max_files": 10}	latency_s	1.5910102080000001
2026-03-29T20:25:13+00:00	routing	turborepo	grep	q18	{"max_files": 20}	ndcg@10	0.14437502940549493
2026-03-29T20:25:13+00:00	routing	turborepo	grep	q18	{"max_files": 20}	latency_s	1.5788023329999987
2026-03-29T20:25:14+00:00	routing	turborepo	grep	q19	{"max_files": 5}	ndcg@10	0.2258705445543393
2026-03-29T20:25:14+00:00	routing	turborepo	grep	q19	{"max_files": 5}	latency_s	1.5034878749999905
2026-03-29T20:25:16+00:00	routing	turborepo	grep	q19	{"max_files": 10}	ndcg@10	0.2258705445543393
2026-03-29T20:25:16+00:00	routing	turborepo	grep	q19	{"max_files": 10}	latency_s	1.4968266670000077
2026-03-29T20:25:17+00:00	routing	turborepo	grep	q19	{"max_files": 20}	ndcg@10	0.2258705445543393
2026-03-29T20:25:17+00:00	routing	turborepo	grep	q19	{"max_files": 20}	latency_s	1.5174732079999984
2026-03-29T20:25:19+00:00	routing	turborepo	grep	q20	{"max_files": 5}	ndcg@10	0.0
2026-03-29T20:25:19+00:00	routing	turborepo	grep	q20	{"max_files": 5}	latency_s	1.3220529580000004
2026-03-29T20:25:20+00:00	routing	turborepo	grep	q20	{"max_files": 10}	ndcg@10	0.05514643808009199
2026-03-29T20:25:20+00:00	routing	turborepo	grep	q20	{"max_files": 10}	latency_s	1.303861458
2026-03-29T20:25:21+00:00	routing	turborepo	grep	q20	{"max_files": 20}	ndcg@10	0.05514643808009199
2026-03-29T20:25:21+00:00	routing	turborepo	grep	q20	{"max_files": 20}	latency_s	1.3071344999999894
2026-03-29T20:25:22+00:00	routing	turborepo	grep	q21	{"max_files": 5}	ndcg@10	0.37062100517025215
2026-03-29T20:25:22+00:00	routing	turborepo	grep	q21	{"max_files": 5}	latency_s	1.1708017090000027
2026-03-29T20:25:24+00:00	routing	turborepo	grep	q21	{"max_files": 10}	ndcg@10	0.37062100517025215
2026-03-29T20:25:24+00:00	routing	turborepo	grep	q21	{"max_files": 10}	latency_s	1.1821726250000069
2026-03-29T20:25:25+00:00	routing	turborepo	grep	q21	{"max_files": 20}	ndcg@10	0.37062100517025215
2026-03-29T20:25:25+00:00	routing	turborepo	grep	q21	{"max_files": 20}	latency_s	1.190617833999994
2026-03-29T20:25:26+00:00	routing	turborepo	grep	q22	{"max_files": 5}	ndcg@10	0.4157633123568179
2026-03-29T20:25:26+00:00	routing	turborepo	grep	q22	{"max_files": 5}	latency_s	1.016903291999995
2026-03-29T20:25:27+00:00	routing	turborepo	grep	q22	{"max_files": 10}	ndcg@10	0.44490969504674455
2026-03-29T20:25:27+00:00	routing	turborepo	grep	q22	{"max_files": 10}	latency_s	1.0103828750000048
2026-03-29T20:25:28+00:00	routing	turborepo	grep	q22	{"max_files": 20}	ndcg@10	0.44490969504674455
2026-03-29T20:25:28+00:00	routing	turborepo	grep	q22	{"max_files": 20}	latency_s	0.9967812919999943
2026-03-29T20:25:29+00:00	routing	turborepo	grep	q23	{"max_files": 5}	ndcg@10	0.7634779962949485
2026-03-29T20:25:29+00:00	routing	turborepo	grep	q23	{"max_files": 5}	latency_s	1.403247792000002
2026-03-29T20:25:31+00:00	routing	turborepo	grep	q23	{"max_files": 10}	ndcg@10	0.7634779962949485
2026-03-29T20:25:31+00:00	routing	turborepo	grep	q23	{"max_files": 10}	latency_s	1.3972136670000026
2026-03-29T20:25:32+00:00	routing	turborepo	grep	q23	{"max_files": 20}	ndcg@10	0.7634779962949485
2026-03-29T20:25:32+00:00	routing	turborepo	grep	q23	{"max_files": 20}	latency_s	1.3942271250000005
2026-03-29T20:25:33+00:00	routing	turborepo	grep	q24	{"max_files": 5}	ndcg@10	0.0
2026-03-29T20:25:33+00:00	routing	turborepo	grep	q24	{"max_files": 5}	latency_s	0.7251812909999984
2026-03-29T20:25:33+00:00	routing	turborepo	grep	q24	{"max_files": 10}	ndcg@10	0.0
2026-03-29T20:25:33+00:00	routing	turborepo	grep	q24	{"max_files": 10}	latency_s	0.7175637500000107
2026-03-29T20:25:34+00:00	routing	turborepo	grep	q24	{"max_files": 20}	ndcg@10	0.0
2026-03-29T20:25:34+00:00	routing	turborepo	grep	q24	{"max_files": 20}	latency_s	0.7166995000000043
2026-03-29T20:25:36+00:00	routing	turborepo	grep	q25	{"max_files": 5}	ndcg@10	0.0
2026-03-29T20:25:36+00:00	routing	turborepo	grep	q25	{"max_files": 5}	latency_s	1.4663153750000077
2026-03-29T20:25:37+00:00	routing	turborepo	grep	q25	{"max_files": 10}	ndcg@10	0.3451593087010572
2026-03-29T20:25:37+00:00	routing	turborepo	grep	q25	{"max_files": 10}	latency_s	1.446982540999997
2026-03-29T20:25:39+00:00	routing	turborepo	grep	q25	{"max_files": 20}	ndcg@10	0.3451593087010572
2026-03-29T20:25:39+00:00	routing	turborepo	grep	q25	{"max_files": 20}	latency_s	1.4650327499999918
2026-03-29T20:25:40+00:00	routing	turborepo	grep	q26	{"max_files": 5}	ndcg@10	0.4806597679559118
2026-03-29T20:25:40+00:00	routing	turborepo	grep	q26	{"max_files": 5}	latency_s	1.030162458999996
2026-03-29T20:25:41+00:00	routing	turborepo	grep	q26	{"max_files": 10}	ndcg@10	0.4806597679559118
2026-03-29T20:25:41+00:00	routing	turborepo	grep	q26	{"max_files": 10}	latency_s	1.0157818750000018
2026-03-29T20:25:42+00:00	routing	turborepo	grep	q26	{"max_files": 20}	ndcg@10	0.4806597679559118
2026-03-29T20:25:42+00:00	routing	turborepo	grep	q26	{"max_files": 20}	latency_s	1.0288363749999974
2026-03-29T20:25:42+00:00	routing	turborepo	grep	q27	{"max_files": 5}	ndcg@10	0.37062100517025215
2026-03-29T20:25:42+00:00	routing	turborepo	grep	q27	{"max_files": 5}	latency_s	0.7591844160000107
2026-03-29T20:25:43+00:00	routing	turborepo	grep	q27	{"max_files": 10}	ndcg@10	0.37062100517025215
2026-03-29T20:25:43+00:00	routing	turborepo	grep	q27	{"max_files": 10}	latency_s	0.7350988750000056
2026-03-29T20:25:44+00:00	routing	turborepo	grep	q27	{"max_files": 20}	ndcg@10	0.37062100517025215
2026-03-29T20:25:44+00:00	routing	turborepo	grep	q27	{"max_files": 20}	latency_s	0.7410536670000027
2026-03-29T20:25:46+00:00	routing	turborepo	grep	q28	{"max_files": 5}	ndcg@10	0.5571655791252315
2026-03-29T20:25:46+00:00	routing	turborepo	grep	q28	{"max_files": 5}	latency_s	1.7153592920000023
2026-03-29T20:25:47+00:00	routing	turborepo	grep	q28	{"max_files": 10}	ndcg@10	0.5571655791252315
2026-03-29T20:25:47+00:00	routing	turborepo	grep	q28	{"max_files": 10}	latency_s	1.6957412499999975
2026-03-29T20:25:49+00:00	routing	turborepo	grep	q28	{"max_files": 20}	ndcg@10	0.5571655791252315
2026-03-29T20:25:49+00:00	routing	turborepo	grep	q28	{"max_files": 20}	latency_s	1.7401985839999838
2026-03-29T20:25:51+00:00	routing	turborepo	grep	q29	{"max_files": 5}	ndcg@10	0.0
2026-03-29T20:25:51+00:00	routing	turborepo	grep	q29	{"max_files": 5}	latency_s	1.6961865419999924
2026-03-29T20:25:52+00:00	routing	turborepo	grep	q29	{"max_files": 10}	ndcg@10	0.16544718344112294
2026-03-29T20:25:52+00:00	routing	turborepo	grep	q29	{"max_files": 10}	latency_s	1.7096932919999972
2026-03-29T20:25:54+00:00	routing	turborepo	grep	q29	{"max_files": 20}	ndcg@10	0.16544718344112294
2026-03-29T20:25:54+00:00	routing	turborepo	grep	q29	{"max_files": 20}	latency_s	1.6903565420000177
2026-03-29T20:25:56+00:00	routing	turborepo	grep	q30	{"max_files": 5}	ndcg@10	0.34192741420282435
2026-03-29T20:25:56+00:00	routing	turborepo	grep	q30	{"max_files": 5}	latency_s	1.7353730000000098
2026-03-29T20:25:58+00:00	routing	turborepo	grep	q30	{"max_files": 10}	ndcg@10	0.34192741420282435
2026-03-29T20:25:58+00:00	routing	turborepo	grep	q30	{"max_files": 10}	latency_s	1.7311406249999948
2026-03-29T20:25:59+00:00	routing	turborepo	grep	q30	{"max_files": 20}	ndcg@10	0.34192741420282435
2026-03-29T20:25:59+00:00	routing	turborepo	grep	q30	{"max_files": 20}	latency_s	1.718138291999992
2026-03-29T20:26:01+00:00	routing	turborepo	grep	q31	{"max_files": 5}	ndcg@10	0.35902924355597376
2026-03-29T20:26:01+00:00	routing	turborepo	grep	q31	{"max_files": 5}	latency_s	1.4886889579999831
2026-03-29T20:26:02+00:00	routing	turborepo	grep	q31	{"max_files": 10}	ndcg@10	0.38158306291404887
2026-03-29T20:26:02+00:00	routing	turborepo	grep	q31	{"max_files": 10}	latency_s	1.4676416670000094
2026-03-29T20:26:04+00:00	routing	turborepo	grep	q31	{"max_files": 20}	ndcg@10	0.38158306291404887
2026-03-29T20:26:04+00:00	routing	turborepo	grep	q31	{"max_files": 20}	latency_s	1.4707595419999961
2026-03-29T20:26:05+00:00	routing	turborepo	grep	q32	{"max_files": 5}	ndcg@10	0.5798699757173986
2026-03-29T20:26:05+00:00	routing	turborepo	grep	q32	{"max_files": 5}	latency_s	1.5725542910000172
2026-03-29T20:26:07+00:00	routing	turborepo	grep	q32	{"max_files": 10}	ndcg@10	0.604806869471096
2026-03-29T20:26:07+00:00	routing	turborepo	grep	q32	{"max_files": 10}	latency_s	1.6032687080000017
2026-03-29T20:26:09+00:00	routing	turborepo	grep	q32	{"max_files": 20}	ndcg@10	0.604806869471096
2026-03-29T20:26:09+00:00	routing	turborepo	grep	q32	{"max_files": 20}	latency_s	1.582135624999978
2026-03-29T20:26:10+00:00	routing	turborepo	grep	q33	{"max_files": 5}	ndcg@10	0.792451035583763
2026-03-29T20:26:10+00:00	routing	turborepo	grep	q33	{"max_files": 5}	latency_s	1.3106542079999883
2026-03-29T20:26:11+00:00	routing	turborepo	grep	q33	{"max_files": 10}	ndcg@10	0.792451035583763
2026-03-29T20:26:11+00:00	routing	turborepo	grep	q33	{"max_files": 10}	latency_s	1.3193452920000084
2026-03-29T20:26:12+00:00	routing	turborepo	grep	q33	{"max_files": 20}	ndcg@10	0.792451035583763
2026-03-29T20:26:12+00:00	routing	turborepo	grep	q33	{"max_files": 20}	latency_s	1.337189541000015
2026-03-29T20:26:14+00:00	routing	turborepo	grep	q34	{"max_files": 5}	ndcg@10	0.370773822660262
2026-03-29T20:26:14+00:00	routing	turborepo	grep	q34	{"max_files": 5}	latency_s	1.7804516669999941
2026-03-29T20:26:16+00:00	routing	turborepo	grep	q34	{"max_files": 10}	ndcg@10	0.370773822660262
2026-03-29T20:26:16+00:00	routing	turborepo	grep	q34	{"max_files": 10}	latency_s	1.826465958
2026-03-29T20:26:18+00:00	routing	turborepo	grep	q34	{"max_files": 20}	ndcg@10	0.370773822660262
2026-03-29T20:26:18+00:00	routing	turborepo	grep	q34	{"max_files": 20}	latency_s	1.8523286669999948
2026-03-29T20:26:20+00:00	routing	turborepo	grep	q35	{"max_files": 5}	ndcg@10	0.0
2026-03-29T20:26:20+00:00	routing	turborepo	grep	q35	{"max_files": 5}	latency_s	1.6710724579999976
2026-03-29T20:26:21+00:00	routing	turborepo	grep	q35	{"max_files": 10}	ndcg@10	0.12131949323370404
2026-03-29T20:26:21+00:00	routing	turborepo	grep	q35	{"max_files": 10}	latency_s	1.6118311249999806
2026-03-29T20:26:23+00:00	routing	turborepo	grep	q35	{"max_files": 20}	ndcg@10	0.12131949323370404
2026-03-29T20:26:23+00:00	routing	turborepo	grep	q35	{"max_files": 20}	latency_s	1.6500225420000163
2026-03-29T20:26:25+00:00	routing	turborepo	grep	q36	{"max_files": 5}	ndcg@10	0.3283248632518364
2026-03-29T20:26:25+00:00	routing	turborepo	grep	q36	{"max_files": 5}	latency_s	1.9411169159999986
2026-03-29T20:26:27+00:00	routing	turborepo	grep	q36	{"max_files": 10}	ndcg@10	0.3283248632518364
2026-03-29T20:26:27+00:00	routing	turborepo	grep	q36	{"max_files": 10}	latency_s	1.8962879579999878
2026-03-29T20:26:29+00:00	routing	turborepo	grep	q36	{"max_files": 20}	ndcg@10	0.3283248632518364
2026-03-29T20:26:29+00:00	routing	turborepo	grep	q36	{"max_files": 20}	latency_s	1.8907652080000048
2026-03-29T20:26:30+00:00	routing	turborepo	grep	q37	{"max_files": 5}	ndcg@10	0.146540320372639
2026-03-29T20:26:30+00:00	routing	turborepo	grep	q37	{"max_files": 5}	latency_s	1.7688347090000036
2026-03-29T20:26:32+00:00	routing	turborepo	grep	q37	{"max_files": 10}	ndcg@10	0.3096811572601403
2026-03-29T20:26:32+00:00	routing	turborepo	grep	q37	{"max_files": 10}	latency_s	1.763136000000003
2026-03-29T20:26:34+00:00	routing	turborepo	grep	q37	{"max_files": 20}	ndcg@10	0.3096811572601403
2026-03-29T20:26:34+00:00	routing	turborepo	grep	q37	{"max_files": 20}	latency_s	1.7893074159999856
2026-03-29T20:26:36+00:00	routing	turborepo	grep	q38	{"max_files": 5}	ndcg@10	0.5244551632082282
2026-03-29T20:26:36+00:00	routing	turborepo	grep	q38	{"max_files": 5}	latency_s	2.0764435000000105
2026-03-29T20:26:38+00:00	routing	turborepo	grep	q38	{"max_files": 10}	ndcg@10	0.5244551632082282
2026-03-29T20:26:38+00:00	routing	turborepo	grep	q38	{"max_files": 10}	latency_s	2.077305792000004
2026-03-29T20:26:40+00:00	routing	turborepo	grep	q38	{"max_files": 20}	ndcg@10	0.5244551632082282
2026-03-29T20:26:40+00:00	routing	turborepo	grep	q38	{"max_files": 20}	latency_s	2.135341957999998
2026-03-29T20:26:43+00:00	routing	turborepo	grep	q39	{"max_files": 5}	ndcg@10	0.0
2026-03-29T20:26:43+00:00	routing	turborepo	grep	q39	{"max_files": 5}	latency_s	2.3401223329999823
2026-03-29T20:26:45+00:00	routing	turborepo	grep	q39	{"max_files": 10}	ndcg@10	0.14388659298226827
2026-03-29T20:26:45+00:00	routing	turborepo	grep	q39	{"max_files": 10}	latency_s	2.3592575419999946
2026-03-29T20:26:47+00:00	routing	turborepo	grep	q39	{"max_files": 20}	ndcg@10	0.14388659298226827
2026-03-29T20:26:47+00:00	routing	turborepo	grep	q39	{"max_files": 20}	latency_s	2.324047500000006
2026-03-29T20:26:49+00:00	routing	turborepo	grep	q40	{"max_files": 5}	ndcg@10	0.2724803612044869
2026-03-29T20:26:49+00:00	routing	turborepo	grep	q40	{"max_files": 5}	latency_s	1.8862817499999949
2026-03-29T20:26:51+00:00	routing	turborepo	grep	q40	{"max_files": 10}	ndcg@10	0.33840990800703896
2026-03-29T20:26:51+00:00	routing	turborepo	grep	q40	{"max_files": 10}	latency_s	1.9081957500000044
2026-03-29T20:26:53+00:00	routing	turborepo	grep	q40	{"max_files": 20}	ndcg@10	0.33840990800703896
2026-03-29T20:26:53+00:00	routing	turborepo	grep	q40	{"max_files": 20}	latency_s	1.907692666999992
2026-03-29T20:26:53+00:00	routing	turborepo	ripgrep	q01	{"max_files": 5}	ndcg@10	0.0
2026-03-29T20:26:53+00:00	routing	turborepo	ripgrep	q01	{"max_files": 5}	latency_s	0.28685824999999454
2026-03-29T20:26:53+00:00	routing	turborepo	ripgrep	q01	{"max_files": 10}	ndcg@10	0.2155809767776093
2026-03-29T20:26:53+00:00	routing	turborepo	ripgrep	q01	{"max_files": 10}	latency_s	0.27280370799999787
2026-03-29T20:26:54+00:00	routing	turborepo	ripgrep	q01	{"max_files": 20}	ndcg@10	0.27853701919404256
2026-03-29T20:26:54+00:00	routing	turborepo	ripgrep	q01	{"max_files": 20}	latency_s	0.27319950000000404
2026-03-29T20:26:54+00:00	routing	turborepo	ripgrep	q02	{"max_files": 5}	ndcg@10	0.0
2026-03-29T20:26:54+00:00	routing	turborepo	ripgrep	q02	{"max_files": 5}	latency_s	0.2745871670000213
2026-03-29T20:26:54+00:00	routing	turborepo	ripgrep	q02	{"max_files": 10}	ndcg@10	0.0
2026-03-29T20:26:54+00:00	routing	turborepo	ripgrep	q02	{"max_files": 10}	latency_s	0.2769645829999945
2026-03-29T20:26:55+00:00	routing	turborepo	ripgrep	q02	{"max_files": 20}	ndcg@10	0.0
2026-03-29T20:26:55+00:00	routing	turborepo	ripgrep	q02	{"max_files": 20}	latency_s	0.27360158299998716
2026-03-29T20:26:55+00:00	routing	turborepo	ripgrep	q03	{"max_files": 5}	ndcg@10	0.7452525342261976
2026-03-29T20:26:55+00:00	routing	turborepo	ripgrep	q03	{"max_files": 5}	latency_s	0.22965495799999758
2026-03-29T20:26:55+00:00	routing	turborepo	ripgrep	q03	{"max_files": 10}	ndcg@10	0.47020199776783905
2026-03-29T20:26:55+00:00	routing	turborepo	ripgrep	q03	{"max_files": 10}	latency_s	0.3156447089999972
2026-03-29T20:26:55+00:00	routing	turborepo	ripgrep	q03	{"max_files": 20}	ndcg@10	0.7452525342261976
2026-03-29T20:26:55+00:00	routing	turborepo	ripgrep	q03	{"max_files": 20}	latency_s	0.2210913749999861
2026-03-29T20:26:56+00:00	routing	turborepo	ripgrep	q04	{"max_files": 5}	ndcg@10	0.0
2026-03-29T20:26:56+00:00	routing	turborepo	ripgrep	q04	{"max_files": 5}	latency_s	0.3322696669999914
2026-03-29T20:26:56+00:00	routing	turborepo	ripgrep	q04	{"max_files": 10}	ndcg@10	0.22724522890005255
2026-03-29T20:26:56+00:00	routing	turborepo	ripgrep	q04	{"max_files": 10}	latency_s	0.3301401249999856
2026-03-29T20:26:56+00:00	routing	turborepo	ripgrep	q04	{"max_files": 20}	ndcg@10	0.19580679839147713
2026-03-29T20:26:56+00:00	routing	turborepo	ripgrep	q04	{"max_files": 20}	latency_s	0.3319106669999883
2026-03-29T20:26:57+00:00	routing	turborepo	ripgrep	q05	{"max_files": 5}	ndcg@10	0.7452525342261976
2026-03-29T20:26:57+00:00	routing	turborepo	ripgrep	q05	{"max_files": 5}	latency_s	0.26686070799999584
2026-03-29T20:26:57+00:00	routing	turborepo	ripgrep	q05	{"max_files": 10}	ndcg@10	0.7452525342261976
2026-03-29T20:26:57+00:00	routing	turborepo	ripgrep	q05	{"max_files": 10}	latency_s	0.2701580829999841
2026-03-29T20:26:57+00:00	routing	turborepo	ripgrep	q05	{"max_files": 20}	ndcg@10	0.7452525342261976
2026-03-29T20:26:57+00:00	routing	turborepo	ripgrep	q05	{"max_files": 20}	latency_s	0.2687643749999893
2026-03-29T20:26:57+00:00	routing	turborepo	ripgrep	q06	{"max_files": 5}	ndcg@10	0.6077574819118444
2026-03-29T20:26:57+00:00	routing	turborepo	ripgrep	q06	{"max_files": 5}	latency_s	0.17323941600000126
2026-03-29T20:26:58+00:00	routing	turborepo	ripgrep	q06	{"max_files": 10}	ndcg@10	0.6298989693877386
2026-03-29T20:26:58+00:00	routing	turborepo	ripgrep	q06	{"max_files": 10}	latency_s	0.17534033400002613
2026-03-29T20:26:58+00:00	routing	turborepo	ripgrep	q06	{"max_files": 20}	ndcg@10	0.5937604413238652
2026-03-29T20:26:58+00:00	routing	turborepo	ripgrep	q06	{"max_files": 20}	latency_s	0.17399220799998716
2026-03-29T20:26:58+00:00	routing	turborepo	ripgrep	q07	{"max_files": 5}	ndcg@10	0.7452525342261976
2026-03-29T20:26:58+00:00	routing	turborepo	ripgrep	q07	{"max_files": 5}	latency_s	0.176329375000023
2026-03-29T20:26:58+00:00	routing	turborepo	ripgrep	q07	{"max_files": 10}	ndcg@10	0.7452525342261976
2026-03-29T20:26:58+00:00	routing	turborepo	ripgrep	q07	{"max_files": 10}	latency_s	0.1692423329999997
2026-03-29T20:26:58+00:00	routing	turborepo	ripgrep	q07	{"max_files": 20}	ndcg@10	0.7452525342261976
2026-03-29T20:26:58+00:00	routing	turborepo	ripgrep	q07	{"max_files": 20}	latency_s	0.17236354100000995
2026-03-29T20:26:59+00:00	routing	turborepo	ripgrep	q08	{"max_files": 5}	ndcg@10	0.24156045345186092
2026-03-29T20:26:59+00:00	routing	turborepo	ripgrep	q08	{"max_files": 5}	latency_s	0.3596883749999904
2026-03-29T20:26:59+00:00	routing	turborepo	ripgrep	q08	{"max_files": 10}	ndcg@10	0.393968130820853
2026-03-29T20:26:59+00:00	routing	turborepo	ripgrep	q08	{"max_files": 10}	latency_s	0.35699895799999126
2026-03-29T20:26:59+00:00	routing	turborepo	ripgrep	q08	{"max_files": 20}	ndcg@10	0.24156045345186092
2026-03-29T20:26:59+00:00	routing	turborepo	ripgrep	q08	{"max_files": 20}	latency_s	0.3588168340000095
2026-03-29T20:27:00+00:00	routing	turborepo	ripgrep	q09	{"max_files": 5}	ndcg@10	0.0
2026-03-29T20:27:00+00:00	routing	turborepo	ripgrep	q09	{"max_files": 5}	latency_s	0.26425037499998894
2026-03-29T20:27:00+00:00	routing	turborepo	ripgrep	q09	{"max_files": 10}	ndcg@10	0.2224245708742082
2026-03-29T20:27:00+00:00	routing	turborepo	ripgrep	q09	{"max_files": 10}	latency_s	0.2722407499999804
2026-03-29T20:27:00+00:00	routing	turborepo	ripgrep	q09	{"max_files": 20}	ndcg@10	0.0
2026-03-29T20:27:00+00:00	routing	turborepo	ripgrep	q09	{"max_files": 20}	latency_s	0.2655108749999897
2026-03-29T20:27:00+00:00	routing	turborepo	ripgrep	q10	{"max_files": 5}	ndcg@10	0.0
2026-03-29T20:27:00+00:00	routing	turborepo	ripgrep	q10	{"max_files": 5}	latency_s	0.36545683400001394
2026-03-29T20:27:01+00:00	routing	turborepo	ripgrep	q10	{"max_files": 10}	ndcg@10	0.0
2026-03-29T20:27:01+00:00	routing	turborepo	ripgrep	q10	{"max_files": 10}	latency_s	0.32056654100000515
2026-03-29T20:27:01+00:00	routing	turborepo	ripgrep	q10	{"max_files": 20}	ndcg@10	0.3368339957577124
2026-03-29T20:27:01+00:00	routing	turborepo	ripgrep	q10	{"max_files": 20}	latency_s	0.3209950839999749
2026-03-29T20:27:01+00:00	routing	turborepo	ripgrep	q11	{"max_files": 5}	ndcg@10	0.246330763412012
2026-03-29T20:27:01+00:00	routing	turborepo	ripgrep	q11	{"max_files": 5}	latency_s	0.318230624999984
2026-03-29T20:27:02+00:00	routing	turborepo	ripgrep	q11	{"max_files": 10}	ndcg@10	0.541462042141113
2026-03-29T20:27:02+00:00	routing	turborepo	ripgrep	q11	{"max_files": 10}	latency_s	0.31778870899998424
2026-03-29T20:27:02+00:00	routing	turborepo	ripgrep	q11	{"max_files": 20}	ndcg@10	0.541462042141113
2026-03-29T20:27:02+00:00	routing	turborepo	ripgrep	q11	{"max_files": 20}	latency_s	0.3197912499999802
2026-03-29T20:27:02+00:00	routing	turborepo	ripgrep	q12	{"max_files": 5}	ndcg@10	0.31939394323979897
2026-03-29T20:27:02+00:00	routing	turborepo	ripgrep	q12	{"max_files": 5}	latency_s	0.3554950829999939
2026-03-29T20:27:03+00:00	routing	turborepo	ripgrep	q12	{"max_files": 10}	ndcg@10	0.5437373103864823
2026-03-29T20:27:03+00:00	routing	turborepo	ripgrep	q12	{"max_files": 10}	latency_s	0.35817883300001085
2026-03-29T20:27:03+00:00	routing	turborepo	ripgrep	q12	{"max_files": 20}	ndcg@10	0.5437373103864823
2026-03-29T20:27:03+00:00	routing	turborepo	ripgrep	q12	{"max_files": 20}	latency_s	0.3551012080000078
2026-03-29T20:27:04+00:00	routing	turborepo	ripgrep	q13	{"max_files": 5}	ndcg@10	0.5244551632082282
2026-03-29T20:27:04+00:00	routing	turborepo	ripgrep	q13	{"max_files": 5}	latency_s	0.4530607080000095
2026-03-29T20:27:04+00:00	routing	turborepo	ripgrep	q13	{"max_files": 10}	ndcg@10	0.2622275816041141
2026-03-29T20:27:04+00:00	routing	turborepo	ripgrep	q13	{"max_files": 10}	latency_s	0.4582634169999835
2026-03-29T20:27:04+00:00	routing	turborepo	ripgrep	q13	{"max_files": 20}	ndcg@10	0.2622275816041141
2026-03-29T20:27:04+00:00	routing	turborepo	ripgrep	q13	{"max_files": 20}	latency_s	0.45591866699999173
2026-03-29T20:27:05+00:00	routing	turborepo	ripgrep	q14	{"max_files": 5}	ndcg@10	0.0
2026-03-29T20:27:05+00:00	routing	turborepo	ripgrep	q14	{"max_files": 5}	latency_s	0.27090379099999495
2026-03-29T20:27:05+00:00	routing	turborepo	ripgrep	q14	{"max_files": 10}	ndcg@10	0.0
2026-03-29T20:27:05+00:00	routing	turborepo	ripgrep	q14	{"max_files": 10}	latency_s	0.2677734170000008
2026-03-29T20:27:05+00:00	routing	turborepo	ripgrep	q14	{"max_files": 20}	ndcg@10	0.23510099888391953
2026-03-29T20:27:05+00:00	routing	turborepo	ripgrep	q14	{"max_files": 20}	latency_s	0.27300791700000104
2026-03-29T20:27:06+00:00	routing	turborepo	ripgrep	q15	{"max_files": 5}	ndcg@10	0.02950771002022834
2026-03-29T20:27:06+00:00	routing	turborepo	ripgrep	q15	{"max_files": 5}	latency_s	0.464293916999992
2026-03-29T20:27:06+00:00	routing	turborepo	ripgrep	q15	{"max_files": 10}	ndcg@10	0.08892334975362431
2026-03-29T20:27:06+00:00	routing	turborepo	ripgrep	q15	{"max_files": 10}	latency_s	0.46556604200000606
2026-03-29T20:27:07+00:00	routing	turborepo	ripgrep	q15	{"max_files": 20}	ndcg@10	0.026505135332772985
2026-03-29T20:27:07+00:00	routing	turborepo	ripgrep	q15	{"max_files": 20}	latency_s	0.46337170900000046
2026-03-29T20:27:07+00:00	routing	turborepo	ripgrep	q16	{"max_files": 5}	ndcg@10	0.23980173319115133
2026-03-29T20:27:07+00:00	routing	turborepo	ripgrep	q16	{"max_files": 5}	latency_s	0.4146042079999859
2026-03-29T20:27:08+00:00	routing	turborepo	ripgrep	q16	{"max_files": 10}	ndcg@10	0.47960346638230267
2026-03-29T20:27:08+00:00	routing	turborepo	ripgrep	q16	{"max_files": 10}	latency_s	0.49701883400001634
2026-03-29T20:27:08+00:00	routing	turborepo	ripgrep	q16	{"max_files": 20}	ndcg@10	0.23980173319115133
2026-03-29T20:27:08+00:00	routing	turborepo	ripgrep	q16	{"max_files": 20}	latency_s	0.4227210839999884
2026-03-29T20:27:08+00:00	routing	turborepo	ripgrep	q17	{"max_files": 5}	ndcg@10	0.5138608568381814
2026-03-29T20:27:08+00:00	routing	turborepo	ripgrep	q17	{"max_files": 5}	latency_s	0.31331633299998884
2026-03-29T20:27:09+00:00	routing	turborepo	ripgrep	q17	{"max_files": 10}	ndcg@10	0.5228314802189602
2026-03-29T20:27:09+00:00	routing	turborepo	ripgrep	q17	{"max_files": 10}	latency_s	0.3124993330000052
2026-03-29T20:27:09+00:00	routing	turborepo	ripgrep	q17	{"max_files": 20}	ndcg@10	0.5228314802189602
2026-03-29T20:27:09+00:00	routing	turborepo	ripgrep	q17	{"max_files": 20}	latency_s	0.31855337499999337
2026-03-29T20:27:09+00:00	routing	turborepo	ripgrep	q18	{"max_files": 5}	ndcg@10	0.0
2026-03-29T20:27:09+00:00	routing	turborepo	ripgrep	q18	{"max_files": 5}	latency_s	0.4967064169999844
2026-03-29T20:27:10+00:00	routing	turborepo	ripgrep	q18	{"max_files": 10}	ndcg@10	0.0
2026-03-29T20:27:10+00:00	routing	turborepo	ripgrep	q18	{"max_files": 10}	latency_s	0.4990357920000008
2026-03-29T20:27:10+00:00	routing	turborepo	ripgrep	q18	{"max_files": 20}	ndcg@10	0.0
2026-03-29T20:27:10+00:00	routing	turborepo	ripgrep	q18	{"max_files": 20}	latency_s	0.4946090830000003
2026-03-29T20:27:11+00:00	routing	turborepo	ripgrep	q19	{"max_files": 5}	ndcg@10	0.0
2026-03-29T20:27:11+00:00	routing	turborepo	ripgrep	q19	{"max_files": 5}	latency_s	0.4491234579999741
2026-03-29T20:27:11+00:00	routing	turborepo	ripgrep	q19	{"max_files": 10}	ndcg@10	0.20288695215575275
2026-03-29T20:27:11+00:00	routing	turborepo	ripgrep	q19	{"max_files": 10}	latency_s	0.44435320799999545
2026-03-29T20:27:12+00:00	routing	turborepo	ripgrep	q19	{"max_files": 20}	ndcg@10	0.15787673550652545
2026-03-29T20:27:12+00:00	routing	turborepo	ripgrep	q19	{"max_files": 20}	latency_s	0.4451458339999874
2026-03-29T20:27:12+00:00	routing	turborepo	ripgrep	q20	{"max_files": 5}	ndcg@10	0.0
2026-03-29T20:27:12+00:00	routing	turborepo	ripgrep	q20	{"max_files": 5}	latency_s	0.4041878330000088
2026-03-29T20:27:13+00:00	routing	turborepo	ripgrep	q20	{"max_files": 10}	ndcg@10	0.0
2026-03-29T20:27:13+00:00	routing	turborepo	ripgrep	q20	{"max_files": 10}	latency_s	0.4806779580000011
2026-03-29T20:27:13+00:00	routing	turborepo	ripgrep	q20	{"max_files": 20}	ndcg@10	0.0
2026-03-29T20:27:13+00:00	routing	turborepo	ripgrep	q20	{"max_files": 20}	latency_s	0.41322491699997954
2026-03-29T20:27:13+00:00	routing	turborepo	ripgrep	q21	{"max_files": 5}	ndcg@10	0.0
2026-03-29T20:27:13+00:00	routing	turborepo	ripgrep	q21	{"max_files": 5}	latency_s	0.36479512500000055
2026-03-29T20:27:14+00:00	routing	turborepo	ripgrep	q21	{"max_files": 10}	ndcg@10	0.19580679839147713
2026-03-29T20:27:14+00:00	routing	turborepo	ripgrep	q21	{"max_files": 10}	latency_s	0.3642242500000066
2026-03-29T20:27:14+00:00	routing	turborepo	ripgrep	q21	{"max_files": 20}	ndcg@10	0.18531050258512607
2026-03-29T20:27:14+00:00	routing	turborepo	ripgrep	q21	{"max_files": 20}	latency_s	0.363149041000014
2026-03-29T20:27:15+00:00	routing	turborepo	ripgrep	q22	{"max_files": 5}	ndcg@10	0.4520538377107719
2026-03-29T20:27:15+00:00	routing	turborepo	ripgrep	q22	{"max_files": 5}	latency_s	0.3141118750000089
2026-03-29T20:27:15+00:00	routing	turborepo	ripgrep	q22	{"max_files": 10}	ndcg@10	0.4812002204006986
2026-03-29T20:27:15+00:00	routing	turborepo	ripgrep	q22	{"max_files": 10}	latency_s	0.316851000000014
2026-03-29T20:27:15+00:00	routing	turborepo	ripgrep	q22	{"max_files": 20}	ndcg@10	0.47876107097205484
2026-03-29T20:27:15+00:00	routing	turborepo	ripgrep	q22	{"max_files": 20}	latency_s	0.30840816699998186
2026-03-29T20:27:16+00:00	routing	turborepo	ripgrep	q23	{"max_files": 5}	ndcg@10	0.7125794632086186
2026-03-29T20:27:16+00:00	routing	turborepo	ripgrep	q23	{"max_files": 5}	latency_s	0.4514954160000002
2026-03-29T20:27:16+00:00	routing	turborepo	ripgrep	q23	{"max_files": 10}	ndcg@10	0.7519599440257524
2026-03-29T20:27:16+00:00	routing	turborepo	ripgrep	q23	{"max_files": 10}	latency_s	0.45729058300000247
2026-03-29T20:27:17+00:00	routing	turborepo	ripgrep	q23	{"max_files": 20}	ndcg@10	0.7446928621459254
2026-03-29T20:27:17+00:00	routing	turborepo	ripgrep	q23	{"max_files": 20}	latency_s	0.45596524999999133
2026-03-29T20:27:17+00:00	routing	turborepo	ripgrep	q24	{"max_files": 5}	ndcg@10	0.0
2026-03-29T20:27:17+00:00	routing	turborepo	ripgrep	q24	{"max_files": 5}	latency_s	0.22594770800000674
2026-03-29T20:27:17+00:00	routing	turborepo	ripgrep	q24	{"max_files": 10}	ndcg@10	0.0
2026-03-29T20:27:17+00:00	routing	turborepo	ripgrep	q24	{"max_files": 10}	latency_s	0.22851462500000252
2026-03-29T20:27:17+00:00	routing	turborepo	ripgrep	q24	{"max_files": 20}	ndcg@10	0.0
2026-03-29T20:27:17+00:00	routing	turborepo	ripgrep	q24	{"max_files": 20}	latency_s	0.22309437499998808
2026-03-29T20:27:18+00:00	routing	turborepo	ripgrep	q25	{"max_files": 5}	ndcg@10	0.0
2026-03-29T20:27:18+00:00	routing	turborepo	ripgrep	q25	{"max_files": 5}	latency_s	0.5027466660000073
2026-03-29T20:27:18+00:00	routing	turborepo	ripgrep	q25	{"max_files": 10}	ndcg@10	0.3691716289327608
2026-03-29T20:27:18+00:00	routing	turborepo	ripgrep	q25	{"max_files": 10}	latency_s	0.5276484169999947
2026-03-29T20:27:19+00:00	routing	turborepo	ripgrep	q25	{"max_files": 20}	ndcg@10	0.3691716289327608
2026-03-29T20:27:19+00:00	routing	turborepo	ripgrep	q25	{"max_files": 20}	latency_s	0.4490392909999912
2026-03-29T20:27:19+00:00	routing	turborepo	ripgrep	q26	{"max_files": 5}	ndcg@10	0.6298989693877386
2026-03-29T20:27:19+00:00	routing	turborepo	ripgrep	q26	{"max_files": 5}	latency_s	0.31410512499999754
2026-03-29T20:27:19+00:00	routing	turborepo	ripgrep	q26	{"max_files": 10}	ndcg@10	0.6298989693877386
2026-03-29T20:27:19+00:00	routing	turborepo	ripgrep	q26	{"max_files": 10}	latency_s	0.3170996660000185
2026-03-29T20:27:20+00:00	routing	turborepo	ripgrep	q26	{"max_files": 20}	ndcg@10	0.6298989693877386
2026-03-29T20:27:20+00:00	routing	turborepo	ripgrep	q26	{"max_files": 20}	latency_s	0.3129581249999944
2026-03-29T20:27:20+00:00	routing	turborepo	ripgrep	q27	{"max_files": 5}	ndcg@10	0.40308460929883105
2026-03-29T20:27:20+00:00	routing	turborepo	ripgrep	q27	{"max_files": 5}	latency_s	0.22384987499998488
2026-03-29T20:27:20+00:00	routing	turborepo	ripgrep	q27	{"max_files": 10}	ndcg@10	0.5839039075255892
2026-03-29T20:27:20+00:00	routing	turborepo	ripgrep	q27	{"max_files": 10}	latency_s	0.22652650000000563
2026-03-29T20:27:20+00:00	routing	turborepo	ripgrep	q27	{"max_files": 20}	ndcg@10	0.5839039075255892
2026-03-29T20:27:20+00:00	routing	turborepo	ripgrep	q27	{"max_files": 20}	latency_s	0.22500587500002212
2026-03-29T20:27:21+00:00	routing	turborepo	ripgrep	q28	{"max_files": 5}	ndcg@10	0.246330763412012
2026-03-29T20:27:21+00:00	routing	turborepo	ripgrep	q28	{"max_files": 5}	latency_s	0.5478230829999973
2026-03-29T20:27:21+00:00	routing	turborepo	ripgrep	q28	{"max_files": 10}	ndcg@10	0.48632439237954844
2026-03-29T20:27:21+00:00	routing	turborepo	ripgrep	q28	{"max_files": 10}	latency_s	0.5495469999999898
2026-03-29T20:27:22+00:00	routing	turborepo	ripgrep	q28	{"max_files": 20}	ndcg@10	0.45914071299686576
2026-03-29T20:27:22+00:00	routing	turborepo	ripgrep	q28	{"max_files": 20}	latency_s	0.5537099580000131
2026-03-29T20:27:22+00:00	routing	turborepo	ripgrep	q29	{"max_files": 5}	ndcg@10	0.0
2026-03-29T20:27:22+00:00	routing	turborepo	ripgrep	q29	{"max_files": 5}	latency_s	0.5486144590000208
2026-03-29T20:27:23+00:00	routing	turborepo	ripgrep	q29	{"max_files": 10}	ndcg@10	0.16544718344112294
2026-03-29T20:27:23+00:00	routing	turborepo	ripgrep	q29	{"max_files": 10}	latency_s	0.548378624999998
2026-03-29T20:27:24+00:00	routing	turborepo	ripgrep	q29	{"max_files": 20}	ndcg@10	0.15787673550652545
2026-03-29T20:27:24+00:00	routing	turborepo	ripgrep	q29	{"max_files": 20}	latency_s	0.5486216669999919
2026-03-29T20:27:24+00:00	routing	turborepo	ripgrep	q30	{"max_files": 5}	ndcg@10	0.541942129480027
2026-03-29T20:27:24+00:00	routing	turborepo	ripgrep	q30	{"max_files": 5}	latency_s	0.5472739580000052
2026-03-29T20:27:25+00:00	routing	turborepo	ripgrep	q30	{"max_files": 10}	ndcg@10	0.7129058365814392
2026-03-29T20:27:25+00:00	routing	turborepo	ripgrep	q30	{"max_files": 10}	latency_s	0.543723
2026-03-29T20:27:25+00:00	routing	turborepo	ripgrep	q30	{"max_files": 20}	ndcg@10	0.7225895059733694
2026-03-29T20:27:25+00:00	routing	turborepo	ripgrep	q30	{"max_files": 20}	latency_s	0.5464745840000091
2026-03-29T20:27:26+00:00	routing	turborepo	ripgrep	q31	{"max_files": 5}	ndcg@10	0.2996886141076125
2026-03-29T20:27:26+00:00	routing	turborepo	ripgrep	q31	{"max_files": 5}	latency_s	0.45833112500000084
2026-03-29T20:27:26+00:00	routing	turborepo	ripgrep	q31	{"max_files": 10}	ndcg@10	0.359911156765289
2026-03-29T20:27:26+00:00	routing	turborepo	ripgrep	q31	{"max_files": 10}	latency_s	0.4562845829999844
2026-03-29T20:27:27+00:00	routing	turborepo	ripgrep	q31	{"max_files": 20}	ndcg@10	0.42659327248315165
2026-03-29T20:27:27+00:00	routing	turborepo	ripgrep	q31	{"max_files": 20}	latency_s	0.45260904200000596
2026-03-29T20:27:27+00:00	routing	turborepo	ripgrep	q32	{"max_files": 5}	ndcg@10	0.5798699757173986
2026-03-29T20:27:27+00:00	routing	turborepo	ripgrep	q32	{"max_files": 5}	latency_s	0.49146733400002063
2026-03-29T20:27:28+00:00	routing	turborepo	ripgrep	q32	{"max_files": 10}	ndcg@10	0.5798699757173986
2026-03-29T20:27:28+00:00	routing	turborepo	ripgrep	q32	{"max_files": 10}	latency_s	0.4962704579999979
2026-03-29T20:27:28+00:00	routing	turborepo	ripgrep	q32	{"max_files": 20}	ndcg@10	0.5798699757173986
2026-03-29T20:27:28+00:00	routing	turborepo	ripgrep	q32	{"max_files": 20}	latency_s	0.4993189580000035
2026-03-29T20:27:28+00:00	routing	turborepo	ripgrep	q33	{"max_files": 5}	ndcg@10	0.8238126700157913
2026-03-29T20:27:28+00:00	routing	turborepo	ripgrep	q33	{"max_files": 5}	latency_s	0.39816600000000335
2026-03-29T20:27:29+00:00	routing	turborepo	ripgrep	q33	{"max_files": 10}	ndcg@10	0.7776167464205892
2026-03-29T20:27:29+00:00	routing	turborepo	ripgrep	q33	{"max_files": 10}	latency_s	0.40090895800000226
2026-03-29T20:27:29+00:00	routing	turborepo	ripgrep	q33	{"max_files": 20}	ndcg@10	0.8238126700157913
2026-03-29T20:27:29+00:00	routing	turborepo	ripgrep	q33	{"max_files": 20}	latency_s	0.3998608330000195
2026-03-29T20:27:30+00:00	routing	turborepo	ripgrep	q34	{"max_files": 5}	ndcg@10	0.33304551050294506
2026-03-29T20:27:30+00:00	routing	turborepo	ripgrep	q34	{"max_files": 5}	latency_s	0.5607285000000104
2026-03-29T20:27:30+00:00	routing	turborepo	ripgrep	q34	{"max_files": 10}	ndcg@10	0.33304551050294506
2026-03-29T20:27:30+00:00	routing	turborepo	ripgrep	q34	{"max_files": 10}	latency_s	0.5538036250000005
2026-03-29T20:27:31+00:00	routing	turborepo	ripgrep	q34	{"max_files": 20}	ndcg@10	0.33304551050294506
2026-03-29T20:27:31+00:00	routing	turborepo	ripgrep	q34	{"max_files": 20}	latency_s	0.5546028329999899
2026-03-29T20:27:31+00:00	routing	turborepo	ripgrep	q35	{"max_files": 5}	ndcg@10	0.20150731651526937
2026-03-29T20:27:31+00:00	routing	turborepo	ripgrep	q35	{"max_files": 5}	latency_s	0.49606575000001385
2026-03-29T20:27:32+00:00	routing	turborepo	ripgrep	q35	{"max_files": 10}	ndcg@10	0.20150731651526937
2026-03-29T20:27:32+00:00	routing	turborepo	ripgrep	q35	{"max_files": 10}	latency_s	0.4955965000000049
2026-03-29T20:27:32+00:00	routing	turborepo	ripgrep	q35	{"max_files": 20}	ndcg@10	0.20150731651526937
2026-03-29T20:27:32+00:00	routing	turborepo	ripgrep	q35	{"max_files": 20}	latency_s	0.496748249999996
2026-03-29T20:27:33+00:00	routing	turborepo	ripgrep	q36	{"max_files": 5}	ndcg@10	0.30932614150923465
2026-03-29T20:27:33+00:00	routing	turborepo	ripgrep	q36	{"max_files": 5}	latency_s	0.6074539579999794
2026-03-29T20:27:34+00:00	routing	turborepo	ripgrep	q36	{"max_files": 10}	ndcg@10	0.36948577470112404
2026-03-29T20:27:34+00:00	routing	turborepo	ripgrep	q36	{"max_files": 10}	latency_s	0.6064386669999919
2026-03-29T20:27:34+00:00	routing	turborepo	ripgrep	q36	{"max_files": 20}	ndcg@10	0.36948577470112404
2026-03-29T20:27:34+00:00	routing	turborepo	ripgrep	q36	{"max_files": 20}	latency_s	0.5990774590000001
2026-03-29T20:27:35+00:00	routing	turborepo	ripgrep	q37	{"max_files": 5}	ndcg@10	0.10002933042832422
2026-03-29T20:27:35+00:00	routing	turborepo	ripgrep	q37	{"max_files": 5}	latency_s	0.544486207999995
2026-03-29T20:27:35+00:00	routing	turborepo	ripgrep	q37	{"max_files": 10}	ndcg@10	0.3031967279051293
2026-03-29T20:27:35+00:00	routing	turborepo	ripgrep	q37	{"max_files": 10}	latency_s	0.5377298749999966
2026-03-29T20:27:36+00:00	routing	turborepo	ripgrep	q37	{"max_files": 20}	ndcg@10	0.08985078606343452
2026-03-29T20:27:36+00:00	routing	turborepo	ripgrep	q37	{"max_files": 20}	latency_s	0.5447808330000043
2026-03-29T20:27:37+00:00	routing	turborepo	ripgrep	q38	{"max_files": 5}	ndcg@10	0.5244551632082282
2026-03-29T20:27:37+00:00	routing	turborepo	ripgrep	q38	{"max_files": 5}	latency_s	0.6362845000000164
2026-03-29T20:27:37+00:00	routing	turborepo	ripgrep	q38	{"max_files": 10}	ndcg@10	0.5244551632082282
2026-03-29T20:27:37+00:00	routing	turborepo	ripgrep	q38	{"max_files": 10}	latency_s	0.643624750000015
2026-03-29T20:27:38+00:00	routing	turborepo	ripgrep	q38	{"max_files": 20}	ndcg@10	0.5244551632082282
2026-03-29T20:27:38+00:00	routing	turborepo	ripgrep	q38	{"max_files": 20}	latency_s	0.6385414590000096
2026-03-29T20:27:39+00:00	routing	turborepo	ripgrep	q39	{"max_files": 5}	ndcg@10	0.0
2026-03-29T20:27:39+00:00	routing	turborepo	ripgrep	q39	{"max_files": 5}	latency_s	0.7951289579999923
2026-03-29T20:27:39+00:00	routing	turborepo	ripgrep	q39	{"max_files": 10}	ndcg@10	0.13184527365987134
2026-03-29T20:27:39+00:00	routing	turborepo	ripgrep	q39	{"max_files": 10}	latency_s	0.7358795420000206
2026-03-29T20:27:40+00:00	routing	turborepo	ripgrep	q39	{"max_files": 20}	ndcg@10	0.1373027035620744
2026-03-29T20:27:40+00:00	routing	turborepo	ripgrep	q39	{"max_files": 20}	latency_s	0.7376261670000019
2026-03-29T20:27:41+00:00	routing	turborepo	ripgrep	q40	{"max_files": 5}	ndcg@10	0.2724803612044869
2026-03-29T20:27:41+00:00	routing	turborepo	ripgrep	q40	{"max_files": 5}	latency_s	0.5828478749999988
2026-03-29T20:27:41+00:00	routing	turborepo	ripgrep	q40	{"max_files": 10}	ndcg@10	0.33840990800703896
2026-03-29T20:27:41+00:00	routing	turborepo	ripgrep	q40	{"max_files": 10}	latency_s	0.632356791999996
2026-03-29T20:27:42+00:00	routing	turborepo	ripgrep	q40	{"max_files": 20}	ndcg@10	0.33840990800703896
2026-03-29T20:27:42+00:00	routing	turborepo	ripgrep	q40	{"max_files": 20}	latency_s	0.5901699169999972
2026-03-29T20:27:42+00:00	routing	turborepo	shire	q01	{"limit": 10, "strategy": "symbols"}	ndcg@10	0.0
2026-03-29T20:27:42+00:00	routing	turborepo	shire	q01	{"limit": 10, "strategy": "symbols"}	latency_s	0.013630957999993143
2026-03-29T20:27:42+00:00	routing	turborepo	shire	q01	{"limit": 20, "strategy": "symbols"}	ndcg@10	0.0
2026-03-29T20:27:42+00:00	routing	turborepo	shire	q01	{"limit": 20, "strategy": "symbols"}	latency_s	0.005126375000003236
2026-03-29T20:27:42+00:00	routing	turborepo	shire	q01	{"limit": 10, "strategy": "files"}	ndcg@10	0.0
2026-03-29T20:27:42+00:00	routing	turborepo	shire	q01	{"limit": 10, "strategy": "files"}	latency_s	0.0008184579999976904
2026-03-29T20:27:42+00:00	routing	turborepo	shire	q01	{"limit": 20, "strategy": "files"}	ndcg@10	0.0
2026-03-29T20:27:42+00:00	routing	turborepo	shire	q01	{"limit": 20, "strategy": "files"}	latency_s	9.499999998752173e-05
2026-03-29T20:27:42+00:00	routing	turborepo	shire	q01	{"limit": 10, "strategy": "combined"}	ndcg@10	0.0
2026-03-29T20:27:42+00:00	routing	turborepo	shire	q01	{"limit": 10, "strategy": "combined"}	latency_s	0.004989249999994172
2026-03-29T20:27:42+00:00	routing	turborepo	shire	q01	{"limit": 20, "strategy": "combined"}	ndcg@10	0.0
2026-03-29T20:27:42+00:00	routing	turborepo	shire	q01	{"limit": 20, "strategy": "combined"}	latency_s	0.006325958000019227
2026-03-29T20:27:42+00:00	routing	turborepo	shire	q02	{"limit": 10, "strategy": "symbols"}	ndcg@10	0.6467429303328278
2026-03-29T20:27:42+00:00	routing	turborepo	shire	q02	{"limit": 10, "strategy": "symbols"}	latency_s	0.007379917000008618
2026-03-29T20:27:42+00:00	routing	turborepo	shire	q02	{"limit": 20, "strategy": "symbols"}	ndcg@10	0.6467429303328278
2026-03-29T20:27:42+00:00	routing	turborepo	shire	q02	{"limit": 20, "strategy": "symbols"}	latency_s	0.007309125000006134
2026-03-29T20:27:42+00:00	routing	turborepo	shire	q02	{"limit": 10, "strategy": "files"}	ndcg@10	0.0
2026-03-29T20:27:42+00:00	routing	turborepo	shire	q02	{"limit": 10, "strategy": "files"}	latency_s	9.766600001626102e-05
2026-03-29T20:27:42+00:00	routing	turborepo	shire	q02	{"limit": 20, "strategy": "files"}	ndcg@10	0.0
2026-03-29T20:27:42+00:00	routing	turborepo	shire	q02	{"limit": 20, "strategy": "files"}	latency_s	5.429099999787468e-05
2026-03-29T20:27:42+00:00	routing	turborepo	shire	q02	{"limit": 10, "strategy": "combined"}	ndcg@10	0.6467429303328278
2026-03-29T20:27:42+00:00	routing	turborepo	shire	q02	{"limit": 10, "strategy": "combined"}	latency_s	0.0074672499999905995
2026-03-29T20:27:42+00:00	routing	turborepo	shire	q02	{"limit": 20, "strategy": "combined"}	ndcg@10	0.6467429303328278
2026-03-29T20:27:42+00:00	routing	turborepo	shire	q02	{"limit": 20, "strategy": "combined"}	latency_s	0.008036209000010786
2026-03-29T20:27:42+00:00	routing	turborepo	shire	q03	{"limit": 10, "strategy": "symbols"}	ndcg@10	0.47020199776783905
2026-03-29T20:27:42+00:00	routing	turborepo	shire	q03	{"limit": 10, "strategy": "symbols"}	latency_s	0.005665292000003319
2026-03-29T20:27:42+00:00	routing	turborepo	shire	q03	{"limit": 20, "strategy": "symbols"}	ndcg@10	0.47020199776783905
2026-03-29T20:27:42+00:00	routing	turborepo	shire	q03	{"limit": 20, "strategy": "symbols"}	latency_s	0.0069321670000022095
2026-03-29T20:27:42+00:00	routing	turborepo	shire	q03	{"limit": 10, "strategy": "files"}	ndcg@10	0.0
2026-03-29T20:27:42+00:00	routing	turborepo	shire	q03	{"limit": 10, "strategy": "files"}	latency_s	0.00018416599999682148
2026-03-29T20:27:42+00:00	routing	turborepo	shire	q03	{"limit": 20, "strategy": "files"}	ndcg@10	0.0
2026-03-29T20:27:42+00:00	routing	turborepo	shire	q03	{"limit": 20, "strategy": "files"}	latency_s	7.049999999253487e-05
2026-03-29T20:27:42+00:00	routing	turborepo	shire	q03	{"limit": 10, "strategy": "combined"}	ndcg@10	0.47020199776783905
2026-03-29T20:27:42+00:00	routing	turborepo	shire	q03	{"limit": 10, "strategy": "combined"}	latency_s	0.0072802090000152475
2026-03-29T20:27:42+00:00	routing	turborepo	shire	q03	{"limit": 20, "strategy": "combined"}	ndcg@10	0.47020199776783905
2026-03-29T20:27:42+00:00	routing	turborepo	shire	q03	{"limit": 20, "strategy": "combined"}	latency_s	0.007851000000016484
2026-03-29T20:27:42+00:00	routing	turborepo	shire	q04	{"limit": 10, "strategy": "symbols"}	ndcg@10	0.5874203951744313
2026-03-29T20:27:42+00:00	routing	turborepo	shire	q04	{"limit": 10, "strategy": "symbols"}	latency_s	0.007164958000004162
2026-03-29T20:27:42+00:00	routing	turborepo	shire	q04	{"limit": 20, "strategy": "symbols"}	ndcg@10	0.5874203951744313
2026-03-29T20:27:42+00:00	routing	turborepo	shire	q04	{"limit": 20, "strategy": "symbols"}	latency_s	0.005542084000012437
2026-03-29T20:27:42+00:00	routing	turborepo	shire	q04	{"limit": 10, "strategy": "files"}	ndcg@10	0.0
2026-03-29T20:27:42+00:00	routing	turborepo	shire	q04	{"limit": 10, "strategy": "files"}	latency_s	0.0001107079999940197
2026-03-29T20:27:42+00:00	routing	turborepo	shire	q04	{"limit": 20, "strategy": "files"}	ndcg@10	0.0
2026-03-29T20:27:42+00:00	routing	turborepo	shire	q04	{"limit": 20, "strategy": "files"}	latency_s	8.008300000028612e-05
2026-03-29T20:27:42+00:00	routing	turborepo	shire	q04	{"limit": 10, "strategy": "combined"}	ndcg@10	0.5874203951744313
2026-03-29T20:27:42+00:00	routing	turborepo	shire	q04	{"limit": 10, "strategy": "combined"}	latency_s	0.006576666999990266
2026-03-29T20:27:42+00:00	routing	turborepo	shire	q04	{"limit": 20, "strategy": "combined"}	ndcg@10	0.5874203951744313
2026-03-29T20:27:42+00:00	routing	turborepo	shire	q04	{"limit": 20, "strategy": "combined"}	latency_s	0.008950125000012576
2026-03-29T20:27:42+00:00	routing	turborepo	shire	q05	{"limit": 10, "strategy": "symbols"}	ndcg@10	0.0
2026-03-29T20:27:42+00:00	routing	turborepo	shire	q05	{"limit": 10, "strategy": "symbols"}	latency_s	0.005285833999977285
2026-03-29T20:27:42+00:00	routing	turborepo	shire	q05	{"limit": 20, "strategy": "symbols"}	ndcg@10	0.0
2026-03-29T20:27:42+00:00	routing	turborepo	shire	q05	{"limit": 20, "strategy": "symbols"}	latency_s	0.007595750000007229
2026-03-29T20:27:42+00:00	routing	turborepo	shire	q05	{"limit": 10, "strategy": "files"}	ndcg@10	0.0
2026-03-29T20:27:42+00:00	routing	turborepo	shire	q05	{"limit": 10, "strategy": "files"}	latency_s	0.00011908400000493202
2026-03-29T20:27:42+00:00	routing	turborepo	shire	q05	{"limit": 20, "strategy": "files"}	ndcg@10	0.0
2026-03-29T20:27:42+00:00	routing	turborepo	shire	q05	{"limit": 20, "strategy": "files"}	latency_s	5.733399999030553e-05
2026-03-29T20:27:42+00:00	routing	turborepo	shire	q05	{"limit": 10, "strategy": "combined"}	ndcg@10	0.0
2026-03-29T20:27:42+00:00	routing	turborepo	shire	q05	{"limit": 10, "strategy": "combined"}	latency_s	0.005159167000016396
2026-03-29T20:27:42+00:00	routing	turborepo	shire	q05	{"limit": 20, "strategy": "combined"}	ndcg@10	0.0
2026-03-29T20:27:42+00:00	routing	turborepo	shire	q05	{"limit": 20, "strategy": "combined"}	latency_s	0.0066044160000160446
2026-03-29T20:27:42+00:00	routing	turborepo	shire	q06	{"limit": 10, "strategy": "symbols"}	ndcg@10	0.7452525342261976
2026-03-29T20:27:42+00:00	routing	turborepo	shire	q06	{"limit": 10, "strategy": "symbols"}	latency_s	0.005749167000004718
2026-03-29T20:27:42+00:00	routing	turborepo	shire	q06	{"limit": 20, "strategy": "symbols"}	ndcg@10	0.7452525342261976
2026-03-29T20:27:42+00:00	routing	turborepo	shire	q06	{"limit": 20, "strategy": "symbols"}	latency_s	0.006330915999996023
2026-03-29T20:27:42+00:00	routing	turborepo	shire	q06	{"limit": 10, "strategy": "files"}	ndcg@10	0.0
2026-03-29T20:27:42+00:00	routing	turborepo	shire	q06	{"limit": 10, "strategy": "files"}	latency_s	0.00037687500000060936
2026-03-29T20:27:42+00:00	routing	turborepo	shire	q06	{"limit": 20, "strategy": "files"}	ndcg@10	0.0
2026-03-29T20:27:42+00:00	routing	turborepo	shire	q06	{"limit": 20, "strategy": "files"}	latency_s	0.00012283299997761787
2026-03-29T20:27:42+00:00	routing	turborepo	shire	q06	{"limit": 10, "strategy": "combined"}	ndcg@10	0.7452525342261976
2026-03-29T20:27:42+00:00	routing	turborepo	shire	q06	{"limit": 10, "strategy": "combined"}	latency_s	0.005852541999985306
2026-03-29T20:27:42+00:00	routing	turborepo	shire	q06	{"limit": 20, "strategy": "combined"}	ndcg@10	0.7452525342261976
2026-03-29T20:27:42+00:00	routing	turborepo	shire	q06	{"limit": 20, "strategy": "combined"}	latency_s	0.005513083000010965
2026-03-29T20:27:42+00:00	routing	turborepo	shire	q07	{"limit": 10, "strategy": "symbols"}	ndcg@10	0.47020199776783905
2026-03-29T20:27:42+00:00	routing	turborepo	shire	q07	{"limit": 10, "strategy": "symbols"}	latency_s	0.003972957999991422
2026-03-29T20:27:42+00:00	routing	turborepo	shire	q07	{"limit": 20, "strategy": "symbols"}	ndcg@10	0.47020199776783905
2026-03-29T20:27:42+00:00	routing	turborepo	shire	q07	{"limit": 20, "strategy": "symbols"}	latency_s	0.008626874999976053
2026-03-29T20:27:42+00:00	routing	turborepo	shire	q07	{"limit": 10, "strategy": "files"}	ndcg@10	0.0
2026-03-29T20:27:42+00:00	routing	turborepo	shire	q07	{"limit": 10, "strategy": "files"}	latency_s	0.00011666599999671234
2026-03-29T20:27:42+00:00	routing	turborepo	shire	q07	{"limit": 20, "strategy": "files"}	ndcg@10	0.0
2026-03-29T20:27:42+00:00	routing	turborepo	shire	q07	{"limit": 20, "strategy": "files"}	latency_s	6.450000000768341e-05
2026-03-29T20:27:42+00:00	routing	turborepo	shire	q07	{"limit": 10, "strategy": "combined"}	ndcg@10	0.47020199776783905
2026-03-29T20:27:42+00:00	routing	turborepo	shire	q07	{"limit": 10, "strategy": "combined"}	latency_s	0.008498083999995742
2026-03-29T20:27:42+00:00	routing	turborepo	shire	q07	{"limit": 20, "strategy": "combined"}	ndcg@10	0.47020199776783905
2026-03-29T20:27:42+00:00	routing	turborepo	shire	q07	{"limit": 20, "strategy": "combined"}	latency_s	0.007843041999990419
2026-03-29T20:27:42+00:00	routing	turborepo	shire	q08	{"limit": 10, "strategy": "symbols"}	ndcg@10	0.3122123569151294
2026-03-29T20:27:42+00:00	routing	turborepo	shire	q08	{"limit": 10, "strategy": "symbols"}	latency_s	0.005429415999998355
2026-03-29T20:27:42+00:00	routing	turborepo	shire	q08	{"limit": 20, "strategy": "symbols"}	ndcg@10	0.3122123569151294
2026-03-29T20:27:42+00:00	routing	turborepo	shire	q08	{"limit": 20, "strategy": "symbols"}	latency_s	0.005314125000012382
2026-03-29T20:27:42+00:00	routing	turborepo	shire	q08	{"limit": 10, "strategy": "files"}	ndcg@10	0.0
2026-03-29T20:27:42+00:00	routing	turborepo	shire	q08	{"limit": 10, "strategy": "files"}	latency_s	0.00011891700000887795
2026-03-29T20:27:42+00:00	routing	turborepo	shire	q08	{"limit": 20, "strategy": "files"}	ndcg@10	0.0
2026-03-29T20:27:42+00:00	routing	turborepo	shire	q08	{"limit": 20, "strategy": "files"}	latency_s	6.508299998131406e-05
2026-03-29T20:27:42+00:00	routing	turborepo	shire	q08	{"limit": 10, "strategy": "combined"}	ndcg@10	0.3122123569151294
2026-03-29T20:27:42+00:00	routing	turborepo	shire	q08	{"limit": 10, "strategy": "combined"}	latency_s	0.005336916999993946
2026-03-29T20:27:42+00:00	routing	turborepo	shire	q08	{"limit": 20, "strategy": "combined"}	ndcg@10	0.3122123569151294
2026-03-29T20:27:42+00:00	routing	turborepo	shire	q08	{"limit": 20, "strategy": "combined"}	latency_s	0.006250750000020844
2026-03-29T20:27:42+00:00	routing	turborepo	shire	q09	{"limit": 10, "strategy": "symbols"}	ndcg@10	0.044601765273589916
2026-03-29T20:27:42+00:00	routing	turborepo	shire	q09	{"limit": 10, "strategy": "symbols"}	latency_s	0.00399662500001341
2026-03-29T20:27:42+00:00	routing	turborepo	shire	q09	{"limit": 20, "strategy": "symbols"}	ndcg@10	0.044601765273589916
2026-03-29T20:27:42+00:00	routing	turborepo	shire	q09	{"limit": 20, "strategy": "symbols"}	latency_s	0.006280040999996572
2026-03-29T20:27:42+00:00	routing	turborepo	shire	q09	{"limit": 10, "strategy": "files"}	ndcg@10	0.0
2026-03-29T20:27:42+00:00	routing	turborepo	shire	q09	{"limit": 10, "strategy": "files"}	latency_s	0.00017258400001196605
2026-03-29T20:27:42+00:00	routing	turborepo	shire	q09	{"limit": 20, "strategy": "files"}	ndcg@10	0.0
2026-03-29T20:27:42+00:00	routing	turborepo	shire	q09	{"limit": 20, "strategy": "files"}	latency_s	0.00011758299999087285
2026-03-29T20:27:42+00:00	routing	turborepo	shire	q09	{"limit": 10, "strategy": "combined"}	ndcg@10	0.044601765273589916
2026-03-29T20:27:42+00:00	routing	turborepo	shire	q09	{"limit": 10, "strategy": "combined"}	latency_s	0.00537283299999558
2026-03-29T20:27:42+00:00	routing	turborepo	shire	q09	{"limit": 20, "strategy": "combined"}	ndcg@10	0.044601765273589916
2026-03-29T20:27:42+00:00	routing	turborepo	shire	q09	{"limit": 20, "strategy": "combined"}	latency_s	0.0064459169999793176
2026-03-29T20:27:42+00:00	routing	turborepo	shire	q10	{"limit": 10, "strategy": "symbols"}	ndcg@10	0.0
2026-03-29T20:27:42+00:00	routing	turborepo	shire	q10	{"limit": 10, "strategy": "symbols"}	latency_s	0.005473042000005535
2026-03-29T20:27:42+00:00	routing	turborepo	shire	q10	{"limit": 20, "strategy": "symbols"}	ndcg@10	0.0
2026-03-29T20:27:42+00:00	routing	turborepo	shire	q10	{"limit": 20, "strategy": "symbols"}	latency_s	0.004558374999987791
2026-03-29T20:27:42+00:00	routing	turborepo	shire	q10	{"limit": 10, "strategy": "files"}	ndcg@10	0.0
2026-03-29T20:27:42+00:00	routing	turborepo	shire	q10	{"limit": 10, "strategy": "files"}	latency_s	0.00022333300000809686
2026-03-29T20:27:42+00:00	routing	turborepo	shire	q10	{"limit": 20, "strategy": "files"}	ndcg@10	0.0
2026-03-29T20:27:42+00:00	routing	turborepo	shire	q10	{"limit": 20, "strategy": "files"}	latency_s	0.00015004200000134915
2026-03-29T20:27:42+00:00	routing	turborepo	shire	q10	{"limit": 10, "strategy": "combined"}	ndcg@10	0.0
2026-03-29T20:27:42+00:00	routing	turborepo	shire	q10	{"limit": 10, "strategy": "combined"}	latency_s	0.006187292000021216
2026-03-29T20:27:42+00:00	routing	turborepo	shire	q10	{"limit": 20, "strategy": "combined"}	ndcg@10	0.0
2026-03-29T20:27:42+00:00	routing	turborepo	shire	q10	{"limit": 20, "strategy": "combined"}	latency_s	0.006733124999982465
2026-03-29T20:27:42+00:00	routing	turborepo	shire	q11	{"limit": 10, "strategy": "symbols"}	ndcg@10	0.0
2026-03-29T20:27:42+00:00	routing	turborepo	shire	q11	{"limit": 10, "strategy": "symbols"}	latency_s	0.006294624999981124
2026-03-29T20:27:42+00:00	routing	turborepo	shire	q11	{"limit": 20, "strategy": "symbols"}	ndcg@10	0.246330763412012
2026-03-29T20:27:42+00:00	routing	turborepo	shire	q11	{"limit": 20, "strategy": "symbols"}	latency_s	0.007587999999998374
2026-03-29T20:27:42+00:00	routing	turborepo	shire	q11	{"limit": 10, "strategy": "files"}	ndcg@10	0.0
2026-03-29T20:27:42+00:00	routing	turborepo	shire	q11	{"limit": 10, "strategy": "files"}	latency_s	0.00014195800000038616
2026-03-29T20:27:42+00:00	routing	turborepo	shire	q11	{"limit": 20, "strategy": "files"}	ndcg@10	0.0
2026-03-29T20:27:42+00:00	routing	turborepo	shire	q11	{"limit": 20, "strategy": "files"}	latency_s	7.912499998496969e-05
2026-03-29T20:27:42+00:00	routing	turborepo	shire	q11	{"limit": 10, "strategy": "combined"}	ndcg@10	0.0
2026-03-29T20:27:42+00:00	routing	turborepo	shire	q11	{"limit": 10, "strategy": "combined"}	latency_s	0.0045933749999846896
2026-03-29T20:27:42+00:00	routing	turborepo	shire	q11	{"limit": 20, "strategy": "combined"}	ndcg@10	0.246330763412012
2026-03-29T20:27:42+00:00	routing	turborepo	shire	q11	{"limit": 20, "strategy": "combined"}	latency_s	0.006629333000006454
2026-03-29T20:27:42+00:00	routing	turborepo	shire	q12	{"limit": 10, "strategy": "symbols"}	ndcg@10	0.7452525342261976
2026-03-29T20:27:42+00:00	routing	turborepo	shire	q12	{"limit": 10, "strategy": "symbols"}	latency_s	0.006279915999982677
2026-03-29T20:27:42+00:00	routing	turborepo	shire	q12	{"limit": 20, "strategy": "symbols"}	ndcg@10	0.7452525342261976
2026-03-29T20:27:42+00:00	routing	turborepo	shire	q12	{"limit": 20, "strategy": "symbols"}	latency_s	0.00432970800000021
2026-03-29T20:27:42+00:00	routing	turborepo	shire	q12	{"limit": 10, "strategy": "files"}	ndcg@10	0.0
2026-03-29T20:27:42+00:00	routing	turborepo	shire	q12	{"limit": 10, "strategy": "files"}	latency_s	0.0002372089999767013
2026-03-29T20:27:42+00:00	routing	turborepo	shire	q12	{"limit": 20, "strategy": "files"}	ndcg@10	0.0
2026-03-29T20:27:42+00:00	routing	turborepo	shire	q12	{"limit": 20, "strategy": "files"}	latency_s	0.0001318749999938973
2026-03-29T20:27:42+00:00	routing	turborepo	shire	q12	{"limit": 10, "strategy": "combined"}	ndcg@10	0.7452525342261976
2026-03-29T20:27:42+00:00	routing	turborepo	shire	q12	{"limit": 10, "strategy": "combined"}	latency_s	0.004362666999981002
2026-03-29T20:27:42+00:00	routing	turborepo	shire	q12	{"limit": 20, "strategy": "combined"}	ndcg@10	0.7452525342261976
2026-03-29T20:27:42+00:00	routing	turborepo	shire	q12	{"limit": 20, "strategy": "combined"}	latency_s	0.004605709000003344
2026-03-29T20:27:42+00:00	routing	turborepo	shire	q13	{"limit": 10, "strategy": "symbols"}	ndcg@10	0.20288695215575275
2026-03-29T20:27:42+00:00	routing	turborepo	shire	q13	{"limit": 10, "strategy": "symbols"}	latency_s	0.009834458000000268
2026-03-29T20:27:42+00:00	routing	turborepo	shire	q13	{"limit": 20, "strategy": "symbols"}	ndcg@10	0.20288695215575275
2026-03-29T20:27:42+00:00	routing	turborepo	shire	q13	{"limit": 20, "strategy": "symbols"}	latency_s	0.007926833999988503
2026-03-29T20:27:42+00:00	routing	turborepo	shire	q13	{"limit": 10, "strategy": "files"}	ndcg@10	0.0
2026-03-29T20:27:42+00:00	routing	turborepo	shire	q13	{"limit": 10, "strategy": "files"}	latency_s	0.0002685419999863825
2026-03-29T20:27:42+00:00	routing	turborepo	shire	q13	{"limit": 20, "strategy": "files"}	ndcg@10	0.0
2026-03-29T20:27:42+00:00	routing	turborepo	shire	q13	{"limit": 20, "strategy": "files"}	latency_s	0.00017995799998971052
2026-03-29T20:27:42+00:00	routing	turborepo	shire	q13	{"limit": 10, "strategy": "combined"}	ndcg@10	0.20288695215575275
2026-03-29T20:27:42+00:00	routing	turborepo	shire	q13	{"limit": 10, "strategy": "combined"}	latency_s	0.005723582999991095
2026-03-29T20:27:42+00:00	routing	turborepo	shire	q13	{"limit": 20, "strategy": "combined"}	ndcg@10	0.20288695215575275
2026-03-29T20:27:42+00:00	routing	turborepo	shire	q13	{"limit": 20, "strategy": "combined"}	latency_s	0.0066604579999989255
2026-03-29T20:27:42+00:00	routing	turborepo	shire	q14	{"limit": 10, "strategy": "symbols"}	ndcg@10	0.0
2026-03-29T20:27:42+00:00	routing	turborepo	shire	q14	{"limit": 10, "strategy": "symbols"}	latency_s	0.006071749999989606
2026-03-29T20:27:42+00:00	routing	turborepo	shire	q14	{"limit": 20, "strategy": "symbols"}	ndcg@10	0.3726262671130988
2026-03-29T20:27:42+00:00	routing	turborepo	shire	q14	{"limit": 20, "strategy": "symbols"}	latency_s	0.0057904170000142585
2026-03-29T20:27:42+00:00	routing	turborepo	shire	q14	{"limit": 10, "strategy": "files"}	ndcg@10	0.0
2026-03-29T20:27:42+00:00	routing	turborepo	shire	q14	{"limit": 10, "strategy": "files"}	latency_s	0.0002209579999998823
2026-03-29T20:27:42+00:00	routing	turborepo	shire	q14	{"limit": 20, "strategy": "files"}	ndcg@10	0.0
2026-03-29T20:27:42+00:00	routing	turborepo	shire	q14	{"limit": 20, "strategy": "files"}	latency_s	0.00015658299997767244
2026-03-29T20:27:42+00:00	routing	turborepo	shire	q14	{"limit": 10, "strategy": "combined"}	ndcg@10	0.0
2026-03-29T20:27:42+00:00	routing	turborepo	shire	q14	{"limit": 10, "strategy": "combined"}	latency_s	0.007745416999995314
2026-03-29T20:27:42+00:00	routing	turborepo	shire	q14	{"limit": 20, "strategy": "combined"}	ndcg@10	0.3726262671130988
2026-03-29T20:27:42+00:00	routing	turborepo	shire	q14	{"limit": 20, "strategy": "combined"}	latency_s	0.008011207999999215
2026-03-29T20:27:42+00:00	routing	turborepo	shire	q15	{"limit": 10, "strategy": "symbols"}	ndcg@10	0.20554434273527256
2026-03-29T20:27:42+00:00	routing	turborepo	shire	q15	{"limit": 10, "strategy": "symbols"}	latency_s	0.006217458000008946
2026-03-29T20:27:42+00:00	routing	turborepo	shire	q15	{"limit": 20, "strategy": "symbols"}	ndcg@10	0.20554434273527256
2026-03-29T20:27:42+00:00	routing	turborepo	shire	q15	{"limit": 20, "strategy": "symbols"}	latency_s	0.007749417000013636
2026-03-29T20:27:42+00:00	routing	turborepo	shire	q15	{"limit": 10, "strategy": "files"}	ndcg@10	0.0
2026-03-29T20:27:42+00:00	routing	turborepo	shire	q15	{"limit": 10, "strategy": "files"}	latency_s	0.00012620800001172938
2026-03-29T20:27:42+00:00	routing	turborepo	shire	q15	{"limit": 20, "strategy": "files"}	ndcg@10	0.0
2026-03-29T20:27:42+00:00	routing	turborepo	shire	q15	{"limit": 20, "strategy": "files"}	latency_s	0.00012050000000840555
2026-03-29T20:27:42+00:00	routing	turborepo	shire	q15	{"limit": 10, "strategy": "combined"}	ndcg@10	0.20554434273527256
2026-03-29T20:27:42+00:00	routing	turborepo	shire	q15	{"limit": 10, "strategy": "combined"}	latency_s	0.005468000000007578
2026-03-29T20:27:42+00:00	routing	turborepo	shire	q15	{"limit": 20, "strategy": "combined"}	ndcg@10	0.20554434273527256
2026-03-29T20:27:42+00:00	routing	turborepo	shire	q15	{"limit": 20, "strategy": "combined"}	latency_s	0.010249958000002835
2026-03-29T20:27:42+00:00	routing	turborepo	shire	q16	{"limit": 10, "strategy": "symbols"}	ndcg@10	0.0
2026-03-29T20:27:42+00:00	routing	turborepo	shire	q16	{"limit": 10, "strategy": "symbols"}	latency_s	0.004537624999983336
2026-03-29T20:27:42+00:00	routing	turborepo	shire	q16	{"limit": 20, "strategy": "symbols"}	ndcg@10	0.0
2026-03-29T20:27:42+00:00	routing	turborepo	shire	q16	{"limit": 20, "strategy": "symbols"}	latency_s	0.004579792000015459
2026-03-29T20:27:42+00:00	routing	turborepo	shire	q16	{"limit": 10, "strategy": "files"}	ndcg@10	0.0
2026-03-29T20:27:42+00:00	routing	turborepo	shire	q16	{"limit": 10, "strategy": "files"}	latency_s	0.00024154199999770753
2026-03-29T20:27:42+00:00	routing	turborepo	shire	q16	{"limit": 20, "strategy": "files"}	ndcg@10	0.0
2026-03-29T20:27:42+00:00	routing	turborepo	shire	q16	{"limit": 20, "strategy": "files"}	latency_s	0.00010679199999685807
2026-03-29T20:27:42+00:00	routing	turborepo	shire	q16	{"limit": 10, "strategy": "combined"}	ndcg@10	0.0
2026-03-29T20:27:42+00:00	routing	turborepo	shire	q16	{"limit": 10, "strategy": "combined"}	latency_s	0.005063667000001715
2026-03-29T20:27:42+00:00	routing	turborepo	shire	q16	{"limit": 20, "strategy": "combined"}	ndcg@10	0.0
2026-03-29T20:27:42+00:00	routing	turborepo	shire	q16	{"limit": 20, "strategy": "combined"}	latency_s	0.009958124999997153
2026-03-29T20:27:42+00:00	routing	turborepo	shire	q17	{"limit": 10, "strategy": "symbols"}	ndcg@10	0.0
2026-03-29T20:27:42+00:00	routing	turborepo	shire	q17	{"limit": 10, "strategy": "symbols"}	latency_s	0.005089249999997492
2026-03-29T20:27:42+00:00	routing	turborepo	shire	q17	{"limit": 20, "strategy": "symbols"}	ndcg@10	0.0
2026-03-29T20:27:42+00:00	routing	turborepo	shire	q17	{"limit": 20, "strategy": "symbols"}	latency_s	0.006545749999986583
2026-03-29T20:27:42+00:00	routing	turborepo	shire	q17	{"limit": 10, "strategy": "files"}	ndcg@10	0.0
2026-03-29T20:27:42+00:00	routing	turborepo	shire	q17	{"limit": 10, "strategy": "files"}	latency_s	0.00012520900000367874
2026-03-29T20:27:42+00:00	routing	turborepo	shire	q17	{"limit": 20, "strategy": "files"}	ndcg@10	0.0
2026-03-29T20:27:42+00:00	routing	turborepo	shire	q17	{"limit": 20, "strategy": "files"}	latency_s	0.00011216600000807375
2026-03-29T20:27:42+00:00	routing	turborepo	shire	q17	{"limit": 10, "strategy": "combined"}	ndcg@10	0.0
2026-03-29T20:27:42+00:00	routing	turborepo	shire	q17	{"limit": 10, "strategy": "combined"}	latency_s	0.007078040999999757
2026-03-29T20:27:42+00:00	routing	turborepo	shire	q17	{"limit": 20, "strategy": "combined"}	ndcg@10	0.0
2026-03-29T20:27:42+00:00	routing	turborepo	shire	q17	{"limit": 20, "strategy": "combined"}	latency_s	0.008012000000007902
2026-03-29T20:27:42+00:00	routing	turborepo	shire	q18	{"limit": 10, "strategy": "symbols"}	ndcg@10	0.47960346638230267
2026-03-29T20:27:42+00:00	routing	turborepo	shire	q18	{"limit": 10, "strategy": "symbols"}	latency_s	0.0073034159999849635
2026-03-29T20:27:42+00:00	routing	turborepo	shire	q18	{"limit": 20, "strategy": "symbols"}	ndcg@10	0.47960346638230267
2026-03-29T20:27:42+00:00	routing	turborepo	shire	q18	{"limit": 20, "strategy": "symbols"}	latency_s	0.007573833000009245
2026-03-29T20:27:42+00:00	routing	turborepo	shire	q18	{"limit": 10, "strategy": "files"}	ndcg@10	0.0
2026-03-29T20:27:42+00:00	routing	turborepo	shire	q18	{"limit": 10, "strategy": "files"}	latency_s	0.00027516599999444225
2026-03-29T20:27:42+00:00	routing	turborepo	shire	q18	{"limit": 20, "strategy": "files"}	ndcg@10	0.0
2026-03-29T20:27:42+00:00	routing	turborepo	shire	q18	{"limit": 20, "strategy": "files"}	latency_s	0.00012275000000272485
2026-03-29T20:27:42+00:00	routing	turborepo	shire	q18	{"limit": 10, "strategy": "combined"}	ndcg@10	0.47960346638230267
2026-03-29T20:27:42+00:00	routing	turborepo	shire	q18	{"limit": 10, "strategy": "combined"}	latency_s	0.009306041000002097
2026-03-29T20:27:42+00:00	routing	turborepo	shire	q18	{"limit": 20, "strategy": "combined"}	ndcg@10	0.47960346638230267
2026-03-29T20:27:42+00:00	routing	turborepo	shire	q18	{"limit": 20, "strategy": "combined"}	latency_s	0.0075417079999908765
2026-03-29T20:27:42+00:00	routing	turborepo	shire	q19	{"limit": 10, "strategy": "symbols"}	ndcg@10	0.5244551632082282
2026-03-29T20:27:42+00:00	routing	turborepo	shire	q19	{"limit": 10, "strategy": "symbols"}	latency_s	0.006766292000008889
2026-03-29T20:27:42+00:00	routing	turborepo	shire	q19	{"limit": 20, "strategy": "symbols"}	ndcg@10	0.5244551632082282
2026-03-29T20:27:42+00:00	routing	turborepo	shire	q19	{"limit": 20, "strategy": "symbols"}	latency_s	0.00622187499999427
2026-03-29T20:27:42+00:00	routing	turborepo	shire	q19	{"limit": 10, "strategy": "files"}	ndcg@10	0.0
2026-03-29T20:27:42+00:00	routing	turborepo	shire	q19	{"limit": 10, "strategy": "files"}	latency_s	0.00010520800000790587
2026-03-29T20:27:42+00:00	routing	turborepo	shire	q19	{"limit": 20, "strategy": "files"}	ndcg@10	0.0
2026-03-29T20:27:42+00:00	routing	turborepo	shire	q19	{"limit": 20, "strategy": "files"}	latency_s	6.633299997815811e-05
2026-03-29T20:27:42+00:00	routing	turborepo	shire	q19	{"limit": 10, "strategy": "combined"}	ndcg@10	0.5244551632082282
2026-03-29T20:27:42+00:00	routing	turborepo	shire	q19	{"limit": 10, "strategy": "combined"}	latency_s	0.0063842499999964275
2026-03-29T20:27:43+00:00	routing	turborepo	shire	q19	{"limit": 20, "strategy": "combined"}	ndcg@10	0.5244551632082282
2026-03-29T20:27:43+00:00	routing	turborepo	shire	q19	{"limit": 20, "strategy": "combined"}	latency_s	0.00681491700001402
2026-03-29T20:27:43+00:00	routing	turborepo	shire	q20	{"limit": 10, "strategy": "symbols"}	ndcg@10	0.0
2026-03-29T20:27:43+00:00	routing	turborepo	shire	q20	{"limit": 10, "strategy": "symbols"}	latency_s	0.006486166999991383
2026-03-29T20:27:43+00:00	routing	turborepo	shire	q20	{"limit": 20, "strategy": "symbols"}	ndcg@10	0.0
2026-03-29T20:27:43+00:00	routing	turborepo	shire	q20	{"limit": 20, "strategy": "symbols"}	latency_s	0.008177958000004537
2026-03-29T20:27:43+00:00	routing	turborepo	shire	q20	{"limit": 10, "strategy": "files"}	ndcg@10	0.0
2026-03-29T20:27:43+00:00	routing	turborepo	shire	q20	{"limit": 10, "strategy": "files"}	latency_s	0.0001041659999998501
2026-03-29T20:27:43+00:00	routing	turborepo	shire	q20	{"limit": 20, "strategy": "files"}	ndcg@10	0.0
2026-03-29T20:27:43+00:00	routing	turborepo	shire	q20	{"limit": 20, "strategy": "files"}	latency_s	6.212499999946886e-05
2026-03-29T20:27:43+00:00	routing	turborepo	shire	q20	{"limit": 10, "strategy": "combined"}	ndcg@10	0.0
2026-03-29T20:27:43+00:00	routing	turborepo	shire	q20	{"limit": 10, "strategy": "combined"}	latency_s	0.0047299579999844354
2026-03-29T20:27:43+00:00	routing	turborepo	shire	q20	{"limit": 20, "strategy": "combined"}	ndcg@10	0.0
2026-03-29T20:27:43+00:00	routing	turborepo	shire	q20	{"limit": 20, "strategy": "combined"}	latency_s	0.006708207999992055
2026-03-29T20:27:43+00:00	routing	turborepo	shire	q21	{"limit": 10, "strategy": "symbols"}	ndcg@10	0.9580414003446834
2026-03-29T20:27:43+00:00	routing	turborepo	shire	q21	{"limit": 10, "strategy": "symbols"}	latency_s	0.009408166000014262
2026-03-29T20:27:43+00:00	routing	turborepo	shire	q21	{"limit": 20, "strategy": "symbols"}	ndcg@10	0.9580414003446834
2026-03-29T20:27:43+00:00	routing	turborepo	shire	q21	{"limit": 20, "strategy": "symbols"}	latency_s	0.00943870800000468
2026-03-29T20:27:43+00:00	routing	turborepo	shire	q21	{"limit": 10, "strategy": "files"}	ndcg@10	0.0
2026-03-29T20:27:43+00:00	routing	turborepo	shire	q21	{"limit": 10, "strategy": "files"}	latency_s	0.00023708300000180316
2026-03-29T20:27:43+00:00	routing	turborepo	shire	q21	{"limit": 20, "strategy": "files"}	ndcg@10	0.0
2026-03-29T20:27:43+00:00	routing	turborepo	shire	q21	{"limit": 20, "strategy": "files"}	latency_s	0.00020683300002133365
2026-03-29T20:27:43+00:00	routing	turborepo	shire	q21	{"limit": 10, "strategy": "combined"}	ndcg@10	0.9580414003446834
2026-03-29T20:27:43+00:00	routing	turborepo	shire	q21	{"limit": 10, "strategy": "combined"}	latency_s	0.007319124999980886
2026-03-29T20:27:43+00:00	routing	turborepo	shire	q21	{"limit": 20, "strategy": "combined"}	ndcg@10	0.9580414003446834
2026-03-29T20:27:43+00:00	routing	turborepo	shire	q21	{"limit": 20, "strategy": "combined"}	latency_s	0.006290917000001173
2026-03-29T20:27:43+00:00	routing	turborepo	shire	q22	{"limit": 10, "strategy": "symbols"}	ndcg@10	0.8216212264723879
2026-03-29T20:27:43+00:00	routing	turborepo	shire	q22	{"limit": 10, "strategy": "symbols"}	latency_s	0.006309832999988885
2026-03-29T20:27:43+00:00	routing	turborepo	shire	q22	{"limit": 20, "strategy": "symbols"}	ndcg@10	0.9602089972579939
2026-03-29T20:27:43+00:00	routing	turborepo	shire	q22	{"limit": 20, "strategy": "symbols"}	latency_s	0.007914667000022746
2026-03-29T20:27:43+00:00	routing	turborepo	shire	q22	{"limit": 10, "strategy": "files"}	ndcg@10	0.0
2026-03-29T20:27:43+00:00	routing	turborepo	shire	q22	{"limit": 10, "strategy": "files"}	latency_s	0.0001411669999811238
2026-03-29T20:27:43+00:00	routing	turborepo	shire	q22	{"limit": 20, "strategy": "files"}	ndcg@10	0.0
2026-03-29T20:27:43+00:00	routing	turborepo	shire	q22	{"limit": 20, "strategy": "files"}	latency_s	0.00010466699998801232
2026-03-29T20:27:43+00:00	routing	turborepo	shire	q22	{"limit": 10, "strategy": "combined"}	ndcg@10	0.8216212264723879
2026-03-29T20:27:43+00:00	routing	turborepo	shire	q22	{"limit": 10, "strategy": "combined"}	latency_s	0.006714415999994117
2026-03-29T20:27:43+00:00	routing	turborepo	shire	q22	{"limit": 20, "strategy": "combined"}	ndcg@10	0.9602089972579939
2026-03-29T20:27:43+00:00	routing	turborepo	shire	q22	{"limit": 20, "strategy": "combined"}	latency_s	0.008651165999992827
2026-03-29T20:27:43+00:00	routing	turborepo	shire	q23	{"limit": 10, "strategy": "symbols"}	ndcg@10	0.3562897316043093
2026-03-29T20:27:43+00:00	routing	turborepo	shire	q23	{"limit": 10, "strategy": "symbols"}	latency_s	0.0065575419999959195
2026-03-29T20:27:43+00:00	routing	turborepo	shire	q23	{"limit": 20, "strategy": "symbols"}	ndcg@10	0.3562897316043093
2026-03-29T20:27:43+00:00	routing	turborepo	shire	q23	{"limit": 20, "strategy": "symbols"}	latency_s	0.009546000000000276
2026-03-29T20:27:43+00:00	routing	turborepo	shire	q23	{"limit": 10, "strategy": "files"}	ndcg@10	0.0
2026-03-29T20:27:43+00:00	routing	turborepo	shire	q23	{"limit": 10, "strategy": "files"}	latency_s	0.00040712499998107887
2026-03-29T20:27:43+00:00	routing	turborepo	shire	q23	{"limit": 20, "strategy": "files"}	ndcg@10	0.0
2026-03-29T20:27:43+00:00	routing	turborepo	shire	q23	{"limit": 20, "strategy": "files"}	latency_s	0.00015820900000562688
2026-03-29T20:27:43+00:00	routing	turborepo	shire	q23	{"limit": 10, "strategy": "combined"}	ndcg@10	0.3562897316043093
2026-03-29T20:27:43+00:00	routing	turborepo	shire	q23	{"limit": 10, "strategy": "combined"}	latency_s	0.008405374999995274
2026-03-29T20:27:43+00:00	routing	turborepo	shire	q23	{"limit": 20, "strategy": "combined"}	ndcg@10	0.3562897316043093
2026-03-29T20:27:43+00:00	routing	turborepo	shire	q23	{"limit": 20, "strategy": "combined"}	latency_s	0.012018832999984852
2026-03-29T20:27:43+00:00	routing	turborepo	shire	q24	{"limit": 10, "strategy": "symbols"}	ndcg@10	0.8609101556836468
2026-03-29T20:27:43+00:00	routing	turborepo	shire	q24	{"limit": 10, "strategy": "symbols"}	latency_s	0.004782875000017839
2026-03-29T20:27:43+00:00	routing	turborepo	shire	q24	{"limit": 20, "strategy": "symbols"}	ndcg@10	0.8609101556836468
2026-03-29T20:27:43+00:00	routing	turborepo	shire	q24	{"limit": 20, "strategy": "symbols"}	latency_s	0.008351333000007344
2026-03-29T20:27:43+00:00	routing	turborepo	shire	q24	{"limit": 10, "strategy": "files"}	ndcg@10	0.0
2026-03-29T20:27:43+00:00	routing	turborepo	shire	q24	{"limit": 10, "strategy": "files"}	latency_s	0.00012495799998646362
2026-03-29T20:27:43+00:00	routing	turborepo	shire	q24	{"limit": 20, "strategy": "files"}	ndcg@10	0.0
2026-03-29T20:27:43+00:00	routing	turborepo	shire	q24	{"limit": 20, "strategy": "files"}	latency_s	8.591700000692981e-05
2026-03-29T20:27:43+00:00	routing	turborepo	shire	q24	{"limit": 10, "strategy": "combined"}	ndcg@10	0.8609101556836468
2026-03-29T20:27:43+00:00	routing	turborepo	shire	q24	{"limit": 10, "strategy": "combined"}	latency_s	0.005154374999989386
2026-03-29T20:27:43+00:00	routing	turborepo	shire	q24	{"limit": 20, "strategy": "combined"}	ndcg@10	0.8609101556836468
2026-03-29T20:27:43+00:00	routing	turborepo	shire	q24	{"limit": 20, "strategy": "combined"}	latency_s	0.006392707999992808
2026-03-29T20:27:43+00:00	routing	turborepo	shire	q25	{"limit": 10, "strategy": "symbols"}	ndcg@10	0.9467676761267002
2026-03-29T20:27:43+00:00	routing	turborepo	shire	q25	{"limit": 10, "strategy": "symbols"}	latency_s	0.009204124999996566
2026-03-29T20:27:43+00:00	routing	turborepo	shire	q25	{"limit": 20, "strategy": "symbols"}	ndcg@10	0.9467676761267002
2026-03-29T20:27:43+00:00	routing	turborepo	shire	q25	{"limit": 20, "strategy": "symbols"}	latency_s	0.005656834000006938
2026-03-29T20:27:43+00:00	routing	turborepo	shire	q25	{"limit": 10, "strategy": "files"}	ndcg@10	0.0
2026-03-29T20:27:43+00:00	routing	turborepo	shire	q25	{"limit": 10, "strategy": "files"}	latency_s	0.0003781249999974534
2026-03-29T20:27:43+00:00	routing	turborepo	shire	q25	{"limit": 20, "strategy": "files"}	ndcg@10	0.0
2026-03-29T20:27:43+00:00	routing	turborepo	shire	q25	{"limit": 20, "strategy": "files"}	latency_s	0.00014774999999644933
2026-03-29T20:27:43+00:00	routing	turborepo	shire	q25	{"limit": 10, "strategy": "combined"}	ndcg@10	0.9467676761267002
2026-03-29T20:27:43+00:00	routing	turborepo	shire	q25	{"limit": 10, "strategy": "combined"}	latency_s	0.008897541999999703
2026-03-29T20:27:43+00:00	routing	turborepo	shire	q25	{"limit": 20, "strategy": "combined"}	ndcg@10	0.9467676761267002
2026-03-29T20:27:43+00:00	routing	turborepo	shire	q25	{"limit": 20, "strategy": "combined"}	latency_s	0.007063125000001946
2026-03-29T20:27:43+00:00	routing	turborepo	shire	q26	{"limit": 10, "strategy": "symbols"}	ndcg@10	0.7452525342261976
2026-03-29T20:27:43+00:00	routing	turborepo	shire	q26	{"limit": 10, "strategy": "symbols"}	latency_s	0.00526545799999667
2026-03-29T20:27:43+00:00	routing	turborepo	shire	q26	{"limit": 20, "strategy": "symbols"}	ndcg@10	0.7452525342261976
2026-03-29T20:27:43+00:00	routing	turborepo	shire	q26	{"limit": 20, "strategy": "symbols"}	latency_s	0.005874250000005077
2026-03-29T20:27:43+00:00	routing	turborepo	shire	q26	{"limit": 10, "strategy": "files"}	ndcg@10	0.0
2026-03-29T20:27:43+00:00	routing	turborepo	shire	q26	{"limit": 10, "strategy": "files"}	latency_s	0.001154041999996025
2026-03-29T20:27:43+00:00	routing	turborepo	shire	q26	{"limit": 20, "strategy": "files"}	ndcg@10	0.0
2026-03-29T20:27:43+00:00	routing	turborepo	shire	q26	{"limit": 20, "strategy": "files"}	latency_s	0.0001023749999831125
2026-03-29T20:27:43+00:00	routing	turborepo	shire	q26	{"limit": 10, "strategy": "combined"}	ndcg@10	0.7452525342261976
2026-03-29T20:27:43+00:00	routing	turborepo	shire	q26	{"limit": 10, "strategy": "combined"}	latency_s	0.006949749999989763
2026-03-29T20:27:43+00:00	routing	turborepo	shire	q26	{"limit": 20, "strategy": "combined"}	ndcg@10	0.7452525342261976
2026-03-29T20:27:43+00:00	routing	turborepo	shire	q26	{"limit": 20, "strategy": "combined"}	latency_s	0.00704262499999686
2026-03-29T20:27:43+00:00	routing	turborepo	shire	q27	{"limit": 10, "strategy": "symbols"}	ndcg@10	0.5874203951744313
2026-03-29T20:27:43+00:00	routing	turborepo	shire	q27	{"limit": 10, "strategy": "symbols"}	latency_s	0.007755416999998488
2026-03-29T20:27:43+00:00	routing	turborepo	shire	q27	{"limit": 20, "strategy": "symbols"}	ndcg@10	0.5874203951744313
2026-03-29T20:27:43+00:00	routing	turborepo	shire	q27	{"limit": 20, "strategy": "symbols"}	latency_s	0.008545041999980185
2026-03-29T20:27:43+00:00	routing	turborepo	shire	q27	{"limit": 10, "strategy": "files"}	ndcg@10	0.0
2026-03-29T20:27:43+00:00	routing	turborepo	shire	q27	{"limit": 10, "strategy": "files"}	latency_s	0.00010287500001027183
2026-03-29T20:27:43+00:00	routing	turborepo	shire	q27	{"limit": 20, "strategy": "files"}	ndcg@10	0.0
2026-03-29T20:27:43+00:00	routing	turborepo	shire	q27	{"limit": 20, "strategy": "files"}	latency_s	8.02500000247619e-05
2026-03-29T20:27:43+00:00	routing	turborepo	shire	q27	{"limit": 10, "strategy": "combined"}	ndcg@10	0.5874203951744313
2026-03-29T20:27:43+00:00	routing	turborepo	shire	q27	{"limit": 10, "strategy": "combined"}	latency_s	0.008267790999980207
2026-03-29T20:27:43+00:00	routing	turborepo	shire	q27	{"limit": 20, "strategy": "combined"}	ndcg@10	0.5874203951744313
2026-03-29T20:27:43+00:00	routing	turborepo	shire	q27	{"limit": 20, "strategy": "combined"}	latency_s	0.00801020800000174
2026-03-29T20:27:43+00:00	routing	turborepo	shire	q28	{"limit": 10, "strategy": "symbols"}	ndcg@10	0.6258764478439752
2026-03-29T20:27:43+00:00	routing	turborepo	shire	q28	{"limit": 10, "strategy": "symbols"}	latency_s	0.005768000000017537
2026-03-29T20:27:43+00:00	routing	turborepo	shire	q28	{"limit": 20, "strategy": "symbols"}	ndcg@10	0.6258764478439752
2026-03-29T20:27:43+00:00	routing	turborepo	shire	q28	{"limit": 20, "strategy": "symbols"}	latency_s	0.006783624999997073
2026-03-29T20:27:43+00:00	routing	turborepo	shire	q28	{"limit": 10, "strategy": "files"}	ndcg@10	0.0
2026-03-29T20:27:43+00:00	routing	turborepo	shire	q28	{"limit": 10, "strategy": "files"}	latency_s	0.0002635000000168475
2026-03-29T20:27:43+00:00	routing	turborepo	shire	q28	{"limit": 20, "strategy": "files"}	ndcg@10	0.0
2026-03-29T20:27:43+00:00	routing	turborepo	shire	q28	{"limit": 20, "strategy": "files"}	latency_s	9.187499998120074e-05
2026-03-29T20:27:43+00:00	routing	turborepo	shire	q28	{"limit": 10, "strategy": "combined"}	ndcg@10	0.6258764478439752
2026-03-29T20:27:43+00:00	routing	turborepo	shire	q28	{"limit": 10, "strategy": "combined"}	latency_s	0.004948166999980685
2026-03-29T20:27:43+00:00	routing	turborepo	shire	q28	{"limit": 20, "strategy": "combined"}	ndcg@10	0.6258764478439752
2026-03-29T20:27:43+00:00	routing	turborepo	shire	q28	{"limit": 20, "strategy": "combined"}	latency_s	0.007559208000003537
2026-03-29T20:27:43+00:00	routing	turborepo	shire	q29	{"limit": 10, "strategy": "symbols"}	ndcg@10	0.5244551632082282
2026-03-29T20:27:43+00:00	routing	turborepo	shire	q29	{"limit": 10, "strategy": "symbols"}	latency_s	0.007453917000020738
2026-03-29T20:27:43+00:00	routing	turborepo	shire	q29	{"limit": 20, "strategy": "symbols"}	ndcg@10	0.855349530090474
2026-03-29T20:27:43+00:00	routing	turborepo	shire	q29	{"limit": 20, "strategy": "symbols"}	latency_s	0.009251875000018117
2026-03-29T20:27:43+00:00	routing	turborepo	shire	q29	{"limit": 10, "strategy": "files"}	ndcg@10	0.0
2026-03-29T20:27:43+00:00	routing	turborepo	shire	q29	{"limit": 10, "strategy": "files"}	latency_s	0.0001679579999915859
2026-03-29T20:27:43+00:00	routing	turborepo	shire	q29	{"limit": 20, "strategy": "files"}	ndcg@10	0.0
2026-03-29T20:27:43+00:00	routing	turborepo	shire	q29	{"limit": 20, "strategy": "files"}	latency_s	6.795799998826624e-05
2026-03-29T20:27:43+00:00	routing	turborepo	shire	q29	{"limit": 10, "strategy": "combined"}	ndcg@10	0.5244551632082282
2026-03-29T20:27:43+00:00	routing	turborepo	shire	q29	{"limit": 10, "strategy": "combined"}	latency_s	0.0078017089999775635
2026-03-29T20:27:43+00:00	routing	turborepo	shire	q29	{"limit": 20, "strategy": "combined"}	ndcg@10	0.855349530090474
2026-03-29T20:27:43+00:00	routing	turborepo	shire	q29	{"limit": 20, "strategy": "combined"}	latency_s	0.00830870900000491
2026-03-29T20:27:43+00:00	routing	turborepo	shire	q30	{"limit": 10, "strategy": "symbols"}	ndcg@10	0.541942129480027
2026-03-29T20:27:43+00:00	routing	turborepo	shire	q30	{"limit": 10, "strategy": "symbols"}	latency_s	0.007066541999989795
2026-03-29T20:27:43+00:00	routing	turborepo	shire	q30	{"limit": 20, "strategy": "symbols"}	ndcg@10	0.541942129480027
2026-03-29T20:27:43+00:00	routing	turborepo	shire	q30	{"limit": 20, "strategy": "symbols"}	latency_s	0.010441709000019728
2026-03-29T20:27:43+00:00	routing	turborepo	shire	q30	{"limit": 10, "strategy": "files"}	ndcg@10	0.0
2026-03-29T20:27:43+00:00	routing	turborepo	shire	q30	{"limit": 10, "strategy": "files"}	latency_s	0.0002381249999814372
2026-03-29T20:27:43+00:00	routing	turborepo	shire	q30	{"limit": 20, "strategy": "files"}	ndcg@10	0.0
2026-03-29T20:27:43+00:00	routing	turborepo	shire	q30	{"limit": 20, "strategy": "files"}	latency_s	8.329199999934644e-05
2026-03-29T20:27:43+00:00	routing	turborepo	shire	q30	{"limit": 10, "strategy": "combined"}	ndcg@10	0.541942129480027
2026-03-29T20:27:43+00:00	routing	turborepo	shire	q30	{"limit": 10, "strategy": "combined"}	latency_s	0.005759707999999364
2026-03-29T20:27:43+00:00	routing	turborepo	shire	q30	{"limit": 20, "strategy": "combined"}	ndcg@10	0.541942129480027
2026-03-29T20:27:43+00:00	routing	turborepo	shire	q30	{"limit": 20, "strategy": "combined"}	latency_s	0.008759708000013688
2026-03-29T20:27:43+00:00	routing	turborepo	shire	q31	{"limit": 10, "strategy": "symbols"}	ndcg@10	0.89213757928353
2026-03-29T20:27:43+00:00	routing	turborepo	shire	q31	{"limit": 10, "strategy": "symbols"}	latency_s	0.005604750000003378
2026-03-29T20:27:43+00:00	routing	turborepo	shire	q31	{"limit": 20, "strategy": "symbols"}	ndcg@10	0.9188253933479131
2026-03-29T20:27:43+00:00	routing	turborepo	shire	q31	{"limit": 20, "strategy": "symbols"}	latency_s	0.007922542000017074
2026-03-29T20:27:43+00:00	routing	turborepo	shire	q31	{"limit": 10, "strategy": "files"}	ndcg@10	0.0
2026-03-29T20:27:43+00:00	routing	turborepo	shire	q31	{"limit": 10, "strategy": "files"}	latency_s	0.00022787499997889427
2026-03-29T20:27:43+00:00	routing	turborepo	shire	q31	{"limit": 20, "strategy": "files"}	ndcg@10	0.0
2026-03-29T20:27:43+00:00	routing	turborepo	shire	q31	{"limit": 20, "strategy": "files"}	latency_s	0.00013358299997889844
2026-03-29T20:27:43+00:00	routing	turborepo	shire	q31	{"limit": 10, "strategy": "combined"}	ndcg@10	0.89213757928353
2026-03-29T20:27:43+00:00	routing	turborepo	shire	q31	{"limit": 10, "strategy": "combined"}	latency_s	0.006096084000006385
2026-03-29T20:27:43+00:00	routing	turborepo	shire	q31	{"limit": 20, "strategy": "combined"}	ndcg@10	0.9188253933479131
2026-03-29T20:27:43+00:00	routing	turborepo	shire	q31	{"limit": 20, "strategy": "combined"}	latency_s	0.008699124999992591
2026-03-29T20:27:43+00:00	routing	turborepo	shire	q32	{"limit": 10, "strategy": "symbols"}	ndcg@10	0.24851570387888514
2026-03-29T20:27:43+00:00	routing	turborepo	shire	q32	{"limit": 10, "strategy": "symbols"}	latency_s	0.008979417000006151
2026-03-29T20:27:43+00:00	routing	turborepo	shire	q32	{"limit": 20, "strategy": "symbols"}	ndcg@10	0.4053116556858274
2026-03-29T20:27:43+00:00	routing	turborepo	shire	q32	{"limit": 20, "strategy": "symbols"}	latency_s	0.008089249999983394
2026-03-29T20:27:43+00:00	routing	turborepo	shire	q32	{"limit": 10, "strategy": "files"}	ndcg@10	0.0
2026-03-29T20:27:43+00:00	routing	turborepo	shire	q32	{"limit": 10, "strategy": "files"}	latency_s	0.00014979200000198034
2026-03-29T20:27:43+00:00	routing	turborepo	shire	q32	{"limit": 20, "strategy": "files"}	ndcg@10	0.0
2026-03-29T20:27:43+00:00	routing	turborepo	shire	q32	{"limit": 20, "strategy": "files"}	latency_s	0.00022225000000730688
2026-03-29T20:27:43+00:00	routing	turborepo	shire	q32	{"limit": 10, "strategy": "combined"}	ndcg@10	0.24851570387888514
2026-03-29T20:27:43+00:00	routing	turborepo	shire	q32	{"limit": 10, "strategy": "combined"}	latency_s	0.008412375000006023
2026-03-29T20:27:43+00:00	routing	turborepo	shire	q32	{"limit": 20, "strategy": "combined"}	ndcg@10	0.4053116556858274
2026-03-29T20:27:43+00:00	routing	turborepo	shire	q32	{"limit": 20, "strategy": "combined"}	latency_s	0.01070704200000705
2026-03-29T20:27:43+00:00	routing	turborepo	shire	q33	{"limit": 10, "strategy": "symbols"}	ndcg@10	0.6467429303328278
2026-03-29T20:27:43+00:00	routing	turborepo	shire	q33	{"limit": 10, "strategy": "symbols"}	latency_s	0.005797125000015058
2026-03-29T20:27:43+00:00	routing	turborepo	shire	q33	{"limit": 20, "strategy": "symbols"}	ndcg@10	0.7853307011184337
2026-03-29T20:27:43+00:00	routing	turborepo	shire	q33	{"limit": 20, "strategy": "symbols"}	latency_s	0.008148374999990438
2026-03-29T20:27:43+00:00	routing	turborepo	shire	q33	{"limit": 10, "strategy": "files"}	ndcg@10	0.0
2026-03-29T20:27:43+00:00	routing	turborepo	shire	q33	{"limit": 10, "strategy": "files"}	latency_s	0.00017441700001086247
2026-03-29T20:27:43+00:00	routing	turborepo	shire	q33	{"limit": 20, "strategy": "files"}	ndcg@10	0.0
2026-03-29T20:27:43+00:00	routing	turborepo	shire	q33	{"limit": 20, "strategy": "files"}	latency_s	9.645800000157578e-05
2026-03-29T20:27:43+00:00	routing	turborepo	shire	q33	{"limit": 10, "strategy": "combined"}	ndcg@10	0.6467429303328278
2026-03-29T20:27:43+00:00	routing	turborepo	shire	q33	{"limit": 10, "strategy": "combined"}	latency_s	0.0064952500000003965
2026-03-29T20:27:43+00:00	routing	turborepo	shire	q33	{"limit": 20, "strategy": "combined"}	ndcg@10	0.7853307011184337
2026-03-29T20:27:43+00:00	routing	turborepo	shire	q33	{"limit": 20, "strategy": "combined"}	latency_s	0.006674250000003212
2026-03-29T20:27:43+00:00	routing	turborepo	shire	q34	{"limit": 10, "strategy": "symbols"}	ndcg@10	0.4304550778418234
2026-03-29T20:27:43+00:00	routing	turborepo	shire	q34	{"limit": 10, "strategy": "symbols"}	latency_s	0.009031165999999757
2026-03-29T20:27:43+00:00	routing	turborepo	shire	q34	{"limit": 20, "strategy": "symbols"}	ndcg@10	0.4304550778418234
2026-03-29T20:27:43+00:00	routing	turborepo	shire	q34	{"limit": 20, "strategy": "symbols"}	latency_s	0.0076024170000152935
2026-03-29T20:27:43+00:00	routing	turborepo	shire	q34	{"limit": 10, "strategy": "files"}	ndcg@10	0.0
2026-03-29T20:27:43+00:00	routing	turborepo	shire	q34	{"limit": 10, "strategy": "files"}	latency_s	0.00010449999999195825
2026-03-29T20:27:43+00:00	routing	turborepo	shire	q34	{"limit": 20, "strategy": "files"}	ndcg@10	0.0
2026-03-29T20:27:43+00:00	routing	turborepo	shire	q34	{"limit": 20, "strategy": "files"}	latency_s	6.129199999804769e-05
2026-03-29T20:27:43+00:00	routing	turborepo	shire	q34	{"limit": 10, "strategy": "combined"}	ndcg@10	0.4304550778418234
2026-03-29T20:27:43+00:00	routing	turborepo	shire	q34	{"limit": 10, "strategy": "combined"}	latency_s	0.00897529100001293
2026-03-29T20:27:43+00:00	routing	turborepo	shire	q34	{"limit": 20, "strategy": "combined"}	ndcg@10	0.4304550778418234
2026-03-29T20:27:43+00:00	routing	turborepo	shire	q34	{"limit": 20, "strategy": "combined"}	latency_s	0.008354290999989189
2026-03-29T20:27:43+00:00	routing	turborepo	shire	q35	{"limit": 10, "strategy": "symbols"}	ndcg@10	0.0
2026-03-29T20:27:43+00:00	routing	turborepo	shire	q35	{"limit": 10, "strategy": "symbols"}	latency_s	0.009739750000022696
2026-03-29T20:27:43+00:00	routing	turborepo	shire	q35	{"limit": 20, "strategy": "symbols"}	ndcg@10	0.0
2026-03-29T20:27:43+00:00	routing	turborepo	shire	q35	{"limit": 20, "strategy": "symbols"}	latency_s	0.007356917000009844
2026-03-29T20:27:43+00:00	routing	turborepo	shire	q35	{"limit": 10, "strategy": "files"}	ndcg@10	0.0
2026-03-29T20:27:43+00:00	routing	turborepo	shire	q35	{"limit": 10, "strategy": "files"}	latency_s	0.0011966250000057244
2026-03-29T20:27:43+00:00	routing	turborepo	shire	q35	{"limit": 20, "strategy": "files"}	ndcg@10	0.0
2026-03-29T20:27:43+00:00	routing	turborepo	shire	q35	{"limit": 20, "strategy": "files"}	latency_s	7.837499998686326e-05
2026-03-29T20:27:43+00:00	routing	turborepo	shire	q35	{"limit": 10, "strategy": "combined"}	ndcg@10	0.0
2026-03-29T20:27:43+00:00	routing	turborepo	shire	q35	{"limit": 10, "strategy": "combined"}	latency_s	0.008001667000002044
2026-03-29T20:27:43+00:00	routing	turborepo	shire	q35	{"limit": 20, "strategy": "combined"}	ndcg@10	0.0
2026-03-29T20:27:43+00:00	routing	turborepo	shire	q35	{"limit": 20, "strategy": "combined"}	latency_s	0.00858208299999319
2026-03-29T20:27:43+00:00	routing	turborepo	shire	q36	{"limit": 10, "strategy": "symbols"}	ndcg@10	0.47960346638230267
2026-03-29T20:27:43+00:00	routing	turborepo	shire	q36	{"limit": 10, "strategy": "symbols"}	latency_s	0.006650750000005701
2026-03-29T20:27:43+00:00	routing	turborepo	shire	q36	{"limit": 20, "strategy": "symbols"}	ndcg@10	0.7821995632389057
2026-03-29T20:27:43+00:00	routing	turborepo	shire	q36	{"limit": 20, "strategy": "symbols"}	latency_s	0.007035833999992747
2026-03-29T20:27:43+00:00	routing	turborepo	shire	q36	{"limit": 10, "strategy": "files"}	ndcg@10	0.0
2026-03-29T20:27:43+00:00	routing	turborepo	shire	q36	{"limit": 10, "strategy": "files"}	latency_s	0.00011512500000776527
2026-03-29T20:27:43+00:00	routing	turborepo	shire	q36	{"limit": 20, "strategy": "files"}	ndcg@10	0.0
2026-03-29T20:27:43+00:00	routing	turborepo	shire	q36	{"limit": 20, "strategy": "files"}	latency_s	9.179200000630772e-05
2026-03-29T20:27:43+00:00	routing	turborepo	shire	q36	{"limit": 10, "strategy": "combined"}	ndcg@10	0.47960346638230267
2026-03-29T20:27:43+00:00	routing	turborepo	shire	q36	{"limit": 10, "strategy": "combined"}	latency_s	0.007726958000006334
2026-03-29T20:27:43+00:00	routing	turborepo	shire	q36	{"limit": 20, "strategy": "combined"}	ndcg@10	0.7821995632389057
2026-03-29T20:27:43+00:00	routing	turborepo	shire	q36	{"limit": 20, "strategy": "combined"}	latency_s	0.008046582999980956
2026-03-29T20:27:43+00:00	routing	turborepo	shire	q37	{"limit": 10, "strategy": "symbols"}	ndcg@10	0.541942129480027
2026-03-29T20:27:43+00:00	routing	turborepo	shire	q37	{"limit": 10, "strategy": "symbols"}	latency_s	0.006460165999982337
2026-03-29T20:27:43+00:00	routing	turborepo	shire	q37	{"limit": 20, "strategy": "symbols"}	ndcg@10	0.8129131942200405
2026-03-29T20:27:43+00:00	routing	turborepo	shire	q37	{"limit": 20, "strategy": "symbols"}	latency_s	0.006945916999995916
2026-03-29T20:27:43+00:00	routing	turborepo	shire	q37	{"limit": 10, "strategy": "files"}	ndcg@10	0.0
2026-03-29T20:27:43+00:00	routing	turborepo	shire	q37	{"limit": 10, "strategy": "files"}	latency_s	0.0002017919999843798
2026-03-29T20:27:43+00:00	routing	turborepo	shire	q37	{"limit": 20, "strategy": "files"}	ndcg@10	0.0
2026-03-29T20:27:43+00:00	routing	turborepo	shire	q37	{"limit": 20, "strategy": "files"}	latency_s	0.00019062499998767635
2026-03-29T20:27:43+00:00	routing	turborepo	shire	q37	{"limit": 10, "strategy": "combined"}	ndcg@10	0.541942129480027
2026-03-29T20:27:43+00:00	routing	turborepo	shire	q37	{"limit": 10, "strategy": "combined"}	latency_s	0.006862582999985989
2026-03-29T20:27:43+00:00	routing	turborepo	shire	q37	{"limit": 20, "strategy": "combined"}	ndcg@10	0.8129131942200405
2026-03-29T20:27:43+00:00	routing	turborepo	shire	q37	{"limit": 20, "strategy": "combined"}	latency_s	0.006355374999998276
2026-03-29T20:27:43+00:00	routing	turborepo	shire	q38	{"limit": 10, "strategy": "symbols"}	ndcg@10	0.5244551632082282
2026-03-29T20:27:43+00:00	routing	turborepo	shire	q38	{"limit": 10, "strategy": "symbols"}	latency_s	0.009799541999996109
2026-03-29T20:27:43+00:00	routing	turborepo	shire	q38	{"limit": 20, "strategy": "symbols"}	ndcg@10	0.5244551632082282
2026-03-29T20:27:43+00:00	routing	turborepo	shire	q38	{"limit": 20, "strategy": "symbols"}	latency_s	0.007927332999997816
2026-03-29T20:27:43+00:00	routing	turborepo	shire	q38	{"limit": 10, "strategy": "files"}	ndcg@10	0.0
2026-03-29T20:27:43+00:00	routing	turborepo	shire	q38	{"limit": 10, "strategy": "files"}	latency_s	0.00022541600000636208
2026-03-29T20:27:43+00:00	routing	turborepo	shire	q38	{"limit": 20, "strategy": "files"}	ndcg@10	0.0
2026-03-29T20:27:43+00:00	routing	turborepo	shire	q38	{"limit": 20, "strategy": "files"}	latency_s	0.00018370899999808898
2026-03-29T20:27:43+00:00	routing	turborepo	shire	q38	{"limit": 10, "strategy": "combined"}	ndcg@10	0.5244551632082282
2026-03-29T20:27:43+00:00	routing	turborepo	shire	q38	{"limit": 10, "strategy": "combined"}	latency_s	0.007946666999998797
2026-03-29T20:27:43+00:00	routing	turborepo	shire	q38	{"limit": 20, "strategy": "combined"}	ndcg@10	0.5244551632082282
2026-03-29T20:27:43+00:00	routing	turborepo	shire	q38	{"limit": 20, "strategy": "combined"}	latency_s	0.010576874999998154
2026-03-29T20:27:43+00:00	routing	turborepo	shire	q39	{"limit": 10, "strategy": "symbols"}	ndcg@10	0.45610970846684606
2026-03-29T20:27:43+00:00	routing	turborepo	shire	q39	{"limit": 10, "strategy": "symbols"}	latency_s	0.00834333299999912
2026-03-29T20:27:43+00:00	routing	turborepo	shire	q39	{"limit": 20, "strategy": "symbols"}	ndcg@10	0.45610970846684606
2026-03-29T20:27:43+00:00	routing	turborepo	shire	q39	{"limit": 20, "strategy": "symbols"}	latency_s	0.009803583000007166
2026-03-29T20:27:43+00:00	routing	turborepo	shire	q39	{"limit": 10, "strategy": "files"}	ndcg@10	0.0
2026-03-29T20:27:43+00:00	routing	turborepo	shire	q39	{"limit": 10, "strategy": "files"}	latency_s	0.00018975000000409636
2026-03-29T20:27:43+00:00	routing	turborepo	shire	q39	{"limit": 20, "strategy": "files"}	ndcg@10	0.0
2026-03-29T20:27:43+00:00	routing	turborepo	shire	q39	{"limit": 20, "strategy": "files"}	latency_s	0.00010408299999653536
2026-03-29T20:27:43+00:00	routing	turborepo	shire	q39	{"limit": 10, "strategy": "combined"}	ndcg@10	0.45610970846684606
2026-03-29T20:27:43+00:00	routing	turborepo	shire	q39	{"limit": 10, "strategy": "combined"}	latency_s	0.007149457999986453
2026-03-29T20:27:43+00:00	routing	turborepo	shire	q39	{"limit": 20, "strategy": "combined"}	ndcg@10	0.45610970846684606
2026-03-29T20:27:43+00:00	routing	turborepo	shire	q39	{"limit": 20, "strategy": "combined"}	latency_s	0.010474832999989303
2026-03-29T20:27:43+00:00	routing	turborepo	shire	q40	{"limit": 10, "strategy": "symbols"}	ndcg@10	0.4318711546920674
2026-03-29T20:27:43+00:00	routing	turborepo	shire	q40	{"limit": 10, "strategy": "symbols"}	latency_s	0.009446916000001693
2026-03-29T20:27:43+00:00	routing	turborepo	shire	q40	{"limit": 20, "strategy": "symbols"}	ndcg@10	0.4318711546920674
2026-03-29T20:27:43+00:00	routing	turborepo	shire	q40	{"limit": 20, "strategy": "symbols"}	latency_s	0.01016291700000238
2026-03-29T20:27:43+00:00	routing	turborepo	shire	q40	{"limit": 10, "strategy": "files"}	ndcg@10	0.0
2026-03-29T20:27:43+00:00	routing	turborepo	shire	q40	{"limit": 10, "strategy": "files"}	latency_s	0.00014004199999817502
2026-03-29T20:27:43+00:00	routing	turborepo	shire	q40	{"limit": 20, "strategy": "files"}	ndcg@10	0.0
2026-03-29T20:27:43+00:00	routing	turborepo	shire	q40	{"limit": 20, "strategy": "files"}	latency_s	9.449999998878411e-05
2026-03-29T20:27:43+00:00	routing	turborepo	shire	q40	{"limit": 10, "strategy": "combined"}	ndcg@10	0.4318711546920674
2026-03-29T20:27:43+00:00	routing	turborepo	shire	q40	{"limit": 10, "strategy": "combined"}	latency_s	0.008882333999991943
2026-03-29T20:27:43+00:00	routing	turborepo	shire	q40	{"limit": 20, "strategy": "combined"}	ndcg@10	0.4318711546920674
2026-03-29T20:27:43+00:00	routing	turborepo	shire	q40	{"limit": 20, "strategy": "combined"}	latency_s	0.007620916999997007
